;FLAVOR:Marlin
;TIME:7284
;Filament used: 6.52168m
;Layer height: 0.16
;MINX:34.36
;MINY:57.56
;MINZ:0.2
;MAXX:185.64
;MAXY:162.44
;MAXZ:6.68
;TARGET_MACHINE.NAME:Artillery Hornet
;Generated with Cura_SteamEngine 5.13.0
M140 S60
M105
M190 S60
M104 S200
M105
M109 S200
G28 ; home all axes
 M117 Purge extruder
 G92 E0 ; reset extruder
 G1 Z1.0 F3000 ; move z up little to prevent scratching of surface
 G1 X2 Y20 Z0.3 F5000.0 ; move to start-line position
 G1 X2 Y200.0 Z0.3 F1500.0 E15 ; draw 1st line
 G1 X2 Y200.0 Z0.4 F5000.0 ; move to side a little
 G1 X2 Y20 Z0.4 F1500.0 E30 ; draw 2nd line
 G92 E0 ; reset extruder
 G1 Z1.0 F3000 ; move z up little to prevent scratching of surface
M82 ;absolute extrusion mode
G92 E0
G92 E0
G1 F1500 E-2
;LAYER_COUNT:35
;LAYER:0
M107
G0 F6000 X39.58 Y59.461 Z0.2
;TYPE:SKIRT
G1 F1500 E0
G1 F1200 X40.491 Y58.922 E0.03873
G1 X41.41 Y58.482 E0.076
G1 X42.256 Y58.162 E0.1091
G1 X43.352 Y57.856 E0.15073
G1 X44.24 Y57.69 E0.18378
G1 X45.596 Y57.573 E0.23357
G1 X46.203 Y57.56 E0.25579
G1 X173.411 Y57.56 E4.90984
G1 X174.317 Y57.574 E4.94299
G1 X175.334 Y57.639 E4.98027
G1 X176.306 Y57.785 E5.01623
G1 X177.336 Y58.036 E5.05502
G1 X178.266 Y58.352 E5.09096
G1 X179.234 Y58.781 E5.12969
G1 X180.125 Y59.274 E5.16695
G1 X180.909 Y59.799 E5.20147
G1 X181.764 Y60.492 E5.24174
G1 X182.494 Y61.201 E5.27897
G1 X183.111 Y61.913 E5.31344
G1 X183.756 Y62.804 E5.35368
G1 X184.22 Y63.58 E5.38676
G1 X184.714 Y64.606 E5.42842
G1 X185.071 Y65.562 E5.46576
G1 X185.343 Y66.545 E5.50307
G1 X185.509 Y67.433 E5.53612
G1 X185.627 Y68.796 E5.58618
G1 X185.64 Y69.43 E5.60938
G1 X185.639 Y150.324 E8.56898
G1 X185.626 Y151.11 E8.59774
G1 X185.562 Y152.128 E8.63506
G1 X185.409 Y153.139 E8.67247
G1 X185.176 Y154.092 E8.70836
G1 X184.836 Y155.096 E8.74714
G1 X184.44 Y155.994 E8.78305
G1 X183.928 Y156.921 E8.82179
G1 X183.358 Y157.766 E8.85908
G1 X182.767 Y158.499 E8.89353
G1 X182.06 Y159.236 E8.9309
G1 X181.228 Y159.957 E8.97118
G1 X180.431 Y160.532 E9.00713
G1 X179.523 Y161.071 E9.04576
G1 X178.71 Y161.465 E9.07882
G1 X177.644 Y161.87 E9.12054
G1 X176.699 Y162.132 E9.15642
G1 X175.729 Y162.313 E9.19252
G1 X174.404 Y162.427 E9.24117
G1 X173.77 Y162.44 E9.26437
G1 X46.441 Y162.439 E13.92285
G1 X45.683 Y162.426 E13.95059
G1 X44.666 Y162.361 E13.98787
G1 X43.694 Y162.215 E14.02383
G1 X42.664 Y161.964 E14.06262
G1 X41.734 Y161.648 E14.09856
G1 X40.766 Y161.219 E14.13729
G1 X39.875 Y160.726 E14.17455
G1 X39.091 Y160.201 E14.20907
G1 X38.236 Y159.508 E14.24934
G1 X37.506 Y158.799 E14.28657
G1 X36.889 Y158.087 E14.32104
G1 X36.244 Y157.196 E14.36128
G1 X35.78 Y156.42 E14.39436
G1 X35.286 Y155.394 E14.43602
G1 X34.929 Y154.438 E14.47336
G1 X34.657 Y153.455 E14.51067
G1 X34.491 Y152.567 E14.54372
G1 X34.373 Y151.194 E14.59414
G1 X34.36 Y150.558 E14.61741
G1 X34.361 Y69.599 E17.57939
G1 X34.374 Y68.874 E17.60592
G1 X34.44 Y67.857 E17.64321
G1 X34.587 Y66.886 E17.67914
G1 X34.839 Y65.856 E17.71793
G1 X35.169 Y64.892 E17.75521
G1 X35.549 Y64.029 E17.78971
G1 X36.08 Y63.066 E17.82994
G1 X36.652 Y62.222 E17.86725
G1 X37.297 Y61.431 E17.90459
G1 X38.007 Y60.701 E17.94184
G1 X38.72 Y60.083 E17.97637
G1 X39.58 Y59.461 E18.0152
G0 F6000 X39.838 Y59.818
G1 F1200 X40.682 Y59.319 E18.05107
G1 X41.566 Y58.894 E18.08695
G1 X42.412 Y58.574 E18.12005
G1 X43.433 Y58.289 E18.15883
G1 X44.321 Y58.123 E18.19188
G1 X45.605 Y58.013 E18.23903
G1 X46.212 Y58 E18.26124
G1 X173.405 Y58 E22.91474
G1 X174.29 Y58.013 E22.94713
G1 X175.269 Y58.074 E22.98301
G1 X176.241 Y58.22 E23.01897
G1 X177.194 Y58.453 E23.05487
G1 X178.124 Y58.769 E23.0908
G1 X179.021 Y59.166 E23.12669
G1 X179.88 Y59.64 E23.16259
G1 X180.664 Y60.165 E23.19711
G1 X181.458 Y60.808 E23.23449
G1 X182.162 Y61.49 E23.27035
G1 X182.755 Y62.172 E23.30341
G1 X183.378 Y63.03 E23.34221
G1 X183.842 Y63.806 E23.37528
G1 X184.302 Y64.761 E23.41407
G1 X184.647 Y65.68 E23.44998
G1 X184.91 Y66.626 E23.4859
G1 X185.076 Y67.514 E23.51895
G1 X185.187 Y68.805 E23.56636
G1 X185.2 Y69.43 E23.58923
G1 X185.199 Y150.317 E26.54858
G1 X185.187 Y151.083 E26.57661
G1 X185.127 Y152.063 E26.61253
G1 X184.981 Y153.035 E26.64849
G1 X184.759 Y153.951 E26.68297
G1 X184.433 Y154.918 E26.72031
G1 X184.037 Y155.816 E26.75621
G1 X183.563 Y156.675 E26.79211
G1 X183.015 Y157.49 E26.82804
G1 X182.449 Y158.194 E26.86109
G1 X181.742 Y158.931 E26.89845
G1 X180.971 Y159.6 E26.9358
G1 X180.174 Y160.175 E26.97175
G1 X179.331 Y160.675 E27.00761
G1 X178.518 Y161.069 E27.04067
G1 X177.526 Y161.446 E27.07949
G1 X176.618 Y161.699 E27.11398
G1 X175.648 Y161.88 E27.15008
G1 X174.395 Y161.987 E27.19609
G1 X173.77 Y162 E27.21896
G1 X46.448 Y161.999 E31.87718
G1 X45.71 Y161.987 E31.90419
G1 X44.731 Y161.926 E31.94007
G1 X43.759 Y161.78 E31.97603
G1 X42.806 Y161.547 E32.01193
G1 X41.876 Y161.231 E32.04786
G1 X40.979 Y160.834 E32.08375
G1 X40.12 Y160.36 E32.11965
G1 X39.336 Y159.835 E32.15417
G1 X38.542 Y159.192 E32.19155
G1 X37.838 Y158.51 E32.22741
G1 X37.245 Y157.828 E32.26047
G1 X36.622 Y156.97 E32.29927
G1 X36.158 Y156.194 E32.33235
G1 X35.698 Y155.239 E32.37113
G1 X35.353 Y154.32 E32.40704
G1 X35.09 Y153.374 E32.44296
G1 X34.924 Y152.486 E32.47602
G1 X34.813 Y151.185 E32.52379
G1 X34.8 Y150.558 E32.54673
G1 X34.801 Y69.606 E35.50845
G1 X34.813 Y68.902 E35.53421
G1 X34.875 Y67.923 E35.5701
G1 X35.022 Y66.952 E35.60603
G1 X35.255 Y65.998 E35.64196
G1 X35.572 Y65.069 E35.67788
G1 X35.952 Y64.206 E35.71237
G1 X36.445 Y63.312 E35.74973
G1 X36.994 Y62.499 E35.78562
G1 X37.613 Y61.737 E35.82154
G1 X38.296 Y61.033 E35.85742
G1 X38.978 Y60.44 E35.89049
G1 X39.838 Y59.818 E35.92932
G0 F6000 X40.063 Y60.196
G1 F1200 X40.873 Y59.715 E35.96378
G1 X41.722 Y59.306 E35.99826
G1 X42.568 Y58.986 E36.03135
G1 X43.514 Y58.722 E36.06729
G1 X44.402 Y58.556 E36.10034
G1 X45.614 Y58.453 E36.14484
G1 X46.221 Y58.44 E36.16705
G1 X173.399 Y58.44 E40.82001
G1 X174.263 Y58.452 E40.85162
G1 X175.204 Y58.509 E40.88611
G1 X176.137 Y58.648 E40.92062
G1 X177.053 Y58.87 E40.95511
G1 X177.947 Y59.172 E40.98963
G1 X178.809 Y59.552 E41.02409
G1 X179.635 Y60.006 E41.05858
G1 X180.419 Y60.531 E41.0931
G1 X181.152 Y61.124 E41.12759
G1 X181.83 Y61.779 E41.16208
G1 X182.423 Y62.461 E41.19515
G1 X183 Y63.256 E41.23109
G1 X183.464 Y64.032 E41.26417
G1 X183.89 Y64.916 E41.30007
G1 X184.223 Y65.798 E41.33456
G1 X184.477 Y66.707 E41.36909
G1 X184.643 Y67.595 E41.40214
G1 X184.747 Y68.814 E41.4469
G1 X184.76 Y69.43 E41.46945
G1 X184.759 Y150.311 E44.42857
G1 X184.748 Y151.057 E44.45587
G1 X184.692 Y151.998 E44.49036
G1 X184.553 Y152.931 E44.52487
G1 X184.331 Y153.847 E44.55935
G1 X184.03 Y154.741 E44.59386
G1 X183.651 Y155.604 E44.62835
G1 X183.197 Y156.43 E44.66283
G1 X182.672 Y157.214 E44.69735
G1 X182.106 Y157.918 E44.7304
G1 X181.425 Y158.626 E44.76634
G1 X180.713 Y159.244 E44.80083
G1 X179.949 Y159.797 E44.83534
G1 X179.139 Y160.279 E44.86982
G1 X178.326 Y160.673 E44.90288
G1 X177.407 Y161.022 E44.93884
G1 X176.537 Y161.266 E44.9719
G1 X175.567 Y161.447 E45.008
G1 X174.386 Y161.547 E45.05137
G1 X173.77 Y161.56 E45.07391
G1 X46.455 Y161.559 E49.73187
G1 X45.737 Y161.548 E49.75815
G1 X44.796 Y161.491 E49.79264
G1 X43.863 Y161.352 E49.82715
G1 X42.947 Y161.13 E49.86163
G1 X42.053 Y160.828 E49.89615
G1 X41.191 Y160.448 E49.93062
G1 X40.365 Y159.994 E49.9651
G1 X39.581 Y159.469 E49.99963
G1 X38.848 Y158.876 E50.03412
G1 X38.17 Y158.221 E50.06861
G1 X37.577 Y157.539 E50.10168
G1 X37 Y156.744 E50.13761
G1 X36.536 Y155.968 E50.17069
G1 X36.11 Y155.084 E50.2066
G1 X35.777 Y154.202 E50.24109
G1 X35.523 Y153.293 E50.27562
G1 X35.357 Y152.405 E50.30867
G1 X35.253 Y151.176 E50.35379
G1 X35.24 Y150.558 E50.37641
G1 X35.241 Y69.613 E53.33788
G1 X35.252 Y68.929 E53.3629
G1 X35.31 Y67.988 E53.3974
G1 X35.45 Y67.056 E53.43188
G1 X35.672 Y66.139 E53.4664
G1 X35.975 Y65.246 E53.5009
G1 X36.355 Y64.383 E53.5354
G1 X36.81 Y63.558 E53.56987
G1 X37.336 Y62.776 E53.60435
G1 X37.929 Y62.043 E53.63884
G1 X38.585 Y61.365 E53.67336
G1 X39.267 Y60.772 E53.70642
G1 X40.063 Y60.196 E53.74237
G0 F6000 X40.288 Y60.574
G1 F1200 X41.064 Y60.111 E53.77543
G1 X41.878 Y59.718 E53.8085
G1 X42.724 Y59.398 E53.84159
G1 X43.595 Y59.155 E53.87468
G1 X44.483 Y58.989 E53.90773
G1 X45.623 Y58.893 E53.94958
G1 X46.23 Y58.88 E53.9718
G1 X173.393 Y58.88 E58.6242
G1 X174.237 Y58.891 E58.65508
G1 X175.14 Y58.944 E58.68818
G1 X176.034 Y59.076 E58.72124
G1 X176.913 Y59.287 E58.75431
G1 X177.77 Y59.575 E58.78739
G1 X178.598 Y59.938 E58.82046
G1 X179.391 Y60.372 E58.85354
G1 X180.143 Y60.874 E58.88662
G1 X180.847 Y61.441 E58.91969
G1 X181.498 Y62.068 E58.95276
G1 X182.091 Y62.75 E58.98582
G1 X182.622 Y63.482 E59.01891
G1 X183.086 Y64.258 E59.05199
G1 X183.479 Y65.072 E59.08506
G1 X183.799 Y65.917 E59.11812
G1 X184.044 Y66.788 E59.15122
G1 X184.21 Y67.676 E59.18427
G1 X184.307 Y68.823 E59.22638
G1 X184.32 Y69.43 E59.2486
G1 X184.319 Y150.305 E62.2075
G1 X184.309 Y151.032 E62.2341
G1 X184.257 Y151.934 E62.26716
G1 X184.125 Y152.828 E62.30022
G1 X183.914 Y153.707 E62.33329
G1 X183.627 Y154.565 E62.36639
G1 X183.265 Y155.393 E62.39946
G1 X182.831 Y156.186 E62.43253
G1 X182.329 Y156.938 E62.46561
G1 X181.763 Y157.642 E62.49866
G1 X181.136 Y158.294 E62.53175
G1 X180.454 Y158.888 E62.56484
G1 X179.723 Y159.419 E62.5979
G1 X178.947 Y159.883 E62.63098
G1 X178.134 Y160.277 E62.66403
G1 X177.288 Y160.598 E62.69713
G1 X176.418 Y160.842 E62.73019
G1 X175.53 Y161.009 E62.76325
G1 X174.377 Y161.107 E62.80559
G1 X173.77 Y161.12 E62.8278
G1 X46.461 Y161.119 E67.48555
G1 X45.763 Y161.109 E67.51109
G1 X44.86 Y161.056 E67.54418
G1 X43.966 Y160.924 E67.57724
G1 X43.087 Y160.713 E67.61031
G1 X42.23 Y160.425 E67.64339
G1 X41.402 Y160.062 E67.67647
G1 X40.609 Y159.628 E67.70954
G1 X39.857 Y159.126 E67.74262
G1 X39.153 Y158.559 E67.77569
G1 X38.502 Y157.932 E67.80876
G1 X37.909 Y157.25 E67.84183
G1 X37.378 Y156.518 E67.87491
G1 X36.914 Y155.742 E67.90799
G1 X36.521 Y154.928 E67.94106
G1 X36.201 Y154.083 E67.97412
G1 X35.956 Y153.212 E68.00722
G1 X35.79 Y152.324 E68.04027
G1 X35.693 Y151.167 E68.08275
G1 X35.68 Y150.558 E68.10504
G1 X35.681 Y69.62 E71.06625
G1 X35.691 Y68.955 E71.09058
G1 X35.745 Y68.053 E71.12364
G1 X35.878 Y67.159 E71.15671
G1 X36.089 Y66.28 E71.18978
G1 X36.378 Y65.423 E71.22287
G1 X36.741 Y64.595 E71.25595
G1 X37.176 Y63.803 E71.28901
G1 X37.679 Y63.052 E71.32208
G1 X38.246 Y62.348 E71.35515
G1 X38.874 Y61.697 E71.38824
G1 X39.556 Y61.104 E71.42131
G1 X40.288 Y60.574 E71.45437
G1 F1500 E69.45437
;MESH:SmartKiln_Fondo.stl
G0 F6000 X52.295 Y80.48
;TYPE:WALL-INNER
G1 F1500 E71.45437
G1 F1200 X51.524 Y80.47 E71.48258
G1 X50.951 Y80.281 E71.50466
G1 X50.688 Y80.154 E71.51534
G1 X50.344 Y79.925 E71.53046
G1 X50.121 Y79.729 E71.54132
G1 X49.753 Y79.306 E71.56184
G1 X49.543 Y78.942 E71.57721
G1 X49.383 Y78.473 E71.59534
G1 X49.304 Y78.049 E71.61112
G1 X49.304 Y77.595 E71.62773
G1 X49.369 Y77.17 E71.64346
G1 X49.478 Y76.837 E71.65628
G1 X49.585 Y76.606 E71.66559
G1 X49.837 Y76.194 E71.68326
G1 X50.039 Y75.95 E71.69485
G1 X50.363 Y75.658 E71.71081
G1 X50.599 Y75.496 E71.72128
G1 X50.967 Y75.308 E71.7364
G1 X51.258 Y75.208 E71.74766
G1 X51.834 Y75.096 E71.76913
G1 X52.095 Y75.074 E71.77871
G1 X52.706 Y75.187 E71.80144
G1 X53.13 Y75.342 E71.81796
G1 X53.498 Y75.553 E71.83348
G1 X53.852 Y75.826 E71.84983
G1 X54.253 Y76.269 E71.8717
G1 X54.374 Y76.476 E71.88047
G1 X54.632 Y77.183 E71.908
G1 X54.708 Y77.795 E71.93057
G1 X54.653 Y78.295 E71.94897
G1 X54.497 Y78.84 E71.96971
G1 X54.255 Y79.291 E71.98844
G1 X53.928 Y79.7 E72.00759
G1 X53.534 Y80.022 E72.02621
G1 X53.139 Y80.248 E72.04286
G1 X52.749 Y80.393 E72.05808
G1 X52.295 Y80.48 E72.075
G0 F6000 X52.255 Y80.042
G1 F1200 X51.575 Y80.023 E72.09988
G1 X51.003 Y79.835 E72.12191
G1 X50.513 Y79.51 E72.14342
G1 X50.085 Y79.017 E72.16731
G1 X49.959 Y78.799 E72.17652
G1 X49.803 Y78.322 E72.19488
G1 X49.743 Y78.005 E72.20669
G1 X49.751 Y77.578 E72.22231
G1 X49.799 Y77.269 E72.23375
G1 X49.919 Y76.903 E72.24784
G1 X50.263 Y76.341 E72.27195
G1 X50.722 Y75.927 E72.29457
G1 X51.249 Y75.658 E72.31621
G1 X51.91 Y75.529 E72.34085
G1 X52.138 Y75.529 E72.3492
G1 X52.588 Y75.613 E72.36594
G1 X52.948 Y75.745 E72.37997
G1 X53.216 Y75.898 E72.39126
G1 X53.552 Y76.15 E72.40663
G1 X53.942 Y76.592 E72.4282
G1 X54.208 Y77.321 E72.45659
G1 X54.265 Y77.798 E72.47416
G1 X54.211 Y78.261 E72.49122
G1 X54.097 Y78.641 E72.50573
G1 X53.905 Y79.012 E72.52101
G1 X53.615 Y79.388 E72.53839
G1 X53.289 Y79.656 E72.55383
G1 X52.959 Y79.847 E72.56778
G1 X52.627 Y79.971 E72.58074
G1 X52.255 Y80.042 E72.5946
G1 F1500 E70.5946
G0 F6000 X110.287 Y83.394
G1 F1500 E72.5946
G1 F1200 X109.231 Y83.348 E72.63327
G1 X108.315 Y83.139 E72.66765
G1 X107.515 Y82.82 E72.69916
G1 X106.792 Y82.39 E72.72993
G1 X106.082 Y81.809 E72.7635
G1 X105.45 Y81.074 E72.79896
G1 X104.936 Y80.208 E72.83581
G1 X104.567 Y79.189 E72.87546
G1 X104.405 Y78.123 E72.9149
G1 X104.454 Y77.028 E72.95501
G1 X104.697 Y75.972 E72.99465
G1 X105.127 Y75.022 E73.0328
G1 X105.708 Y74.193 E73.06984
G1 X106.366 Y73.53 E73.10401
G1 X107.071 Y73.019 E73.13587
G1 X107.829 Y72.63 E73.16704
G1 X108.704 Y72.345 E73.20071
G1 X109.67 Y72.206 E73.23642
G1 X110.703 Y72.239 E73.27423
G1 X111.749 Y72.473 E73.31344
G1 X112.751 Y72.917 E73.35354
G1 X113.646 Y73.539 E73.39342
G1 X114.398 Y74.325 E73.43322
G1 X114.96 Y75.194 E73.47108
G1 X115.338 Y76.094 E73.50679
G1 X115.539 Y76.964 E73.53946
G1 X115.6 Y77.817 E73.57075
G1 X115.497 Y78.874 E73.6096
G1 X115.201 Y79.879 E73.64793
G1 X114.745 Y80.777 E73.68478
G1 X114.101 Y81.618 E73.72353
G1 X113.281 Y82.334 E73.76336
G1 X112.361 Y82.881 E73.80252
G1 X111.319 Y83.245 E73.8429
G1 X110.287 Y83.394 E73.88105
G0 F6000 X110.25 Y82.952
G1 F1200 X109.328 Y82.917 E73.91481
G1 X108.466 Y82.725 E73.94712
G1 X107.713 Y82.423 E73.9768
G1 X107.04 Y82.026 E74.00539
G1 X106.401 Y81.499 E74.03569
G1 X105.826 Y80.837 E74.06777
G1 X105.33 Y80.006 E74.10318
G1 X104.995 Y79.08 E74.13921
G1 X104.845 Y78.096 E74.17562
G1 X104.886 Y77.086 E74.21261
G1 X105.116 Y76.112 E74.24922
G1 X105.51 Y75.242 E74.28416
G1 X106.047 Y74.475 E74.31842
G1 X106.651 Y73.867 E74.34977
G1 X107.302 Y73.395 E74.37919
G1 X107.999 Y73.037 E74.40786
G1 X108.806 Y72.774 E74.43891
G1 X109.694 Y72.647 E74.47173
G1 X110.646 Y72.678 E74.50658
G1 X111.61 Y72.893 E74.54272
G1 X112.534 Y73.302 E74.57969
G1 X113.358 Y73.874 E74.61639
G1 X114.047 Y74.595 E74.65287
G1 X114.571 Y75.405 E74.68817
G1 X114.92 Y76.234 E74.72108
G1 X115.103 Y77.027 E74.75085
G1 X115.163 Y77.805 E74.7794
G1 X115.06 Y78.797 E74.81589
G1 X114.8 Y79.686 E74.84978
G1 X114.373 Y80.538 E74.88464
G1 X113.773 Y81.318 E74.92065
G1 X113.033 Y81.974 E74.95683
G1 X112.182 Y82.474 E74.99294
G1 X111.211 Y82.817 E75.03061
G1 X110.25 Y82.952 E75.06612
G1 F1500 E73.06612
G0 F6000 X167.492 Y80.461
G1 F1500 E75.06612
G1 F1200 X166.799 Y80.227 E75.09288
G1 X166.213 Y79.838 E75.11861
G1 X165.684 Y79.218 E75.14843
G1 X165.565 Y79.001 E75.15748
G1 X165.389 Y78.485 E75.17743
G1 X165.309 Y78.051 E75.19358
G1 X165.307 Y77.597 E75.21019
G1 X165.371 Y77.159 E75.22638
G1 X165.535 Y76.688 E75.24463
G1 X165.922 Y76.056 E75.27174
G1 X166.363 Y75.658 E75.29348
G1 X166.599 Y75.496 E75.30395
G1 X166.967 Y75.308 E75.31907
G1 X167.258 Y75.208 E75.33033
G1 X167.834 Y75.096 E75.35179
G1 X168.095 Y75.074 E75.36138
G1 X168.711 Y75.188 E75.3843
G1 X169.136 Y75.349 E75.40092
G1 X169.495 Y75.55 E75.41598
G1 X169.848 Y75.822 E75.43228
G1 X170.184 Y76.193 E75.45059
G1 X170.402 Y76.554 E75.46602
G1 X170.598 Y77.09 E75.4869
G1 X170.658 Y77.349 E75.49663
G1 X170.7 Y77.8 E75.5132
G1 X170.652 Y78.298 E75.53151
G1 X170.504 Y78.829 E75.55167
G1 X170.263 Y79.277 E75.57028
G1 X169.938 Y79.692 E75.58957
G1 X169.551 Y80.014 E75.60799
G1 X169.169 Y80.239 E75.62421
G1 X168.753 Y80.396 E75.64048
G1 X168.29 Y80.488 E75.65775
G1 X167.492 Y80.461 E75.68696
G0 F6000 X167.59 Y80.026
G1 F1200 X167.022 Y79.841 E75.70881
G1 X166.516 Y79.505 E75.73104
G1 X166.007 Y78.926 E75.75924
G1 X165.814 Y78.371 E75.78074
G1 X165.747 Y78.009 E75.79421
G1 X165.745 Y77.63 E75.80808
G1 X165.799 Y77.267 E75.8215
G1 X165.923 Y76.905 E75.8355
G1 X166.246 Y76.367 E75.85846
G1 X166.718 Y75.929 E75.88202
G1 X167.249 Y75.658 E75.90383
G1 X167.91 Y75.529 E75.92847
G1 X168.138 Y75.529 E75.93681
G1 X168.59 Y75.614 E75.95364
G1 X168.947 Y75.747 E75.96758
G1 X169.216 Y75.898 E75.97886
G1 X169.546 Y76.144 E75.99392
G1 X169.858 Y76.489 E76.01094
G1 X169.988 Y76.705 E76.02016
G1 X170.212 Y77.318 E76.04404
G1 X170.26 Y77.8 E76.06176
G1 X170.219 Y78.222 E76.07727
G1 X170.091 Y78.668 E76.09425
G1 X169.891 Y79.039 E76.10967
G1 X169.615 Y79.388 E76.12595
G1 X169.303 Y79.649 E76.14083
G1 X168.975 Y79.842 E76.15476
G1 X168.627 Y79.973 E76.16836
G1 X168.254 Y80.046 E76.18227
G1 X167.59 Y80.026 E76.20657
G1 F1500 E74.20657
G0 F6000 X167.68 Y147.472
G1 F1500 E76.20657
G1 F1200 X167.363 Y147.417 E76.21834
G1 X166.951 Y147.281 E76.23421
G1 X166.688 Y147.154 E76.2449
G1 X166.344 Y146.925 E76.26002
G1 X166.121 Y146.73 E76.27086
G1 X165.753 Y146.306 E76.2914
G1 X165.587 Y146.07 E76.30195
G1 X165.385 Y145.482 E76.3247
G1 X165.304 Y145.051 E76.34075
G1 X165.304 Y144.588 E76.35768
G1 X165.375 Y144.162 E76.37349
G1 X165.529 Y143.696 E76.39144
G1 X165.934 Y143.047 E76.41943
G1 X166.476 Y142.558 E76.44614
G1 X167.099 Y142.245 E76.47165
G1 X167.933 Y142.083 E76.50273
G1 X168.122 Y142.079 E76.50964
G1 X168.705 Y142.187 E76.53134
G1 X169.13 Y142.342 E76.54789
G1 X169.498 Y142.553 E76.56341
G1 X169.848 Y142.822 E76.57956
G1 X170.184 Y143.193 E76.59787
G1 X170.402 Y143.554 E76.6133
G1 X170.598 Y144.09 E76.63418
G1 X170.658 Y144.349 E76.64391
G1 X170.7 Y144.8 E76.66048
G1 X170.652 Y145.298 E76.67878
G1 X170.503 Y145.83 E76.699
G1 X170.262 Y146.277 E76.71758
G1 X169.952 Y146.673 E76.73597
G1 X169.556 Y147.012 E76.75505
G1 X169.159 Y147.243 E76.77185
G1 X168.75 Y147.397 E76.78784
G1 X168.294 Y147.486 E76.80484
G1 X167.68 Y147.472 E76.82731
G0 F6000 X167.594 Y147.03
G1 F1200 X167.003 Y146.835 E76.85008
G1 X166.513 Y146.51 E76.87159
G1 X166.001 Y145.921 E76.90014
G1 X165.827 Y145.415 E76.91972
G1 X165.743 Y145.007 E76.93496
G1 X165.751 Y144.578 E76.95066
G1 X165.802 Y144.267 E76.96219
G1 X165.917 Y143.909 E76.97594
G1 X166.26 Y143.344 E77.00013
G1 X166.726 Y142.925 E77.02305
G1 X167.258 Y142.656 E77.04486
G1 X168.014 Y142.514 E77.07301
G1 X168.59 Y142.612 E77.09438
G1 X168.992 Y142.77 E77.11019
G1 X169.292 Y142.949 E77.12297
G1 X169.549 Y143.148 E77.13486
G1 X169.858 Y143.489 E77.1517
G1 X169.988 Y143.705 E77.16092
G1 X170.212 Y144.318 E77.1848
G1 X170.26 Y144.8 E77.20252
G1 X170.219 Y145.222 E77.21803
G1 X170.091 Y145.668 E77.23501
G1 X169.889 Y146.043 E77.25059
G1 X169.605 Y146.393 E77.26708
G1 X169.305 Y146.648 E77.28149
G1 X168.975 Y146.842 E77.29549
G1 X168.627 Y146.973 E77.3091
G1 X168.258 Y147.045 E77.32285
G1 X167.594 Y147.03 E77.34715
G1 F1500 E75.34715
G0 F6000 X110 Y149.8
G1 F1500 E77.34715
G1 F1200 X173 Y149.8 E79.65208
G1 X173 Y70.2 E82.56433
G1 X47 Y70.2 E87.17419
G1 X47 Y149.8 E90.08645
G1 X110 Y149.8 E92.39137
G0 F6000 X110 Y150.24
G1 F1200 X173.44 Y150.24 E94.7124
G1 X173.44 Y69.76 E97.65685
G1 X46.56 Y69.76 E102.2989
G1 X46.56 Y150.24 E105.24336
G1 X110 Y150.24 E107.56438
G1 F1500 E105.56438
G0 F6000 X52.294 Y147.486
G1 F1500 E107.56438
G1 F1200 X51.68 Y147.472 E107.58685
G1 X51.363 Y147.417 E107.59862
G1 X50.951 Y147.281 E107.6145
G1 X50.688 Y147.154 E107.62518
G1 X50.344 Y146.925 E107.6403
G1 X50.144 Y146.756 E107.64988
G1 X49.753 Y146.306 E107.67169
G1 X49.543 Y145.942 E107.68707
G1 X49.383 Y145.473 E107.7052
G1 X49.304 Y145.049 E107.72097
G1 X49.304 Y144.595 E107.73759
G1 X49.369 Y144.17 E107.75331
G1 X49.478 Y143.837 E107.76613
G1 X49.585 Y143.606 E107.77545
G1 X49.837 Y143.194 E107.79312
G1 X50.039 Y142.95 E107.80471
G1 X50.363 Y142.658 E107.82066
G1 X50.599 Y142.496 E107.83114
G1 X50.967 Y142.308 E107.84626
G1 X51.258 Y142.208 E107.85751
G1 X52.004 Y142.064 E107.88531
G1 X52.707 Y142.192 E107.91145
G1 X53.126 Y142.34 E107.92771
G1 X53.482 Y142.545 E107.94274
G1 X53.841 Y142.815 E107.95918
G1 X54.244 Y143.265 E107.98128
G1 X54.371 Y143.479 E107.99038
G1 X54.637 Y144.195 E108.01833
G1 X54.7 Y144.791 E108.04025
G1 X54.655 Y145.316 E108.05953
G1 X54.499 Y145.837 E108.07943
G1 X54.257 Y146.287 E108.09812
G1 X53.933 Y146.695 E108.11718
G1 X53.55 Y147.015 E108.13544
G1 X53.159 Y147.243 E108.152
G1 X52.75 Y147.397 E108.16799
G1 X52.294 Y147.486 E108.18499
G0 F6000 X52.258 Y147.045
G1 F1200 X51.594 Y147.03 E108.20929
G1 X51.003 Y146.835 E108.23206
G1 X50.513 Y146.51 E108.25357
G1 X50.085 Y146.017 E108.27746
G1 X49.959 Y145.799 E108.28667
G1 X49.803 Y145.322 E108.30503
G1 X49.743 Y145.005 E108.31683
G1 X49.751 Y144.578 E108.33246
G1 X49.799 Y144.269 E108.3439
G1 X49.919 Y143.903 E108.35799
G1 X50.263 Y143.341 E108.3821
G1 X50.722 Y142.927 E108.40471
G1 X51.252 Y142.657 E108.42648
G1 X52.029 Y142.513 E108.45539
G1 X52.589 Y142.616 E108.47622
G1 X52.946 Y142.746 E108.49012
G1 X53.27 Y142.933 E108.50381
G1 X53.55 Y143.152 E108.51681
G1 X53.943 Y143.586 E108.53823
G1 X54.214 Y144.329 E108.56717
G1 X54.26 Y144.794 E108.58426
G1 X54.22 Y145.234 E108.60043
G1 X54.089 Y145.671 E108.61712
G1 X53.891 Y146.039 E108.63241
G1 X53.615 Y146.388 E108.64869
G1 X53.303 Y146.649 E108.66357
G1 X52.975 Y146.842 E108.67749
G1 X52.627 Y146.973 E108.6911
G1 X52.258 Y147.045 E108.70485
G0 F6000 X52.235 Y146.601
;TYPE:WALL-OUTER
G1 F1200 X51.671 Y146.591 E108.72549
G1 X51.197 Y146.435 E108.74375
G1 X50.804 Y146.175 E108.76099
G1 X50.389 Y145.696 E108.78417
G1 X50.235 Y145.241 E108.80175
G1 X50.187 Y144.983 E108.81135
G1 X50.186 Y144.646 E108.82368
G1 X50.234 Y144.355 E108.83447
G1 X50.314 Y144.111 E108.84386
G1 X50.605 Y143.625 E108.86459
G1 X50.972 Y143.294 E108.88267
G1 X51.394 Y143.078 E108.90001
G1 X52.012 Y142.96 E108.92303
G1 X52.453 Y143.035 E108.9394
G1 X52.758 Y143.144 E108.95125
G1 X53.023 Y143.297 E108.96244
G1 X53.25 Y143.474 E108.97298
G1 X53.563 Y143.828 E108.99026
G1 X53.776 Y144.407 E109.01283
G1 X53.82 Y144.798 E109.02723
G1 X53.779 Y145.171 E109.04096
G1 X53.67 Y145.521 E109.05437
G1 X53.509 Y145.813 E109.06657
G1 X53.282 Y146.093 E109.07976
G1 X53.032 Y146.298 E109.09159
G1 X52.766 Y146.45 E109.10279
G1 X52.486 Y146.552 E109.1137
G1 X52.235 Y146.601 E109.12305
G1 F1500 E107.12305
G0 F6000 X110 Y150.68
G1 F1500 E109.12305
G1 F1200 X173.88 Y150.68 E111.46018
G1 X173.88 Y69.32 E114.43683
G1 X46.12 Y69.32 E119.11107
G1 X46.12 Y150.68 E122.08772
G1 X110 Y150.68 E124.42484
G1 F1500 E122.42484
G0 F6000 X167.671 Y146.591
G1 F1500 E124.42484
G1 F1200 X167.197 Y146.435 E124.4431
G1 X166.804 Y146.175 E124.46034
G1 X166.389 Y145.697 E124.4835
G1 X166.243 Y145.272 E124.49994
G1 X166.187 Y144.985 E124.51064
G1 X166.186 Y144.646 E124.52304
G1 X166.234 Y144.355 E124.53383
G1 X166.321 Y144.093 E124.54393
G1 X166.605 Y143.628 E124.56387
G1 X166.987 Y143.286 E124.58263
G1 X167.403 Y143.077 E124.59966
G1 X168.026 Y142.956 E124.62288
G1 X168.453 Y143.035 E124.63877
G1 X168.774 Y143.152 E124.65127
G1 X168.998 Y143.28 E124.66071
G1 X169.264 Y143.488 E124.67306
G1 X169.56 Y143.815 E124.6892
G1 X169.771 Y144.392 E124.71167
G1 X169.82 Y144.8 E124.72671
G1 X169.785 Y145.146 E124.73943
G1 X169.67 Y145.521 E124.75378
G1 X169.509 Y145.813 E124.76598
G1 X169.282 Y146.093 E124.77917
G1 X169.032 Y146.298 E124.791
G1 X168.766 Y146.45 E124.80221
G1 X168.486 Y146.552 E124.81311
G1 X168.235 Y146.601 E124.82247
G1 X167.671 Y146.591 E124.8431
G1 F1500 E122.8431
G0 F6000 X167.678 Y79.591
G1 F1500 E124.8431
G1 F1200 X167.211 Y79.439 E124.86107
G1 X166.813 Y79.18 E124.87844
G1 X166.391 Y78.699 E124.90186
G1 X166.243 Y78.272 E124.91839
G1 X166.187 Y77.985 E124.92909
G1 X166.184 Y77.663 E124.94087
G1 X166.234 Y77.355 E124.95228
G1 X166.323 Y77.088 E124.96258
G1 X166.605 Y76.624 E124.98245
G1 X166.972 Y76.294 E125.0005
G1 X167.394 Y76.078 E125.01785
G1 X168.025 Y75.956 E125.04136
G1 X168.453 Y76.035 E125.05729
G1 X168.774 Y76.152 E125.06979
G1 X168.998 Y76.28 E125.07922
G1 X169.264 Y76.488 E125.09158
G1 X169.56 Y76.815 E125.10772
G1 X169.771 Y77.392 E125.13019
G1 X169.82 Y77.8 E125.14523
G1 X169.785 Y78.146 E125.15795
G1 X169.67 Y78.521 E125.1723
G1 X169.509 Y78.813 E125.1845
G1 X169.282 Y79.093 E125.19769
G1 X169.032 Y79.298 E125.20952
G1 X168.766 Y79.45 E125.22073
G1 X168.486 Y79.552 E125.23163
G1 X168.238 Y79.601 E125.24088
G1 X167.678 Y79.591 E125.26137
G1 F1500 E123.26137
G0 F6000 X110.223 Y82.512
G1 F1500 E125.26137
G1 F1200 X109.351 Y82.475 E125.2933
G1 X108.587 Y82.302 E125.32196
G1 X107.9 Y82.025 E125.34906
G1 X107.271 Y81.65 E125.37585
G1 X106.711 Y81.187 E125.40244
G1 X106.162 Y80.551 E125.43318
G1 X105.733 Y79.824 E125.46406
G1 X105.425 Y78.974 E125.49714
G1 X105.284 Y78.07 E125.53061
G1 X105.329 Y77.125 E125.56522
G1 X105.529 Y76.277 E125.5971
G1 X105.907 Y75.441 E125.63067
G1 X106.375 Y74.773 E125.66051
G1 X106.95 Y74.193 E125.69039
G1 X107.518 Y73.781 E125.71606
G1 X108.187 Y73.438 E125.74357
G1 X108.887 Y73.21 E125.7705
G1 X109.744 Y73.088 E125.80217
G1 X110.613 Y73.121 E125.83399
G1 X111.494 Y73.322 E125.86705
G1 X112.298 Y73.678 E125.89922
G1 X113.088 Y74.228 E125.93443
G1 X113.713 Y74.888 E125.96769
G1 X114.187 Y75.626 E125.99978
G1 X114.503 Y76.386 E126.02989
G1 X114.668 Y77.111 E126.0571
G1 X114.72 Y77.783 E126.08176
G1 X114.631 Y78.698 E126.11539
G1 X114.373 Y79.568 E126.14859
G1 X113.992 Y80.312 E126.17917
G1 X113.449 Y81.019 E126.21179
G1 X112.783 Y81.608 E126.24432
G1 X111.961 Y82.091 E126.2792
G1 X111.109 Y82.386 E126.31218
G1 X110.223 Y82.512 E126.34493
G1 F1500 E124.34493
G0 F6000 X52.216 Y79.604
G1 F1500 E126.34493
G1 F1200 X51.672 Y79.59 E126.36483
G1 X51.197 Y79.435 E126.38312
G1 X50.804 Y79.175 E126.40036
G1 X50.389 Y78.696 E126.42354
G1 X50.235 Y78.241 E126.44112
G1 X50.187 Y77.983 E126.45072
G1 X50.186 Y77.646 E126.46305
G1 X50.234 Y77.355 E126.47384
G1 X50.314 Y77.111 E126.48323
G1 X50.605 Y76.625 E126.50396
G1 X50.972 Y76.294 E126.52204
G1 X51.394 Y76.078 E126.53938
G1 X52.025 Y75.956 E126.5629
G1 X52.453 Y76.035 E126.57882
G1 X52.774 Y76.152 E126.59132
G1 X52.998 Y76.28 E126.60076
G1 X53.264 Y76.488 E126.61311
G1 X53.558 Y76.813 E126.62915
G1 X53.779 Y77.419 E126.65275
G1 X53.82 Y77.801 E126.6668
G1 X53.783 Y78.159 E126.67997
G1 X53.675 Y78.512 E126.69348
G1 X53.522 Y78.795 E126.70525
G1 X53.293 Y79.083 E126.71871
G1 X53.053 Y79.284 E126.73016
G1 X52.79 Y79.44 E126.74135
G1 X52.505 Y79.548 E126.7525
G1 X52.216 Y79.604 E126.76327
G1 F1500 E124.76327
G0 F6000 X52.346 Y147.877
;TYPE:SKIN
G1 F1500 E126.76327
G1 F1200 X52.83 Y147.785 E126.78129
G1 X53.356 Y147.586 E126.80187
G1 X53.764 Y147.346 E126.81919
G1 X54.094 Y147.073 E126.83486
G1 X54.302 Y146.862 E126.8457
G1 X54.577 Y146.517 E126.86184
G1 X54.791 Y146.124 E126.87821
G1 X54.903 Y145.858 E126.88877
G1 X55.039 Y145.412 E126.90583
G1 X55.1 Y144.763 E126.92968
G1 X55.018 Y144.106 E126.9539
G1 X54.733 Y143.316 E126.98463
G1 X54.529 Y142.989 E126.99873
G1 X54.092 Y142.509 E127.02248
G1 X53.684 Y142.203 E127.04114
G1 X53.298 Y141.988 E127.0573
G1 X52.794 Y141.803 E127.07694
G1 X52.21 Y141.691 E127.0987
G1 X51.854 Y141.687 E127.11173
G1 X51.186 Y141.815 E127.13661
G1 X50.779 Y141.956 E127.15237
G1 X50.419 Y142.14 E127.16716
G1 X50.118 Y142.347 E127.18053
G1 X49.777 Y142.647 E127.19714
G1 X49.517 Y142.96 E127.21203
G1 X49.244 Y143.4 E127.23097
G1 X49.108 Y143.686 E127.24256
G1 X48.986 Y144.055 E127.25678
G1 X48.91 Y144.539 E127.2747
G1 X48.911 Y145.11 E127.29559
G1 X48.995 Y145.561 E127.31238
G1 X49.163 Y146.063 E127.33175
G1 X49.433 Y146.535 E127.35164
G1 X49.845 Y147.016 E127.37481
G1 X50.117 Y147.252 E127.38799
G1 X50.465 Y147.484 E127.40329
G1 X50.831 Y147.658 E127.41812
G1 X51.235 Y147.79 E127.43367
G1 X51.636 Y147.865 E127.44859
G1 X52.346 Y147.877 E127.47457
G1 F1500 E125.47457
G0 F6000 X110 Y149.404
G1 F1500 E127.47457
G1 F1200 X47.396 Y149.404 E129.76501
G1 X47.396 Y70.596 E132.64829
G1 X172.604 Y70.596 E137.22917
G1 X172.604 Y149.404 E140.11245
G1 X110 Y149.404 E142.40289
G1 F1500 E140.40289
G0 F6000 X167.636 Y147.865
G1 F1500 E142.40289
G1 F1200 X168.346 Y147.877 E142.42887
G1 X168.83 Y147.785 E142.44689
G1 X169.319 Y147.602 E142.466
G1 X169.776 Y147.338 E142.48531
G1 X170.215 Y146.968 E142.50631
G1 X170.581 Y146.513 E142.52768
G1 X170.791 Y146.123 E142.54388
G1 X170.907 Y145.855 E142.55457
G1 X171.033 Y145.418 E142.5712
G1 X171.1 Y144.818 E142.59329
G1 X171.048 Y144.298 E142.61241
G1 X170.975 Y143.974 E142.62456
G1 X170.775 Y143.424 E142.64597
G1 X170.501 Y142.959 E142.66572
G1 X170.098 Y142.512 E142.68774
G1 X169.73 Y142.232 E142.70466
G1 X169.323 Y141.993 E142.72193
G1 X168.825 Y141.805 E142.7414
G1 X168.179 Y141.687 E142.76543
G1 X167.82 Y141.692 E142.77856
G1 X166.975 Y141.865 E142.81012
G1 X166.409 Y142.145 E142.83322
G1 X166.152 Y142.315 E142.8445
G1 X165.601 Y142.816 E142.87174
G1 X165.144 Y143.575 E142.90416
G1 X164.982 Y144.091 E142.92394
G1 X164.91 Y144.523 E142.93997
G1 X164.911 Y145.109 E142.96141
G1 X164.995 Y145.561 E142.97823
G1 X165.229 Y146.249 E143.00481
G1 X165.435 Y146.543 E143.01795
G1 X165.821 Y146.992 E143.03961
G1 X166.117 Y147.252 E143.05402
G1 X166.465 Y147.484 E143.06933
G1 X166.831 Y147.658 E143.08415
G1 X167.235 Y147.79 E143.0997
G1 X167.636 Y147.865 E143.11463
G1 F1500 E141.11463
G0 F6000 X167.435 Y80.849
G1 F1500 E143.11463
G1 F1200 X168.176 Y80.876 E143.14176
G1 X168.456 Y80.856 E143.15203
G1 X168.884 Y80.77 E143.168
G1 X169.32 Y80.602 E143.18509
G1 X169.768 Y80.342 E143.20404
G1 X170.098 Y80.069 E143.21971
G1 X170.298 Y79.866 E143.23014
G1 X170.577 Y79.517 E143.24649
G1 X170.79 Y79.129 E143.26268
G1 X170.916 Y78.83 E143.27455
G1 X171.033 Y78.418 E143.29022
G1 X171.1 Y77.818 E143.31231
G1 X171.048 Y77.298 E143.33143
G1 X170.975 Y76.974 E143.34358
G1 X170.775 Y76.42 E143.36513
G1 X170.5 Y75.961 E143.38471
G1 X170.124 Y75.54 E143.40536
G1 X169.697 Y75.208 E143.42515
G1 X169.321 Y74.996 E143.44094
G1 X168.83 Y74.809 E143.46016
G1 X168.121 Y74.674 E143.48657
G1 X167.779 Y74.7 E143.49911
G1 X167.185 Y74.816 E143.52126
G1 X166.779 Y74.956 E143.53697
G1 X166.419 Y75.14 E143.55176
G1 X166.096 Y75.364 E143.56614
G1 X165.612 Y75.801 E143.59
G1 X165.188 Y76.492 E143.61966
G1 X164.992 Y77.034 E143.64075
G1 X164.91 Y77.555 E143.66004
G1 X164.915 Y78.117 E143.68061
G1 X164.999 Y78.565 E143.69728
G1 X165.203 Y79.183 E143.72109
G1 X165.355 Y79.45 E143.73233
G1 X165.965 Y80.148 E143.76625
G1 X166.652 Y80.6 E143.79633
G1 X167.435 Y80.849 E143.8264
G1 F1500 E141.8264
G0 F6000 X110.287 Y83.788
G1 F1500 E143.8264
G1 F1200 X111.41 Y83.629 E143.86789
G1 X112.505 Y83.251 E143.91027
G1 X113.544 Y82.638 E143.95441
G1 X114.391 Y81.878 E143.99604
G1 X115.072 Y80.996 E144.03681
G1 X115.576 Y80.003 E144.07755
G1 X115.892 Y78.924 E144.11869
G1 X116 Y77.794 E144.16022
G1 X115.932 Y76.918 E144.19236
G1 X115.723 Y75.991 E144.22713
G1 X115.315 Y75.021 E144.26563
G1 X114.717 Y74.092 E144.30605
G1 X114.008 Y73.34 E144.34387
G1 X113.794 Y73.159 E144.35412
G1 X112.925 Y72.558 E144.39278
G1 X112.009 Y72.154 E144.4294
G1 X111.75 Y72.067 E144.4394
G1 X110.768 Y71.849 E144.4762
G1 X109.668 Y71.808 E144.51647
G1 X108.579 Y71.966 E144.55673
G1 X107.687 Y72.258 E144.59107
G1 X106.875 Y72.672 E144.62442
G1 X106.091 Y73.237 E144.65978
G1 X105.387 Y73.957 E144.69662
G1 X104.795 Y74.801 E144.73433
G1 X104.379 Y75.704 E144.77071
G1 X104.285 Y75.987 E144.78162
G1 X104.065 Y76.955 E144.81794
G1 X104.004 Y78.104 E144.86003
G1 X104.181 Y79.295 E144.90409
G1 X104.573 Y80.368 E144.94588
G1 X105.13 Y81.305 E144.98576
G1 X105.792 Y82.081 E145.02308
G1 X106.543 Y82.702 E145.05873
G1 X107.332 Y83.173 E145.09235
G1 X108.174 Y83.509 E145.12552
G1 X109.182 Y83.743 E145.16338
G1 X110.287 Y83.788 E145.20384
G1 F1500 E143.20384
G0 F6000 X52.33 Y80.879
G1 F1500 E145.20384
G1 F1200 X52.862 Y80.772 E145.22369
G1 X53.285 Y80.615 E145.2402
G1 X53.746 Y80.352 E145.25962
G1 X54.203 Y79.977 E145.28125
G1 X54.571 Y79.52 E145.30272
G1 X54.863 Y78.988 E145.32492
G1 X55.046 Y78.376 E145.34829
G1 X55.099 Y77.715 E145.37255
G1 X55.019 Y77.107 E145.39499
G1 X54.721 Y76.282 E145.42708
G1 X54.581 Y76.05 E145.43699
G1 X54.132 Y75.545 E145.46171
G1 X53.701 Y75.208 E145.48173
G1 X53.313 Y74.988 E145.49805
G1 X52.825 Y74.805 E145.51712
G1 X52.12 Y74.674 E145.54335
G1 X51.779 Y74.7 E145.55586
G1 X51.185 Y74.816 E145.57801
G1 X50.779 Y74.956 E145.59372
G1 X50.419 Y75.14 E145.60851
G1 X50.118 Y75.347 E145.62188
G1 X49.777 Y75.647 E145.63849
G1 X49.517 Y75.96 E145.65338
G1 X49.244 Y76.4 E145.67233
G1 X49.108 Y76.686 E145.68391
G1 X48.986 Y77.06 E145.6983
G1 X48.91 Y77.538 E145.71601
G1 X48.911 Y78.11 E145.73694
G1 X48.995 Y78.561 E145.75372
G1 X49.163 Y79.063 E145.77309
G1 X49.433 Y79.535 E145.79299
G1 X49.838 Y80.006 E145.81571
G1 X50.098 Y80.234 E145.82836
G1 X50.464 Y80.483 E145.84456
G1 X50.8 Y80.647 E145.85824
G1 X51.231 Y80.79 E145.87485
G1 X51.502 Y80.858 E145.88507
G1 X52.33 Y80.879 E145.91538
G1 F1500 E143.91538
G0 F6000 X47.616 Y149.043
G1 F1500 E145.91538
G1 F1200 X47.757 Y149.184 E145.92267
G0 F6000 X48.379 Y149.184
G1 F1200 X47.616 Y148.421 E145.96215
G0 F6000 X47.616 Y147.799
G1 F1200 X49.001 Y149.184 E146.03381
G0 F6000 X49.623 Y149.184
G1 F1200 X47.616 Y147.176 E146.13768
G0 F6000 X47.616 Y146.554
G1 F1200 X50.246 Y149.184 E146.27376
G0 F6000 X50.868 Y149.184
G1 F1200 X47.616 Y145.932 E146.44202
G0 F6000 X47.616 Y145.31
G1 F1200 X51.49 Y149.184 E146.64246
G0 F6000 X52.112 Y149.184
G1 F1200 X50.811 Y147.883 E146.70978
G0 F6000 X51.634 Y148.083
G1 F1200 X52.735 Y149.184 E146.76674
G0 F6000 X53.357 Y149.184
G1 F1200 X52.273 Y148.1 E146.82283
G0 F6000 X52.809 Y148.014
G1 F1200 X53.979 Y149.184 E146.88337
G0 F6000 X54.601 Y149.184
G1 F1200 X53.273 Y147.855 E146.9521
G0 F6000 X53.686 Y147.646
G1 F1200 X55.224 Y149.184 E147.03168
G0 F6000 X55.846 Y149.184
G1 F1200 X54.053 Y147.391 E147.12445
G0 F6000 X54.38 Y147.096
G1 F1200 X56.468 Y149.184 E147.23249
G0 F6000 X57.09 Y149.184
G1 F1200 X54.661 Y146.755 E147.35817
G0 F6000 X54.905 Y146.377
G1 F1200 X57.713 Y149.184 E147.50343
G0 F6000 X58.335 Y149.184
G1 F1200 X55.101 Y145.95 E147.67076
G0 F6000 X55.25 Y145.477
G1 F1200 X58.957 Y149.184 E147.86256
G0 F6000 X59.579 Y149.184
G1 F1200 X55.308 Y144.912 E148.08357
G0 F6000 X55.255 Y144.238
G1 F1200 X60.202 Y149.184 E148.3395
G0 F6000 X60.824 Y149.184
G1 F1200 X54.971 Y143.331 E148.64234
G1 F1500 E146.64234
G0 F6000 X53.478 Y141.838
G1 F1500 E148.64234
G1 F1200 X47.616 Y135.976 E148.94565
G0 F6000 X47.616 Y136.598
G1 F1200 X52.551 Y141.533 E149.20099
G0 F6000 X51.859 Y141.463
G1 F1200 X47.616 Y137.22 E149.42052
G0 F6000 X47.616 Y137.843
G1 F1200 X51.336 Y141.563 E149.613
G0 F6000 X50.849 Y141.698
G1 F1200 X47.616 Y138.465 E149.78027
G0 F6000 X47.616 Y139.087
G1 F1200 X50.421 Y141.892 E149.92541
G0 F6000 X50.039 Y142.133
G1 F1200 X47.616 Y139.709 E150.0508
G0 F6000 X47.616 Y140.332
G1 F1200 X49.703 Y142.418 E150.15876
G0 F6000 X49.409 Y142.747
G1 F1200 X47.616 Y140.954 E150.25153
G0 F6000 X47.616 Y141.576
G1 F1200 X49.16 Y143.121 E150.33144
G0 F6000 X48.942 Y143.525
G1 F1200 X47.616 Y142.198 E150.40007
G0 F6000 X47.616 Y142.821
G1 F1200 X48.779 Y143.984 E150.46025
G0 F6000 X48.693 Y144.52
G1 F1200 X47.616 Y143.443 E150.51597
G0 F6000 X47.616 Y144.065
G1 F1200 X48.694 Y145.144 E150.57178
G0 F6000 X48.903 Y145.974
G1 F1200 X47.616 Y144.687 E150.63837
G1 F1500 E148.63837
G0 F6000 X45.235 Y144.687
G0 X45.235 Y135.354
G0 X47.616 Y135.354
G1 F1500 E150.63837
G1 F1200 X61.446 Y149.184 E151.35394
G0 F6000 X62.068 Y149.184
G1 F1200 X47.616 Y134.731 E152.10172
G0 F6000 X47.616 Y134.109
G1 F1200 X62.691 Y149.184 E152.88171
G0 F6000 X63.313 Y149.184
G1 F1200 X47.616 Y133.487 E153.69388
G0 F6000 X47.616 Y132.865
G1 F1200 X63.935 Y149.184 E154.53824
G0 F6000 X64.557 Y149.184
G1 F1200 X47.616 Y132.242 E155.4148
G0 F6000 X47.616 Y131.62
G1 F1200 X65.18 Y149.184 E156.32357
G0 F6000 X65.802 Y149.184
G1 F1200 X47.616 Y130.998 E157.26453
G0 F6000 X47.616 Y130.376
G1 F1200 X66.424 Y149.184 E158.23767
G0 F6000 X67.046 Y149.184
G1 F1200 X47.616 Y129.753 E159.24301
G0 F6000 X47.616 Y129.131
G1 F1200 X67.669 Y149.184 E160.28057
G0 F6000 X68.291 Y149.184
G1 F1200 X47.616 Y128.509 E161.35031
G0 F6000 X47.616 Y127.887
G1 F1200 X68.913 Y149.184 E162.45223
G0 F6000 X69.535 Y149.184
G1 F1200 X47.616 Y127.264 E163.58635
G0 F6000 X47.616 Y126.642
G1 F1200 X70.158 Y149.184 E164.75269
G0 F6000 X70.78 Y149.184
G1 F1200 X47.616 Y126.02 E165.95121
G0 F6000 X47.616 Y125.398
G1 F1200 X71.402 Y149.184 E167.18191
G0 F6000 X72.024 Y149.184
G1 F1200 X47.616 Y124.775 E168.44483
G0 F6000 X47.616 Y124.153
G1 F1200 X72.647 Y149.184 E169.73994
G0 F6000 X73.269 Y149.184
G1 F1200 X47.616 Y123.531 E171.06725
G0 F6000 X47.616 Y122.909
G1 F1200 X73.891 Y149.184 E172.42673
G0 F6000 X74.513 Y149.184
G1 F1200 X47.616 Y122.286 E173.81843
G0 F6000 X47.616 Y121.664
G1 F1200 X75.136 Y149.184 E175.24233
G0 F6000 X75.758 Y149.184
G1 F1200 X47.616 Y121.042 E176.69841
G0 F6000 X47.616 Y120.42
G1 F1200 X76.38 Y149.184 E178.18668
G0 F6000 X77.003 Y149.184
G1 F1200 X47.616 Y119.797 E179.70718
G0 F6000 X47.616 Y119.175
G1 F1200 X77.625 Y149.184 E181.25987
G0 F6000 X78.247 Y149.184
G1 F1200 X47.616 Y118.553 E182.84473
G0 F6000 X47.616 Y117.931
G1 F1200 X78.869 Y149.184 E184.46178
G0 F6000 X79.492 Y149.184
G1 F1200 X47.616 Y117.308 E186.11107
G0 F6000 X47.616 Y116.686
G1 F1200 X80.114 Y149.184 E187.79253
G0 F6000 X80.736 Y149.184
G1 F1200 X47.616 Y116.064 E189.50618
G0 F6000 X47.616 Y115.442
G1 F1200 X81.358 Y149.184 E191.25202
G0 F6000 X81.981 Y149.184
G1 F1200 X47.616 Y114.819 E193.03008
G0 F6000 X47.616 Y114.197
G1 F1200 X82.603 Y149.184 E194.84033
G0 F6000 X83.225 Y149.184
G1 F1200 X47.616 Y113.575 E196.68276
G0 F6000 X47.616 Y112.953
G1 F1200 X83.847 Y149.184 E198.55738
G0 F6000 X84.47 Y149.184
G1 F1200 X47.616 Y112.33 E200.46423
G0 F6000 X47.616 Y111.708
G1 F1200 X85.092 Y149.184 E202.40326
G0 F6000 X85.714 Y149.184
G1 F1200 X47.616 Y111.086 E204.37447
G0 F6000 X47.616 Y110.464
G1 F1200 X86.336 Y149.184 E206.37787
G0 F6000 X86.959 Y149.184
G1 F1200 X47.616 Y109.841 E208.4135
G0 F6000 X47.616 Y109.219
G1 F1200 X87.581 Y149.184 E210.48132
G0 F6000 X88.203 Y149.184
G1 F1200 X47.616 Y108.597 E212.58131
G0 F6000 X47.616 Y107.974
G1 F1200 X88.825 Y149.184 E214.71352
G0 F6000 X89.448 Y149.184
G1 F1200 X47.616 Y107.352 E216.87793
G0 F6000 X47.616 Y106.73
G1 F1200 X90.07 Y149.184 E219.07453
G0 F6000 X90.692 Y149.184
G1 F1200 X47.616 Y106.108 E221.30331
G0 F6000 X47.616 Y105.485
G1 F1200 X91.314 Y149.184 E223.5643
G0 F6000 X91.937 Y149.184
G1 F1200 X47.616 Y104.863 E225.85749
G0 F6000 X47.616 Y104.241
G1 F1200 X92.559 Y149.184 E228.18287
G0 F6000 X93.181 Y149.184
G1 F1200 X47.616 Y103.619 E230.54043
G0 F6000 X47.616 Y102.996
G1 F1200 X93.803 Y149.184 E232.9302
G0 F6000 X94.426 Y149.184
G1 F1200 X47.616 Y102.374 E235.35218
G0 F6000 X47.616 Y101.752
G1 F1200 X95.048 Y149.184 E237.80634
G0 F6000 X95.67 Y149.184
G1 F1200 X47.616 Y101.13 E240.29269
G0 F6000 X47.616 Y100.507
G1 F1200 X96.292 Y149.184 E242.81124
G0 F6000 X96.915 Y149.184
G1 F1200 X47.616 Y99.885 E245.362
G0 F6000 X47.616 Y99.263
G1 F1200 X97.537 Y149.184 E247.94495
G0 F6000 X98.159 Y149.184
G1 F1200 X47.616 Y98.641 E250.56007
G0 F6000 X47.616 Y98.018
G1 F1200 X98.781 Y149.184 E253.20741
G0 F6000 X99.404 Y149.184
G1 F1200 X47.616 Y97.396 E255.88695
G0 F6000 X47.616 Y96.774
G1 F1200 X100.026 Y149.184 E258.59868
G0 F6000 X100.648 Y149.184
G1 F1200 X47.616 Y96.152 E261.34259
G0 F6000 X47.616 Y95.529
G1 F1200 X101.27 Y149.184 E264.1187
G0 F6000 X101.893 Y149.184
G1 F1200 X47.616 Y94.907 E266.92703
G0 F6000 X47.616 Y94.285
G1 F1200 X102.515 Y149.184 E269.76754
G0 F6000 X103.137 Y149.184
G1 F1200 X47.616 Y93.663 E272.64023
G0 F6000 X47.616 Y93.04
G1 F1200 X103.759 Y149.184 E275.54513
G0 F6000 X104.382 Y149.184
G1 F1200 X47.616 Y92.418 E278.48224
G0 F6000 X47.616 Y91.796
G1 F1200 X105.004 Y149.184 E281.45153
G0 F6000 X105.626 Y149.184
G1 F1200 X47.616 Y91.174 E284.453
G0 F6000 X47.616 Y90.551
G1 F1200 X106.248 Y149.184 E287.48669
G0 F6000 X106.871 Y149.184
G1 F1200 X47.616 Y89.929 E290.55258
G0 F6000 X47.616 Y89.307
G1 F1200 X107.493 Y149.184 E293.65065
G0 F6000 X108.115 Y149.184
G1 F1200 X47.616 Y88.685 E296.78091
G0 F6000 X47.616 Y88.062
G1 F1200 X108.737 Y149.184 E299.94337
G0 F6000 X109.36 Y149.184
G1 F1200 X47.616 Y87.44 E303.13804
G0 F6000 X47.616 Y86.818
G1 F1200 X109.982 Y149.184 E306.3649
G0 F6000 X110.604 Y149.184
G1 F1200 X47.616 Y86.196 E309.62394
G0 F6000 X47.616 Y85.573
G1 F1200 X111.226 Y149.184 E312.91519
G0 F6000 X111.849 Y149.184
G1 F1200 X47.616 Y84.951 E316.23864
G0 F6000 X47.616 Y84.329
G1 F1200 X112.471 Y149.184 E319.59428
G0 F6000 X113.093 Y149.184
G1 F1200 X47.616 Y83.707 E322.9821
G0 F6000 X47.616 Y83.084
G1 F1200 X113.715 Y149.184 E326.40213
G0 F6000 X114.338 Y149.184
G1 F1200 X47.616 Y82.462 E329.85437
G0 F6000 X47.616 Y81.84
G1 F1200 X114.96 Y149.184 E333.33879
G0 F6000 X115.582 Y149.184
G1 F1200 X47.616 Y81.218 E336.85539
G0 F6000 X47.616 Y80.595
G1 F1200 X116.205 Y149.184 E340.40423
G0 F6000 X116.827 Y149.184
G1 F1200 X47.616 Y79.973 E343.98525
G0 F6000 X47.616 Y79.351
G1 F1200 X117.449 Y149.184 E347.59846
G0 F6000 X118.071 Y149.184
G1 F1200 X47.616 Y78.729 E351.24384
G0 F6000 X47.616 Y78.106
G1 F1200 X118.694 Y149.184 E354.92146
G0 F6000 X119.316 Y149.184
G1 F1200 X51.113 Y80.981 E358.45033
G0 F6000 X51.844 Y81.09
G1 F1200 X119.938 Y149.184 E361.97355
G0 F6000 X120.56 Y149.184
G1 F1200 X52.454 Y81.078 E365.4974
G0 F6000 X52.966 Y80.967
G1 F1200 X121.183 Y149.184 E369.02699
G0 F6000 X121.805 Y149.184
G1 F1200 X53.417 Y80.796 E372.56543
G0 F6000 X53.811 Y80.568
G1 F1200 X122.427 Y149.184 E376.11566
G0 F6000 X123.049 Y149.184
G1 F1200 X54.16 Y80.295 E379.68002
G0 F6000 X54.476 Y79.989
G1 F1200 X123.672 Y149.184 E383.26024
G0 F6000 X124.294 Y149.184
G1 F1200 X54.753 Y79.643 E386.85834
G0 F6000 X54.973 Y79.241
G1 F1200 X124.916 Y149.184 E390.47723
G0 F6000 X125.538 Y149.184
G1 F1200 X55.149 Y78.795 E394.1192
G0 F6000 X55.273 Y78.297
G1 F1200 X126.161 Y149.184 E397.78697
G0 F6000 X126.783 Y149.184
G1 F1200 X55.321 Y77.722 E401.48446
G0 F6000 X55.218 Y76.997
G1 F1200 X127.405 Y149.184 E405.21946
G0 F6000 X128.027 Y149.184
G1 F1200 X54.731 Y75.888 E409.01184
G0 F6000 X54.024 Y75.18
G1 F1200 X49.659 Y70.816 E409.23766
G0 F6000 X49.037 Y70.816
G1 F1200 X52.8 Y74.579 E409.43236
G0 F6000 X52.058 Y74.459
G1 F1200 X48.415 Y70.816 E409.62085
G0 F6000 X47.793 Y70.816
G1 F1200 X51.504 Y74.528 E409.81289
G0 F6000 X51.001 Y74.646
G1 F1200 X47.616 Y71.262 E409.988
G0 F6000 X47.616 Y71.884
G1 F1200 X50.557 Y74.825 E410.14017
G0 F6000 X50.161 Y75.051
G1 F1200 X47.616 Y72.506 E410.27185
G0 F6000 X47.616 Y73.128
G1 F1200 X49.811 Y75.324 E410.38545
G0 F6000 X49.502 Y75.636
G1 F1200 X47.616 Y73.751 E410.483
G0 F6000 X47.616 Y74.373
G1 F1200 X49.239 Y75.996 E410.56698
G0 F6000 X49.008 Y76.387
G1 F1200 X47.616 Y74.995 E410.639
G0 F6000 X47.616 Y75.617
G1 F1200 X48.831 Y76.832 E410.70187
G0 F6000 X48.72 Y77.343
G1 F1200 X47.616 Y76.24 E410.75896
G0 F6000 X47.616 Y76.862
G1 F1200 X48.694 Y77.94 E410.81474
G0 F6000 X48.802 Y78.671
G1 F1200 X47.616 Y77.484 E410.87613
G1 F1500 E408.87613
G0 F6000 X45.235 Y77.484
G0 X45.247 Y68.447
G0 X50.282 Y68.435
G0 X50.282 Y70.816
G1 F1500 E410.87613
G1 F1200 X128.65 Y149.184 E414.93094
G0 F6000 X129.272 Y149.184
G1 F1200 X50.904 Y70.816 E418.98575
G0 F6000 X51.526 Y70.816
G1 F1200 X129.894 Y149.184 E423.04056
G0 F6000 X130.516 Y149.184
G1 F1200 X52.148 Y70.816 E427.09537
G0 F6000 X52.771 Y70.816
G1 F1200 X131.139 Y149.184 E431.15018
G0 F6000 X131.761 Y149.184
G1 F1200 X53.393 Y70.816 E435.20499
G0 F6000 X54.015 Y70.816
G1 F1200 X132.383 Y149.184 E439.2598
G0 F6000 X133.005 Y149.184
G1 F1200 X54.637 Y70.816 E443.31461
G0 F6000 X55.26 Y70.816
G1 F1200 X133.628 Y149.184 E447.36942
G0 F6000 X134.25 Y149.184
G1 F1200 X55.882 Y70.816 E451.42423
G0 F6000 X56.504 Y70.816
G1 F1200 X134.872 Y149.184 E455.47903
G0 F6000 X135.494 Y149.184
G1 F1200 X57.126 Y70.816 E459.53384
G0 F6000 X57.749 Y70.816
G1 F1200 X136.117 Y149.184 E463.58865
G0 F6000 X136.739 Y149.184
G1 F1200 X58.371 Y70.816 E467.64346
G0 F6000 X58.993 Y70.816
G1 F1200 X137.361 Y149.184 E471.69827
G0 F6000 X137.983 Y149.184
G1 F1200 X59.615 Y70.816 E475.75308
G0 F6000 X60.238 Y70.816
G1 F1200 X138.606 Y149.184 E479.80789
G0 F6000 X139.228 Y149.184
G1 F1200 X60.86 Y70.816 E483.8627
G0 F6000 X61.482 Y70.816
G1 F1200 X139.85 Y149.184 E487.91751
G0 F6000 X140.472 Y149.184
G1 F1200 X62.104 Y70.816 E491.97232
G0 F6000 X62.727 Y70.816
G1 F1200 X141.095 Y149.184 E496.02713
G0 F6000 X141.717 Y149.184
G1 F1200 X63.349 Y70.816 E500.08194
G0 F6000 X63.971 Y70.816
G1 F1200 X142.339 Y149.184 E504.13675
G0 F6000 X142.961 Y149.184
G1 F1200 X64.593 Y70.816 E508.19156
G0 F6000 X65.216 Y70.816
G1 F1200 X143.584 Y149.184 E512.24637
G0 F6000 X144.206 Y149.184
G1 F1200 X65.838 Y70.816 E516.30118
G0 F6000 X66.46 Y70.816
G1 F1200 X144.828 Y149.184 E520.35599
G0 F6000 X145.45 Y149.184
G1 F1200 X67.083 Y70.816 E524.41077
G0 F6000 X67.705 Y70.816
G1 F1200 X146.073 Y149.184 E528.46558
G0 F6000 X146.695 Y149.184
G1 F1200 X68.327 Y70.816 E532.52039
G0 F6000 X68.949 Y70.816
G1 F1200 X147.317 Y149.184 E536.5752
G0 F6000 X147.939 Y149.184
G1 F1200 X69.572 Y70.816 E540.62998
G0 F6000 X70.194 Y70.816
G1 F1200 X148.562 Y149.184 E544.68479
G0 F6000 X149.184 Y149.184
G1 F1200 X70.816 Y70.816 E548.7396
G0 F6000 X71.438 Y70.816
G1 F1200 X149.806 Y149.184 E552.79441
G0 F6000 X150.428 Y149.184
G1 F1200 X72.061 Y70.816 E556.84919
G0 F6000 X72.683 Y70.816
G1 F1200 X151.051 Y149.184 E560.904
G0 F6000 X151.673 Y149.184
G1 F1200 X73.305 Y70.816 E564.95881
G0 F6000 X73.927 Y70.816
G1 F1200 X152.295 Y149.184 E569.01362
G0 F6000 X152.917 Y149.184
G1 F1200 X74.55 Y70.816 E573.06841
G0 F6000 X75.172 Y70.816
G1 F1200 X153.54 Y149.184 E577.12322
G0 F6000 X154.162 Y149.184
G1 F1200 X75.794 Y70.816 E581.17803
G0 F6000 X76.416 Y70.816
G1 F1200 X154.784 Y149.184 E585.23283
G0 F6000 X155.407 Y149.184
G1 F1200 X77.039 Y70.816 E589.28764
G0 F6000 X77.661 Y70.816
G1 F1200 X156.029 Y149.184 E593.34245
G0 F6000 X156.651 Y149.184
G1 F1200 X78.283 Y70.816 E597.39726
G0 F6000 X78.905 Y70.816
G1 F1200 X157.273 Y149.184 E601.45207
G0 F6000 X157.896 Y149.184
G1 F1200 X79.528 Y70.816 E605.50688
G0 F6000 X80.15 Y70.816
G1 F1200 X158.518 Y149.184 E609.56169
G0 F6000 X159.14 Y149.184
G1 F1200 X80.772 Y70.816 E613.6165
G0 F6000 X81.394 Y70.816
G1 F1200 X159.762 Y149.184 E617.67131
G0 F6000 X160.385 Y149.184
G1 F1200 X82.017 Y70.816 E621.72612
G0 F6000 X82.639 Y70.816
G1 F1200 X161.007 Y149.184 E625.78093
G0 F6000 X161.629 Y149.184
G1 F1200 X83.261 Y70.816 E629.83574
G0 F6000 X83.883 Y70.816
G1 F1200 X162.251 Y149.184 E633.89055
G0 F6000 X162.874 Y149.184
G1 F1200 X84.506 Y70.816 E637.94536
G0 F6000 X85.128 Y70.816
G1 F1200 X163.496 Y149.184 E642.00017
G0 F6000 X164.118 Y149.184
G1 F1200 X85.75 Y70.816 E646.05498
G0 F6000 X86.372 Y70.816
G1 F1200 X164.74 Y149.184 E650.10979
G0 F6000 X165.363 Y149.184
G1 F1200 X86.995 Y70.816 E654.1646
G0 F6000 X87.617 Y70.816
G1 F1200 X165.985 Y149.184 E658.21941
G0 F6000 X166.607 Y149.184
G1 F1200 X88.239 Y70.816 E662.27422
G0 F6000 X88.861 Y70.816
G1 F1200 X167.229 Y149.184 E666.32902
G0 F6000 X167.852 Y149.184
G1 F1200 X166.318 Y147.65 E666.40839
G0 F6000 X167.32 Y148.03
G1 F1200 X168.474 Y149.184 E666.4681
G0 F6000 X169.096 Y149.184
G1 F1200 X168.007 Y148.095 E666.52445
G0 F6000 X168.589 Y148.055
G1 F1200 X169.718 Y149.184 E666.58286
G0 F6000 X170.341 Y149.184
G1 F1200 X169.081 Y147.925 E666.64803
G0 F6000 X169.518 Y147.739
G1 F1200 X170.963 Y149.184 E666.7228
G0 F6000 X171.585 Y149.184
G1 F1200 X169.91 Y147.509 E666.80946
G0 F6000 X170.249 Y147.226
G1 F1200 X172.207 Y149.184 E666.91077
G0 F6000 X172.384 Y148.738
G1 F1200 X170.549 Y146.904 E667.00569
G0 F6000 X170.812 Y146.544
G1 F1200 X172.384 Y148.116 E667.08702
G0 F6000 X172.384 Y147.494
G1 F1200 X171.025 Y146.135 E667.15734
G0 F6000 X171.186 Y145.674
G1 F1200 X172.384 Y146.872 E667.21933
G0 F6000 X172.384 Y146.249
G1 F1200 X171.287 Y145.152 E667.27609
G0 F6000 X171.293 Y144.536
G1 F1200 X172.384 Y145.627 E667.33253
G0 F6000 X172.384 Y145.005
G1 F1200 X171.125 Y143.746 E667.39768
G0 F6000 X172.384 Y143.76
G1 F1200 X112.207 Y83.584 E670.51125
G0 F6000 X112.663 Y83.417
G1 F1200 X172.384 Y143.138 E673.60125
G0 F6000 X172.384 Y142.516
G1 F1200 X113.054 Y83.185 E676.67104
G0 F6000 X113.443 Y82.953
G1 F1200 X172.384 Y141.894 E679.72069
G0 F6000 X172.384 Y141.271
G1 F1200 X113.809 Y82.696 E682.7514
G0 F6000 X114.136 Y82.401
G1 F1200 X172.384 Y140.649 E685.76518
G0 F6000 X172.384 Y140.027
G1 F1200 X114.463 Y82.106 E688.76205
G0 F6000 X114.751 Y81.771
G1 F1200 X172.384 Y139.405 E691.74405
G0 F6000 X172.384 Y138.782
G1 F1200 X115.021 Y81.419 E694.71204
G0 F6000 X115.285 Y81.061
G1 F1200 X172.384 Y138.16 E697.66638
G0 F6000 X172.384 Y137.538
G1 F1200 X115.495 Y80.648 E700.60988
G0 F6000 X115.704 Y80.235
G1 F1200 X172.384 Y136.916 E703.54257
G0 F6000 X172.384 Y136.293
G1 F1200 X115.869 Y79.779 E706.46666
G0 F6000 X116.011 Y79.298
G1 F1200 X172.384 Y135.671 E709.38344
G0 F6000 X172.384 Y135.049
G1 F1200 X116.125 Y78.79 E712.29431
G0 F6000 X116.181 Y78.224
G1 F1200 X172.384 Y134.427 E715.20229
G0 F6000 X172.384 Y133.804
G1 F1200 X116.207 Y77.627 E718.10892
G0 F6000 X116.15 Y76.948
G1 F1200 X172.384 Y133.182 E721.01851
G0 F6000 X172.384 Y132.56
G1 F1200 X115.987 Y76.163 E723.93652
G0 F6000 X115.608 Y75.162
G1 F1200 X172.384 Y131.938 E726.87415
G0 F6000 X172.384 Y131.315
G1 F1200 X111.885 Y70.816 E730.0044
G0 F6000 X111.263 Y70.816
G1 F1200 X112.636 Y72.19 E730.07547
G0 F6000 X111.642 Y71.818
G1 F1200 X110.64 Y70.816 E730.12731
G0 F6000 X110.018 Y70.816
G1 F1200 X110.841 Y71.639 E730.1699
G0 F6000 X110.185 Y71.605
G1 F1200 X109.396 Y70.816 E730.21072
G0 F6000 X108.774 Y70.816
G1 F1200 X109.556 Y71.598 E730.25118
G0 F6000 X109.015 Y71.68
G1 F1200 X108.151 Y70.816 E730.29588
G0 F6000 X107.529 Y70.816
G1 F1200 X108.48 Y71.767 E730.34509
G0 F6000 X108.011 Y71.921
G1 F1200 X106.907 Y70.816 E730.40224
G0 F6000 X106.285 Y70.816
G1 F1200 X107.552 Y72.083 E730.46779
G0 F6000 X107.139 Y72.293
G1 F1200 X105.662 Y70.816 E730.54421
G0 F6000 X105.04 Y70.816
G1 F1200 X106.728 Y72.504 E730.63155
G0 F6000 X106.365 Y72.763
G1 F1200 X104.418 Y70.816 E730.73229
G0 F6000 X103.795 Y70.816
G1 F1200 X106.003 Y73.024 E730.84653
G0 F6000 X105.692 Y73.335
G1 F1200 X103.173 Y70.816 E730.97687
G0 F6000 X102.551 Y70.816
G1 F1200 X105.382 Y73.647 E731.12335
G0 F6000 X105.102 Y73.99
G1 F1200 X101.929 Y70.816 E731.28755
G0 F6000 X101.306 Y70.816
G1 F1200 X104.844 Y74.354 E731.4706
G0 F6000 X104.587 Y74.719
G1 F1200 X100.684 Y70.816 E731.67255
G0 F6000 X100.062 Y70.816
G1 F1200 X104.392 Y75.146 E731.89658
G0 F6000 X104.197 Y75.573
G1 F1200 X99.44 Y70.816 E732.14271
G0 F6000 X98.817 Y70.816
G1 F1200 X104.046 Y76.044 E732.41324
G0 F6000 X103.931 Y76.552
G1 F1200 X98.195 Y70.816 E732.71003
G0 F6000 X97.573 Y70.816
G1 F1200 X103.841 Y77.084 E733.03434
G0 F6000 X103.809 Y77.674
G1 F1200 X96.951 Y70.816 E733.38917
G0 F6000 X96.328 Y70.816
G1 F1200 X103.811 Y78.299 E733.77635
G0 F6000 X103.918 Y79.028
G1 F1200 X95.706 Y70.816 E734.20124
G0 F6000 X95.084 Y70.816
G1 F1200 X104.172 Y79.904 E734.67146
G0 F6000 X104.766 Y81.121
G1 F1200 X94.462 Y70.816 E735.20462
G0 F6000 X93.839 Y70.816
G1 F1200 X165.567 Y142.544 E738.91587
G0 F6000 X165.895 Y142.249
G1 F1200 X106.697 Y83.051 E741.97882
G0 F6000 X107.907 Y83.639
G1 F1200 X166.253 Y141.985 E744.99767
G0 F6000 X166.663 Y141.773
G1 F1200 X108.76 Y83.87 E747.99361
G0 F6000 X109.49 Y83.977
G1 F1200 X167.121 Y141.609 E750.9755
G0 F6000 X167.638 Y141.503
G1 F1200 X110.136 Y84.001 E753.95069
G0 F6000 X110.709 Y83.952
G1 F1200 X168.229 Y141.472 E756.92681
G0 F6000 X169.03 Y141.651
G1 F1200 X111.251 Y83.872 E759.91633
G0 F6000 X111.746 Y83.745
G1 F1200 X172.384 Y144.383 E763.05378
G1 F1500 E761.05378
G0 F6000 X165.297 Y142.896
G1 F1500 E763.05378
G1 F1200 X93.217 Y70.816 E766.78325
G0 F6000 X92.595 Y70.816
G1 F1200 X165.064 Y143.285 E770.53284
G0 F6000 X164.872 Y143.715
G1 F1200 X91.973 Y70.816 E774.30468
G0 F6000 X91.35 Y70.816
G1 F1200 X164.74 Y144.206 E778.10192
G0 F6000 X164.691 Y144.779
G1 F1200 X90.728 Y70.816 E781.92881
G0 F6000 X90.106 Y70.816
G1 F1200 X164.757 Y145.467 E785.7913
G0 F6000 X165.063 Y146.395
G1 F1200 X89.484 Y70.816 E789.70181
G1 F1500 E787.70181
G0 F6000 X89.484 Y68.435
G0 X112.507 Y68.435
G0 X112.507 Y70.816
G1 F1500 E789.70181
G1 F1200 X172.384 Y130.693 E792.79988
G0 F6000 X172.384 Y130.071
G1 F1200 X113.129 Y70.816 E795.86577
G0 F6000 X113.752 Y70.816
G1 F1200 X172.384 Y129.449 E798.89946
G0 F6000 X172.384 Y128.826
G1 F1200 X114.374 Y70.816 E801.90093
G0 F6000 X114.996 Y70.816
G1 F1200 X172.384 Y128.204 E804.87022
G0 F6000 X172.384 Y127.582
G1 F1200 X115.618 Y70.816 E807.80733
G0 F6000 X116.241 Y70.816
G1 F1200 X172.384 Y126.96 E810.71223
G0 F6000 X172.384 Y126.337
G1 F1200 X116.863 Y70.816 E813.58492
G0 F6000 X117.485 Y70.816
G1 F1200 X172.384 Y125.715 E816.42543
G0 F6000 X172.384 Y125.093
G1 F1200 X118.107 Y70.816 E819.23375
G0 F6000 X118.73 Y70.816
G1 F1200 X172.384 Y124.471 E822.00987
G0 F6000 X172.384 Y123.848
G1 F1200 X119.352 Y70.816 E824.75378
G0 F6000 X119.974 Y70.816
G1 F1200 X172.384 Y123.226 E827.46551
G0 F6000 X172.384 Y122.604
G1 F1200 X120.596 Y70.816 E830.14505
G0 F6000 X121.219 Y70.816
G1 F1200 X172.384 Y121.982 E832.79239
G0 F6000 X172.384 Y121.359
G1 F1200 X121.841 Y70.816 E835.40751
G0 F6000 X122.463 Y70.816
G1 F1200 X172.384 Y120.737 E837.99046
G0 F6000 X172.384 Y120.115
G1 F1200 X123.085 Y70.816 E840.54122
G0 F6000 X123.708 Y70.816
G1 F1200 X172.384 Y119.493 E843.05977
G0 F6000 X172.384 Y118.87
G1 F1200 X124.33 Y70.816 E845.54611
G0 F6000 X124.952 Y70.816
G1 F1200 X172.384 Y118.248 E848.00028
G0 F6000 X172.384 Y117.626
G1 F1200 X125.574 Y70.816 E850.42225
G0 F6000 X126.197 Y70.816
G1 F1200 X172.384 Y117.004 E852.81203
G0 F6000 X172.384 Y116.381
G1 F1200 X126.819 Y70.816 E855.16959
G0 F6000 X127.441 Y70.816
G1 F1200 X172.384 Y115.759 E857.49497
G0 F6000 X172.384 Y115.137
G1 F1200 X128.063 Y70.816 E859.78816
G0 F6000 X128.686 Y70.816
G1 F1200 X172.384 Y114.515 E862.04915
G0 F6000 X172.384 Y113.892
G1 F1200 X129.308 Y70.816 E864.27793
G0 F6000 X129.93 Y70.816
G1 F1200 X172.384 Y113.27 E866.47453
G0 F6000 X172.384 Y112.648
G1 F1200 X130.552 Y70.816 E868.63894
G0 F6000 X131.175 Y70.816
G1 F1200 X172.384 Y112.026 E870.77115
G0 F6000 X172.384 Y111.403
G1 F1200 X131.797 Y70.816 E872.87114
G0 F6000 X132.419 Y70.816
G1 F1200 X172.384 Y110.781 E874.93896
G0 F6000 X172.384 Y110.159
G1 F1200 X133.041 Y70.816 E876.97459
G0 F6000 X133.664 Y70.816
G1 F1200 X172.384 Y109.536 E878.97798
G0 F6000 X172.384 Y108.914
G1 F1200 X134.286 Y70.816 E880.9492
G0 F6000 X134.908 Y70.816
G1 F1200 X172.384 Y108.292 E882.88823
G0 F6000 X172.384 Y107.67
G1 F1200 X135.53 Y70.816 E884.79508
G0 F6000 X136.153 Y70.816
G1 F1200 X172.384 Y107.047 E886.66969
G0 F6000 X172.384 Y106.425
G1 F1200 X136.775 Y70.816 E888.51213
G0 F6000 X137.397 Y70.816
G1 F1200 X172.384 Y105.803 E890.32238
G0 F6000 X172.384 Y105.181
G1 F1200 X138.019 Y70.816 E892.10044
G0 F6000 X138.642 Y70.816
G1 F1200 X172.384 Y104.558 E893.84628
G0 F6000 X172.384 Y103.936
G1 F1200 X139.264 Y70.816 E895.55992
G0 F6000 X139.886 Y70.816
G1 F1200 X172.384 Y103.314 E897.24139
G0 F6000 X172.384 Y102.692
G1 F1200 X140.508 Y70.816 E898.89068
G0 F6000 X141.131 Y70.816
G1 F1200 X172.384 Y102.069 E900.50773
G0 F6000 X172.384 Y101.447
G1 F1200 X141.753 Y70.816 E902.09259
G0 F6000 X142.375 Y70.816
G1 F1200 X172.384 Y100.825 E903.64528
G0 F6000 X172.384 Y100.203
G1 F1200 X142.997 Y70.816 E905.16578
G0 F6000 X143.62 Y70.816
G1 F1200 X172.384 Y99.58 E906.65405
G0 F6000 X172.384 Y98.958
G1 F1200 X144.242 Y70.816 E908.11013
G0 F6000 X144.864 Y70.816
G1 F1200 X172.384 Y98.336 E909.53403
G0 F6000 X172.384 Y97.714
G1 F1200 X145.487 Y70.816 E910.92573
G0 F6000 X146.109 Y70.816
G1 F1200 X172.384 Y97.091 E912.28521
G0 F6000 X172.384 Y96.469
G1 F1200 X146.731 Y70.816 E913.61251
G0 F6000 X147.353 Y70.816
G1 F1200 X172.384 Y95.847 E914.90763
G0 F6000 X172.384 Y95.225
G1 F1200 X147.976 Y70.816 E916.17054
G0 F6000 X148.598 Y70.816
G1 F1200 X172.384 Y94.602 E917.40125
G0 F6000 X172.384 Y93.98
G1 F1200 X149.22 Y70.816 E918.59977
G0 F6000 X149.842 Y70.816
G1 F1200 X172.384 Y93.358 E919.7661
G0 F6000 X172.384 Y92.736
G1 F1200 X150.465 Y70.816 E920.90023
G0 F6000 X151.087 Y70.816
G1 F1200 X172.384 Y92.113 E922.00215
G0 F6000 X172.384 Y91.491
G1 F1200 X151.709 Y70.816 E923.07189
G0 F6000 X152.331 Y70.816
G1 F1200 X172.384 Y90.869 E924.10945
G0 F6000 X172.384 Y90.247
G1 F1200 X152.954 Y70.816 E925.11479
G0 F6000 X153.576 Y70.816
G1 F1200 X172.384 Y89.624 E926.08793
G0 F6000 X172.384 Y89.002
G1 F1200 X154.198 Y70.816 E927.02888
G0 F6000 X154.82 Y70.816
G1 F1200 X172.384 Y88.38 E927.93766
G0 F6000 X172.384 Y87.758
G1 F1200 X155.443 Y70.816 E928.81422
G0 F6000 X156.065 Y70.816
G1 F1200 X172.384 Y87.135 E929.65858
G0 F6000 X172.384 Y86.513
G1 F1200 X166.727 Y80.856 E929.95127
G0 F6000 X167.569 Y81.076
G1 F1200 X172.384 Y85.891 E930.2004
G0 F6000 X172.384 Y85.269
G1 F1200 X168.207 Y81.092 E930.41652
G0 F6000 X168.76 Y81.022
G1 F1200 X172.384 Y84.646 E930.60403
G0 F6000 X172.384 Y84.024
G1 F1200 X169.23 Y80.87 E930.76722
G0 F6000 X169.647 Y80.665
G1 F1200 X172.384 Y83.402 E930.90884
G0 F6000 X172.384 Y82.78
G1 F1200 X170.021 Y80.416 E931.03113
G0 F6000 X170.351 Y80.124
G1 F1200 X172.384 Y82.157 E931.13631
G0 F6000 X172.384 Y81.535
G1 F1200 X170.64 Y79.791 E931.22655
G0 F6000 X170.884 Y79.412
G1 F1200 X172.384 Y80.913 E931.30419
G0 F6000 X172.384 Y80.291
G1 F1200 X171.087 Y78.993 E931.37132
G0 F6000 X171.232 Y78.516
G1 F1200 X172.384 Y79.668 E931.43093
G0 F6000 X172.384 Y79.046
G1 F1200 X171.308 Y77.97 E931.4866
G0 F6000 X171.27 Y77.309
G1 F1200 X172.384 Y78.424 E931.54426
G0 F6000 X172.384 Y77.802
G1 F1200 X171.011 Y76.428 E931.61533
G0 F6000 X172.384 Y76.557
G1 F1200 X166.643 Y70.816 E931.91237
G0 F6000 X166.021 Y70.816
G1 F1200 X172.384 Y77.179 E932.2416
G0 F6000 X172.384 Y75.935
G1 F1200 X167.265 Y70.816 E932.50646
G0 F6000 X167.888 Y70.816
G1 F1200 X172.384 Y75.313 E932.73911
G0 F6000 X172.384 Y74.69
G1 F1200 X168.51 Y70.816 E932.93955
G0 F6000 X169.132 Y70.816
G1 F1200 X172.384 Y74.068 E933.10781
G0 F6000 X172.384 Y73.446
G1 F1200 X169.754 Y70.816 E933.24389
G0 F6000 X170.377 Y70.816
G1 F1200 X172.384 Y72.824 E933.34776
G0 F6000 X172.384 Y72.201
G1 F1200 X170.999 Y70.816 E933.41942
G0 F6000 X171.621 Y70.816
G1 F1200 X172.384 Y71.579 E933.4589
G0 F6000 X172.384 Y70.957
G1 F1200 X172.243 Y70.816 E933.46619
G1 F1500 E931.46619
G0 F6000 X169.36 Y74.777
G1 F1500 E933.46619
G1 F1200 X165.399 Y70.816 E933.67114
G0 F6000 X164.776 Y70.816
G1 F1200 X168.48 Y74.52 E933.86279
G0 F6000 X167.817 Y74.479
G1 F1200 X164.154 Y70.816 E934.05231
G0 F6000 X163.532 Y70.816
G1 F1200 X167.287 Y74.571 E934.2466
G0 F6000 X166.805 Y74.711
G1 F1200 X162.91 Y70.816 E934.44813
G0 F6000 X162.287 Y70.816
G1 F1200 X166.383 Y74.912 E934.66006
G0 F6000 X166.005 Y75.156
G1 F1200 X161.665 Y70.816 E934.88461
G0 F6000 X161.043 Y70.816
G1 F1200 X165.675 Y75.448 E935.12428
G0 F6000 X165.375 Y75.77
G1 F1200 X160.421 Y70.816 E935.3806
G0 F6000 X159.798 Y70.816
G1 F1200 X165.138 Y76.155 E935.65687
G0 F6000 X164.923 Y76.563
G1 F1200 X159.176 Y70.816 E935.95422
G0 F6000 X158.554 Y70.816
G1 F1200 X164.766 Y77.028 E936.27563
G0 F6000 X164.692 Y77.577
G1 F1200 X157.932 Y70.816 E936.62543
G0 F6000 X157.309 Y70.816
G1 F1200 X164.712 Y78.219 E937.00846
G0 F6000 X164.929 Y79.058
G1 F1200 X156.687 Y70.816 E937.43491
G1 F1500 E935.43491
;MESH:NONMESH
G0 F300 Z0.4
G0 F6000 X156.687 Y68.435
G0 X40.288 Y60.574
;TIME_ELAPSED:1339.915951
;LAYER:1
M106 S85
;TYPE:SKIRT
G1 F1500 E937.43491
G1 F1200 X41.064 Y60.111 E937.46797
G1 X41.878 Y59.718 E937.50104
G1 X42.724 Y59.398 E937.53413
G1 X43.595 Y59.155 E937.56721
G1 X44.483 Y58.989 E937.60027
G1 X45.623 Y58.893 E937.64212
G1 X46.23 Y58.88 E937.66433
G1 X173.393 Y58.88 E942.31674
G1 X174.237 Y58.891 E942.34762
G1 X175.14 Y58.944 E942.38071
G1 X176.034 Y59.076 E942.41378
G1 X176.913 Y59.287 E942.44685
G1 X177.77 Y59.575 E942.47993
G1 X178.598 Y59.938 E942.513
G1 X179.391 Y60.372 E942.54608
G1 X180.143 Y60.874 E942.57916
G1 X180.847 Y61.441 E942.61223
G1 X181.498 Y62.068 E942.6453
G1 X182.091 Y62.75 E942.67836
G1 X182.622 Y63.482 E942.71145
G1 X183.086 Y64.258 E942.74453
G1 X183.479 Y65.072 E942.7776
G1 X183.799 Y65.917 E942.81065
G1 X184.044 Y66.788 E942.84376
G1 X184.21 Y67.676 E942.87681
G1 X184.307 Y68.823 E942.91892
G1 X184.32 Y69.43 E942.94114
G1 X184.319 Y150.305 E945.90004
G1 X184.309 Y151.032 E945.92664
G1 X184.257 Y151.934 E945.9597
G1 X184.125 Y152.828 E945.99276
G1 X183.914 Y153.707 E946.02583
G1 X183.627 Y154.565 E946.05893
G1 X183.265 Y155.393 E946.09199
G1 X182.831 Y156.186 E946.12507
G1 X182.329 Y156.938 E946.15815
G1 X181.763 Y157.642 E946.1912
G1 X181.136 Y158.294 E946.22429
G1 X180.454 Y158.888 E946.25738
G1 X179.723 Y159.419 E946.29044
G1 X178.947 Y159.883 E946.32352
G1 X178.134 Y160.277 E946.35657
G1 X177.288 Y160.598 E946.38967
G1 X176.418 Y160.842 E946.42273
G1 X175.53 Y161.009 E946.45579
G1 X174.377 Y161.107 E946.49813
G1 X173.77 Y161.12 E946.52034
G1 X46.461 Y161.119 E951.17808
G1 X45.763 Y161.109 E951.20362
G1 X44.86 Y161.056 E951.23672
G1 X43.966 Y160.924 E951.26978
G1 X43.087 Y160.713 E951.30285
G1 X42.23 Y160.425 E951.33593
G1 X41.402 Y160.062 E951.36901
G1 X40.609 Y159.628 E951.40208
G1 X39.857 Y159.126 E951.43516
G1 X39.153 Y158.559 E951.46823
G1 X38.502 Y157.932 E951.5013
G1 X37.909 Y157.25 E951.53437
G1 X37.378 Y156.518 E951.56745
G1 X36.914 Y155.742 E951.60053
G1 X36.521 Y154.928 E951.6336
G1 X36.201 Y154.083 E951.66666
G1 X35.956 Y153.212 E951.69976
G1 X35.79 Y152.324 E951.73281
G1 X35.693 Y151.167 E951.77529
G1 X35.68 Y150.558 E951.79758
G1 X35.681 Y69.62 E954.75879
G1 X35.691 Y68.955 E954.78312
G1 X35.745 Y68.053 E954.81618
G1 X35.878 Y67.159 E954.84925
G1 X36.089 Y66.28 E954.88232
G1 X36.378 Y65.423 E954.91541
G1 X36.741 Y64.595 E954.94849
G1 X37.176 Y63.803 E954.98155
G1 X37.679 Y63.052 E955.01462
G1 X38.246 Y62.348 E955.04769
G1 X38.874 Y61.697 E955.08078
G1 X39.556 Y61.104 E955.11385
G1 X40.288 Y60.574 E955.14691
G1 F1500 E953.14691
;MESH:SmartKiln_Fondo.stl
G0 F7500 X52.295 Y80.48
;TYPE:WALL-INNER
G1 F1500 E955.14691
G1 X51.524 Y80.47 E955.17512
G1 X50.951 Y80.281 E955.19719
G1 X50.688 Y80.154 E955.20788
G1 X50.344 Y79.925 E955.223
G1 X50.121 Y79.729 E955.23386
G1 X49.753 Y79.306 E955.25437
G1 X49.543 Y78.942 E955.26975
G1 X49.383 Y78.473 E955.28788
G1 X49.304 Y78.049 E955.30366
G1 X49.304 Y77.595 E955.32027
G1 X49.369 Y77.17 E955.336
G1 X49.478 Y76.837 E955.34882
G1 X49.585 Y76.606 E955.35813
G1 X49.837 Y76.194 E955.3758
G1 X50.039 Y75.95 E955.38739
G1 X50.363 Y75.658 E955.40335
G1 X50.599 Y75.496 E955.41382
G1 X50.967 Y75.308 E955.42894
G1 X51.258 Y75.208 E955.4402
G1 X51.834 Y75.096 E955.46167
G1 X52.095 Y75.074 E955.47125
G1 X52.706 Y75.187 E955.49398
G1 X53.13 Y75.342 E955.5105
G1 X53.498 Y75.553 E955.52602
G1 X53.852 Y75.826 E955.54237
G1 X54.253 Y76.269 E955.56424
G1 X54.374 Y76.476 E955.57301
G1 X54.632 Y77.183 E955.60054
G1 X54.708 Y77.795 E955.6231
G1 X54.653 Y78.295 E955.64151
G1 X54.497 Y78.84 E955.66225
G1 X54.252 Y79.295 E955.68116
G1 X53.925 Y79.696 E955.70009
G1 X53.534 Y80.022 E955.71871
G1 X53.139 Y80.248 E955.73536
G1 X52.749 Y80.393 E955.75058
G1 X52.295 Y80.48 E955.7675
G0 F7500 X52.255 Y80.042
G1 F1500 X51.575 Y80.023 E955.79238
G1 X51.003 Y79.835 E955.81441
G1 X50.513 Y79.51 E955.83592
G1 X50.085 Y79.017 E955.85981
G1 X49.959 Y78.799 E955.86902
G1 X49.803 Y78.322 E955.88738
G1 X49.743 Y78.005 E955.89919
G1 X49.751 Y77.578 E955.91481
G1 X49.799 Y77.269 E955.92625
G1 X49.919 Y76.903 E955.94035
G1 X50.263 Y76.341 E955.96445
G1 X50.722 Y75.927 E955.98707
G1 X51.249 Y75.658 E956.00872
G1 X51.91 Y75.529 E956.03335
G1 X52.138 Y75.529 E956.0417
G1 X52.588 Y75.613 E956.05844
G1 X52.948 Y75.745 E956.07247
G1 X53.216 Y75.898 E956.08376
G1 X53.552 Y76.15 E956.09913
G1 X53.942 Y76.592 E956.1207
G1 X54.208 Y77.321 E956.14909
G1 X54.265 Y77.798 E956.16666
G1 X54.211 Y78.261 E956.18372
G1 X54.097 Y78.641 E956.19823
G1 X53.889 Y79.043 E956.21479
G1 X53.597 Y79.401 E956.23169
G1 X53.289 Y79.656 E956.24632
G1 X52.959 Y79.847 E956.26027
G1 X52.627 Y79.971 E956.27324
G1 X52.255 Y80.042 E956.28709
G1 F1500 E954.28709
G0 F7500 X110.287 Y83.394
G1 F1500 E956.28709
G1 X109.231 Y83.348 E956.32577
G1 X108.315 Y83.139 E956.36014
G1 X107.515 Y82.82 E956.39165
G1 X106.792 Y82.39 E956.42243
G1 X106.082 Y81.809 E956.45599
G1 X105.45 Y81.074 E956.49146
G1 X104.936 Y80.208 E956.5283
G1 X104.567 Y79.189 E956.56795
G1 X104.405 Y78.123 E956.6074
G1 X104.454 Y77.028 E956.6475
G1 X104.697 Y75.972 E956.68715
G1 X105.127 Y75.022 E956.7253
G1 X105.708 Y74.193 E956.76234
G1 X106.366 Y73.53 E956.79651
G1 X107.071 Y73.019 E956.82837
G1 X107.829 Y72.63 E956.85954
G1 X108.704 Y72.345 E956.89321
G1 X109.67 Y72.206 E956.92891
G1 X110.703 Y72.239 E956.96672
G1 X111.749 Y72.473 E957.00594
G1 X112.751 Y72.917 E957.04604
G1 X113.646 Y73.539 E957.08591
G1 X114.398 Y74.325 E957.12571
G1 X114.96 Y75.194 E957.16357
G1 X115.338 Y76.094 E957.19929
G1 X115.539 Y76.964 E957.23196
G1 X115.6 Y77.817 E957.26324
G1 X115.497 Y78.874 E957.3021
G1 X115.201 Y79.879 E957.34043
G1 X114.745 Y80.777 E957.37728
G1 X114.101 Y81.618 E957.41603
G1 X113.281 Y82.334 E957.45586
G1 X112.361 Y82.881 E957.49502
G1 X111.319 Y83.245 E957.5354
G1 X110.287 Y83.394 E957.57355
G0 F7500 X110.25 Y82.952
G1 F1500 X109.328 Y82.917 E957.6073
G1 X108.466 Y82.725 E957.63961
G1 X107.713 Y82.423 E957.6693
G1 X107.04 Y82.026 E957.69788
G1 X106.401 Y81.499 E957.72819
G1 X105.826 Y80.837 E957.76027
G1 X105.33 Y80.006 E957.79568
G1 X104.995 Y79.08 E957.8317
G1 X104.845 Y78.096 E957.86812
G1 X104.886 Y77.086 E957.9051
G1 X105.116 Y76.112 E957.94172
G1 X105.51 Y75.242 E957.97666
G1 X106.047 Y74.475 E958.01091
G1 X106.651 Y73.867 E958.04227
G1 X107.302 Y73.395 E958.07169
G1 X107.999 Y73.037 E958.10036
G1 X108.806 Y72.774 E958.13141
G1 X109.694 Y72.647 E958.16423
G1 X110.646 Y72.678 E958.19908
G1 X111.61 Y72.893 E958.23521
G1 X112.534 Y73.302 E958.27218
G1 X113.358 Y73.874 E958.30888
G1 X114.047 Y74.595 E958.34537
G1 X114.571 Y75.405 E958.38066
G1 X114.92 Y76.234 E958.41357
G1 X115.103 Y77.027 E958.44335
G1 X115.163 Y77.805 E958.47189
G1 X115.06 Y78.797 E958.50838
G1 X114.8 Y79.686 E958.54227
G1 X114.373 Y80.538 E958.57714
G1 X113.773 Y81.318 E958.61314
G1 X113.033 Y81.974 E958.64932
G1 X112.182 Y82.474 E958.68543
G1 X111.211 Y82.817 E958.72311
G1 X110.25 Y82.952 E958.75861
G1 F1500 E956.75861
G0 F7500 X167.492 Y80.461
G1 F1500 E958.75861
G1 X166.799 Y80.227 E958.78537
G1 X166.213 Y79.838 E958.81111
G1 X165.684 Y79.218 E958.84093
G1 X165.565 Y79.001 E958.84998
G1 X165.389 Y78.485 E958.86993
G1 X165.309 Y78.051 E958.88607
G1 X165.307 Y77.597 E958.90268
G1 X165.371 Y77.159 E958.91888
G1 X165.535 Y76.688 E958.93712
G1 X165.922 Y76.056 E958.96424
G1 X166.363 Y75.658 E958.98597
G1 X166.599 Y75.496 E958.99644
G1 X166.967 Y75.308 E959.01156
G1 X167.258 Y75.208 E959.02282
G1 X167.834 Y75.096 E959.04429
G1 X168.095 Y75.074 E959.05387
G1 X168.711 Y75.188 E959.07679
G1 X169.136 Y75.349 E959.09342
G1 X169.495 Y75.55 E959.10847
G1 X169.848 Y75.822 E959.12478
G1 X170.184 Y76.193 E959.14309
G1 X170.402 Y76.554 E959.15852
G1 X170.598 Y77.09 E959.1794
G1 X170.658 Y77.349 E959.18912
G1 X170.7 Y77.8 E959.2057
G1 X170.652 Y78.298 E959.224
G1 X170.504 Y78.829 E959.24417
G1 X170.263 Y79.277 E959.26278
G1 X169.938 Y79.692 E959.28207
G1 X169.551 Y80.014 E959.30048
G1 X169.169 Y80.239 E959.3167
G1 X168.753 Y80.396 E959.33297
G1 X168.29 Y80.488 E959.35024
G1 X167.492 Y80.461 E959.37946
G0 F7500 X167.59 Y80.026
G1 F1500 X167.022 Y79.841 E959.40131
G1 X166.516 Y79.505 E959.42353
G1 X166 Y78.921 E959.45204
G1 X165.814 Y78.371 E959.47329
G1 X165.747 Y78.009 E959.48676
G1 X165.745 Y77.63 E959.50062
G1 X165.799 Y77.267 E959.51405
G1 X165.923 Y76.905 E959.52805
G1 X166.246 Y76.367 E959.55101
G1 X166.718 Y75.929 E959.57457
G1 X167.249 Y75.658 E959.59638
G1 X167.91 Y75.529 E959.62102
G1 X168.138 Y75.529 E959.62936
G1 X168.59 Y75.614 E959.64618
G1 X168.947 Y75.747 E959.66012
G1 X169.216 Y75.898 E959.67141
G1 X169.546 Y76.144 E959.68647
G1 X169.858 Y76.489 E959.70349
G1 X169.988 Y76.705 E959.71271
G1 X170.212 Y77.318 E959.73659
G1 X170.26 Y77.8 E959.75431
G1 X170.219 Y78.222 E959.76982
G1 X170.091 Y78.668 E959.7868
G1 X169.891 Y79.039 E959.80222
G1 X169.615 Y79.388 E959.8185
G1 X169.303 Y79.649 E959.83338
G1 X168.975 Y79.842 E959.8473
G1 X168.627 Y79.973 E959.86091
G1 X168.254 Y80.046 E959.87481
G1 X167.59 Y80.026 E959.89912
G1 F1500 E957.89912
G0 F7500 X167.68 Y147.472
G1 F1500 E959.89912
G1 X167.363 Y147.417 E959.91089
G1 X166.951 Y147.281 E959.92676
G1 X166.688 Y147.154 E959.93745
G1 X166.344 Y146.925 E959.95257
G1 X166.121 Y146.73 E959.9634
G1 X165.753 Y146.306 E959.98394
G1 X165.587 Y146.07 E959.9945
G1 X165.385 Y145.482 E960.01725
G1 X165.304 Y145.051 E960.03329
G1 X165.304 Y144.588 E960.05023
G1 X165.375 Y144.162 E960.06603
G1 X165.529 Y143.696 E960.08399
G1 X165.934 Y143.047 E960.11198
G1 X166.476 Y142.558 E960.13868
G1 X167.099 Y142.245 E960.16419
G1 X167.933 Y142.083 E960.19527
G1 X168.122 Y142.079 E960.20219
G1 X168.705 Y142.187 E960.22388
G1 X169.13 Y142.342 E960.24043
G1 X169.498 Y142.553 E960.25595
G1 X169.848 Y142.822 E960.2721
G1 X170.184 Y143.193 E960.29042
G1 X170.402 Y143.554 E960.30585
G1 X170.598 Y144.09 E960.32673
G1 X170.658 Y144.349 E960.33645
G1 X170.7 Y144.8 E960.35302
G1 X170.652 Y145.298 E960.37133
G1 X170.503 Y145.83 E960.39154
G1 X170.262 Y146.277 E960.41012
G1 X169.952 Y146.673 E960.42852
G1 X169.556 Y147.012 E960.44759
G1 X169.159 Y147.243 E960.4644
G1 X168.75 Y147.397 E960.48039
G1 X168.294 Y147.486 E960.49738
G1 X167.68 Y147.472 E960.51985
G0 F7500 X167.594 Y147.03
G1 F1500 X167.003 Y146.835 E960.54262
G1 X166.513 Y146.51 E960.56414
G1 X166.001 Y145.921 E960.59269
G1 X165.827 Y145.415 E960.61226
G1 X165.743 Y145.007 E960.62751
G1 X165.751 Y144.578 E960.6432
G1 X165.802 Y144.267 E960.65473
G1 X165.917 Y143.909 E960.66849
G1 X166.26 Y143.344 E960.69267
G1 X166.726 Y142.925 E960.7156
G1 X167.258 Y142.656 E960.73741
G1 X168.014 Y142.514 E960.76555
G1 X168.59 Y142.612 E960.78693
G1 X168.992 Y142.77 E960.80273
G1 X169.292 Y142.949 E960.81551
G1 X169.549 Y143.148 E960.82741
G1 X169.858 Y143.489 E960.84424
G1 X169.988 Y143.705 E960.85347
G1 X170.212 Y144.318 E960.87734
G1 X170.26 Y144.8 E960.89507
G1 X170.219 Y145.222 E960.91058
G1 X170.091 Y145.668 E960.92755
G1 X169.889 Y146.043 E960.94314
G1 X169.605 Y146.393 E960.95963
G1 X169.306 Y146.648 E960.974
G1 X168.975 Y146.842 E960.98804
G1 X168.627 Y146.973 E961.00165
G1 X168.258 Y147.045 E961.0154
G1 X167.594 Y147.03 E961.0397
G1 F1500 E959.0397
G0 F7500 X110 Y149.8
G1 F1500 E961.0397
G1 X173 Y149.8 E963.34463
G1 X173 Y70.2 E966.25688
G1 X47 Y70.2 E970.86674
G1 X47 Y149.8 E973.779
G1 X110 Y149.8 E976.08392
G0 F7500 X110 Y150.24
G1 F1500 X173.44 Y150.24 E978.40495
G1 X173.44 Y69.76 E981.3494
G1 X46.56 Y69.76 E985.99145
G1 X46.56 Y150.24 E988.93591
G1 X110 Y150.24 E991.25693
G1 F1500 E989.25693
G0 F7500 X52.294 Y147.486
G1 F1500 E991.25693
G1 X51.68 Y147.472 E991.2794
G1 X51.363 Y147.417 E991.29117
G1 X50.951 Y147.281 E991.30705
G1 X50.688 Y147.154 E991.31773
G1 X50.344 Y146.925 E991.33285
G1 X50.144 Y146.756 E991.34243
G1 X49.753 Y146.306 E991.36424
G1 X49.543 Y145.942 E991.37962
G1 X49.383 Y145.473 E991.39775
G1 X49.304 Y145.049 E991.41352
G1 X49.304 Y144.595 E991.43013
G1 X49.369 Y144.17 E991.44586
G1 X49.478 Y143.837 E991.45868
G1 X49.585 Y143.606 E991.468
G1 X49.837 Y143.194 E991.48567
G1 X50.039 Y142.95 E991.49726
G1 X50.363 Y142.658 E991.51321
G1 X50.599 Y142.496 E991.52369
G1 X50.967 Y142.308 E991.53881
G1 X51.258 Y142.208 E991.55006
G1 X52.004 Y142.064 E991.57786
G1 X52.707 Y142.192 E991.604
G1 X53.126 Y142.34 E991.62026
G1 X53.482 Y142.545 E991.63529
G1 X53.841 Y142.815 E991.65173
G1 X54.244 Y143.265 E991.67383
G1 X54.371 Y143.479 E991.68293
G1 X54.637 Y144.195 E991.71088
G1 X54.7 Y144.791 E991.7328
G1 X54.655 Y145.316 E991.75208
G1 X54.499 Y145.837 E991.77198
G1 X54.257 Y146.287 E991.79067
G1 X53.933 Y146.695 E991.80973
G1 X53.55 Y147.015 E991.82799
G1 X53.159 Y147.243 E991.84455
G1 X52.75 Y147.397 E991.86054
G1 X52.294 Y147.486 E991.87754
G0 F7500 X52.258 Y147.045
G1 F1500 X51.594 Y147.03 E991.90184
G1 X51.003 Y146.835 E991.92461
G1 X50.513 Y146.51 E991.94612
G1 X50.085 Y146.017 E991.97001
G1 X49.959 Y145.799 E991.97922
G1 X49.803 Y145.322 E991.99758
G1 X49.743 Y145.005 E992.00938
G1 X49.751 Y144.578 E992.02501
G1 X49.799 Y144.269 E992.03645
G1 X49.919 Y143.903 E992.05054
G1 X50.263 Y143.341 E992.07465
G1 X50.722 Y142.927 E992.09726
G1 X51.252 Y142.657 E992.11903
G1 X52.029 Y142.513 E992.14794
G1 X52.589 Y142.616 E992.16877
G1 X52.946 Y142.746 E992.18267
G1 X53.27 Y142.933 E992.19636
G1 X53.55 Y143.152 E992.20936
G1 X53.943 Y143.586 E992.23078
G1 X54.214 Y144.329 E992.25972
G1 X54.26 Y144.794 E992.27681
G1 X54.22 Y145.234 E992.29298
G1 X54.089 Y145.671 E992.30967
G1 X53.891 Y146.039 E992.32496
G1 X53.615 Y146.388 E992.34124
G1 X53.303 Y146.649 E992.35612
G1 X52.975 Y146.842 E992.37004
G1 X52.627 Y146.973 E992.38365
G1 X52.258 Y147.045 E992.3974
G0 F7500 X52.235 Y146.601
;TYPE:WALL-OUTER
G1 F1500 X51.671 Y146.591 E992.41804
G1 X51.197 Y146.435 E992.4363
G1 X50.804 Y146.175 E992.45354
G1 X50.389 Y145.696 E992.47672
G1 X50.235 Y145.241 E992.4943
G1 X50.187 Y144.983 E992.5039
G1 X50.186 Y144.646 E992.51623
G1 X50.234 Y144.355 E992.52702
G1 X50.314 Y144.111 E992.53641
G1 X50.605 Y143.625 E992.55714
G1 X50.972 Y143.294 E992.57522
G1 X51.394 Y143.078 E992.59256
G1 X52.012 Y142.96 E992.61558
G1 X52.453 Y143.035 E992.63195
G1 X52.758 Y143.144 E992.6438
G1 X53.023 Y143.297 E992.65499
G1 X53.25 Y143.474 E992.66552
G1 X53.563 Y143.828 E992.68281
G1 X53.776 Y144.407 E992.70538
G1 X53.82 Y144.798 E992.71978
G1 X53.779 Y145.171 E992.73351
G1 X53.67 Y145.521 E992.74692
G1 X53.509 Y145.813 E992.75912
G1 X53.282 Y146.093 E992.77231
G1 X53.032 Y146.298 E992.78414
G1 X52.766 Y146.45 E992.79534
G1 X52.486 Y146.552 E992.80625
G1 X52.235 Y146.601 E992.8156
G1 F1500 E990.8156
G0 F7500 X110 Y150.68
G1 F1500 E992.8156
G1 X173.88 Y150.68 E995.15273
G1 X173.88 Y69.32 E998.12938
G1 X46.12 Y69.32 E1002.80362
G1 X46.12 Y150.68 E1005.78027
G1 X110 Y150.68 E1008.11739
G1 F1500 E1006.11739
G0 F7500 X167.671 Y146.591
G1 F1500 E1008.11739
G1 X167.197 Y146.435 E1008.13565
G1 X166.804 Y146.175 E1008.15289
G1 X166.389 Y145.697 E1008.17605
G1 X166.243 Y145.272 E1008.19249
G1 X166.187 Y144.985 E1008.20319
G1 X166.186 Y144.646 E1008.21559
G1 X166.234 Y144.355 E1008.22638
G1 X166.321 Y144.093 E1008.23648
G1 X166.605 Y143.628 E1008.25642
G1 X166.987 Y143.286 E1008.27518
G1 X167.403 Y143.077 E1008.29221
G1 X168.026 Y142.956 E1008.31543
G1 X168.453 Y143.035 E1008.33132
G1 X168.774 Y143.152 E1008.34382
G1 X168.998 Y143.28 E1008.35326
G1 X169.264 Y143.488 E1008.36561
G1 X169.56 Y143.815 E1008.38175
G1 X169.771 Y144.392 E1008.40422
G1 X169.82 Y144.8 E1008.41926
G1 X169.785 Y145.146 E1008.43198
G1 X169.67 Y145.521 E1008.44633
G1 X169.509 Y145.813 E1008.45853
G1 X169.282 Y146.093 E1008.47172
G1 X169.032 Y146.298 E1008.48355
G1 X168.766 Y146.45 E1008.49476
G1 X168.486 Y146.552 E1008.50566
G1 X168.235 Y146.601 E1008.51502
G1 X167.671 Y146.591 E1008.53565
G1 F1500 E1006.53565
G0 F7500 X167.678 Y79.591
G1 F1500 E1008.53565
G1 X167.211 Y79.439 E1008.55362
G1 X166.813 Y79.18 E1008.57099
G1 X166.391 Y78.699 E1008.59441
G1 X166.243 Y78.272 E1008.61094
G1 X166.187 Y77.985 E1008.62164
G1 X166.184 Y77.663 E1008.63342
G1 X166.234 Y77.355 E1008.64483
G1 X166.323 Y77.088 E1008.65513
G1 X166.605 Y76.624 E1008.675
G1 X166.972 Y76.294 E1008.69305
G1 X167.394 Y76.078 E1008.7104
G1 X168.025 Y75.956 E1008.73391
G1 X168.453 Y76.035 E1008.74984
G1 X168.774 Y76.152 E1008.76233
G1 X168.998 Y76.28 E1008.77177
G1 X169.264 Y76.488 E1008.78413
G1 X169.56 Y76.815 E1008.80027
G1 X169.771 Y77.392 E1008.82274
G1 X169.82 Y77.8 E1008.83778
G1 X169.785 Y78.146 E1008.8505
G1 X169.67 Y78.521 E1008.86485
G1 X169.509 Y78.813 E1008.87705
G1 X169.282 Y79.093 E1008.89024
G1 X169.032 Y79.298 E1008.90207
G1 X168.766 Y79.45 E1008.91328
G1 X168.486 Y79.552 E1008.92418
G1 X168.238 Y79.601 E1008.93343
G1 X167.678 Y79.591 E1008.95392
G1 F1500 E1006.95392
G0 F7500 X110.207 Y82.512
G1 F1500 E1008.95392
G1 X109.351 Y82.475 E1008.98526
G1 X108.587 Y82.302 E1009.01392
G1 X107.9 Y82.025 E1009.04103
G1 X107.271 Y81.65 E1009.06782
G1 X106.711 Y81.187 E1009.0944
G1 X106.162 Y80.551 E1009.12514
G1 X105.733 Y79.824 E1009.15602
G1 X105.425 Y78.974 E1009.1891
G1 X105.284 Y78.07 E1009.22257
G1 X105.329 Y77.125 E1009.25719
G1 X105.529 Y76.277 E1009.28906
G1 X105.907 Y75.441 E1009.32263
G1 X106.375 Y74.773 E1009.35247
G1 X106.95 Y74.193 E1009.38235
G1 X107.518 Y73.781 E1009.40802
G1 X108.187 Y73.438 E1009.43553
G1 X108.887 Y73.21 E1009.46246
G1 X109.744 Y73.088 E1009.49414
G1 X110.613 Y73.121 E1009.52595
G1 X111.494 Y73.322 E1009.55901
G1 X112.298 Y73.678 E1009.59118
G1 X113.088 Y74.228 E1009.6264
G1 X113.713 Y74.888 E1009.65966
G1 X114.187 Y75.626 E1009.69175
G1 X114.503 Y76.386 E1009.72186
G1 X114.668 Y77.111 E1009.74906
G1 X114.72 Y77.783 E1009.77372
G1 X114.631 Y78.698 E1009.80736
G1 X114.373 Y79.568 E1009.84056
G1 X113.992 Y80.312 E1009.87114
G1 X113.449 Y81.019 E1009.90375
G1 X112.783 Y81.608 E1009.93628
G1 X111.961 Y82.091 E1009.97116
G1 X111.109 Y82.386 E1010.00415
G1 X110.207 Y82.512 E1010.03747
G1 F1500 E1008.03747
G0 F7500 X52.216 Y79.604
G1 F1500 E1010.03747
G1 X51.672 Y79.59 E1010.05738
G1 X51.197 Y79.435 E1010.07566
G1 X50.804 Y79.175 E1010.0929
G1 X50.389 Y78.696 E1010.11609
G1 X50.235 Y78.241 E1010.13366
G1 X50.187 Y77.983 E1010.14326
G1 X50.186 Y77.646 E1010.15559
G1 X50.234 Y77.355 E1010.16638
G1 X50.314 Y77.111 E1010.17578
G1 X50.605 Y76.625 E1010.1965
G1 X50.972 Y76.294 E1010.21458
G1 X51.394 Y76.078 E1010.23193
G1 X52.025 Y75.956 E1010.25544
G1 X52.453 Y76.035 E1010.27136
G1 X52.774 Y76.152 E1010.28386
G1 X52.998 Y76.28 E1010.2933
G1 X53.264 Y76.488 E1010.30566
G1 X53.558 Y76.813 E1010.32169
G1 X53.779 Y77.419 E1010.34529
G1 X53.82 Y77.801 E1010.35935
G1 X53.783 Y78.159 E1010.37251
G1 X53.675 Y78.512 E1010.38602
G1 X53.522 Y78.795 E1010.39779
G1 X53.293 Y79.083 E1010.41125
G1 X53.053 Y79.284 E1010.42271
G1 X52.79 Y79.44 E1010.43389
G1 X52.505 Y79.548 E1010.44504
G1 X52.216 Y79.604 E1010.45581
G1 F1500 E1008.45581
G0 F7500 X52.346 Y147.877
;TYPE:SKIN
G1 F1500 E1010.45581
G1 X52.83 Y147.785 E1010.47384
G1 X53.356 Y147.586 E1010.49441
G1 X53.764 Y147.346 E1010.51173
G1 X54.094 Y147.073 E1010.5274
G1 X54.302 Y146.862 E1010.53824
G1 X54.577 Y146.517 E1010.55438
G1 X54.791 Y146.124 E1010.57076
G1 X54.903 Y145.858 E1010.58131
G1 X55.048 Y145.367 E1010.60005
G1 X55.099 Y144.715 E1010.62397
G1 X55.018 Y144.106 E1010.64645
G1 X54.733 Y143.316 E1010.67718
G1 X54.529 Y142.989 E1010.69128
G1 X54.092 Y142.509 E1010.71503
G1 X53.684 Y142.203 E1010.73368
G1 X53.298 Y141.988 E1010.74985
G1 X52.794 Y141.803 E1010.76949
G1 X52.21 Y141.691 E1010.79125
G1 X51.854 Y141.687 E1010.80427
G1 X51.186 Y141.815 E1010.82916
G1 X50.779 Y141.956 E1010.84492
G1 X50.419 Y142.14 E1010.85971
G1 X50.118 Y142.347 E1010.87307
G1 X49.777 Y142.647 E1010.88969
G1 X49.517 Y142.96 E1010.90458
G1 X49.244 Y143.4 E1010.92352
G1 X49.108 Y143.686 E1010.93511
G1 X48.986 Y144.055 E1010.94933
G1 X48.91 Y144.539 E1010.96725
G1 X48.911 Y145.11 E1010.98814
G1 X48.995 Y145.561 E1011.00493
G1 X49.163 Y146.063 E1011.02429
G1 X49.433 Y146.535 E1011.04419
G1 X49.845 Y147.016 E1011.06736
G1 X50.117 Y147.252 E1011.08053
G1 X50.465 Y147.484 E1011.09584
G1 X50.831 Y147.658 E1011.11066
G1 X51.235 Y147.79 E1011.12621
G1 X51.636 Y147.865 E1011.14114
G1 X52.346 Y147.877 E1011.16712
G1 F1500 E1009.16712
G0 F7500 X110 Y149.404
G1 F1500 E1011.16712
G1 X47.396 Y149.404 E1013.45756
G1 X47.396 Y70.596 E1016.34084
G1 X172.604 Y70.596 E1020.92172
G1 X172.604 Y149.404 E1023.805
G1 X110 Y149.404 E1026.09544
G1 F1500 E1024.09544
G0 F7500 X167.636 Y147.865
G1 F1500 E1026.09544
G1 X168.35 Y147.877 E1026.12156
G1 X168.834 Y147.785 E1026.13959
G1 X169.348 Y147.59 E1026.1597
G1 X169.807 Y147.316 E1026.17926
G1 X170.215 Y146.968 E1026.19888
G1 X170.581 Y146.513 E1026.22024
G1 X170.791 Y146.123 E1026.23645
G1 X170.907 Y145.855 E1026.24713
G1 X171.033 Y145.418 E1026.26377
G1 X171.1 Y144.818 E1026.28586
G1 X171.048 Y144.298 E1026.30498
G1 X170.975 Y143.974 E1026.31713
G1 X170.775 Y143.424 E1026.33854
G1 X170.501 Y142.959 E1026.35829
G1 X170.098 Y142.512 E1026.38031
G1 X169.73 Y142.232 E1026.39723
G1 X169.323 Y141.993 E1026.41449
G1 X168.825 Y141.805 E1026.43397
G1 X168.179 Y141.687 E1026.45799
G1 X167.82 Y141.692 E1026.47113
G1 X166.975 Y141.865 E1026.50269
G1 X166.409 Y142.145 E1026.52579
G1 X166.152 Y142.315 E1026.53706
G1 X165.601 Y142.816 E1026.56431
G1 X165.144 Y143.575 E1026.59672
G1 X164.982 Y144.091 E1026.61651
G1 X164.91 Y144.523 E1026.63253
G1 X164.911 Y145.109 E1026.65397
G1 X164.995 Y145.561 E1026.67079
G1 X165.229 Y146.249 E1026.69738
G1 X165.435 Y146.543 E1026.71052
G1 X165.821 Y146.992 E1026.73218
G1 X166.117 Y147.252 E1026.74659
G1 X166.465 Y147.484 E1026.76189
G1 X166.831 Y147.658 E1026.77672
G1 X167.235 Y147.79 E1026.79227
G1 X167.636 Y147.865 E1026.8072
G1 F1500 E1024.8072
G0 F7500 X167.435 Y80.849
G1 F1500 E1026.8072
G1 X168.176 Y80.876 E1026.83432
G1 X168.456 Y80.856 E1026.84459
G1 X168.884 Y80.77 E1026.86057
G1 X169.32 Y80.602 E1026.87766
G1 X169.768 Y80.342 E1026.89661
G1 X170.098 Y80.069 E1026.91228
G1 X170.298 Y79.866 E1026.92271
G1 X170.577 Y79.517 E1026.93905
G1 X170.79 Y79.129 E1026.95525
G1 X170.916 Y78.83 E1026.96712
G1 X171.033 Y78.418 E1026.98279
G1 X171.1 Y77.818 E1027.00488
G1 X171.048 Y77.298 E1027.024
G1 X170.975 Y76.974 E1027.03615
G1 X170.775 Y76.42 E1027.0577
G1 X170.5 Y75.961 E1027.07727
G1 X170.124 Y75.54 E1027.09792
G1 X169.697 Y75.208 E1027.11771
G1 X169.321 Y74.996 E1027.13351
G1 X168.83 Y74.809 E1027.15273
G1 X168.121 Y74.674 E1027.17913
G1 X167.779 Y74.7 E1027.19168
G1 X167.185 Y74.816 E1027.21383
G1 X166.779 Y74.956 E1027.22954
G1 X166.419 Y75.14 E1027.24433
G1 X166.096 Y75.364 E1027.25871
G1 X165.612 Y75.801 E1027.28257
G1 X165.188 Y76.492 E1027.31223
G1 X164.992 Y77.034 E1027.33332
G1 X164.91 Y77.555 E1027.35261
G1 X164.915 Y78.117 E1027.37317
G1 X165.003 Y78.581 E1027.39045
G1 X165.199 Y79.163 E1027.41292
G1 X165.358 Y79.453 E1027.42502
G1 X165.953 Y80.14 E1027.45827
G1 X166.652 Y80.6 E1027.48889
G1 X167.435 Y80.849 E1027.51895
G1 F1500 E1025.51895
G0 F7500 X110.271 Y83.788
G1 F1500 E1027.51895
G1 X111.389 Y83.634 E1027.56024
G1 X112.505 Y83.251 E1027.6034
G1 X113.544 Y82.638 E1027.64754
G1 X114.391 Y81.878 E1027.68917
G1 X115.072 Y80.996 E1027.72994
G1 X115.576 Y80.003 E1027.77068
G1 X115.892 Y78.924 E1027.81182
G1 X116 Y77.815 E1027.85258
G1 X115.932 Y76.918 E1027.8855
G1 X115.723 Y75.991 E1027.92026
G1 X115.315 Y75.021 E1027.95876
G1 X114.717 Y74.092 E1027.99918
G1 X114.008 Y73.34 E1028.037
G1 X113.794 Y73.159 E1028.04725
G1 X112.925 Y72.558 E1028.08591
G1 X112.009 Y72.154 E1028.12254
G1 X111.75 Y72.067 E1028.13253
G1 X110.768 Y71.849 E1028.16933
G1 X109.668 Y71.808 E1028.20961
G1 X108.579 Y71.966 E1028.24987
G1 X107.687 Y72.258 E1028.28421
G1 X106.875 Y72.672 E1028.31755
G1 X106.091 Y73.237 E1028.35291
G1 X105.387 Y73.957 E1028.38975
G1 X104.795 Y74.801 E1028.42747
G1 X104.379 Y75.704 E1028.46384
G1 X104.285 Y75.987 E1028.47475
G1 X104.065 Y76.955 E1028.51107
G1 X104.004 Y78.104 E1028.55317
G1 X104.181 Y79.295 E1028.59722
G1 X104.573 Y80.368 E1028.63901
G1 X105.13 Y81.305 E1028.67889
G1 X105.792 Y82.081 E1028.71621
G1 X106.543 Y82.702 E1028.75187
G1 X107.332 Y83.173 E1028.78548
G1 X108.174 Y83.509 E1028.81865
G1 X109.182 Y83.743 E1028.85651
G1 X110.271 Y83.788 E1028.89639
G1 F1500 E1026.89639
G0 F7500 X52.33 Y80.879
G1 F1500 E1028.89639
G1 X52.862 Y80.772 E1028.91624
G1 X53.285 Y80.615 E1028.93275
G1 X53.746 Y80.352 E1028.95217
G1 X54.203 Y79.977 E1028.9738
G1 X54.571 Y79.52 E1028.99526
G1 X54.854 Y79.01 E1029.0166
G1 X55.046 Y78.376 E1029.04084
G1 X55.099 Y77.715 E1029.0651
G1 X55.019 Y77.107 E1029.08753
G1 X54.721 Y76.282 E1029.11963
G1 X54.581 Y76.05 E1029.12954
G1 X54.132 Y75.545 E1029.15426
G1 X53.701 Y75.208 E1029.17428
G1 X53.313 Y74.988 E1029.1906
G1 X52.825 Y74.805 E1029.20967
G1 X52.12 Y74.674 E1029.2359
G1 X51.779 Y74.7 E1029.24841
G1 X51.185 Y74.816 E1029.27056
G1 X50.779 Y74.956 E1029.28627
G1 X50.419 Y75.14 E1029.30106
G1 X50.118 Y75.347 E1029.31443
G1 X49.777 Y75.647 E1029.33104
G1 X49.517 Y75.96 E1029.34593
G1 X49.244 Y76.4 E1029.36487
G1 X49.108 Y76.686 E1029.37646
G1 X48.986 Y77.06 E1029.39085
G1 X48.91 Y77.538 E1029.40856
G1 X48.911 Y78.11 E1029.42949
G1 X48.995 Y78.561 E1029.44627
G1 X49.163 Y79.063 E1029.46564
G1 X49.433 Y79.535 E1029.48553
G1 X49.838 Y80.006 E1029.50826
G1 X50.098 Y80.234 E1029.52091
G1 X50.464 Y80.483 E1029.53711
G1 X50.8 Y80.647 E1029.55079
G1 X51.231 Y80.79 E1029.5674
G1 X51.502 Y80.858 E1029.57762
G1 X52.33 Y80.879 E1029.60793
G1 F1500 E1027.60793
G0 F7500 X48.034 Y70.816
G1 F1500 E1029.60793
G1 X47.617 Y71.234 E1029.62953
G0 F7500 X47.617 Y71.856
G1 F1500 X48.657 Y70.816 E1029.68334
G0 F7500 X49.279 Y70.816
G1 F1500 X47.617 Y72.478 E1029.76933
G0 F7500 X47.617 Y73.101
G1 F1500 X49.901 Y70.816 E1029.88753
G0 F7500 X50.523 Y70.816
G1 F1500 X47.617 Y73.723 E1030.03792
G0 F7500 X47.617 Y74.345
G1 F1500 X51.146 Y70.816 E1030.22051
G0 F7500 X51.768 Y70.816
G1 F1500 X47.617 Y74.967 E1030.43529
G0 F7500 X47.617 Y75.59
G1 F1500 X52.39 Y70.816 E1030.68227
G0 F7500 X53.013 Y70.816
G1 F1500 X47.617 Y76.212 E1030.96146
G0 F7500 X47.617 Y76.834
G1 F1500 X53.635 Y70.816 E1031.27284
G0 F7500 X54.257 Y70.816
G1 F1500 X47.617 Y77.456 E1031.61639
G0 F7500 X47.617 Y78.079
G1 F1500 X48.814 Y76.882 E1031.67833
G0 F7500 X48.692 Y77.625
G1 F1500 X47.617 Y78.701 E1031.73398
G0 F7500 X47.617 Y79.323
G1 F1500 X48.709 Y78.231 E1031.79048
G0 F7500 X48.824 Y78.738
G1 F1500 X47.617 Y79.945 E1031.85293
G0 F7500 X47.617 Y80.568
G1 F1500 X48.983 Y79.201 E1031.92363
G0 F7500 X49.213 Y79.594
G1 F1500 X47.617 Y81.19 E1032.00621
G0 F7500 X47.617 Y81.812
G1 F1500 X49.49 Y79.939 E1032.10312
G0 F7500 X49.794 Y80.257
G1 F1500 X47.617 Y82.435 E1032.21578
G0 F7500 X47.617 Y83.057
G1 F1500 X50.142 Y80.531 E1032.34645
G0 F7500 X50.536 Y80.76
G1 F1500 X47.617 Y83.679 E1032.49749
G0 F7500 X47.617 Y84.301
G1 F1500 X50.981 Y80.937 E1032.67154
G0 F7500 X51.465 Y81.075
G1 F1500 X47.617 Y84.924 E1032.87066
G0 F7500 X47.617 Y85.546
G1 F1500 X52.07 Y81.092 E1033.10109
G0 F7500 X52.771 Y81.013
G1 F1500 X47.617 Y86.168 E1033.36779
G0 F7500 X47.617 Y86.79
G1 F1500 X53.881 Y80.526 E1033.69189
G0 F7500 X54.714 Y79.693
G1 F1500 X63.591 Y70.816 E1034.15119
G0 F7500 X64.213 Y70.816
G1 F1500 X47.617 Y87.413 E1035.00991
G0 F7500 X47.617 Y88.035
G1 F1500 X64.835 Y70.816 E1035.9008
G0 F7500 X65.458 Y70.816
G1 F1500 X47.617 Y88.657 E1036.82391
G0 F7500 X47.617 Y89.279
G1 F1500 X66.08 Y70.816 E1037.77919
G0 F7500 X66.702 Y70.816
G1 F1500 X47.617 Y89.902 E1038.76669
G0 F7500 X47.617 Y90.524
G1 F1500 X67.324 Y70.816 E1039.78637
G0 F7500 X67.947 Y70.816
G1 F1500 X47.617 Y91.146 E1040.83826
G0 F7500 X47.617 Y91.768
G1 F1500 X68.569 Y70.816 E1041.92233
G0 F7500 X69.191 Y70.816
G1 F1500 X47.617 Y92.391 E1043.0386
G0 F7500 X47.617 Y93.013
G1 F1500 X69.813 Y70.816 E1044.18706
G0 F7500 X70.436 Y70.816
G1 F1500 X47.617 Y93.635 E1045.36773
G0 F7500 X47.617 Y94.257
G1 F1500 X71.058 Y70.816 E1046.58059
G0 F7500 X71.68 Y70.816
G1 F1500 X47.617 Y94.88 E1047.82565
G0 F7500 X47.617 Y95.502
G1 F1500 X72.302 Y70.816 E1049.10289
G0 F7500 X72.925 Y70.816
G1 F1500 X47.617 Y96.124 E1050.41234
G0 F7500 X47.617 Y96.746
G1 F1500 X73.547 Y70.816 E1051.75398
G0 F7500 X74.169 Y70.816
G1 F1500 X47.617 Y97.369 E1053.12782
G0 F7500 X47.617 Y97.991
G1 F1500 X74.791 Y70.816 E1054.53384
G0 F7500 X75.414 Y70.816
G1 F1500 X47.617 Y98.613 E1055.97208
G0 F7500 X47.617 Y99.235
G1 F1500 X76.036 Y70.816 E1057.4425
G0 F7500 X76.658 Y70.816
G1 F1500 X47.617 Y99.858 E1058.94512
G0 F7500 X47.617 Y100.48
G1 F1500 X77.28 Y70.816 E1060.47993
G0 F7500 X77.903 Y70.816
G1 F1500 X47.617 Y101.102 E1062.04695
G0 F7500 X47.617 Y101.724
G1 F1500 X78.525 Y70.816 E1063.64615
G0 F7500 X79.147 Y70.816
G1 F1500 X47.617 Y102.347 E1065.27755
G0 F7500 X47.617 Y102.969
G1 F1500 X79.769 Y70.816 E1066.94114
G0 F7500 X80.392 Y70.816
G1 F1500 X47.617 Y103.591 E1068.63694
G0 F7500 X47.617 Y104.213
G1 F1500 X81.014 Y70.816 E1070.36492
G0 F7500 X81.636 Y70.816
G1 F1500 X47.617 Y104.836 E1072.12511
G0 F7500 X47.617 Y105.458
G1 F1500 X82.258 Y70.816 E1073.91749
G0 F7500 X82.881 Y70.816
G1 F1500 X47.617 Y106.08 E1075.74207
G0 F7500 X47.617 Y106.702
G1 F1500 X83.503 Y70.816 E1077.59883
G0 F7500 X84.125 Y70.816
G1 F1500 X47.617 Y107.325 E1079.48781
G0 F7500 X47.617 Y107.947
G1 F1500 X84.747 Y70.816 E1081.40896
G0 F7500 X85.37 Y70.816
G1 F1500 X47.617 Y108.569 E1083.36233
G0 F7500 X47.617 Y109.191
G1 F1500 X85.992 Y70.816 E1085.34787
G0 F7500 X86.614 Y70.816
G1 F1500 X47.617 Y109.814 E1087.36563
G0 F7500 X47.617 Y110.436
G1 F1500 X87.236 Y70.816 E1089.41556
G0 F7500 X87.859 Y70.816
G1 F1500 X47.617 Y111.058 E1091.49771
G0 F7500 X47.617 Y111.68
G1 F1500 X88.481 Y70.816 E1093.61204
G0 F7500 X89.103 Y70.816
G1 F1500 X47.617 Y112.303 E1095.75858
G0 F7500 X47.617 Y112.925
G1 F1500 X89.725 Y70.816 E1097.9373
G0 F7500 X90.348 Y70.816
G1 F1500 X47.617 Y113.547 E1100.14823
G0 F7500 X47.617 Y114.169
G1 F1500 X90.97 Y70.816 E1102.39134
G0 F7500 X91.592 Y70.816
G1 F1500 X47.617 Y114.792 E1104.66666
G0 F7500 X47.617 Y115.414
G1 F1500 X92.215 Y70.816 E1106.97419
G0 F7500 X92.837 Y70.816
G1 F1500 X47.617 Y116.036 E1109.3139
G0 F7500 X47.617 Y116.658
G1 F1500 X93.459 Y70.816 E1111.68579
G0 F7500 X94.081 Y70.816
G1 F1500 X47.617 Y117.281 E1114.08989
G0 F7500 X47.617 Y117.903
G1 F1500 X94.704 Y70.816 E1116.5262
G0 F7500 X95.326 Y70.816
G1 F1500 X47.617 Y118.525 E1118.9947
G0 F7500 X47.617 Y119.147
G1 F1500 X95.948 Y70.816 E1121.49537
G0 F7500 X96.57 Y70.816
G1 F1500 X47.617 Y119.77 E1124.02826
G0 F7500 X47.617 Y120.392
G1 F1500 X97.193 Y70.816 E1126.59335
G0 F7500 X97.815 Y70.816
G1 F1500 X47.617 Y121.014 E1129.19063
G0 F7500 X47.617 Y121.637
G1 F1500 X98.437 Y70.816 E1131.82011
G0 F7500 X99.059 Y70.816
G1 F1500 X47.617 Y122.259 E1134.48178
G0 F7500 X47.617 Y122.881
G1 F1500 X99.682 Y70.816 E1137.17566
G0 F7500 X100.304 Y70.816
G1 F1500 X47.617 Y123.503 E1139.90171
G0 F7500 X47.617 Y124.126
G1 F1500 X100.926 Y70.816 E1142.65998
G0 F7500 X101.548 Y70.816
G1 F1500 X47.617 Y124.748 E1145.45043
G0 F7500 X47.617 Y125.37
G1 F1500 X102.171 Y70.816 E1148.27309
G0 F7500 X102.793 Y70.816
G1 F1500 X47.617 Y125.992 E1151.12793
G0 F7500 X47.617 Y126.615
G1 F1500 X103.415 Y70.816 E1154.01498
G0 F7500 X104.037 Y70.816
G1 F1500 X47.617 Y127.237 E1156.93421
G0 F7500 X47.617 Y127.859
G1 F1500 X104.66 Y70.816 E1159.88565
G0 F7500 X105.282 Y70.816
G1 F1500 X47.617 Y128.481 E1162.86928
G0 F7500 X47.617 Y129.104
G1 F1500 X105.904 Y70.816 E1165.88511
G0 F7500 X106.526 Y70.816
G1 F1500 X47.617 Y129.726 E1168.93312
G0 F7500 X47.617 Y130.348
G1 F1500 X107.149 Y70.816 E1172.01335
G0 F7500 X107.771 Y70.816
G1 F1500 X47.617 Y130.97 E1175.12575
G0 F7500 X47.617 Y131.593
G1 F1500 X104.813 Y74.396 E1178.08513
G0 F7500 X104.159 Y75.672
G1 F1500 X47.617 Y132.215 E1181.01068
G0 F7500 X47.617 Y132.837
G1 F1500 X103.939 Y76.515 E1183.92481
G0 F7500 X103.832 Y77.244
G1 F1500 X47.617 Y133.459 E1186.83341
G0 F7500 X47.617 Y134.082
G1 F1500 X103.795 Y77.903 E1189.74012
G0 F7500 X103.837 Y78.483
G1 F1500 X47.617 Y134.704 E1192.64901
G0 F7500 X47.617 Y135.326
G1 F1500 X103.917 Y79.026 E1195.56201
G0 F7500 X104.035 Y79.53
G1 F1500 X47.617 Y135.948 E1198.48111
G0 F7500 X47.617 Y136.571
G1 F1500 X104.202 Y79.985 E1201.40888
G0 F7500 X104.368 Y80.441
G1 F1500 X47.617 Y137.193 E1204.34524
G0 F7500 X47.617 Y137.815
G1 F1500 X104.595 Y80.836 E1207.29334
G0 F7500 X104.829 Y81.225
G1 F1500 X47.617 Y138.437 E1210.25352
G0 F7500 X47.617 Y139.06
G1 F1500 X105.083 Y81.593 E1213.22688
G0 F7500 X105.372 Y81.927
G1 F1500 X47.617 Y139.682 E1216.21516
G0 F7500 X47.617 Y140.304
G1 F1500 X105.662 Y82.259 E1219.21844
G0 F7500 X106.003 Y82.54
G1 F1500 X47.617 Y140.926 E1222.23937
G0 F7500 X47.617 Y141.549
G1 F1500 X106.345 Y82.821 E1225.27799
G0 F7500 X106.722 Y83.065
G1 F1500 X47.617 Y142.171 E1228.33615
G0 F7500 X47.617 Y142.793
G1 F1500 X107.113 Y83.297 E1231.41451
G0 F7500 X107.54 Y83.492
G1 F1500 X47.617 Y143.415 E1234.51496
G0 F7500 X47.617 Y144.038
G1 F1500 X107.984 Y83.67 E1237.63842
G0 F7500 X108.474 Y83.803
G1 F1500 X50.346 Y141.93 E1240.64597
G0 F7500 X51.335 Y141.563
G1 F1500 X108.979 Y83.92 E1243.62848
G0 F7500 X109.542 Y83.979
G1 F1500 X52.052 Y141.469 E1246.60305
G0 F7500 X52.6 Y141.544
G1 F1500 X110.142 Y84.001 E1249.58033
G0 F7500 X110.833 Y83.933
G1 F1500 X53.089 Y141.677 E1252.56804
G0 F7500 X53.523 Y141.865
G1 F1500 X111.589 Y83.799 E1255.57242
G0 F7500 X112.545 Y83.465
G1 F1500 X53.913 Y142.097 E1258.60607
G0 F7500 X54.262 Y142.37
G1 F1500 X125.816 Y70.816 E1262.30832
G0 F7500 X126.438 Y70.816
G1 F1500 X54.56 Y142.695 E1266.02736
G0 F7500 X54.825 Y143.052
G1 F1500 X127.061 Y70.816 E1269.76489
G0 F7500 X127.683 Y70.816
G1 F1500 X55.024 Y143.476 E1273.52434
G0 F7500 X55.188 Y143.933
G1 F1500 X128.305 Y70.816 E1277.30746
G0 F7500 X128.927 Y70.816
G1 F1500 X55.287 Y144.457 E1281.11767
G0 F7500 X55.294 Y145.071
G1 F1500 X129.55 Y70.816 E1284.95969
G0 F7500 X130.172 Y70.816
G1 F1500 X55.137 Y145.851 E1288.84205
G1 F1500 E1286.84205
G0 F7500 X53.054 Y147.935
G1 F1500 E1288.84205
G1 X51.804 Y149.184 E1288.9067
G0 F7500 X52.426 Y149.184
G1 F1500 X130.794 Y70.816 E1292.96151
G0 F7500 X131.417 Y70.816
G1 F1500 X53.049 Y149.184 E1297.01632
G0 F7500 X53.671 Y149.184
G1 F1500 X132.039 Y70.816 E1301.07113
G0 F7500 X132.661 Y70.816
G1 F1500 X54.293 Y149.184 E1305.12594
G0 F7500 X54.915 Y149.184
G1 F1500 X133.283 Y70.816 E1309.18075
G0 F7500 X133.906 Y70.816
G1 F1500 X55.538 Y149.184 E1313.23556
G0 F7500 X56.16 Y149.184
G1 F1500 X134.528 Y70.816 E1317.29037
G0 F7500 X135.15 Y70.816
G1 F1500 X56.782 Y149.184 E1321.34518
G0 F7500 X57.404 Y149.184
G1 F1500 X135.772 Y70.816 E1325.39999
G0 F7500 X136.395 Y70.816
G1 F1500 X58.027 Y149.184 E1329.4548
G0 F7500 X58.649 Y149.184
G1 F1500 X137.017 Y70.816 E1333.50961
G0 F7500 X137.639 Y70.816
G1 F1500 X59.271 Y149.184 E1337.56442
G0 F7500 X59.893 Y149.184
G1 F1500 X138.261 Y70.816 E1341.61923
G0 F7500 X138.884 Y70.816
G1 F1500 X60.516 Y149.184 E1345.67404
G0 F7500 X61.138 Y149.184
G1 F1500 X139.506 Y70.816 E1349.72884
G0 F7500 X140.128 Y70.816
G1 F1500 X61.76 Y149.184 E1353.78365
G0 F7500 X62.382 Y149.184
G1 F1500 X140.75 Y70.816 E1357.83846
G0 F7500 X141.373 Y70.816
G1 F1500 X63.005 Y149.184 E1361.89327
G0 F7500 X63.627 Y149.184
G1 F1500 X141.995 Y70.816 E1365.94808
G0 F7500 X142.617 Y70.816
G1 F1500 X64.249 Y149.184 E1370.00289
G0 F7500 X64.871 Y149.184
G1 F1500 X143.239 Y70.816 E1374.0577
G0 F7500 X143.862 Y70.816
G1 F1500 X65.494 Y149.184 E1378.11251
G0 F7500 X66.116 Y149.184
G1 F1500 X144.484 Y70.816 E1382.16732
G0 F7500 X145.106 Y70.816
G1 F1500 X66.738 Y149.184 E1386.22213
G0 F7500 X67.36 Y149.184
G1 F1500 X145.728 Y70.816 E1390.27694
G0 F7500 X146.351 Y70.816
G1 F1500 X67.983 Y149.184 E1394.33175
G0 F7500 X68.605 Y149.184
G1 F1500 X146.973 Y70.816 E1398.38656
G0 F7500 X147.595 Y70.816
G1 F1500 X69.227 Y149.184 E1402.44137
G0 F7500 X69.849 Y149.184
G1 F1500 X148.217 Y70.816 E1406.49618
G0 F7500 X148.84 Y70.816
G1 F1500 X70.472 Y149.184 E1410.55099
G0 F7500 X71.094 Y149.184
G1 F1500 X149.462 Y70.816 E1414.6058
G0 F7500 X150.084 Y70.816
G1 F1500 X71.716 Y149.184 E1418.66061
G0 F7500 X72.338 Y149.184
G1 F1500 X150.706 Y70.816 E1422.71542
G0 F7500 X151.329 Y70.816
G1 F1500 X72.961 Y149.184 E1426.77023
G0 F7500 X73.583 Y149.184
G1 F1500 X151.951 Y70.816 E1430.82503
G0 F7500 X152.573 Y70.816
G1 F1500 X74.205 Y149.184 E1434.87984
G0 F7500 X74.827 Y149.184
G1 F1500 X153.195 Y70.816 E1438.93465
G0 F7500 X153.818 Y70.816
G1 F1500 X75.45 Y149.184 E1442.98946
G0 F7500 X76.072 Y149.184
G1 F1500 X154.44 Y70.816 E1447.04427
G0 F7500 X155.062 Y70.816
G1 F1500 X76.694 Y149.184 E1451.09908
G0 F7500 X77.316 Y149.184
G1 F1500 X155.684 Y70.816 E1455.15389
G0 F7500 X156.307 Y70.816
G1 F1500 X77.939 Y149.184 E1459.2087
G0 F7500 X78.561 Y149.184
G1 F1500 X156.929 Y70.816 E1463.26351
G0 F7500 X157.551 Y70.816
G1 F1500 X79.183 Y149.184 E1467.31832
G0 F7500 X79.805 Y149.184
G1 F1500 X158.173 Y70.816 E1471.37313
G0 F7500 X158.796 Y70.816
G1 F1500 X80.428 Y149.184 E1475.42794
G0 F7500 X81.05 Y149.184
G1 F1500 X159.418 Y70.816 E1479.48275
G0 F7500 X160.04 Y70.816
G1 F1500 X81.672 Y149.184 E1483.53756
G0 F7500 X82.295 Y149.184
G1 F1500 X160.662 Y70.816 E1487.59234
G0 F7500 X161.285 Y70.816
G1 F1500 X82.917 Y149.184 E1491.64715
G0 F7500 X83.539 Y149.184
G1 F1500 X161.907 Y70.816 E1495.70196
G0 F7500 X162.529 Y70.816
G1 F1500 X84.161 Y149.184 E1499.75677
G0 F7500 X84.784 Y149.184
G1 F1500 X163.151 Y70.816 E1503.81155
G0 F7500 X163.774 Y70.816
G1 F1500 X85.406 Y149.184 E1507.86636
G0 F7500 X86.028 Y149.184
G1 F1500 X164.396 Y70.816 E1511.92117
G0 F7500 X165.018 Y70.816
G1 F1500 X86.65 Y149.184 E1515.97598
G0 F7500 X87.273 Y149.184
G1 F1500 X165.64 Y70.816 E1520.03077
G0 F7500 X166.263 Y70.816
G1 F1500 X87.895 Y149.184 E1524.08558
G0 F7500 X88.517 Y149.184
G1 F1500 X166.885 Y70.816 E1528.14038
G0 F7500 X167.507 Y70.816
G1 F1500 X89.139 Y149.184 E1532.19519
G0 F7500 X89.762 Y149.184
G1 F1500 X168.129 Y70.816 E1536.24998
G0 F7500 X168.752 Y70.816
G1 F1500 X90.384 Y149.184 E1540.30479
G0 F7500 X91.006 Y149.184
G1 F1500 X169.374 Y70.816 E1544.3596
G0 F7500 X169.996 Y70.816
G1 F1500 X91.628 Y149.184 E1548.41441
G0 F7500 X92.251 Y149.184
G1 F1500 X164.951 Y76.483 E1552.17598
G0 F7500 X164.719 Y77.338
G1 F1500 X92.873 Y149.184 E1555.89333
G0 F7500 X93.495 Y149.184
G1 F1500 X164.693 Y77.986 E1559.57716
G0 F7500 X164.77 Y78.531
G1 F1500 X94.117 Y149.184 E1563.23279
G0 F7500 X94.74 Y149.184
G1 F1500 X164.916 Y79.008 E1566.86374
G0 F7500 X165.102 Y79.443
G1 F1500 X95.362 Y149.184 E1570.47216
G0 F7500 X95.984 Y149.184
G1 F1500 X165.369 Y79.799 E1574.06218
G0 F7500 X165.657 Y80.133
G1 F1500 X96.606 Y149.184 E1577.63493
G0 F7500 X97.229 Y149.184
G1 F1500 X165.986 Y80.426 E1581.19248
G0 F7500 X166.36 Y80.675
G1 F1500 X97.851 Y149.184 E1584.73718
G0 F7500 X98.473 Y149.184
G1 F1500 X166.784 Y80.873 E1588.27163
G0 F7500 X167.256 Y81.024
G1 F1500 X99.095 Y149.184 E1591.7983
G0 F7500 X99.718 Y149.184
G1 F1500 X167.818 Y81.084 E1595.32184
G0 F7500 X168.451 Y81.073
G1 F1500 X100.34 Y149.184 E1598.84594
G0 F7500 X100.962 Y149.184
G1 F1500 X169.305 Y80.841 E1602.38205
G1 F1500 E1600.38205
G0 F7500 X171.039 Y79.107
G1 F1500 E1602.38205
G1 X172.383 Y77.763 E1602.45159
G0 F7500 X172.383 Y78.385
G1 F1500 X101.584 Y149.184 E1606.11478
G0 F7500 X102.207 Y149.184
G1 F1500 X172.383 Y79.007 E1609.74575
G0 F7500 X172.383 Y79.629
G1 F1500 X102.829 Y149.184 E1613.34455
G0 F7500 X103.451 Y149.184
G1 F1500 X172.383 Y80.252 E1616.91113
G0 F7500 X172.383 Y80.874
G1 F1500 X104.073 Y149.184 E1620.44553
G0 F7500 X104.696 Y149.184
G1 F1500 X172.383 Y81.496 E1623.94773
G0 F7500 X172.383 Y82.118
G1 F1500 X105.318 Y149.184 E1627.41774
G0 F7500 X105.94 Y149.184
G1 F1500 X172.383 Y82.741 E1630.85554
G0 F7500 X172.383 Y83.363
G1 F1500 X106.562 Y149.184 E1634.26116
G0 F7500 X107.185 Y149.184
G1 F1500 X172.383 Y83.985 E1637.63457
G0 F7500 X172.383 Y84.607
G1 F1500 X107.807 Y149.184 E1640.9758
G0 F7500 X108.429 Y149.184
G1 F1500 X172.383 Y85.23 E1644.28482
G0 F7500 X172.383 Y85.852
G1 F1500 X109.051 Y149.184 E1647.56166
G0 F7500 X109.674 Y149.184
G1 F1500 X172.383 Y86.474 E1650.80629
G0 F7500 X172.383 Y87.096
G1 F1500 X110.296 Y149.184 E1654.01873
G0 F7500 X110.918 Y149.184
G1 F1500 X172.383 Y87.719 E1657.19897
G0 F7500 X172.383 Y88.341
G1 F1500 X111.54 Y149.184 E1660.34703
G0 F7500 X112.163 Y149.184
G1 F1500 X172.383 Y88.963 E1663.46287
G0 F7500 X172.383 Y89.585
G1 F1500 X112.785 Y149.184 E1666.54654
G0 F7500 X113.407 Y149.184
G1 F1500 X172.383 Y90.208 E1669.59799
G0 F7500 X172.383 Y90.83
G1 F1500 X114.029 Y149.184 E1672.61727
G0 F7500 X114.652 Y149.184
G1 F1500 X172.383 Y91.452 E1675.60433
G0 F7500 X172.383 Y92.074
G1 F1500 X115.274 Y149.184 E1678.55921
G0 F7500 X115.896 Y149.184
G1 F1500 X172.383 Y92.697 E1681.48188
G0 F7500 X172.383 Y93.319
G1 F1500 X116.518 Y149.184 E1684.37237
G0 F7500 X117.141 Y149.184
G1 F1500 X172.383 Y93.941 E1687.23066
G0 F7500 X172.383 Y94.564
G1 F1500 X117.763 Y149.184 E1690.05673
G0 F7500 X118.385 Y149.184
G1 F1500 X172.383 Y95.186 E1692.85062
G0 F7500 X172.383 Y95.808
G1 F1500 X119.007 Y149.184 E1695.61233
G0 F7500 X119.63 Y149.184
G1 F1500 X172.383 Y96.43 E1698.34183
G0 F7500 X172.383 Y97.053
G1 F1500 X120.252 Y149.184 E1701.03912
G0 F7500 X120.874 Y149.184
G1 F1500 X172.383 Y97.675 E1703.70422
G0 F7500 X172.383 Y98.297
G1 F1500 X121.497 Y149.184 E1706.33712
G0 F7500 X122.119 Y149.184
G1 F1500 X172.383 Y98.919 E1708.93784
G0 F7500 X172.383 Y99.542
G1 F1500 X122.741 Y149.184 E1711.50635
G0 F7500 X123.363 Y149.184
G1 F1500 X172.383 Y100.164 E1714.04267
G0 F7500 X172.383 Y100.786
G1 F1500 X123.986 Y149.184 E1716.54679
G0 F7500 X124.608 Y149.184
G1 F1500 X172.383 Y101.408 E1719.01873
G0 F7500 X172.383 Y102.031
G1 F1500 X125.23 Y149.184 E1721.45845
G0 F7500 X125.852 Y149.184
G1 F1500 X172.383 Y102.653 E1723.86599
G0 F7500 X172.383 Y103.275
G1 F1500 X126.475 Y149.184 E1726.24133
G0 F7500 X127.097 Y149.184
G1 F1500 X172.383 Y103.897 E1728.58448
G0 F7500 X172.383 Y104.52
G1 F1500 X127.719 Y149.184 E1730.89542
G0 F7500 X128.341 Y149.184
G1 F1500 X172.383 Y105.142 E1733.17419
G0 F7500 X172.383 Y105.764
G1 F1500 X128.964 Y149.184 E1735.42074
G0 F7500 X129.586 Y149.184
G1 F1500 X172.383 Y106.386 E1737.63511
G0 F7500 X172.383 Y107.009
G1 F1500 X130.208 Y149.184 E1739.81727
G0 F7500 X130.83 Y149.184
G1 F1500 X172.383 Y107.631 E1741.96725
G0 F7500 X172.383 Y108.253
G1 F1500 X131.453 Y149.184 E1744.08502
G0 F7500 X132.075 Y149.184
G1 F1500 X172.383 Y108.875 E1746.1706
G0 F7500 X172.383 Y109.498
G1 F1500 X132.697 Y149.184 E1748.22398
G0 F7500 X133.319 Y149.184
G1 F1500 X172.383 Y110.12 E1750.24518
G0 F7500 X172.383 Y110.742
G1 F1500 X133.942 Y149.184 E1752.23416
G0 F7500 X134.564 Y149.184
G1 F1500 X172.383 Y111.364 E1754.19097
G0 F7500 X172.383 Y111.987
G1 F1500 X135.186 Y149.184 E1756.11557
G0 F7500 X135.808 Y149.184
G1 F1500 X172.383 Y112.609 E1758.00798
G0 F7500 X172.383 Y113.231
G1 F1500 X136.431 Y149.184 E1759.86818
G0 F7500 X137.053 Y149.184
G1 F1500 X172.383 Y113.853 E1761.69621
G0 F7500 X172.383 Y114.476
G1 F1500 X137.675 Y149.184 E1763.49202
G0 F7500 X138.297 Y149.184
G1 F1500 X172.383 Y115.098 E1765.25565
G0 F7500 X172.383 Y115.72
G1 F1500 X138.92 Y149.184 E1766.98707
G0 F7500 X139.542 Y149.184
G1 F1500 X172.383 Y116.342 E1768.68631
G0 F7500 X172.383 Y116.965
G1 F1500 X140.164 Y149.184 E1770.35334
G0 F7500 X140.786 Y149.184
G1 F1500 X172.383 Y117.587 E1771.98819
G0 F7500 X172.383 Y118.209
G1 F1500 X141.409 Y149.184 E1773.59083
G0 F7500 X142.031 Y149.184
G1 F1500 X172.383 Y118.831 E1775.16129
G0 F7500 X172.383 Y119.454
G1 F1500 X142.653 Y149.184 E1776.69954
G0 F7500 X143.275 Y149.184
G1 F1500 X172.383 Y120.076 E1778.20561
G0 F7500 X172.383 Y120.698
G1 F1500 X143.898 Y149.184 E1779.67946
G0 F7500 X144.52 Y149.184
G1 F1500 X172.383 Y121.32 E1781.12114
G0 F7500 X172.383 Y121.943
G1 F1500 X145.142 Y149.184 E1782.5306
G0 F7500 X145.764 Y149.184
G1 F1500 X172.383 Y122.565 E1783.90789
G0 F7500 X172.383 Y123.187
G1 F1500 X146.387 Y149.184 E1785.25296
G0 F7500 X147.009 Y149.184
G1 F1500 X172.383 Y123.809 E1786.56586
G0 F7500 X172.383 Y124.432
G1 F1500 X147.631 Y149.184 E1787.84654
G0 F7500 X148.253 Y149.184
G1 F1500 X172.383 Y125.054 E1789.09504
G0 F7500 X172.383 Y125.676
G1 F1500 X148.876 Y149.184 E1790.31133
G0 F7500 X149.498 Y149.184
G1 F1500 X172.383 Y126.298 E1791.49544
G0 F7500 X172.383 Y126.921
G1 F1500 X150.12 Y149.184 E1792.64735
G0 F7500 X150.742 Y149.184
G1 F1500 X172.383 Y127.543 E1793.76706
G0 F7500 X172.383 Y128.165
G1 F1500 X151.365 Y149.184 E1794.85458
G0 F7500 X151.987 Y149.184
G1 F1500 X172.383 Y128.787 E1795.9099
G0 F7500 X172.383 Y129.41
G1 F1500 X152.609 Y149.184 E1796.93302
G0 F7500 X153.231 Y149.184
G1 F1500 X172.383 Y130.032 E1797.92396
G0 F7500 X172.383 Y130.654
G1 F1500 X153.854 Y149.184 E1798.88269
G0 F7500 X154.476 Y149.184
G1 F1500 X172.383 Y131.276 E1799.80923
G0 F7500 X172.383 Y131.899
G1 F1500 X155.098 Y149.184 E1800.70357
G0 F7500 X155.72 Y149.184
G1 F1500 X172.383 Y132.521 E1801.56572
G0 F7500 X172.383 Y133.143
G1 F1500 X156.343 Y149.184 E1802.39567
G0 F7500 X156.965 Y149.184
G1 F1500 X172.383 Y133.766 E1803.19341
G0 F7500 X172.383 Y134.388
G1 F1500 X157.587 Y149.184 E1803.95896
G0 F7500 X158.209 Y149.184
G1 F1500 X172.383 Y135.01 E1804.69233
G0 F7500 X172.383 Y135.632
G1 F1500 X158.832 Y149.184 E1805.39349
G0 F7500 X159.454 Y149.184
G1 F1500 X164.847 Y143.791 E1805.67253
G0 F7500 X164.692 Y144.568
G1 F1500 X160.076 Y149.184 E1805.91137
G0 F7500 X160.699 Y149.184
G1 F1500 X164.701 Y145.181 E1806.11846
G0 F7500 X164.807 Y145.698
G1 F1500 X161.321 Y149.184 E1806.29883
G0 F7500 X161.943 Y149.184
G1 F1500 X164.966 Y146.161 E1806.45524
G0 F7500 X165.184 Y146.566
G1 F1500 X162.565 Y149.184 E1806.59072
G0 F7500 X163.188 Y149.184
G1 F1500 X165.46 Y146.911 E1806.7083
G0 F7500 X165.763 Y147.231
G1 F1500 X163.81 Y149.184 E1806.80935
G0 F7500 X164.432 Y149.184
G1 F1500 X166.107 Y147.509 E1806.89602
G0 F7500 X166.497 Y147.741
G1 F1500 X165.054 Y149.184 E1806.97068
G0 F7500 X165.677 Y149.184
G1 F1500 X166.938 Y147.922 E1807.03595
G0 F7500 X167.434 Y148.049
G1 F1500 X166.299 Y149.184 E1807.09467
G0 F7500 X166.921 Y149.184
G1 F1500 X168.011 Y148.094 E1807.15107
G0 F7500 X168.692 Y148.036
G1 F1500 X167.543 Y149.184 E1807.2105
G0 F7500 X168.166 Y149.184
G1 F1500 X169.733 Y147.616 E1807.2916
G1 F1500 E1805.2916
G0 F7500 X170.821 Y146.528
G1 F1500 E1807.2916
G1 X172.383 Y144.966 E1807.37242
G0 F7500 X172.383 Y145.588
G1 F1500 X168.788 Y149.184 E1807.55845
G0 F7500 X169.41 Y149.184
G1 F1500 X172.383 Y146.211 E1807.71228
G0 F7500 X172.383 Y146.833
G1 F1500 X170.032 Y149.184 E1807.83392
G0 F7500 X170.655 Y149.184
G1 F1500 X172.383 Y147.455 E1807.92335
G0 F7500 X172.383 Y148.077
G1 F1500 X171.277 Y149.184 E1807.9806
G0 F7500 X171.899 Y149.184
G1 F1500 X172.383 Y148.7 E1808.00565
G1 F1500 E1806.00565
G0 F7500 X171.241 Y145.486
G1 F1500 E1808.00565
G1 X172.383 Y144.344 E1808.06473
G0 F7500 X172.383 Y143.722
G1 F1500 X171.319 Y144.786 E1808.11979
G0 F7500 X171.257 Y144.226
G1 F1500 X172.383 Y143.099 E1808.17807
G0 F7500 X172.383 Y142.477
G1 F1500 X171.123 Y143.738 E1808.24329
G0 F7500 X170.953 Y143.285
G1 F1500 X172.383 Y141.855 E1808.31728
G0 F7500 X172.383 Y141.233
G1 F1500 X170.72 Y142.896 E1808.40332
G0 F7500 X170.436 Y142.558
G1 F1500 X172.383 Y140.61 E1808.50409
G0 F7500 X172.383 Y139.988
G1 F1500 X170.119 Y142.252 E1808.62123
G0 F7500 X169.755 Y141.994
G1 F1500 X172.383 Y139.366 E1808.7572
G0 F7500 X172.383 Y138.744
G1 F1500 X169.358 Y141.769 E1808.91372
G0 F7500 X168.9 Y141.605
G1 F1500 X172.383 Y138.121 E1809.09396
G0 F7500 X172.383 Y137.499
G1 F1500 X168.383 Y141.5 E1809.30095
G0 F7500 X167.784 Y141.476
G1 F1500 X172.383 Y136.877 E1809.5389
G0 F7500 X172.383 Y136.255
G1 F1500 X167.004 Y141.633 E1809.81719
G1 F1500 E1807.81719
G0 F7500 X171.275 Y78.248
G1 F1500 E1809.81719
G1 X172.383 Y77.14 E1809.87452
G0 F7500 X172.383 Y76.518
G1 F1500 X171.299 Y77.602 E1809.9306
G0 F7500 X171.22 Y77.059
G1 F1500 X172.383 Y75.896 E1809.99078
G0 F7500 X172.383 Y75.274
G1 F1500 X171.069 Y76.588 E1810.05877
G0 F7500 X170.877 Y76.158
G1 F1500 X172.383 Y74.651 E1810.13671
G0 F7500 X172.383 Y74.029
G1 F1500 X170.635 Y75.777 E1810.22716
G0 F7500 X170.336 Y75.454
G1 F1500 X172.383 Y73.407 E1810.33307
G0 F7500 X172.383 Y72.785
G1 F1500 X170.002 Y75.166 E1810.45626
G0 F7500 X169.629 Y74.917
G1 F1500 X172.383 Y72.162 E1810.59878
G0 F7500 X172.383 Y71.54
G1 F1500 X169.205 Y74.719 E1810.76324
G0 F7500 X168.732 Y74.569
G1 F1500 X172.383 Y70.918 E1810.95215
G0 F7500 X171.863 Y70.816
G1 F1500 X168.211 Y74.468 E1811.1411
G0 F7500 X167.533 Y74.523
G1 F1500 X171.241 Y70.816 E1811.33293
G0 F7500 X170.619 Y70.816
G1 F1500 X166.662 Y74.773 E1811.53767
G1 F1500 E1809.53767
G0 F7500 X125.194 Y70.816
G1 F1500 E1811.53767
G1 X115.632 Y80.378 E1812.03241
G0 F7500 X115.979 Y79.409
G1 F1500 X124.572 Y70.816 E1812.47702
G0 F7500 X123.949 Y70.816
G1 F1500 X116.142 Y78.623 E1812.88096
G0 F7500 X116.209 Y77.934
G1 F1500 X123.327 Y70.816 E1813.24925
G0 F7500 X122.705 Y70.816
G1 F1500 X116.182 Y77.339 E1813.58675
G0 F7500 X116.127 Y76.772
G1 F1500 X122.083 Y70.816 E1813.89492
G0 F7500 X121.46 Y70.816
G1 F1500 X116.011 Y76.265 E1814.17685
G0 F7500 X115.876 Y75.779
G1 F1500 X120.838 Y70.816 E1814.43362
G0 F7500 X120.216 Y70.816
G1 F1500 X115.688 Y75.344 E1814.6679
G0 F7500 X115.5 Y74.909
G1 F1500 X119.594 Y70.816 E1814.8797
G0 F7500 X118.971 Y70.816
G1 F1500 X115.261 Y74.526 E1815.07166
G0 F7500 X115.017 Y74.149
G1 F1500 X118.349 Y70.816 E1815.24408
G0 F7500 X117.727 Y70.816
G1 F1500 X114.746 Y73.796 E1815.3983
G0 F7500 X114.443 Y73.478
G1 F1500 X117.105 Y70.816 E1815.53603
G0 F7500 X116.482 Y70.816
G1 F1500 X114.136 Y73.162 E1815.65741
G0 F7500 X113.788 Y72.888
G1 F1500 X115.86 Y70.816 E1815.76462
G0 F7500 X115.238 Y70.816
G1 F1500 X113.422 Y72.632 E1815.85858
G0 F7500 X113.056 Y72.375
G1 F1500 X114.616 Y70.816 E1815.93927
G0 F7500 X113.993 Y70.816
G1 F1500 X112.624 Y72.185 E1816.0101
G0 F7500 X112.192 Y71.995
G1 F1500 X113.371 Y70.816 E1816.0711
G0 F7500 X112.749 Y70.816
G1 F1500 X111.728 Y71.837 E1816.12393
G0 F7500 X111.218 Y71.725
G1 F1500 X112.127 Y70.816 E1816.17096
G0 F7500 X111.504 Y70.816
G1 F1500 X110.698 Y71.623 E1816.21269
G0 F7500 X110.096 Y71.602
G1 F1500 X110.882 Y70.816 E1816.25336
G0 F7500 X110.26 Y70.816
G1 F1500 X109.463 Y71.613 E1816.2946
G0 F7500 X108.729 Y71.725
G1 F1500 X109.638 Y70.816 E1816.34163
G0 F7500 X109.015 Y70.816
G1 F1500 X107.861 Y71.97 E1816.40134
G0 F7500 X108.393 Y70.816
G1 F1500 X106.649 Y72.56 E1816.49157
G1 F1500 E1814.49157
G0 F7500 X62.969 Y70.816
G1 F1500 E1816.49157
G1 X55.217 Y78.567 E1816.89264
G0 F7500 X55.313 Y77.849
G1 F1500 X62.346 Y70.816 E1817.25653
G0 F7500 X61.724 Y70.816
G1 F1500 X55.264 Y77.276 E1817.59078
G0 F7500 X55.139 Y76.778
G1 F1500 X61.102 Y70.816 E1817.89928
G0 F7500 X60.48 Y70.816
G1 F1500 X54.973 Y76.322 E1818.18419
G0 F7500 X54.753 Y75.921
G1 F1500 X59.857 Y70.816 E1818.4483
G0 F7500 X59.235 Y70.816
G1 F1500 X54.466 Y75.585 E1818.69505
G0 F7500 X54.151 Y75.278
G1 F1500 X58.613 Y70.816 E1818.92592
G0 F7500 X57.991 Y70.816
G1 F1500 X53.797 Y75.01 E1819.14292
G0 F7500 X53.396 Y74.788
G1 F1500 X57.368 Y70.816 E1819.34843
G0 F7500 X56.746 Y70.816
G1 F1500 X52.945 Y74.617 E1819.5451
G0 F7500 X52.431 Y74.509
G1 F1500 X56.124 Y70.816 E1819.73618
G0 F7500 X55.502 Y70.816
G1 F1500 X51.841 Y74.477 E1819.9256
G0 F7500 X51.071 Y74.624
G1 F1500 X54.879 Y70.816 E1820.12263
G1 F1500 E1818.12263
G0 F7500 X49.166 Y143.111
G1 F1500 E1820.12263
G1 X47.617 Y144.66 E1820.20277
G0 F7500 X47.617 Y145.282
G1 F1500 X48.75 Y144.149 E1820.2614
G0 F7500 X48.693 Y144.828
G1 F1500 X47.617 Y145.904 E1820.31707
G0 F7500 X47.617 Y146.527
G1 F1500 X48.742 Y145.402 E1820.37528
G0 F7500 X48.875 Y145.891
G1 F1500 X47.617 Y147.149 E1820.44037
G0 F7500 X47.617 Y147.771
G1 F1500 X49.058 Y146.329 E1820.51495
G0 F7500 X49.294 Y146.716
G1 F1500 X47.617 Y148.393 E1820.60172
G0 F7500 X47.617 Y149.016
G1 F1500 X49.582 Y147.05 E1820.70342
G0 F7500 X49.901 Y147.353
G1 F1500 X48.071 Y149.184 E1820.79813
G0 F7500 X48.693 Y149.184
G1 F1500 X50.264 Y147.613 E1820.87941
G0 F7500 X50.675 Y147.824
G1 F1500 X49.315 Y149.184 E1820.94978
G0 F7500 X49.937 Y149.184
G1 F1500 X51.136 Y147.985 E1821.01182
G0 F7500 X51.658 Y148.086
G1 F1500 X50.56 Y149.184 E1821.06863
G0 F7500 X51.182 Y149.184
G1 F1500 X52.267 Y148.099 E1821.12477
G1 F1500 E1819.12477
;MESH:NONMESH
G0 F300 Z0.6
G0 F7500 X40.288 Y60.574
;TIME_ELAPSED:2368.016994
;LAYER:2
M106 S170
;TYPE:SKIRT
G1 F1500 E1821.12477
G1 F1200 X41.064 Y60.111 E1821.15783
G1 X41.878 Y59.718 E1821.1909
G1 X42.724 Y59.398 E1821.22399
G1 X43.595 Y59.155 E1821.25707
G1 X44.483 Y58.989 E1821.29012
G1 X45.623 Y58.893 E1821.33198
G1 X46.23 Y58.88 E1821.35419
G1 X173.393 Y58.88 E1826.0066
G1 X174.237 Y58.891 E1826.03748
G1 X175.14 Y58.944 E1826.07057
G1 X176.034 Y59.076 E1826.10364
G1 X176.913 Y59.287 E1826.13671
G1 X177.77 Y59.575 E1826.16979
G1 X178.598 Y59.938 E1826.20286
G1 X179.391 Y60.372 E1826.23594
G1 X180.143 Y60.874 E1826.26902
G1 X180.847 Y61.441 E1826.30209
G1 X181.498 Y62.068 E1826.33516
G1 X182.091 Y62.75 E1826.36822
G1 X182.622 Y63.482 E1826.40131
G1 X183.086 Y64.258 E1826.43438
G1 X183.479 Y65.072 E1826.46746
G1 X183.799 Y65.917 E1826.50051
G1 X184.044 Y66.788 E1826.53362
G1 X184.21 Y67.676 E1826.56667
G1 X184.307 Y68.823 E1826.60878
G1 X184.32 Y69.43 E1826.63099
G1 X184.319 Y150.305 E1829.5899
G1 X184.309 Y151.032 E1829.6165
G1 X184.257 Y151.934 E1829.64956
G1 X184.125 Y152.828 E1829.68262
G1 X183.914 Y153.707 E1829.71569
G1 X183.627 Y154.565 E1829.74879
G1 X183.265 Y155.393 E1829.78185
G1 X182.831 Y156.186 E1829.81493
G1 X182.329 Y156.938 E1829.84801
G1 X181.763 Y157.642 E1829.88106
G1 X181.136 Y158.294 E1829.91415
G1 X180.454 Y158.888 E1829.94724
G1 X179.723 Y159.419 E1829.98029
G1 X178.947 Y159.883 E1830.01337
G1 X178.134 Y160.277 E1830.04643
G1 X177.288 Y160.598 E1830.07953
G1 X176.418 Y160.842 E1830.11259
G1 X175.53 Y161.009 E1830.14565
G1 X174.377 Y161.107 E1830.18798
G1 X173.77 Y161.12 E1830.2102
G1 X46.461 Y161.119 E1834.86794
G1 X45.763 Y161.109 E1834.89348
G1 X44.86 Y161.056 E1834.92658
G1 X43.966 Y160.924 E1834.95964
G1 X43.087 Y160.713 E1834.99271
G1 X42.23 Y160.425 E1835.02579
G1 X41.402 Y160.062 E1835.05887
G1 X40.609 Y159.628 E1835.09194
G1 X39.857 Y159.126 E1835.12502
G1 X39.153 Y158.559 E1835.15809
G1 X38.502 Y157.932 E1835.19116
G1 X37.909 Y157.25 E1835.22422
G1 X37.378 Y156.518 E1835.25731
G1 X36.914 Y155.742 E1835.29039
G1 X36.521 Y154.928 E1835.32346
G1 X36.201 Y154.083 E1835.35652
G1 X35.956 Y153.212 E1835.38962
G1 X35.79 Y152.324 E1835.42267
G1 X35.693 Y151.167 E1835.46515
G1 X35.68 Y150.558 E1835.48744
G1 X35.681 Y69.62 E1838.44865
G1 X35.691 Y68.955 E1838.47298
G1 X35.745 Y68.053 E1838.50604
G1 X35.878 Y67.159 E1838.53911
G1 X36.089 Y66.28 E1838.57218
G1 X36.378 Y65.423 E1838.60527
G1 X36.741 Y64.595 E1838.63835
G1 X37.176 Y63.803 E1838.6714
G1 X37.679 Y63.052 E1838.70447
G1 X38.246 Y62.348 E1838.73755
G1 X38.874 Y61.697 E1838.77064
G1 X39.556 Y61.104 E1838.8037
G1 X40.288 Y60.574 E1838.83677
G1 F1500 E1836.83677
;MESH:SmartKiln_Fondo.stl
G0 F9000 X52.295 Y80.48
;TYPE:WALL-INNER
G1 F1500 E1838.83677
G1 F1800 X51.524 Y80.47 E1838.86498
G1 X50.951 Y80.281 E1838.88705
G1 X50.688 Y80.154 E1838.89774
G1 X50.344 Y79.925 E1838.91286
G1 X50.121 Y79.729 E1838.92372
G1 X49.753 Y79.306 E1838.94423
G1 X49.543 Y78.942 E1838.95961
G1 X49.383 Y78.473 E1838.97774
G1 X49.304 Y78.049 E1838.99352
G1 X49.304 Y77.595 E1839.01013
G1 X49.369 Y77.17 E1839.02586
G1 X49.478 Y76.837 E1839.03868
G1 X49.585 Y76.606 E1839.04799
G1 X49.837 Y76.194 E1839.06566
G1 X50.039 Y75.95 E1839.07725
G1 X50.363 Y75.658 E1839.09321
G1 X50.599 Y75.496 E1839.10368
G1 X50.967 Y75.308 E1839.1188
G1 X51.258 Y75.208 E1839.13006
G1 X51.834 Y75.096 E1839.15152
G1 X52.095 Y75.074 E1839.16111
G1 X52.706 Y75.187 E1839.18384
G1 X53.13 Y75.342 E1839.20036
G1 X53.498 Y75.553 E1839.21588
G1 X53.852 Y75.826 E1839.23223
G1 X54.253 Y76.269 E1839.25409
G1 X54.374 Y76.476 E1839.26287
G1 X54.632 Y77.183 E1839.2904
G1 X54.708 Y77.795 E1839.31296
G1 X54.653 Y78.295 E1839.33137
G1 X54.497 Y78.84 E1839.35211
G1 X54.255 Y79.291 E1839.37083
G1 X53.928 Y79.7 E1839.38999
G1 X53.534 Y80.022 E1839.40861
G1 X53.139 Y80.248 E1839.42526
G1 X52.749 Y80.393 E1839.44048
G1 X52.295 Y80.48 E1839.45739
G0 F9000 X52.255 Y80.042
G1 F1800 X51.575 Y80.023 E1839.48228
G1 X51.003 Y79.835 E1839.50431
G1 X50.513 Y79.51 E1839.52582
G1 X50.085 Y79.017 E1839.54971
G1 X49.959 Y78.799 E1839.55892
G1 X49.803 Y78.322 E1839.57728
G1 X49.743 Y78.005 E1839.58908
G1 X49.751 Y77.578 E1839.60471
G1 X49.799 Y77.269 E1839.61615
G1 X49.919 Y76.903 E1839.63024
G1 X50.263 Y76.341 E1839.65435
G1 X50.722 Y75.927 E1839.67696
G1 X51.249 Y75.658 E1839.69861
G1 X51.91 Y75.529 E1839.72325
G1 X52.138 Y75.529 E1839.73159
G1 X52.588 Y75.613 E1839.74834
G1 X52.948 Y75.745 E1839.76237
G1 X53.216 Y75.898 E1839.77366
G1 X53.552 Y76.15 E1839.78903
G1 X53.942 Y76.592 E1839.81059
G1 X54.208 Y77.321 E1839.83898
G1 X54.265 Y77.798 E1839.85656
G1 X54.211 Y78.261 E1839.87361
G1 X54.097 Y78.641 E1839.88813
G1 X53.905 Y79.012 E1839.90341
G1 X53.615 Y79.388 E1839.92078
G1 X53.289 Y79.656 E1839.93622
G1 X52.959 Y79.847 E1839.95017
G1 X52.627 Y79.971 E1839.96314
G1 X52.255 Y80.042 E1839.977
G1 F1500 E1837.977
G0 F9000 X110.287 Y83.394
G1 F1500 E1839.977
G1 F1800 X109.231 Y83.348 E1840.01567
G1 X108.315 Y83.139 E1840.05004
G1 X107.515 Y82.82 E1840.08155
G1 X106.792 Y82.39 E1840.11233
G1 X106.082 Y81.809 E1840.14589
G1 X105.45 Y81.074 E1840.18136
G1 X104.936 Y80.208 E1840.2182
G1 X104.567 Y79.189 E1840.25785
G1 X104.405 Y78.123 E1840.2973
G1 X104.454 Y77.028 E1840.3374
G1 X104.697 Y75.972 E1840.37705
G1 X105.127 Y75.022 E1840.4152
G1 X105.708 Y74.193 E1840.45224
G1 X106.366 Y73.53 E1840.48641
G1 X107.071 Y73.019 E1840.51827
G1 X107.829 Y72.63 E1840.54944
G1 X108.704 Y72.345 E1840.58311
G1 X109.67 Y72.206 E1840.61881
G1 X110.703 Y72.239 E1840.65663
G1 X111.749 Y72.473 E1840.69584
G1 X112.751 Y72.917 E1840.73594
G1 X113.646 Y73.539 E1840.77581
G1 X114.398 Y74.325 E1840.81561
G1 X114.96 Y75.194 E1840.85348
G1 X115.338 Y76.094 E1840.88919
G1 X115.539 Y76.964 E1840.92186
G1 X115.6 Y77.817 E1840.95315
G1 X115.497 Y78.874 E1840.992
G1 X115.201 Y79.879 E1841.03033
G1 X114.745 Y80.777 E1841.06718
G1 X114.101 Y81.618 E1841.10593
G1 X113.281 Y82.334 E1841.14576
G1 X112.361 Y82.881 E1841.18492
G1 X111.319 Y83.245 E1841.2253
G1 X110.287 Y83.394 E1841.26345
G0 F9000 X110.25 Y82.952
G1 F1800 X109.328 Y82.917 E1841.29721
G1 X108.466 Y82.725 E1841.32952
G1 X107.713 Y82.423 E1841.3592
G1 X107.04 Y82.026 E1841.38779
G1 X106.401 Y81.499 E1841.41809
G1 X105.826 Y80.837 E1841.45017
G1 X105.33 Y80.006 E1841.48558
G1 X104.995 Y79.08 E1841.52161
G1 X104.845 Y78.096 E1841.55802
G1 X104.886 Y77.086 E1841.595
G1 X105.116 Y76.112 E1841.63162
G1 X105.51 Y75.242 E1841.66656
G1 X106.047 Y74.475 E1841.70082
G1 X106.651 Y73.867 E1841.73217
G1 X107.302 Y73.395 E1841.76159
G1 X107.999 Y73.037 E1841.79026
G1 X108.806 Y72.774 E1841.82131
G1 X109.694 Y72.647 E1841.85413
G1 X110.646 Y72.678 E1841.88898
G1 X111.61 Y72.893 E1841.92511
G1 X112.534 Y73.302 E1841.96208
G1 X113.358 Y73.874 E1841.99878
G1 X114.047 Y74.595 E1842.03527
G1 X114.571 Y75.405 E1842.07056
G1 X114.92 Y76.234 E1842.10347
G1 X115.103 Y77.027 E1842.13325
G1 X115.163 Y77.805 E1842.1618
G1 X115.06 Y78.797 E1842.19829
G1 X114.8 Y79.686 E1842.23217
G1 X114.373 Y80.538 E1842.26704
G1 X113.773 Y81.318 E1842.30304
G1 X113.033 Y81.974 E1842.33922
G1 X112.182 Y82.474 E1842.37533
G1 X111.211 Y82.817 E1842.41301
G1 X110.25 Y82.952 E1842.44852
G1 F1500 E1840.44852
G0 F9000 X167.492 Y80.461
G1 F1500 E1842.44852
G1 F1800 X166.799 Y80.227 E1842.47528
G1 X166.213 Y79.838 E1842.50101
G1 X165.684 Y79.218 E1842.53083
G1 X165.565 Y79.001 E1842.53988
G1 X165.389 Y78.485 E1842.55983
G1 X165.309 Y78.051 E1842.57597
G1 X165.307 Y77.597 E1842.59258
G1 X165.371 Y77.159 E1842.60878
G1 X165.535 Y76.688 E1842.62703
G1 X165.922 Y76.056 E1842.65414
G1 X166.363 Y75.658 E1842.67587
G1 X166.599 Y75.496 E1842.68635
G1 X166.967 Y75.308 E1842.70146
G1 X167.258 Y75.208 E1842.71272
G1 X167.834 Y75.096 E1842.73419
G1 X168.095 Y75.074 E1842.74377
G1 X168.711 Y75.188 E1842.76669
G1 X169.136 Y75.349 E1842.78332
G1 X169.495 Y75.55 E1842.79837
G1 X169.848 Y75.822 E1842.81468
G1 X170.184 Y76.193 E1842.83299
G1 X170.402 Y76.554 E1842.84842
G1 X170.598 Y77.09 E1842.8693
G1 X170.658 Y77.349 E1842.87903
G1 X170.7 Y77.8 E1842.8956
G1 X170.652 Y78.298 E1842.9139
G1 X170.504 Y78.829 E1842.93407
G1 X170.263 Y79.277 E1842.95268
G1 X169.938 Y79.692 E1842.97197
G1 X169.551 Y80.014 E1842.99039
G1 X169.169 Y80.239 E1843.00661
G1 X168.753 Y80.396 E1843.02287
G1 X168.29 Y80.488 E1843.04014
G1 X167.492 Y80.461 E1843.06936
G0 F9000 X167.59 Y80.026
G1 F1800 X167.022 Y79.841 E1843.09121
G1 X166.516 Y79.505 E1843.11343
G1 X166.007 Y78.926 E1843.14164
G1 X165.814 Y78.371 E1843.16314
G1 X165.747 Y78.009 E1843.17661
G1 X165.745 Y77.63 E1843.19047
G1 X165.799 Y77.267 E1843.2039
G1 X165.923 Y76.905 E1843.2179
G1 X166.246 Y76.367 E1843.24086
G1 X166.718 Y75.929 E1843.26442
G1 X167.249 Y75.658 E1843.28623
G1 X167.91 Y75.529 E1843.31087
G1 X168.138 Y75.529 E1843.31921
G1 X168.59 Y75.614 E1843.33604
G1 X168.947 Y75.747 E1843.34997
G1 X169.216 Y75.898 E1843.36126
G1 X169.546 Y76.144 E1843.37632
G1 X169.858 Y76.489 E1843.39334
G1 X169.988 Y76.705 E1843.40256
G1 X170.212 Y77.318 E1843.42644
G1 X170.26 Y77.8 E1843.44416
G1 X170.219 Y78.222 E1843.45967
G1 X170.091 Y78.668 E1843.47665
G1 X169.891 Y79.039 E1843.49207
G1 X169.615 Y79.388 E1843.50835
G1 X169.303 Y79.649 E1843.52323
G1 X168.975 Y79.842 E1843.53715
G1 X168.627 Y79.973 E1843.55076
G1 X168.254 Y80.046 E1843.56466
G1 X167.59 Y80.026 E1843.58897
G1 F1500 E1841.58897
G0 F9000 X167.68 Y147.472
G1 F1500 E1843.58897
G1 F1800 X167.363 Y147.417 E1843.60074
G1 X166.951 Y147.281 E1843.61661
G1 X166.688 Y147.154 E1843.6273
G1 X166.344 Y146.925 E1843.64242
G1 X166.121 Y146.73 E1843.65325
G1 X165.753 Y146.306 E1843.67379
G1 X165.587 Y146.07 E1843.68435
G1 X165.385 Y145.482 E1843.7071
G1 X165.304 Y145.051 E1843.72314
G1 X165.304 Y144.588 E1843.74008
G1 X165.375 Y144.162 E1843.75588
G1 X165.529 Y143.696 E1843.77384
G1 X165.934 Y143.047 E1843.80183
G1 X166.476 Y142.558 E1843.82853
G1 X167.099 Y142.245 E1843.85404
G1 X167.933 Y142.083 E1843.88513
G1 X168.122 Y142.079 E1843.89204
G1 X168.705 Y142.187 E1843.91373
G1 X169.13 Y142.342 E1843.93029
G1 X169.498 Y142.553 E1843.94581
G1 X169.848 Y142.822 E1843.96196
G1 X170.184 Y143.193 E1843.98027
G1 X170.402 Y143.554 E1843.9957
G1 X170.598 Y144.09 E1844.01658
G1 X170.658 Y144.349 E1844.0263
G1 X170.7 Y144.8 E1844.04288
G1 X170.652 Y145.298 E1844.06118
G1 X170.503 Y145.83 E1844.08139
G1 X170.262 Y146.277 E1844.09997
G1 X169.952 Y146.673 E1844.11837
G1 X169.556 Y147.012 E1844.13744
G1 X169.159 Y147.243 E1844.15425
G1 X168.75 Y147.397 E1844.17024
G1 X168.294 Y147.486 E1844.18724
G1 X167.68 Y147.472 E1844.20971
G0 F9000 X167.594 Y147.03
G1 F1800 X167.003 Y146.835 E1844.23247
G1 X166.513 Y146.51 E1844.25399
G1 X166.001 Y145.921 E1844.28254
G1 X165.827 Y145.415 E1844.30212
G1 X165.743 Y145.007 E1844.31736
G1 X165.751 Y144.578 E1844.33305
G1 X165.802 Y144.267 E1844.34458
G1 X165.917 Y143.909 E1844.35834
G1 X166.26 Y143.344 E1844.38252
G1 X166.726 Y142.925 E1844.40545
G1 X167.258 Y142.656 E1844.42726
G1 X168.014 Y142.514 E1844.4554
G1 X168.59 Y142.612 E1844.47678
G1 X168.992 Y142.77 E1844.49258
G1 X169.292 Y142.949 E1844.50537
G1 X169.549 Y143.148 E1844.51726
G1 X169.858 Y143.489 E1844.53409
G1 X169.988 Y143.705 E1844.54332
G1 X170.212 Y144.318 E1844.56719
G1 X170.26 Y144.8 E1844.58492
G1 X170.219 Y145.222 E1844.60043
G1 X170.091 Y145.668 E1844.6174
G1 X169.889 Y146.043 E1844.63299
G1 X169.605 Y146.393 E1844.64948
G1 X169.305 Y146.648 E1844.66388
G1 X168.975 Y146.842 E1844.67789
G1 X168.627 Y146.973 E1844.69149
G1 X168.258 Y147.045 E1844.70525
G1 X167.594 Y147.03 E1844.72955
G1 F1500 E1842.72955
G0 F9000 X110 Y149.8
G1 F1500 E1844.72955
G1 F1800 X173 Y149.8 E1847.03447
G1 X173 Y70.2 E1849.94673
G1 X47 Y70.2 E1854.55659
G1 X47 Y149.8 E1857.46884
G1 X110 Y149.8 E1859.77377
G0 F9000 X110 Y150.24
G1 F1800 X173.44 Y150.24 E1862.0948
G1 X173.44 Y69.76 E1865.03925
G1 X46.56 Y69.76 E1869.6813
G1 X46.56 Y150.24 E1872.62575
G1 X110 Y150.24 E1874.94678
G1 F1500 E1872.94678
G0 F9000 X52.294 Y147.486
G1 F1500 E1874.94678
G1 F1800 X51.68 Y147.472 E1874.96925
G1 X51.363 Y147.417 E1874.98102
G1 X50.951 Y147.281 E1874.99689
G1 X50.688 Y147.154 E1875.00758
G1 X50.344 Y146.925 E1875.0227
G1 X50.144 Y146.756 E1875.03228
G1 X49.753 Y146.306 E1875.05409
G1 X49.543 Y145.942 E1875.06946
G1 X49.383 Y145.473 E1875.08759
G1 X49.304 Y145.049 E1875.10337
G1 X49.304 Y144.595 E1875.11998
G1 X49.369 Y144.17 E1875.13571
G1 X49.478 Y143.837 E1875.14853
G1 X49.585 Y143.606 E1875.15785
G1 X49.837 Y143.194 E1875.17552
G1 X50.039 Y142.95 E1875.1871
G1 X50.363 Y142.658 E1875.20306
G1 X50.599 Y142.496 E1875.21353
G1 X50.967 Y142.308 E1875.22865
G1 X51.258 Y142.208 E1875.23991
G1 X52.004 Y142.064 E1875.26771
G1 X52.707 Y142.192 E1875.29385
G1 X53.126 Y142.34 E1875.31011
G1 X53.482 Y142.545 E1875.32514
G1 X53.841 Y142.815 E1875.34157
G1 X54.244 Y143.265 E1875.36367
G1 X54.371 Y143.479 E1875.37278
G1 X54.637 Y144.195 E1875.40072
G1 X54.7 Y144.791 E1875.42265
G1 X54.655 Y145.316 E1875.44193
G1 X54.499 Y145.837 E1875.46183
G1 X54.257 Y146.287 E1875.48052
G1 X53.933 Y146.695 E1875.49958
G1 X53.55 Y147.015 E1875.51784
G1 X53.159 Y147.243 E1875.5344
G1 X52.75 Y147.397 E1875.55039
G1 X52.294 Y147.486 E1875.56739
G0 F9000 X52.258 Y147.045
G1 F1800 X51.594 Y147.03 E1875.59169
G1 X51.003 Y146.835 E1875.61446
G1 X50.513 Y146.51 E1875.63597
G1 X50.085 Y146.017 E1875.65985
G1 X49.959 Y145.799 E1875.66907
G1 X49.803 Y145.322 E1875.68743
G1 X49.743 Y145.005 E1875.69923
G1 X49.751 Y144.578 E1875.71486
G1 X49.799 Y144.269 E1875.7263
G1 X49.919 Y143.903 E1875.74039
G1 X50.263 Y143.341 E1875.7645
G1 X50.722 Y142.927 E1875.78711
G1 X51.252 Y142.657 E1875.80887
G1 X52.029 Y142.513 E1875.83778
G1 X52.589 Y142.616 E1875.85862
G1 X52.946 Y142.746 E1875.87252
G1 X53.27 Y142.933 E1875.8862
G1 X53.55 Y143.152 E1875.89921
G1 X53.943 Y143.586 E1875.92063
G1 X54.214 Y144.329 E1875.94956
G1 X54.26 Y144.794 E1875.96666
G1 X54.22 Y145.234 E1875.98282
G1 X54.089 Y145.671 E1875.99952
G1 X53.891 Y146.039 E1876.0148
G1 X53.615 Y146.388 E1876.03108
G1 X53.303 Y146.649 E1876.04597
G1 X52.975 Y146.842 E1876.05989
G1 X52.627 Y146.973 E1876.07349
G1 X52.258 Y147.045 E1876.08725
G0 F9000 X52.235 Y146.601
;TYPE:WALL-OUTER
G1 F1800 X51.671 Y146.591 E1876.10789
G1 X51.197 Y146.435 E1876.12614
G1 X50.804 Y146.175 E1876.14338
G1 X50.389 Y145.696 E1876.16657
G1 X50.235 Y145.241 E1876.18414
G1 X50.187 Y144.983 E1876.19375
G1 X50.186 Y144.646 E1876.20608
G1 X50.234 Y144.355 E1876.21687
G1 X50.314 Y144.111 E1876.22626
G1 X50.605 Y143.625 E1876.24699
G1 X50.972 Y143.294 E1876.26507
G1 X51.394 Y143.078 E1876.28241
G1 X52.012 Y142.96 E1876.30543
G1 X52.453 Y143.035 E1876.3218
G1 X52.758 Y143.144 E1876.33365
G1 X53.023 Y143.297 E1876.34484
G1 X53.25 Y143.474 E1876.35537
G1 X53.563 Y143.828 E1876.37266
G1 X53.776 Y144.407 E1876.39523
G1 X53.82 Y144.798 E1876.40963
G1 X53.779 Y145.171 E1876.42336
G1 X53.67 Y145.521 E1876.43677
G1 X53.509 Y145.813 E1876.44897
G1 X53.282 Y146.093 E1876.46216
G1 X53.032 Y146.298 E1876.47398
G1 X52.766 Y146.45 E1876.48519
G1 X52.486 Y146.552 E1876.49609
G1 X52.235 Y146.601 E1876.50545
G1 F1500 E1874.50545
G0 F9000 X110 Y150.68
G1 F1500 E1876.50545
G1 F1800 X173.88 Y150.68 E1878.84257
G1 X173.88 Y69.32 E1881.81922
G1 X46.12 Y69.32 E1886.49347
G1 X46.12 Y150.68 E1889.47012
G1 X110 Y150.68 E1891.80724
G1 F1500 E1889.80724
G0 F9000 X167.671 Y146.591
G1 F1500 E1891.80724
G1 F1800 X167.197 Y146.435 E1891.8255
G1 X166.804 Y146.175 E1891.84274
G1 X166.389 Y145.697 E1891.8659
G1 X166.243 Y145.272 E1891.88234
G1 X166.187 Y144.985 E1891.89304
G1 X166.186 Y144.646 E1891.90544
G1 X166.234 Y144.355 E1891.91623
G1 X166.321 Y144.093 E1891.92633
G1 X166.605 Y143.628 E1891.94627
G1 X166.987 Y143.286 E1891.96502
G1 X167.403 Y143.077 E1891.98206
G1 X168.026 Y142.956 E1892.00528
G1 X168.453 Y143.035 E1892.02116
G1 X168.774 Y143.152 E1892.03366
G1 X168.998 Y143.28 E1892.0431
G1 X169.264 Y143.488 E1892.05546
G1 X169.56 Y143.815 E1892.07159
G1 X169.771 Y144.392 E1892.09407
G1 X169.82 Y144.8 E1892.10911
G1 X169.785 Y145.146 E1892.12183
G1 X169.67 Y145.521 E1892.13618
G1 X169.509 Y145.813 E1892.14838
G1 X169.282 Y146.093 E1892.16157
G1 X169.032 Y146.298 E1892.1734
G1 X168.766 Y146.45 E1892.1846
G1 X168.486 Y146.552 E1892.19551
G1 X168.235 Y146.601 E1892.20486
G1 X167.671 Y146.591 E1892.2255
G1 F1500 E1890.2255
G0 F9000 X167.678 Y79.591
G1 F1500 E1892.2255
G1 F1800 X167.211 Y79.439 E1892.24347
G1 X166.813 Y79.18 E1892.26084
G1 X166.391 Y78.699 E1892.28425
G1 X166.243 Y78.272 E1892.30079
G1 X166.187 Y77.985 E1892.31149
G1 X166.184 Y77.663 E1892.32327
G1 X166.234 Y77.355 E1892.33468
G1 X166.323 Y77.088 E1892.34498
G1 X166.605 Y76.624 E1892.36484
G1 X166.972 Y76.294 E1892.3829
G1 X167.394 Y76.078 E1892.40025
G1 X168.025 Y75.956 E1892.42376
G1 X168.453 Y76.035 E1892.43968
G1 X168.774 Y76.152 E1892.45218
G1 X168.998 Y76.28 E1892.46162
G1 X169.264 Y76.488 E1892.47398
G1 X169.56 Y76.815 E1892.49011
G1 X169.771 Y77.392 E1892.51259
G1 X169.82 Y77.8 E1892.52762
G1 X169.785 Y78.146 E1892.54035
G1 X169.67 Y78.521 E1892.5547
G1 X169.509 Y78.813 E1892.5669
G1 X169.282 Y79.093 E1892.58009
G1 X169.032 Y79.298 E1892.59191
G1 X168.766 Y79.45 E1892.60312
G1 X168.486 Y79.552 E1892.61403
G1 X168.238 Y79.601 E1892.62327
G1 X167.678 Y79.591 E1892.64377
G1 F1500 E1890.64377
G0 F9000 X110.207 Y82.512
G1 F1500 E1892.64377
G1 F1800 X109.351 Y82.475 E1892.67511
G1 X108.587 Y82.302 E1892.70377
G1 X107.9 Y82.025 E1892.73087
G1 X107.271 Y81.65 E1892.75767
G1 X106.711 Y81.187 E1892.78425
G1 X106.162 Y80.551 E1892.81499
G1 X105.733 Y79.824 E1892.84587
G1 X105.425 Y78.974 E1892.87895
G1 X105.284 Y78.07 E1892.91242
G1 X105.329 Y77.125 E1892.94704
G1 X105.529 Y76.277 E1892.97891
G1 X105.907 Y75.441 E1893.01248
G1 X106.375 Y74.773 E1893.04232
G1 X106.95 Y74.193 E1893.0722
G1 X107.518 Y73.781 E1893.09787
G1 X108.187 Y73.438 E1893.12538
G1 X108.887 Y73.21 E1893.15231
G1 X109.744 Y73.088 E1893.18398
G1 X110.613 Y73.121 E1893.2158
G1 X111.494 Y73.322 E1893.24886
G1 X112.298 Y73.678 E1893.28103
G1 X113.088 Y74.228 E1893.31625
G1 X113.713 Y74.888 E1893.3495
G1 X114.187 Y75.626 E1893.38159
G1 X114.503 Y76.386 E1893.41171
G1 X114.668 Y77.111 E1893.43891
G1 X114.72 Y77.783 E1893.46357
G1 X114.631 Y78.698 E1893.4972
G1 X114.373 Y79.568 E1893.5304
G1 X113.992 Y80.312 E1893.56099
G1 X113.449 Y81.019 E1893.5936
G1 X112.783 Y81.608 E1893.62613
G1 X111.961 Y82.091 E1893.66101
G1 X111.109 Y82.386 E1893.694
G1 X110.207 Y82.512 E1893.72732
G1 F1500 E1891.72732
G0 F9000 X52.216 Y79.604
G1 F1500 E1893.72732
G1 F1800 X51.672 Y79.59 E1893.74723
G1 X51.197 Y79.435 E1893.76551
G1 X50.804 Y79.175 E1893.78275
G1 X50.389 Y78.696 E1893.80593
G1 X50.235 Y78.241 E1893.82351
G1 X50.187 Y77.983 E1893.83311
G1 X50.186 Y77.646 E1893.84544
G1 X50.234 Y77.355 E1893.85623
G1 X50.314 Y77.111 E1893.86563
G1 X50.605 Y76.625 E1893.88635
G1 X50.972 Y76.294 E1893.90443
G1 X51.394 Y76.078 E1893.92178
G1 X52.025 Y75.956 E1893.94529
G1 X52.453 Y76.035 E1893.96121
G1 X52.774 Y76.152 E1893.97371
G1 X52.998 Y76.28 E1893.98315
G1 X53.264 Y76.488 E1893.99551
G1 X53.558 Y76.813 E1894.01154
G1 X53.779 Y77.419 E1894.03514
G1 X53.82 Y77.801 E1894.04919
G1 X53.783 Y78.159 E1894.06236
G1 X53.675 Y78.512 E1894.07587
G1 X53.522 Y78.795 E1894.08764
G1 X53.293 Y79.083 E1894.1011
G1 X53.053 Y79.284 E1894.11255
G1 X52.79 Y79.44 E1894.12374
G1 X52.505 Y79.548 E1894.13489
G1 X52.216 Y79.604 E1894.14566
G1 F1500 E1892.14566
G0 F9000 X52.346 Y147.877
;TYPE:SKIN
G1 F1500 E1894.14566
G1 F1800 X52.83 Y147.785 E1894.16369
G1 X53.356 Y147.586 E1894.18426
G1 X53.764 Y147.346 E1894.20158
G1 X54.094 Y147.073 E1894.21725
G1 X54.302 Y146.862 E1894.22809
G1 X54.577 Y146.517 E1894.24423
G1 X54.791 Y146.124 E1894.2606
G1 X54.903 Y145.858 E1894.27116
G1 X55.039 Y145.412 E1894.28822
G1 X55.1 Y144.763 E1894.31207
G1 X55.018 Y144.106 E1894.33629
G1 X54.733 Y143.316 E1894.36702
G1 X54.529 Y142.989 E1894.38112
G1 X54.092 Y142.509 E1894.40487
G1 X53.684 Y142.203 E1894.42353
G1 X53.298 Y141.988 E1894.43969
G1 X52.794 Y141.803 E1894.45934
G1 X52.21 Y141.691 E1894.48109
G1 X51.854 Y141.687 E1894.49412
G1 X51.186 Y141.815 E1894.519
G1 X50.779 Y141.956 E1894.53476
G1 X50.419 Y142.14 E1894.54955
G1 X50.118 Y142.347 E1894.56292
G1 X49.777 Y142.647 E1894.57953
G1 X49.5 Y142.984 E1894.59549
G1 X49.244 Y143.4 E1894.61337
G1 X49.108 Y143.686 E1894.62495
G1 X48.986 Y144.055 E1894.63917
G1 X48.91 Y144.539 E1894.6571
G1 X48.911 Y145.11 E1894.67799
G1 X48.995 Y145.561 E1894.69477
G1 X49.163 Y146.063 E1894.71414
G1 X49.433 Y146.535 E1894.73403
G1 X49.845 Y147.016 E1894.7572
G1 X50.117 Y147.252 E1894.77038
G1 X50.465 Y147.484 E1894.78568
G1 X50.831 Y147.658 E1894.80051
G1 X51.235 Y147.79 E1894.81606
G1 X51.636 Y147.865 E1894.83098
G1 X52.346 Y147.877 E1894.85696
G1 F1500 E1892.85696
G0 F9000 X110 Y149.404
G1 F1500 E1894.85696
G1 F1800 X47.396 Y149.404 E1897.1474
G1 X47.396 Y70.596 E1900.03068
G1 X172.604 Y70.596 E1904.61156
G1 X172.604 Y149.404 E1907.49484
G1 X110 Y149.404 E1909.78528
G1 F1500 E1907.78528
G0 F9000 X167.636 Y147.865
G1 F1500 E1909.78528
G1 F1800 X168.346 Y147.877 E1909.81126
G1 X168.83 Y147.785 E1909.82929
G1 X169.319 Y147.602 E1909.84839
G1 X169.776 Y147.338 E1909.8677
G1 X170.215 Y146.968 E1909.8887
G1 X170.581 Y146.513 E1909.91007
G1 X170.791 Y146.123 E1909.92627
G1 X170.907 Y145.855 E1909.93696
G1 X171.033 Y145.418 E1909.9536
G1 X171.1 Y144.818 E1909.97568
G1 X171.048 Y144.298 E1909.9948
G1 X170.975 Y143.974 E1910.00695
G1 X170.775 Y143.424 E1910.02837
G1 X170.501 Y142.959 E1910.04811
G1 X170.098 Y142.512 E1910.07013
G1 X169.73 Y142.232 E1910.08705
G1 X169.323 Y141.993 E1910.10432
G1 X168.825 Y141.805 E1910.12379
G1 X168.179 Y141.687 E1910.14782
G1 X167.82 Y141.692 E1910.16095
G1 X166.975 Y141.865 E1910.19251
G1 X166.409 Y142.145 E1910.21561
G1 X166.152 Y142.315 E1910.22689
G1 X165.601 Y142.816 E1910.25413
G1 X165.144 Y143.575 E1910.28655
G1 X164.982 Y144.091 E1910.30633
G1 X164.91 Y144.523 E1910.32236
G1 X164.911 Y145.109 E1910.3438
G1 X164.995 Y145.561 E1910.36062
G1 X165.229 Y146.249 E1910.3872
G1 X165.435 Y146.543 E1910.40034
G1 X165.821 Y146.992 E1910.422
G1 X166.117 Y147.252 E1910.43642
G1 X166.465 Y147.484 E1910.45172
G1 X166.831 Y147.658 E1910.46654
G1 X167.235 Y147.79 E1910.48209
G1 X167.636 Y147.865 E1910.49702
G1 F1500 E1908.49702
G0 F9000 X167.435 Y80.849
G1 F1500 E1910.49702
G1 F1800 X168.176 Y80.876 E1910.52415
G1 X168.456 Y80.856 E1910.53442
G1 X168.884 Y80.77 E1910.55039
G1 X169.32 Y80.602 E1910.56749
G1 X169.768 Y80.342 E1910.58644
G1 X170.098 Y80.069 E1910.60211
G1 X170.298 Y79.866 E1910.61253
G1 X170.577 Y79.517 E1910.62888
G1 X170.79 Y79.129 E1910.64507
G1 X170.916 Y78.83 E1910.65694
G1 X171.033 Y78.418 E1910.67261
G1 X171.1 Y77.818 E1910.6947
G1 X171.048 Y77.298 E1910.71382
G1 X170.975 Y76.974 E1910.72597
G1 X170.775 Y76.42 E1910.74752
G1 X170.5 Y75.961 E1910.7671
G1 X170.124 Y75.54 E1910.78775
G1 X169.697 Y75.208 E1910.80754
G1 X169.321 Y74.996 E1910.82333
G1 X168.83 Y74.809 E1910.84255
G1 X168.121 Y74.674 E1910.86896
G1 X167.779 Y74.7 E1910.88151
G1 X167.185 Y74.816 E1910.90365
G1 X166.779 Y74.956 E1910.91936
G1 X166.419 Y75.14 E1910.93415
G1 X166.096 Y75.364 E1910.94853
G1 X165.612 Y75.801 E1910.97239
G1 X165.188 Y76.492 E1911.00205
G1 X164.992 Y77.034 E1911.02314
G1 X164.91 Y77.555 E1911.04243
G1 X164.915 Y78.117 E1911.063
G1 X164.999 Y78.565 E1911.07967
G1 X165.203 Y79.183 E1911.10348
G1 X165.355 Y79.45 E1911.11472
G1 X165.965 Y80.148 E1911.14864
G1 X166.652 Y80.6 E1911.17873
G1 X167.435 Y80.849 E1911.20879
G1 F1500 E1909.20879
G0 F9000 X110.271 Y83.788
G1 F1500 E1911.20879
G1 F1800 X111.389 Y83.634 E1911.25008
G1 X112.505 Y83.251 E1911.29324
G1 X113.544 Y82.638 E1911.33738
G1 X114.391 Y81.878 E1911.37901
G1 X115.072 Y80.996 E1911.41978
G1 X115.576 Y80.003 E1911.46052
G1 X115.892 Y78.924 E1911.50166
G1 X116 Y77.794 E1911.54319
G1 X115.932 Y76.918 E1911.57534
G1 X115.723 Y75.991 E1911.6101
G1 X115.315 Y75.021 E1911.6486
G1 X114.717 Y74.092 E1911.68902
G1 X114.008 Y73.34 E1911.72684
G1 X113.794 Y73.159 E1911.73709
G1 X112.925 Y72.558 E1911.77575
G1 X112.009 Y72.154 E1911.81237
G1 X111.75 Y72.067 E1911.82237
G1 X110.768 Y71.849 E1911.85917
G1 X109.668 Y71.808 E1911.89945
G1 X108.579 Y71.966 E1911.93971
G1 X107.687 Y72.258 E1911.97404
G1 X106.875 Y72.672 E1912.00739
G1 X106.091 Y73.237 E1912.04275
G1 X105.387 Y73.957 E1912.07959
G1 X104.795 Y74.801 E1912.11731
G1 X104.379 Y75.704 E1912.15368
G1 X104.285 Y75.987 E1912.16459
G1 X104.065 Y76.955 E1912.20091
G1 X104.004 Y78.104 E1912.24301
G1 X104.181 Y79.295 E1912.28706
G1 X104.573 Y80.368 E1912.32885
G1 X105.13 Y81.305 E1912.36873
G1 X105.792 Y82.081 E1912.40605
G1 X106.543 Y82.702 E1912.4417
G1 X107.332 Y83.173 E1912.47532
G1 X108.174 Y83.509 E1912.50849
G1 X109.182 Y83.743 E1912.54635
G1 X110.271 Y83.788 E1912.58623
G1 F1500 E1910.58623
G0 F9000 X52.33 Y80.879
G1 F1500 E1912.58623
G1 F1800 X52.862 Y80.772 E1912.60608
G1 X53.285 Y80.615 E1912.62259
G1 X53.746 Y80.352 E1912.64201
G1 X54.203 Y79.977 E1912.66363
G1 X54.571 Y79.52 E1912.6851
G1 X54.863 Y78.988 E1912.7073
G1 X55.046 Y78.376 E1912.73067
G1 X55.099 Y77.715 E1912.75494
G1 X55.019 Y77.107 E1912.77737
G1 X54.721 Y76.282 E1912.80946
G1 X54.581 Y76.05 E1912.81938
G1 X54.132 Y75.545 E1912.8441
G1 X53.701 Y75.208 E1912.86412
G1 X53.313 Y74.988 E1912.88044
G1 X52.825 Y74.805 E1912.8995
G1 X52.12 Y74.674 E1912.92574
G1 X51.779 Y74.7 E1912.93825
G1 X51.185 Y74.816 E1912.96039
G1 X50.779 Y74.956 E1912.97611
G1 X50.419 Y75.14 E1912.9909
G1 X50.118 Y75.347 E1913.00426
G1 X49.777 Y75.647 E1913.02088
G1 X49.517 Y75.96 E1913.03577
G1 X49.244 Y76.4 E1913.05471
G1 X49.108 Y76.686 E1913.0663
G1 X48.986 Y77.06 E1913.08069
G1 X48.91 Y77.538 E1913.0984
G1 X48.911 Y78.11 E1913.11933
G1 X48.995 Y78.561 E1913.13611
G1 X49.163 Y79.063 E1913.15548
G1 X49.433 Y79.535 E1913.17537
G1 X49.838 Y80.006 E1913.1981
G1 X50.098 Y80.234 E1913.21075
G1 X50.464 Y80.483 E1913.22695
G1 X50.8 Y80.647 E1913.24062
G1 X51.231 Y80.79 E1913.25724
G1 X51.502 Y80.858 E1913.26746
G1 X52.33 Y80.879 E1913.29776
G1 F1500 E1911.29776
G0 F9000 X47.616 Y149.043
G1 F1500 E1913.29776
G1 F1800 X47.757 Y149.184 E1913.30506
G0 F9000 X48.379 Y149.184
G1 F1800 X47.616 Y148.421 E1913.34454
G0 F9000 X47.616 Y147.799
G1 F1800 X49.001 Y149.184 E1913.4162
G0 F9000 X49.623 Y149.184
G1 F1800 X47.616 Y147.176 E1913.52007
G0 F9000 X47.616 Y146.554
G1 F1800 X50.246 Y149.184 E1913.65615
G0 F9000 X50.868 Y149.184
G1 F1800 X47.616 Y145.932 E1913.82441
G0 F9000 X47.616 Y145.31
G1 F1800 X51.49 Y149.184 E1914.02485
G0 F9000 X52.112 Y149.184
G1 F1800 X50.811 Y147.883 E1914.09216
G0 F9000 X51.634 Y148.083
G1 F1800 X52.735 Y149.184 E1914.14913
G0 F9000 X53.357 Y149.184
G1 F1800 X52.274 Y148.101 E1914.20517
G0 F9000 X52.809 Y148.014
G1 F1800 X53.979 Y149.184 E1914.2657
G0 F9000 X54.601 Y149.184
G1 F1800 X53.273 Y147.855 E1914.33444
G0 F9000 X53.686 Y147.646
G1 F1800 X55.224 Y149.184 E1914.41402
G0 F9000 X55.846 Y149.184
G1 F1800 X54.053 Y147.391 E1914.50679
G0 F9000 X54.38 Y147.096
G1 F1800 X56.468 Y149.184 E1914.61482
G0 F9000 X57.09 Y149.184
G1 F1800 X54.661 Y146.755 E1914.7405
G0 F9000 X54.905 Y146.377
G1 F1800 X57.713 Y149.184 E1914.88576
G0 F9000 X58.335 Y149.184
G1 F1800 X55.101 Y145.95 E1915.05309
G0 F9000 X55.25 Y145.477
G1 F1800 X58.957 Y149.184 E1915.24489
G0 F9000 X59.579 Y149.184
G1 F1800 X55.308 Y144.912 E1915.4659
G0 F9000 X55.255 Y144.238
G1 F1800 X60.202 Y149.184 E1915.72184
G0 F9000 X60.824 Y149.184
G1 F1800 X54.971 Y143.331 E1916.02468
G1 F1500 E1914.02468
G0 F9000 X53.478 Y141.838
G1 F1500 E1916.02468
G1 F1800 X47.616 Y135.976 E1916.32798
G0 F9000 X47.616 Y136.598
G1 F1800 X52.551 Y141.533 E1916.58332
G0 F9000 X51.859 Y141.463
G1 F1800 X47.616 Y137.22 E1916.80286
G0 F9000 X47.616 Y137.843
G1 F1800 X51.336 Y141.563 E1916.99533
G0 F9000 X50.849 Y141.698
G1 F1800 X47.616 Y138.465 E1917.16261
G0 F9000 X47.616 Y139.087
G1 F1800 X50.421 Y141.892 E1917.30774
G0 F9000 X50.039 Y142.133
G1 F1800 X47.616 Y139.709 E1917.43313
G0 F9000 X47.616 Y140.332
G1 F1800 X49.703 Y142.418 E1917.54109
G0 F9000 X49.411 Y142.749
G1 F1800 X47.616 Y140.954 E1917.63396
G0 F9000 X47.616 Y141.576
G1 F1800 X49.159 Y143.12 E1917.71383
G0 F9000 X48.942 Y143.525
G1 F1800 X47.616 Y142.198 E1917.78246
G0 F9000 X47.616 Y142.821
G1 F1800 X48.779 Y143.984 E1917.84263
G0 F9000 X48.693 Y144.52
G1 F1800 X47.616 Y143.443 E1917.89836
G0 F9000 X47.616 Y144.065
G1 F1800 X48.694 Y145.144 E1917.95416
G0 F9000 X48.903 Y145.974
G1 F1800 X47.616 Y144.687 E1918.02075
G1 F1500 E1916.02075
G0 F9000 X45.235 Y144.687
G0 X45.235 Y135.354
G0 X47.616 Y135.354
G1 F1500 E1918.02075
G1 F1800 X61.446 Y149.184 E1918.73632
G0 F9000 X62.068 Y149.184
G1 F1800 X47.616 Y134.731 E1919.48411
G0 F9000 X47.616 Y134.109
G1 F1800 X62.691 Y149.184 E1920.2641
G0 F9000 X63.313 Y149.184
G1 F1800 X47.616 Y133.487 E1921.07627
G0 F9000 X47.616 Y132.865
G1 F1800 X63.935 Y149.184 E1921.92062
G0 F9000 X64.557 Y149.184
G1 F1800 X47.616 Y132.242 E1922.79719
G0 F9000 X47.616 Y131.62
G1 F1800 X65.18 Y149.184 E1923.70596
G0 F9000 X65.802 Y149.184
G1 F1800 X47.616 Y130.998 E1924.64692
G0 F9000 X47.616 Y130.376
G1 F1800 X66.424 Y149.184 E1925.62005
G0 F9000 X67.046 Y149.184
G1 F1800 X47.616 Y129.753 E1926.6254
G0 F9000 X47.616 Y129.131
G1 F1800 X67.669 Y149.184 E1927.66295
G0 F9000 X68.291 Y149.184
G1 F1800 X47.616 Y128.509 E1928.73269
G0 F9000 X47.616 Y127.887
G1 F1800 X68.913 Y149.184 E1929.83461
G0 F9000 X69.535 Y149.184
G1 F1800 X47.616 Y127.264 E1930.96874
G0 F9000 X47.616 Y126.642
G1 F1800 X70.158 Y149.184 E1932.13508
G0 F9000 X70.78 Y149.184
G1 F1800 X47.616 Y126.02 E1933.3336
G0 F9000 X47.616 Y125.398
G1 F1800 X71.402 Y149.184 E1934.5643
G0 F9000 X72.024 Y149.184
G1 F1800 X47.616 Y124.775 E1935.82721
G0 F9000 X47.616 Y124.153
G1 F1800 X72.647 Y149.184 E1937.12233
G0 F9000 X73.269 Y149.184
G1 F1800 X47.616 Y123.531 E1938.44963
G0 F9000 X47.616 Y122.909
G1 F1800 X73.891 Y149.184 E1939.80912
G0 F9000 X74.513 Y149.184
G1 F1800 X47.616 Y122.286 E1941.20081
G0 F9000 X47.616 Y121.664
G1 F1800 X75.136 Y149.184 E1942.62471
G0 F9000 X75.758 Y149.184
G1 F1800 X47.616 Y121.042 E1944.0808
G0 F9000 X47.616 Y120.42
G1 F1800 X76.38 Y149.184 E1945.56907
G0 F9000 X77.003 Y149.184
G1 F1800 X47.616 Y119.797 E1947.08957
G0 F9000 X47.616 Y119.175
G1 F1800 X77.625 Y149.184 E1948.64225
G0 F9000 X78.247 Y149.184
G1 F1800 X47.616 Y118.553 E1950.22712
G0 F9000 X47.616 Y117.931
G1 F1800 X78.869 Y149.184 E1951.84417
G0 F9000 X79.492 Y149.184
G1 F1800 X47.616 Y117.308 E1953.49345
G0 F9000 X47.616 Y116.686
G1 F1800 X80.114 Y149.184 E1955.17492
G0 F9000 X80.736 Y149.184
G1 F1800 X47.616 Y116.064 E1956.88857
G0 F9000 X47.616 Y115.442
G1 F1800 X81.358 Y149.184 E1958.6344
G0 F9000 X81.981 Y149.184
G1 F1800 X47.616 Y114.819 E1960.41247
G0 F9000 X47.616 Y114.197
G1 F1800 X82.603 Y149.184 E1962.22272
G0 F9000 X83.225 Y149.184
G1 F1800 X47.616 Y113.575 E1964.06515
G0 F9000 X47.616 Y112.953
G1 F1800 X83.847 Y149.184 E1965.93976
G0 F9000 X84.47 Y149.184
G1 F1800 X47.616 Y112.33 E1967.84661
G0 F9000 X47.616 Y111.708
G1 F1800 X85.092 Y149.184 E1969.78565
G0 F9000 X85.714 Y149.184
G1 F1800 X47.616 Y111.086 E1971.75686
G0 F9000 X47.616 Y110.464
G1 F1800 X86.336 Y149.184 E1973.76026
G0 F9000 X86.959 Y149.184
G1 F1800 X47.616 Y109.841 E1975.79589
G0 F9000 X47.616 Y109.219
G1 F1800 X87.581 Y149.184 E1977.8637
G0 F9000 X88.203 Y149.184
G1 F1800 X47.616 Y108.597 E1979.9637
G0 F9000 X47.616 Y107.974
G1 F1800 X88.825 Y149.184 E1982.09591
G0 F9000 X89.448 Y149.184
G1 F1800 X47.616 Y107.352 E1984.26032
G0 F9000 X47.616 Y106.73
G1 F1800 X90.07 Y149.184 E1986.45692
G0 F9000 X90.692 Y149.184
G1 F1800 X47.616 Y106.108 E1988.68569
G0 F9000 X47.616 Y105.485
G1 F1800 X91.314 Y149.184 E1990.94668
G0 F9000 X91.937 Y149.184
G1 F1800 X47.616 Y104.863 E1993.23988
G0 F9000 X47.616 Y104.241
G1 F1800 X92.559 Y149.184 E1995.56526
G0 F9000 X93.181 Y149.184
G1 F1800 X47.616 Y103.619 E1997.92282
G0 F9000 X47.616 Y102.996
G1 F1800 X93.803 Y149.184 E2000.31259
G0 F9000 X94.426 Y149.184
G1 F1800 X47.616 Y102.374 E2002.73457
G0 F9000 X47.616 Y101.752
G1 F1800 X95.048 Y149.184 E2005.18873
G0 F9000 X95.67 Y149.184
G1 F1800 X47.616 Y101.13 E2007.67507
G0 F9000 X47.616 Y100.507
G1 F1800 X96.292 Y149.184 E2010.19363
G0 F9000 X96.915 Y149.184
G1 F1800 X47.616 Y99.885 E2012.74439
G0 F9000 X47.616 Y99.263
G1 F1800 X97.537 Y149.184 E2015.32733
G0 F9000 X98.159 Y149.184
G1 F1800 X47.616 Y98.641 E2017.94246
G0 F9000 X47.616 Y98.018
G1 F1800 X98.781 Y149.184 E2020.58979
G0 F9000 X99.404 Y149.184
G1 F1800 X47.616 Y97.396 E2023.26934
G0 F9000 X47.616 Y96.774
G1 F1800 X100.026 Y149.184 E2025.98106
G0 F9000 X100.648 Y149.184
G1 F1800 X47.616 Y96.152 E2028.72497
G0 F9000 X47.616 Y95.529
G1 F1800 X101.27 Y149.184 E2031.50109
G0 F9000 X101.893 Y149.184
G1 F1800 X47.616 Y94.907 E2034.30942
G0 F9000 X47.616 Y94.285
G1 F1800 X102.515 Y149.184 E2037.14992
G0 F9000 X103.137 Y149.184
G1 F1800 X47.616 Y93.663 E2040.02262
G0 F9000 X47.616 Y93.04
G1 F1800 X103.759 Y149.184 E2042.92752
G0 F9000 X104.382 Y149.184
G1 F1800 X47.616 Y92.418 E2045.86462
G0 F9000 X47.616 Y91.796
G1 F1800 X105.004 Y149.184 E2048.83392
G0 F9000 X105.626 Y149.184
G1 F1800 X47.616 Y91.174 E2051.83539
G0 F9000 X47.616 Y90.551
G1 F1800 X106.248 Y149.184 E2054.86907
G0 F9000 X106.871 Y149.184
G1 F1800 X47.616 Y89.929 E2057.93496
G0 F9000 X47.616 Y89.307
G1 F1800 X107.493 Y149.184 E2061.03304
G0 F9000 X108.115 Y149.184
G1 F1800 X47.616 Y88.685 E2064.16329
G0 F9000 X47.616 Y88.062
G1 F1800 X108.737 Y149.184 E2067.32576
G0 F9000 X109.36 Y149.184
G1 F1800 X47.616 Y87.44 E2070.52043
G0 F9000 X47.616 Y86.818
G1 F1800 X109.982 Y149.184 E2073.74729
G0 F9000 X110.604 Y149.184
G1 F1800 X47.616 Y86.196 E2077.00633
G0 F9000 X47.616 Y85.573
G1 F1800 X111.226 Y149.184 E2080.29757
G0 F9000 X111.849 Y149.184
G1 F1800 X47.616 Y84.951 E2083.62103
G0 F9000 X47.616 Y84.329
G1 F1800 X112.471 Y149.184 E2086.97667
G0 F9000 X113.093 Y149.184
G1 F1800 X47.616 Y83.707 E2090.36449
G0 F9000 X47.616 Y83.084
G1 F1800 X113.715 Y149.184 E2093.78452
G0 F9000 X114.338 Y149.184
G1 F1800 X47.616 Y82.462 E2097.23676
G0 F9000 X47.616 Y81.84
G1 F1800 X114.96 Y149.184 E2100.72118
G0 F9000 X115.582 Y149.184
G1 F1800 X47.616 Y81.218 E2104.23778
G0 F9000 X47.616 Y80.595
G1 F1800 X116.205 Y149.184 E2107.78662
G0 F9000 X116.827 Y149.184
G1 F1800 X47.616 Y79.973 E2111.36764
G0 F9000 X47.616 Y79.351
G1 F1800 X117.449 Y149.184 E2114.98084
G0 F9000 X118.071 Y149.184
G1 F1800 X47.616 Y78.729 E2118.62623
G0 F9000 X47.616 Y78.106
G1 F1800 X118.694 Y149.184 E2122.30385
G0 F9000 X119.316 Y149.184
G1 F1800 X51.113 Y80.981 E2125.83271
G0 F9000 X51.843 Y81.089
G1 F1800 X119.938 Y149.184 E2129.35599
G0 F9000 X120.56 Y149.184
G1 F1800 X52.454 Y81.078 E2132.87984
G0 F9000 X52.966 Y80.967
G1 F1800 X121.183 Y149.184 E2136.40943
G0 F9000 X121.805 Y149.184
G1 F1800 X53.417 Y80.796 E2139.94787
G0 F9000 X53.811 Y80.568
G1 F1800 X122.427 Y149.184 E2143.4981
G0 F9000 X123.049 Y149.184
G1 F1800 X54.16 Y80.295 E2147.06246
G0 F9000 X54.476 Y79.989
G1 F1800 X123.672 Y149.184 E2150.64268
G0 F9000 X124.294 Y149.184
G1 F1800 X54.753 Y79.643 E2154.24078
G0 F9000 X54.973 Y79.241
G1 F1800 X124.916 Y149.184 E2157.85967
G0 F9000 X125.538 Y149.184
G1 F1800 X55.149 Y78.795 E2161.50164
G0 F9000 X55.273 Y78.297
G1 F1800 X126.161 Y149.184 E2165.16941
G0 F9000 X126.783 Y149.184
G1 F1800 X55.321 Y77.722 E2168.86689
G0 F9000 X55.218 Y76.997
G1 F1800 X127.405 Y149.184 E2172.60189
G0 F9000 X128.027 Y149.184
G1 F1800 X54.731 Y75.888 E2176.39428
G0 F9000 X54.024 Y75.18
G1 F1800 X49.659 Y70.816 E2176.6201
G0 F9000 X49.037 Y70.816
G1 F1800 X52.8 Y74.579 E2176.8148
G0 F9000 X52.058 Y74.459
G1 F1800 X48.415 Y70.816 E2177.00329
G0 F9000 X47.793 Y70.816
G1 F1800 X51.504 Y74.528 E2177.19532
G0 F9000 X51.001 Y74.646
G1 F1800 X47.616 Y71.262 E2177.37044
G0 F9000 X47.616 Y71.884
G1 F1800 X50.557 Y74.825 E2177.52261
G0 F9000 X50.161 Y75.051
G1 F1800 X47.616 Y72.506 E2177.65429
G0 F9000 X47.616 Y73.128
G1 F1800 X49.811 Y75.324 E2177.76789
G0 F9000 X49.502 Y75.637
G1 F1800 X47.616 Y73.751 E2177.86547
G0 F9000 X47.616 Y74.373
G1 F1800 X49.239 Y75.996 E2177.94944
G0 F9000 X49.008 Y76.387
G1 F1800 X47.616 Y74.995 E2178.02147
G0 F9000 X47.616 Y75.617
G1 F1800 X48.831 Y76.832 E2178.08433
G0 F9000 X48.72 Y77.343
G1 F1800 X47.616 Y76.24 E2178.14143
G0 F9000 X47.616 Y76.862
G1 F1800 X48.694 Y77.94 E2178.1972
G0 F9000 X48.802 Y78.671
G1 F1800 X47.616 Y77.484 E2178.25859
G1 F1500 E2176.25859
G0 F9000 X45.235 Y77.484
G0 X45.247 Y68.447
G0 X50.282 Y68.435
G0 X50.282 Y70.816
G1 F1500 E2178.25859
G1 F1800 X128.65 Y149.184 E2182.3134
G0 F9000 X129.272 Y149.184
G1 F1800 X50.904 Y70.816 E2186.36821
G0 F9000 X51.526 Y70.816
G1 F1800 X129.894 Y149.184 E2190.42302
G0 F9000 X130.516 Y149.184
G1 F1800 X52.148 Y70.816 E2194.47783
G0 F9000 X52.771 Y70.816
G1 F1800 X131.139 Y149.184 E2198.53264
G0 F9000 X131.761 Y149.184
G1 F1800 X53.393 Y70.816 E2202.58745
G0 F9000 X54.015 Y70.816
G1 F1800 X132.383 Y149.184 E2206.64226
G0 F9000 X133.005 Y149.184
G1 F1800 X54.637 Y70.816 E2210.69707
G0 F9000 X55.26 Y70.816
G1 F1800 X133.628 Y149.184 E2214.75188
G0 F9000 X134.25 Y149.184
G1 F1800 X55.882 Y70.816 E2218.80669
G0 F9000 X56.504 Y70.816
G1 F1800 X134.872 Y149.184 E2222.8615
G0 F9000 X135.494 Y149.184
G1 F1800 X57.126 Y70.816 E2226.91631
G0 F9000 X57.749 Y70.816
G1 F1800 X136.117 Y149.184 E2230.97112
G0 F9000 X136.739 Y149.184
G1 F1800 X58.371 Y70.816 E2235.02593
G0 F9000 X58.993 Y70.816
G1 F1800 X137.361 Y149.184 E2239.08074
G0 F9000 X137.983 Y149.184
G1 F1800 X59.615 Y70.816 E2243.13555
G0 F9000 X60.238 Y70.816
G1 F1800 X138.606 Y149.184 E2247.19036
G0 F9000 X139.228 Y149.184
G1 F1800 X60.86 Y70.816 E2251.24516
G0 F9000 X61.482 Y70.816
G1 F1800 X139.85 Y149.184 E2255.29997
G0 F9000 X140.472 Y149.184
G1 F1800 X62.104 Y70.816 E2259.35478
G0 F9000 X62.727 Y70.816
G1 F1800 X141.095 Y149.184 E2263.40959
G0 F9000 X141.717 Y149.184
G1 F1800 X63.349 Y70.816 E2267.4644
G0 F9000 X63.971 Y70.816
G1 F1800 X142.339 Y149.184 E2271.51921
G0 F9000 X142.961 Y149.184
G1 F1800 X64.593 Y70.816 E2275.57402
G0 F9000 X65.216 Y70.816
G1 F1800 X143.584 Y149.184 E2279.62883
G0 F9000 X144.206 Y149.184
G1 F1800 X65.838 Y70.816 E2283.68364
G0 F9000 X66.46 Y70.816
G1 F1800 X144.828 Y149.184 E2287.73845
G0 F9000 X145.45 Y149.184
G1 F1800 X67.083 Y70.816 E2291.79323
G0 F9000 X67.705 Y70.816
G1 F1800 X146.073 Y149.184 E2295.84804
G0 F9000 X146.695 Y149.184
G1 F1800 X68.327 Y70.816 E2299.90285
G0 F9000 X68.949 Y70.816
G1 F1800 X147.317 Y149.184 E2303.95766
G0 F9000 X147.939 Y149.184
G1 F1800 X69.572 Y70.816 E2308.01245
G0 F9000 X70.194 Y70.816
G1 F1800 X148.562 Y149.184 E2312.06726
G0 F9000 X149.184 Y149.184
G1 F1800 X70.816 Y70.816 E2316.12206
G0 F9000 X71.438 Y70.816
G1 F1800 X149.806 Y149.184 E2320.17687
G0 F9000 X150.428 Y149.184
G1 F1800 X72.061 Y70.816 E2324.23166
G0 F9000 X72.683 Y70.816
G1 F1800 X151.051 Y149.184 E2328.28647
G0 F9000 X151.673 Y149.184
G1 F1800 X73.305 Y70.816 E2332.34128
G0 F9000 X73.927 Y70.816
G1 F1800 X152.295 Y149.184 E2336.39609
G0 F9000 X152.917 Y149.184
G1 F1800 X74.55 Y70.816 E2340.45087
G0 F9000 X75.172 Y70.816
G1 F1800 X153.54 Y149.184 E2344.50568
G0 F9000 X154.162 Y149.184
G1 F1800 X75.794 Y70.816 E2348.56049
G0 F9000 X76.416 Y70.816
G1 F1800 X154.784 Y149.184 E2352.6153
G0 F9000 X155.407 Y149.184
G1 F1800 X77.039 Y70.816 E2356.67011
G0 F9000 X77.661 Y70.816
G1 F1800 X156.029 Y149.184 E2360.72492
G0 F9000 X156.651 Y149.184
G1 F1800 X78.283 Y70.816 E2364.77973
G0 F9000 X78.905 Y70.816
G1 F1800 X157.273 Y149.184 E2368.83454
G0 F9000 X157.896 Y149.184
G1 F1800 X79.528 Y70.816 E2372.88935
G0 F9000 X80.15 Y70.816
G1 F1800 X158.518 Y149.184 E2376.94416
G0 F9000 X159.14 Y149.184
G1 F1800 X80.772 Y70.816 E2380.99897
G0 F9000 X81.394 Y70.816
G1 F1800 X159.762 Y149.184 E2385.05377
G0 F9000 X160.385 Y149.184
G1 F1800 X82.017 Y70.816 E2389.10858
G0 F9000 X82.639 Y70.816
G1 F1800 X161.007 Y149.184 E2393.16339
G0 F9000 X161.629 Y149.184
G1 F1800 X83.261 Y70.816 E2397.2182
G0 F9000 X83.883 Y70.816
G1 F1800 X162.251 Y149.184 E2401.27301
G0 F9000 X162.874 Y149.184
G1 F1800 X84.506 Y70.816 E2405.32782
G0 F9000 X85.128 Y70.816
G1 F1800 X163.496 Y149.184 E2409.38263
G0 F9000 X164.118 Y149.184
G1 F1800 X85.75 Y70.816 E2413.43744
G0 F9000 X86.372 Y70.816
G1 F1800 X164.74 Y149.184 E2417.49225
G0 F9000 X165.363 Y149.184
G1 F1800 X86.995 Y70.816 E2421.54706
G0 F9000 X87.617 Y70.816
G1 F1800 X165.985 Y149.184 E2425.60187
G0 F9000 X166.607 Y149.184
G1 F1800 X88.239 Y70.816 E2429.65668
G0 F9000 X88.861 Y70.816
G1 F1800 X167.229 Y149.184 E2433.71149
G0 F9000 X167.852 Y149.184
G1 F1800 X166.318 Y147.65 E2433.79086
G0 F9000 X167.32 Y148.03
G1 F1800 X168.474 Y149.184 E2433.85057
G0 F9000 X169.096 Y149.184
G1 F1800 X168.007 Y148.095 E2433.90691
G0 F9000 X168.589 Y148.055
G1 F1800 X169.718 Y149.184 E2433.96533
G0 F9000 X170.341 Y149.184
G1 F1800 X169.081 Y147.925 E2434.0305
G0 F9000 X169.518 Y147.739
G1 F1800 X170.963 Y149.184 E2434.10526
G0 F9000 X171.585 Y149.184
G1 F1800 X169.91 Y147.509 E2434.19193
G0 F9000 X170.249 Y147.226
G1 F1800 X172.207 Y149.184 E2434.29323
G0 F9000 X172.384 Y148.738
G1 F1800 X170.549 Y146.904 E2434.38815
G0 F9000 X170.812 Y146.544
G1 F1800 X172.384 Y148.116 E2434.46949
G0 F9000 X172.384 Y147.494
G1 F1800 X171.025 Y146.135 E2434.5398
G0 F9000 X171.186 Y145.674
G1 F1800 X172.384 Y146.872 E2434.60179
G0 F9000 X172.384 Y146.249
G1 F1800 X171.287 Y145.152 E2434.65855
G0 F9000 X171.293 Y144.536
G1 F1800 X172.384 Y145.627 E2434.715
G0 F9000 X172.384 Y145.005
G1 F1800 X171.125 Y143.746 E2434.78014
G0 F9000 X172.384 Y143.76
G1 F1800 X112.209 Y83.586 E2437.89361
G0 F9000 X112.66 Y83.415
G1 F1800 X172.384 Y143.138 E2440.98374
G0 F9000 X172.384 Y142.516
G1 F1800 X113.052 Y83.183 E2444.05364
G0 F9000 X113.443 Y82.952
G1 F1800 X172.384 Y141.894 E2447.10331
G0 F9000 X172.384 Y141.271
G1 F1800 X113.808 Y82.695 E2450.13407
G0 F9000 X114.136 Y82.401
G1 F1800 X172.384 Y140.649 E2453.14786
G0 F9000 X172.384 Y140.027
G1 F1800 X114.463 Y82.106 E2456.14472
G0 F9000 X114.751 Y81.771
G1 F1800 X172.384 Y139.405 E2459.12672
G0 F9000 X172.384 Y138.782
G1 F1800 X115.021 Y81.419 E2462.09472
G0 F9000 X115.285 Y81.061
G1 F1800 X172.384 Y138.16 E2465.04905
G0 F9000 X172.384 Y137.538
G1 F1800 X115.495 Y80.648 E2467.99255
G0 F9000 X115.704 Y80.235
G1 F1800 X172.384 Y136.916 E2470.92524
G0 F9000 X172.384 Y136.293
G1 F1800 X115.869 Y79.779 E2473.84933
G0 F9000 X116.011 Y79.298
G1 F1800 X172.384 Y135.671 E2476.76611
G0 F9000 X172.384 Y135.049
G1 F1800 X116.125 Y78.79 E2479.67698
G0 F9000 X116.181 Y78.224
G1 F1800 X172.384 Y134.427 E2482.58496
G0 F9000 X172.384 Y133.804
G1 F1800 X116.206 Y77.626 E2485.49165
G0 F9000 X116.15 Y76.948
G1 F1800 X172.384 Y133.182 E2488.40123
G0 F9000 X172.384 Y132.56
G1 F1800 X115.987 Y76.163 E2491.31924
G0 F9000 X115.608 Y75.162
G1 F1800 X172.384 Y131.938 E2494.25687
G0 F9000 X172.384 Y131.315
G1 F1800 X111.885 Y70.816 E2497.38713
G0 F9000 X111.263 Y70.816
G1 F1800 X112.636 Y72.19 E2497.45819
G0 F9000 X111.643 Y71.819
G1 F1800 X110.64 Y70.816 E2497.51009
G0 F9000 X110.018 Y70.816
G1 F1800 X110.843 Y71.641 E2497.55277
G0 F9000 X110.185 Y71.605
G1 F1800 X109.396 Y70.816 E2497.5936
G0 F9000 X108.774 Y70.816
G1 F1800 X109.556 Y71.598 E2497.63406
G0 F9000 X109.015 Y71.68
G1 F1800 X108.151 Y70.816 E2497.67876
G0 F9000 X107.529 Y70.816
G1 F1800 X108.48 Y71.767 E2497.72797
G0 F9000 X108.011 Y71.921
G1 F1800 X106.907 Y70.816 E2497.78512
G0 F9000 X106.285 Y70.816
G1 F1800 X107.552 Y72.083 E2497.85067
G0 F9000 X107.14 Y72.294
G1 F1800 X105.662 Y70.816 E2497.92714
G0 F9000 X105.04 Y70.816
G1 F1800 X106.729 Y72.505 E2498.01453
G0 F9000 X106.365 Y72.763
G1 F1800 X104.418 Y70.816 E2498.11527
G0 F9000 X103.795 Y70.816
G1 F1800 X106.003 Y73.024 E2498.22952
G0 F9000 X105.692 Y73.335
G1 F1800 X103.173 Y70.816 E2498.35985
G0 F9000 X102.551 Y70.816
G1 F1800 X105.382 Y73.647 E2498.50633
G0 F9000 X105.102 Y73.99
G1 F1800 X101.929 Y70.816 E2498.67053
G0 F9000 X101.306 Y70.816
G1 F1800 X104.844 Y74.354 E2498.85359
G0 F9000 X104.587 Y74.719
G1 F1800 X100.684 Y70.816 E2499.05553
G0 F9000 X100.062 Y70.816
G1 F1800 X104.392 Y75.146 E2499.27957
G0 F9000 X104.197 Y75.573
G1 F1800 X99.44 Y70.816 E2499.5257
G0 F9000 X98.817 Y70.816
G1 F1800 X104.047 Y76.045 E2499.79627
G0 F9000 X103.931 Y76.552
G1 F1800 X98.195 Y70.816 E2500.09306
G0 F9000 X97.573 Y70.816
G1 F1800 X103.841 Y77.085 E2500.41739
G0 F9000 X103.809 Y77.674
G1 F1800 X96.951 Y70.816 E2500.77223
G0 F9000 X96.328 Y70.816
G1 F1800 X103.811 Y78.299 E2501.15941
G0 F9000 X103.918 Y79.028
G1 F1800 X95.706 Y70.816 E2501.5843
G0 F9000 X95.084 Y70.816
G1 F1800 X104.173 Y79.905 E2502.05457
G0 F9000 X104.767 Y81.121
G1 F1800 X94.462 Y70.816 E2502.58776
G0 F9000 X93.839 Y70.816
G1 F1800 X165.567 Y142.544 E2506.29901
G0 F9000 X165.895 Y142.249
G1 F1800 X106.696 Y83.05 E2509.362
G0 F9000 X107.907 Y83.639
G1 F1800 X166.253 Y141.985 E2512.38086
G0 F9000 X166.663 Y141.773
G1 F1800 X108.76 Y83.87 E2515.3768
G0 F9000 X109.49 Y83.977
G1 F1800 X167.121 Y141.609 E2518.35869
G0 F9000 X167.638 Y141.503
G1 F1800 X110.136 Y84.001 E2521.33388
G0 F9000 X110.708 Y83.951
G1 F1800 X168.229 Y141.472 E2524.31005
G0 F9000 X169.03 Y141.651
G1 F1800 X111.253 Y83.873 E2527.2995
G0 F9000 X111.747 Y83.745
G1 F1800 X172.384 Y144.383 E2530.43692
G1 F1500 E2528.43692
G0 F9000 X165.297 Y142.896
G1 F1500 E2530.43692
G1 F1800 X93.217 Y70.816 E2534.16638
G0 F9000 X92.595 Y70.816
G1 F1800 X165.064 Y143.285 E2537.91597
G0 F9000 X164.872 Y143.715
G1 F1800 X91.973 Y70.816 E2541.68781
G0 F9000 X91.35 Y70.816
G1 F1800 X164.74 Y144.206 E2545.48506
G0 F9000 X164.691 Y144.779
G1 F1800 X90.728 Y70.816 E2549.31195
G0 F9000 X90.106 Y70.816
G1 F1800 X164.757 Y145.467 E2553.17444
G0 F9000 X165.063 Y146.395
G1 F1800 X89.484 Y70.816 E2557.08495
G1 F1500 E2555.08495
G0 F9000 X89.484 Y68.435
G0 X112.507 Y68.435
G0 X112.507 Y70.816
G1 F1500 E2557.08495
G1 F1800 X172.384 Y130.693 E2560.18302
G0 F9000 X172.384 Y130.071
G1 F1800 X113.129 Y70.816 E2563.24891
G0 F9000 X113.752 Y70.816
G1 F1800 X172.384 Y129.449 E2566.28259
G0 F9000 X172.384 Y128.826
G1 F1800 X114.374 Y70.816 E2569.28407
G0 F9000 X114.996 Y70.816
G1 F1800 X172.384 Y128.204 E2572.25336
G0 F9000 X172.384 Y127.582
G1 F1800 X115.618 Y70.816 E2575.19047
G0 F9000 X116.241 Y70.816
G1 F1800 X172.384 Y126.96 E2578.09537
G0 F9000 X172.384 Y126.337
G1 F1800 X116.863 Y70.816 E2580.96806
G0 F9000 X117.485 Y70.816
G1 F1800 X172.384 Y125.715 E2583.80857
G0 F9000 X172.384 Y125.093
G1 F1800 X118.107 Y70.816 E2586.61689
G0 F9000 X118.73 Y70.816
G1 F1800 X172.384 Y124.471 E2589.39301
G0 F9000 X172.384 Y123.848
G1 F1800 X119.352 Y70.816 E2592.13692
G0 F9000 X119.974 Y70.816
G1 F1800 X172.384 Y123.226 E2594.84864
G0 F9000 X172.384 Y122.604
G1 F1800 X120.596 Y70.816 E2597.52819
G0 F9000 X121.219 Y70.816
G1 F1800 X172.384 Y121.982 E2600.17552
G0 F9000 X172.384 Y121.359
G1 F1800 X121.841 Y70.816 E2602.79065
G0 F9000 X122.463 Y70.816
G1 F1800 X172.384 Y120.737 E2605.37359
G0 F9000 X172.384 Y120.115
G1 F1800 X123.085 Y70.816 E2607.92435
G0 F9000 X123.708 Y70.816
G1 F1800 X172.384 Y119.493 E2610.44291
G0 F9000 X172.384 Y118.87
G1 F1800 X124.33 Y70.816 E2612.92925
G0 F9000 X124.952 Y70.816
G1 F1800 X172.384 Y118.248 E2615.38341
G0 F9000 X172.384 Y117.626
G1 F1800 X125.574 Y70.816 E2617.80539
G0 F9000 X126.197 Y70.816
G1 F1800 X172.384 Y117.004 E2620.19516
G0 F9000 X172.384 Y116.381
G1 F1800 X126.819 Y70.816 E2622.55272
G0 F9000 X127.441 Y70.816
G1 F1800 X172.384 Y115.759 E2624.8781
G0 F9000 X172.384 Y115.137
G1 F1800 X128.063 Y70.816 E2627.1713
G0 F9000 X128.686 Y70.816
G1 F1800 X172.384 Y114.515 E2629.43229
G0 F9000 X172.384 Y113.892
G1 F1800 X129.308 Y70.816 E2631.66107
G0 F9000 X129.93 Y70.816
G1 F1800 X172.384 Y113.27 E2633.85766
G0 F9000 X172.384 Y112.648
G1 F1800 X130.552 Y70.816 E2636.02208
G0 F9000 X131.175 Y70.816
G1 F1800 X172.384 Y112.026 E2638.15428
G0 F9000 X172.384 Y111.403
G1 F1800 X131.797 Y70.816 E2640.25428
G0 F9000 X132.419 Y70.816
G1 F1800 X172.384 Y110.781 E2642.32209
G0 F9000 X172.384 Y110.159
G1 F1800 X133.041 Y70.816 E2644.35772
G0 F9000 X133.664 Y70.816
G1 F1800 X172.384 Y109.536 E2646.36112
G0 F9000 X172.384 Y108.914
G1 F1800 X134.286 Y70.816 E2648.33234
G0 F9000 X134.908 Y70.816
G1 F1800 X172.384 Y108.292 E2650.27137
G0 F9000 X172.384 Y107.67
G1 F1800 X135.53 Y70.816 E2652.17822
G0 F9000 X136.153 Y70.816
G1 F1800 X172.384 Y107.047 E2654.05283
G0 F9000 X172.384 Y106.425
G1 F1800 X136.775 Y70.816 E2655.89526
G0 F9000 X137.397 Y70.816
G1 F1800 X172.384 Y105.803 E2657.70551
G0 F9000 X172.384 Y105.181
G1 F1800 X138.019 Y70.816 E2659.48358
G0 F9000 X138.642 Y70.816
G1 F1800 X172.384 Y104.558 E2661.22941
G0 F9000 X172.384 Y103.936
G1 F1800 X139.264 Y70.816 E2662.94306
G0 F9000 X139.886 Y70.816
G1 F1800 X172.384 Y103.314 E2664.62453
G0 F9000 X172.384 Y102.692
G1 F1800 X140.508 Y70.816 E2666.27381
G0 F9000 X141.131 Y70.816
G1 F1800 X172.384 Y102.069 E2667.89086
G0 F9000 X172.384 Y101.447
G1 F1800 X141.753 Y70.816 E2669.47573
G0 F9000 X142.375 Y70.816
G1 F1800 X172.384 Y100.825 E2671.02841
G0 F9000 X172.384 Y100.203
G1 F1800 X142.997 Y70.816 E2672.54892
G0 F9000 X143.62 Y70.816
G1 F1800 X172.384 Y99.58 E2674.03718
G0 F9000 X172.384 Y98.958
G1 F1800 X144.242 Y70.816 E2675.49327
G0 F9000 X144.864 Y70.816
G1 F1800 X172.384 Y98.336 E2676.91717
G0 F9000 X172.384 Y97.714
G1 F1800 X145.487 Y70.816 E2678.30886
G0 F9000 X146.109 Y70.816
G1 F1800 X172.384 Y97.091 E2679.66835
G0 F9000 X172.384 Y96.469
G1 F1800 X146.731 Y70.816 E2680.99565
G0 F9000 X147.353 Y70.816
G1 F1800 X172.384 Y95.847 E2682.29077
G0 F9000 X172.384 Y95.225
G1 F1800 X147.976 Y70.816 E2683.55368
G0 F9000 X148.598 Y70.816
G1 F1800 X172.384 Y94.602 E2684.78438
G0 F9000 X172.384 Y93.98
G1 F1800 X149.22 Y70.816 E2685.9829
G0 F9000 X149.842 Y70.816
G1 F1800 X172.384 Y93.358 E2687.14924
G0 F9000 X172.384 Y92.736
G1 F1800 X150.465 Y70.816 E2688.28337
G0 F9000 X151.087 Y70.816
G1 F1800 X172.384 Y92.113 E2689.38529
G0 F9000 X172.384 Y91.491
G1 F1800 X151.709 Y70.816 E2690.45503
G0 F9000 X152.331 Y70.816
G1 F1800 X172.384 Y90.869 E2691.49258
G0 F9000 X172.384 Y90.247
G1 F1800 X152.954 Y70.816 E2692.49793
G0 F9000 X153.576 Y70.816
G1 F1800 X172.384 Y89.624 E2693.47107
G0 F9000 X172.384 Y89.002
G1 F1800 X154.198 Y70.816 E2694.41202
G0 F9000 X154.82 Y70.816
G1 F1800 X172.384 Y88.38 E2695.32079
G0 F9000 X172.384 Y87.758
G1 F1800 X155.443 Y70.816 E2696.19736
G0 F9000 X156.065 Y70.816
G1 F1800 X172.384 Y87.135 E2697.04171
G0 F9000 X172.384 Y86.513
G1 F1800 X166.727 Y80.856 E2697.33441
G0 F9000 X167.569 Y81.076
G1 F1800 X172.384 Y85.891 E2697.58354
G0 F9000 X172.384 Y85.269
G1 F1800 X168.207 Y81.092 E2697.79966
G0 F9000 X168.76 Y81.022
G1 F1800 X172.384 Y84.646 E2697.98717
G0 F9000 X172.384 Y84.024
G1 F1800 X169.23 Y80.87 E2698.15036
G0 F9000 X169.647 Y80.665
G1 F1800 X172.384 Y83.402 E2698.29197
G0 F9000 X172.384 Y82.78
G1 F1800 X170.021 Y80.416 E2698.41426
G0 F9000 X170.351 Y80.124
G1 F1800 X172.384 Y82.157 E2698.51945
G0 F9000 X172.384 Y81.535
G1 F1800 X170.64 Y79.791 E2698.60969
G0 F9000 X170.884 Y79.412
G1 F1800 X172.384 Y80.913 E2698.68732
G0 F9000 X172.384 Y80.291
G1 F1800 X171.087 Y78.993 E2698.75446
G0 F9000 X171.232 Y78.516
G1 F1800 X172.384 Y79.668 E2698.81406
G0 F9000 X172.384 Y79.046
G1 F1800 X171.308 Y77.97 E2698.86973
G0 F9000 X171.27 Y77.309
G1 F1800 X172.384 Y78.424 E2698.9274
G0 F9000 X172.384 Y77.802
G1 F1800 X171.011 Y76.428 E2698.99847
G0 F9000 X172.384 Y76.557
G1 F1800 X166.643 Y70.816 E2699.29551
G0 F9000 X166.021 Y70.816
G1 F1800 X172.384 Y77.179 E2699.62473
G0 F9000 X172.384 Y75.935
G1 F1800 X167.265 Y70.816 E2699.88959
G0 F9000 X167.888 Y70.816
G1 F1800 X172.384 Y75.313 E2700.12225
G0 F9000 X172.384 Y74.69
G1 F1800 X168.51 Y70.816 E2700.32269
G0 F9000 X169.132 Y70.816
G1 F1800 X172.384 Y74.068 E2700.49095
G0 F9000 X172.384 Y73.446
G1 F1800 X169.754 Y70.816 E2700.62703
G0 F9000 X170.377 Y70.816
G1 F1800 X172.384 Y72.824 E2700.7309
G0 F9000 X172.384 Y72.201
G1 F1800 X170.999 Y70.816 E2700.80256
G0 F9000 X171.621 Y70.816
G1 F1800 X172.384 Y71.579 E2700.84204
G0 F9000 X172.384 Y70.957
G1 F1800 X172.243 Y70.816 E2700.84933
G1 F1500 E2698.84933
G0 F9000 X169.36 Y74.777
G1 F1500 E2700.84933
G1 F1800 X165.399 Y70.816 E2701.05428
G0 F9000 X164.776 Y70.816
G1 F1800 X168.48 Y74.52 E2701.24592
G0 F9000 X167.817 Y74.479
G1 F1800 X164.154 Y70.816 E2701.43545
G0 F9000 X163.532 Y70.816
G1 F1800 X167.287 Y74.571 E2701.62974
G0 F9000 X166.805 Y74.711
G1 F1800 X162.91 Y70.816 E2701.83126
G0 F9000 X162.287 Y70.816
G1 F1800 X166.383 Y74.912 E2702.04319
G0 F9000 X166.005 Y75.156
G1 F1800 X161.665 Y70.816 E2702.26775
G0 F9000 X161.043 Y70.816
G1 F1800 X165.675 Y75.448 E2702.50741
G0 F9000 X165.375 Y75.77
G1 F1800 X160.421 Y70.816 E2702.76373
G0 F9000 X159.798 Y70.816
G1 F1800 X165.138 Y76.155 E2703.04
G0 F9000 X164.923 Y76.563
G1 F1800 X159.176 Y70.816 E2703.33736
G0 F9000 X158.554 Y70.816
G1 F1800 X164.766 Y77.029 E2703.6588
G0 F9000 X164.692 Y77.577
G1 F1800 X157.932 Y70.816 E2704.00859
G0 F9000 X157.309 Y70.816
G1 F1800 X164.712 Y78.219 E2704.39162
G0 F9000 X164.929 Y79.058
G1 F1800 X156.687 Y70.816 E2704.81807
G1 F1500 E2702.81807
;MESH:NONMESH
G0 F300 Z0.8
G0 F9000 X52.295 Y80.48
;TIME_ELAPSED:3241.331628
;LAYER:3
M106 S255
;TYPE:WALL-INNER
;MESH:SmartKiln_Fondo.stl
G1 F1500 E2704.81807
G1 F1800 X51.524 Y80.47 E2704.84628
G1 X50.951 Y80.281 E2704.86836
G1 X50.688 Y80.154 E2704.87904
G1 X50.344 Y79.925 E2704.89416
G1 X50.121 Y79.729 E2704.90502
G1 X49.753 Y79.306 E2704.92553
G1 X49.543 Y78.942 E2704.94091
G1 X49.383 Y78.473 E2704.95904
G1 X49.304 Y78.049 E2704.97482
G1 X49.304 Y77.595 E2704.99143
G1 X49.369 Y77.17 E2705.00716
G1 X49.478 Y76.837 E2705.01998
G1 X49.585 Y76.606 E2705.02929
G1 X49.837 Y76.194 E2705.04696
G1 X50.039 Y75.95 E2705.05855
G1 X50.363 Y75.658 E2705.07451
G1 X50.599 Y75.496 E2705.08498
G1 X50.967 Y75.308 E2705.1001
G1 X51.258 Y75.208 E2705.11136
G1 X51.834 Y75.096 E2705.13283
G1 X52.095 Y75.074 E2705.14241
G1 X52.706 Y75.187 E2705.16514
G1 X53.13 Y75.342 E2705.18166
G1 X53.498 Y75.553 E2705.19718
G1 X53.852 Y75.826 E2705.21353
G1 X54.253 Y76.269 E2705.2354
G1 X54.374 Y76.476 E2705.24417
G1 X54.632 Y77.183 E2705.2717
G1 X54.708 Y77.795 E2705.29427
G1 X54.653 Y78.295 E2705.31267
G1 X54.497 Y78.84 E2705.33341
G1 X54.255 Y79.291 E2705.35214
G1 X53.928 Y79.7 E2705.37129
G1 X53.534 Y80.022 E2705.38991
G1 X53.139 Y80.248 E2705.40656
G1 X52.749 Y80.393 E2705.42178
G1 X52.295 Y80.48 E2705.4387
G0 F9000 X52.255 Y80.042
G1 F1800 X51.575 Y80.023 E2705.46358
G1 X51.003 Y79.835 E2705.48561
G1 X50.513 Y79.51 E2705.50712
G1 X50.085 Y79.017 E2705.53101
G1 X49.959 Y78.799 E2705.54022
G1 X49.803 Y78.322 E2705.55858
G1 X49.743 Y78.005 E2705.57039
G1 X49.751 Y77.578 E2705.58601
G1 X49.799 Y77.269 E2705.59745
G1 X49.919 Y76.903 E2705.61154
G1 X50.263 Y76.341 E2705.63565
G1 X50.722 Y75.927 E2705.65827
G1 X51.249 Y75.658 E2705.67991
G1 X51.91 Y75.529 E2705.70455
G1 X52.138 Y75.529 E2705.7129
G1 X52.588 Y75.613 E2705.72964
G1 X52.948 Y75.745 E2705.74367
G1 X53.216 Y75.898 E2705.75496
G1 X53.552 Y76.15 E2705.77033
G1 X53.942 Y76.592 E2705.79189
G1 X54.208 Y77.321 E2705.82029
G1 X54.265 Y77.798 E2705.83786
G1 X54.211 Y78.261 E2705.85492
G1 X54.097 Y78.641 E2705.86943
G1 X53.905 Y79.012 E2705.88471
G1 X53.615 Y79.388 E2705.90209
G1 X53.289 Y79.656 E2705.91753
G1 X52.959 Y79.847 E2705.93148
G1 X52.627 Y79.971 E2705.94444
G1 X52.255 Y80.042 E2705.9583
G1 F1500 E2703.9583
G0 F9000 X110.287 Y83.394
G1 F1500 E2705.9583
G1 F1800 X109.231 Y83.348 E2705.99697
G1 X108.315 Y83.139 E2706.03134
G1 X107.515 Y82.82 E2706.06285
G1 X106.792 Y82.39 E2706.09363
G1 X106.082 Y81.809 E2706.1272
G1 X105.45 Y81.074 E2706.16266
G1 X104.936 Y80.208 E2706.19951
G1 X104.567 Y79.189 E2706.23916
G1 X104.405 Y78.123 E2706.2786
G1 X104.454 Y77.028 E2706.31871
G1 X104.697 Y75.972 E2706.35835
G1 X105.127 Y75.022 E2706.3965
G1 X105.708 Y74.193 E2706.43354
G1 X106.366 Y73.53 E2706.46771
G1 X107.071 Y73.019 E2706.49957
G1 X107.829 Y72.63 E2706.53074
G1 X108.704 Y72.345 E2706.56441
G1 X109.67 Y72.206 E2706.60012
G1 X110.703 Y72.239 E2706.63793
G1 X111.749 Y72.473 E2706.67714
G1 X112.751 Y72.917 E2706.71724
G1 X113.646 Y73.539 E2706.75712
G1 X114.398 Y74.325 E2706.79691
G1 X114.96 Y75.194 E2706.83478
G1 X115.338 Y76.094 E2706.87049
G1 X115.539 Y76.964 E2706.90316
G1 X115.6 Y77.817 E2706.93445
G1 X115.497 Y78.874 E2706.9733
G1 X115.201 Y79.879 E2707.01163
G1 X114.746 Y80.775 E2707.0484
G1 X114.101 Y81.618 E2707.08723
G1 X113.281 Y82.334 E2707.12706
G1 X112.361 Y82.881 E2707.16622
G1 X111.319 Y83.245 E2707.2066
G1 X110.287 Y83.394 E2707.24475
G0 F9000 X110.25 Y82.952
G1 F1800 X109.328 Y82.917 E2707.27851
G1 X108.466 Y82.725 E2707.31082
G1 X107.713 Y82.423 E2707.3405
G1 X107.04 Y82.026 E2707.36909
G1 X106.401 Y81.499 E2707.39939
G1 X105.826 Y80.837 E2707.43147
G1 X105.33 Y80.006 E2707.46688
G1 X104.995 Y79.08 E2707.50291
G1 X104.845 Y78.096 E2707.53932
G1 X104.886 Y77.086 E2707.5763
G1 X105.116 Y76.112 E2707.61292
G1 X105.51 Y75.242 E2707.64786
G1 X106.047 Y74.475 E2707.68212
G1 X106.651 Y73.867 E2707.71347
G1 X107.302 Y73.395 E2707.74289
G1 X107.999 Y73.037 E2707.77156
G1 X108.806 Y72.774 E2707.80261
G1 X109.694 Y72.647 E2707.83543
G1 X110.646 Y72.678 E2707.87028
G1 X111.61 Y72.893 E2707.90642
G1 X112.534 Y73.302 E2707.94339
G1 X113.358 Y73.874 E2707.98008
G1 X114.047 Y74.595 E2708.01657
G1 X114.571 Y75.405 E2708.05187
G1 X114.92 Y76.234 E2708.08477
G1 X115.103 Y77.027 E2708.11455
G1 X115.163 Y77.805 E2708.1431
G1 X115.06 Y78.797 E2708.17959
G1 X114.8 Y79.686 E2708.21347
G1 X114.373 Y80.538 E2708.24834
G1 X113.773 Y81.318 E2708.28434
G1 X113.033 Y81.974 E2708.32052
G1 X112.182 Y82.474 E2708.35664
G1 X111.211 Y82.817 E2708.39431
G1 X110.25 Y82.952 E2708.42982
G1 F1500 E2706.42982
G0 F9000 X167.492 Y80.461
G1 F1500 E2708.42982
G1 F1800 X166.799 Y80.227 E2708.45658
G1 X166.213 Y79.838 E2708.48231
G1 X165.684 Y79.218 E2708.51213
G1 X165.565 Y79.001 E2708.52118
G1 X165.389 Y78.485 E2708.54113
G1 X165.309 Y78.051 E2708.55728
G1 X165.307 Y77.597 E2708.57389
G1 X165.371 Y77.159 E2708.59008
G1 X165.535 Y76.688 E2708.60833
G1 X165.922 Y76.056 E2708.63544
G1 X166.363 Y75.658 E2708.65717
G1 X166.599 Y75.496 E2708.66765
G1 X166.967 Y75.308 E2708.68277
G1 X167.258 Y75.208 E2708.69402
G1 X167.834 Y75.096 E2708.71549
G1 X168.095 Y75.074 E2708.72507
G1 X168.711 Y75.188 E2708.74799
G1 X169.136 Y75.349 E2708.76462
G1 X169.495 Y75.55 E2708.77967
G1 X169.848 Y75.822 E2708.79598
G1 X170.184 Y76.193 E2708.81429
G1 X170.402 Y76.554 E2708.82972
G1 X170.598 Y77.09 E2708.8506
G1 X170.658 Y77.349 E2708.86033
G1 X170.7 Y77.8 E2708.8769
G1 X170.652 Y78.298 E2708.8952
G1 X170.504 Y78.829 E2708.91537
G1 X170.263 Y79.277 E2708.93398
G1 X169.938 Y79.692 E2708.95327
G1 X169.551 Y80.014 E2708.97169
G1 X169.169 Y80.239 E2708.98791
G1 X168.753 Y80.396 E2709.00417
G1 X168.29 Y80.488 E2709.02145
G1 X167.492 Y80.461 E2709.05066
G0 F9000 X167.59 Y80.026
G1 F1800 X167.023 Y79.841 E2709.07248
G1 X166.517 Y79.512 E2709.09456
G1 X166.006 Y78.925 E2709.12303
G1 X165.814 Y78.371 E2709.14449
G1 X165.747 Y78.009 E2709.15795
G1 X165.745 Y77.63 E2709.17182
G1 X165.799 Y77.267 E2709.18525
G1 X165.923 Y76.905 E2709.19925
G1 X166.246 Y76.367 E2709.22221
G1 X166.718 Y75.929 E2709.24576
G1 X167.249 Y75.658 E2709.26757
G1 X167.91 Y75.529 E2709.29221
G1 X168.138 Y75.529 E2709.30056
G1 X168.59 Y75.614 E2709.31738
G1 X168.947 Y75.747 E2709.33132
G1 X169.216 Y75.898 E2709.34261
G1 X169.546 Y76.144 E2709.35767
G1 X169.858 Y76.489 E2709.37468
G1 X169.988 Y76.705 E2709.38391
G1 X170.212 Y77.318 E2709.40779
G1 X170.26 Y77.8 E2709.42551
G1 X170.219 Y78.222 E2709.44102
G1 X170.091 Y78.668 E2709.458
G1 X169.891 Y79.039 E2709.47342
G1 X169.615 Y79.388 E2709.48969
G1 X169.303 Y79.649 E2709.50458
G1 X168.975 Y79.842 E2709.5185
G1 X168.627 Y79.973 E2709.5321
G1 X168.254 Y80.046 E2709.54601
G1 X167.59 Y80.026 E2709.57031
G1 F1500 E2707.57031
G0 F9000 X167.68 Y147.472
G1 F1500 E2709.57031
G1 F1800 X167.363 Y147.417 E2709.58209
G1 X166.951 Y147.281 E2709.59796
G1 X166.688 Y147.154 E2709.60864
G1 X166.344 Y146.925 E2709.62376
G1 X166.121 Y146.73 E2709.6346
G1 X165.753 Y146.306 E2709.65514
G1 X165.587 Y146.07 E2709.6657
G1 X165.385 Y145.482 E2709.68845
G1 X165.304 Y145.051 E2709.70449
G1 X165.304 Y144.588 E2709.72143
G1 X165.375 Y144.162 E2709.73723
G1 X165.529 Y143.696 E2709.75519
G1 X165.934 Y143.047 E2709.78317
G1 X166.476 Y142.558 E2709.80988
G1 X167.099 Y142.245 E2709.83539
G1 X167.933 Y142.083 E2709.86647
G1 X168.122 Y142.079 E2709.87339
G1 X168.705 Y142.187 E2709.89508
G1 X169.13 Y142.342 E2709.91163
G1 X169.498 Y142.553 E2709.92715
G1 X169.848 Y142.822 E2709.9433
G1 X170.184 Y143.193 E2709.96162
G1 X170.402 Y143.554 E2709.97704
G1 X170.598 Y144.09 E2709.99793
G1 X170.658 Y144.349 E2710.00765
G1 X170.7 Y144.8 E2710.02422
G1 X170.652 Y145.298 E2710.04253
G1 X170.503 Y145.83 E2710.06274
G1 X170.262 Y146.277 E2710.08132
G1 X169.952 Y146.673 E2710.09972
G1 X169.556 Y147.012 E2710.11879
G1 X169.159 Y147.243 E2710.1356
G1 X168.75 Y147.397 E2710.15159
G1 X168.294 Y147.486 E2710.16858
G1 X167.68 Y147.472 E2710.19105
G0 F9000 X167.594 Y147.03
G1 F1800 X167.003 Y146.835 E2710.21382
G1 X166.513 Y146.51 E2710.23533
G1 X166.001 Y145.921 E2710.26389
G1 X165.827 Y145.415 E2710.28346
G1 X165.743 Y145.007 E2710.2987
G1 X165.751 Y144.578 E2710.3144
G1 X165.802 Y144.267 E2710.32593
G1 X165.917 Y143.909 E2710.33969
G1 X166.26 Y143.344 E2710.36387
G1 X166.726 Y142.925 E2710.3868
G1 X167.258 Y142.656 E2710.40861
G1 X168.014 Y142.514 E2710.43675
G1 X168.59 Y142.612 E2710.45813
G1 X168.992 Y142.77 E2710.47393
G1 X169.292 Y142.949 E2710.48671
G1 X169.549 Y143.148 E2710.4986
G1 X169.858 Y143.489 E2710.51544
G1 X169.988 Y143.705 E2710.52466
G1 X170.212 Y144.318 E2710.54854
G1 X170.26 Y144.8 E2710.56626
G1 X170.219 Y145.222 E2710.58178
G1 X170.091 Y145.668 E2710.59875
G1 X169.889 Y146.043 E2710.61434
G1 X169.605 Y146.393 E2710.63083
G1 X169.305 Y146.648 E2710.64523
G1 X168.975 Y146.842 E2710.65924
G1 X168.627 Y146.973 E2710.67284
G1 X168.258 Y147.045 E2710.6866
G1 X167.594 Y147.03 E2710.71089
G1 F1500 E2708.71089
G0 F9000 X110 Y149.8
G1 F1500 E2710.71089
G1 F1800 X173 Y149.8 E2713.01582
G1 X173 Y70.2 E2715.92808
G1 X47 Y70.2 E2720.53793
G1 X47 Y149.8 E2723.45019
G1 X110 Y149.8 E2725.75512
G0 F9000 X110 Y150.24
G1 F1800 X173.44 Y150.24 E2728.07614
G1 X173.44 Y69.76 E2731.0206
G1 X46.56 Y69.76 E2735.66265
G1 X46.56 Y150.24 E2738.6071
G1 X110 Y150.24 E2740.92813
G1 F1500 E2738.92813
G0 F9000 X52.294 Y147.486
G1 F1500 E2740.92813
G1 F1800 X51.68 Y147.472 E2740.9506
G1 X51.363 Y147.417 E2740.96237
G1 X50.951 Y147.281 E2740.97824
G1 X50.688 Y147.154 E2740.98893
G1 X50.344 Y146.925 E2741.00405
G1 X50.144 Y146.756 E2741.01363
G1 X49.753 Y146.306 E2741.03544
G1 X49.543 Y145.942 E2741.05081
G1 X49.383 Y145.473 E2741.06894
G1 X49.304 Y145.049 E2741.08472
G1 X49.304 Y144.595 E2741.10133
G1 X49.369 Y144.17 E2741.11706
G1 X49.478 Y143.837 E2741.12988
G1 X49.585 Y143.606 E2741.13919
G1 X49.837 Y143.194 E2741.15686
G1 X50.039 Y142.95 E2741.16845
G1 X50.363 Y142.658 E2741.18441
G1 X50.599 Y142.496 E2741.19488
G1 X50.967 Y142.308 E2741.21
G1 X51.258 Y142.208 E2741.22126
G1 X52.004 Y142.064 E2741.24906
G1 X52.707 Y142.192 E2741.2752
G1 X53.126 Y142.34 E2741.29146
G1 X53.482 Y142.545 E2741.30649
G1 X53.841 Y142.815 E2741.32292
G1 X54.244 Y143.265 E2741.34502
G1 X54.371 Y143.479 E2741.35413
G1 X54.637 Y144.195 E2741.38207
G1 X54.7 Y144.791 E2741.404
G1 X54.655 Y145.316 E2741.42328
G1 X54.499 Y145.837 E2741.44317
G1 X54.257 Y146.287 E2741.46187
G1 X53.933 Y146.695 E2741.48093
G1 X53.55 Y147.015 E2741.49919
G1 X53.159 Y147.243 E2741.51575
G1 X52.75 Y147.397 E2741.53174
G1 X52.294 Y147.486 E2741.54874
G0 F9000 X52.258 Y147.045
G1 F1800 X51.594 Y147.03 E2741.57303
G1 X51.003 Y146.835 E2741.5958
G1 X50.513 Y146.51 E2741.61732
G1 X50.085 Y146.017 E2741.6412
G1 X49.959 Y145.799 E2741.65041
G1 X49.803 Y145.322 E2741.66877
G1 X49.743 Y145.005 E2741.68058
G1 X49.751 Y144.578 E2741.6962
G1 X49.799 Y144.269 E2741.70764
G1 X49.919 Y143.903 E2741.72174
G1 X50.263 Y143.341 E2741.74584
G1 X50.722 Y142.927 E2741.76846
G1 X51.252 Y142.657 E2741.79022
G1 X52.029 Y142.513 E2741.81913
G1 X52.589 Y142.616 E2741.83996
G1 X52.946 Y142.746 E2741.85386
G1 X53.27 Y142.933 E2741.86755
G1 X53.55 Y143.152 E2741.88056
G1 X53.943 Y143.586 E2741.90198
G1 X54.214 Y144.329 E2741.93091
G1 X54.26 Y144.794 E2741.94801
G1 X54.22 Y145.234 E2741.96417
G1 X54.089 Y145.671 E2741.98086
G1 X53.891 Y146.039 E2741.99615
G1 X53.615 Y146.388 E2742.01243
G1 X53.303 Y146.649 E2742.02731
G1 X52.975 Y146.842 E2742.04124
G1 X52.627 Y146.973 E2742.05484
G1 X52.258 Y147.045 E2742.0686
G0 F9000 X52.235 Y146.601
;TYPE:WALL-OUTER
G1 F1800 X51.671 Y146.591 E2742.08923
G1 X51.197 Y146.435 E2742.10749
G1 X50.804 Y146.175 E2742.12473
G1 X50.389 Y145.696 E2742.14792
G1 X50.235 Y145.241 E2742.16549
G1 X50.187 Y144.983 E2742.17509
G1 X50.186 Y144.646 E2742.18742
G1 X50.234 Y144.355 E2742.19821
G1 X50.314 Y144.111 E2742.20761
G1 X50.605 Y143.625 E2742.22833
G1 X50.972 Y143.294 E2742.24641
G1 X51.394 Y143.078 E2742.26376
G1 X52.012 Y142.96 E2742.28678
G1 X52.453 Y143.035 E2742.30314
G1 X52.758 Y143.144 E2742.31499
G1 X53.023 Y143.297 E2742.32619
G1 X53.25 Y143.474 E2742.33672
G1 X53.563 Y143.828 E2742.35401
G1 X53.776 Y144.407 E2742.37658
G1 X53.82 Y144.798 E2742.39097
G1 X53.779 Y145.171 E2742.4047
G1 X53.67 Y145.521 E2742.41812
G1 X53.509 Y145.813 E2742.43031
G1 X53.282 Y146.093 E2742.4435
G1 X53.032 Y146.298 E2742.45533
G1 X52.766 Y146.45 E2742.46654
G1 X52.486 Y146.552 E2742.47744
G1 X52.235 Y146.601 E2742.4868
G1 F1500 E2740.4868
G0 F9000 X110 Y150.68
G1 F1500 E2742.4868
G1 F1800 X173.88 Y150.68 E2744.82392
G1 X173.88 Y69.32 E2747.80057
G1 X46.12 Y69.32 E2752.47482
G1 X46.12 Y150.68 E2755.45147
G1 X110 Y150.68 E2757.78859
G1 F1500 E2755.78859
G0 F9000 X167.671 Y146.591
G1 F1500 E2757.78859
G1 F1800 X167.197 Y146.435 E2757.80685
G1 X166.804 Y146.175 E2757.82409
G1 X166.389 Y145.697 E2757.84725
G1 X166.243 Y145.272 E2757.86369
G1 X166.187 Y144.985 E2757.87439
G1 X166.186 Y144.646 E2757.88679
G1 X166.234 Y144.355 E2757.89758
G1 X166.321 Y144.093 E2757.90768
G1 X166.605 Y143.628 E2757.92761
G1 X166.987 Y143.286 E2757.94637
G1 X167.403 Y143.077 E2757.9634
G1 X168.026 Y142.956 E2757.98662
G1 X168.453 Y143.035 E2758.00251
G1 X168.774 Y143.152 E2758.01501
G1 X168.998 Y143.28 E2758.02445
G1 X169.264 Y143.488 E2758.0368
G1 X169.56 Y143.815 E2758.05294
G1 X169.771 Y144.392 E2758.07542
G1 X169.82 Y144.8 E2758.09045
G1 X169.785 Y145.146 E2758.10318
G1 X169.67 Y145.521 E2758.11753
G1 X169.509 Y145.813 E2758.12973
G1 X169.282 Y146.093 E2758.14291
G1 X169.032 Y146.298 E2758.15474
G1 X168.766 Y146.45 E2758.16595
G1 X168.486 Y146.552 E2758.17685
G1 X168.235 Y146.601 E2758.18621
G1 X167.671 Y146.591 E2758.20685
G1 F1500 E2756.20685
G0 F9000 X167.678 Y79.591
G1 F1500 E2758.20685
G1 F1800 X167.211 Y79.439 E2758.22482
G1 X166.813 Y79.18 E2758.24219
G1 X166.391 Y78.699 E2758.2656
G1 X166.243 Y78.272 E2758.28213
G1 X166.187 Y77.985 E2758.29283
G1 X166.184 Y77.663 E2758.30461
G1 X166.234 Y77.355 E2758.31603
G1 X166.323 Y77.088 E2758.32633
G1 X166.605 Y76.624 E2758.34619
G1 X166.972 Y76.294 E2758.36425
G1 X167.394 Y76.078 E2758.38159
G1 X168.025 Y75.956 E2758.40511
G1 X168.453 Y76.035 E2758.42103
G1 X168.774 Y76.152 E2758.43353
G1 X168.998 Y76.28 E2758.44297
G1 X169.264 Y76.488 E2758.45532
G1 X169.56 Y76.815 E2758.47146
G1 X169.771 Y77.392 E2758.49394
G1 X169.82 Y77.8 E2758.50897
G1 X169.785 Y78.146 E2758.5217
G1 X169.67 Y78.521 E2758.53605
G1 X169.509 Y78.813 E2758.54825
G1 X169.282 Y79.093 E2758.56143
G1 X169.032 Y79.298 E2758.57326
G1 X168.766 Y79.45 E2758.58447
G1 X168.486 Y79.552 E2758.59537
G1 X168.238 Y79.601 E2758.60462
G1 X167.678 Y79.591 E2758.62511
G1 F1500 E2756.62511
G0 F9000 X110.207 Y82.512
G1 F1500 E2758.62511
G1 F1800 X109.351 Y82.475 E2758.65646
G1 X108.587 Y82.302 E2758.68512
G1 X107.9 Y82.025 E2758.71222
G1 X107.271 Y81.65 E2758.73901
G1 X106.711 Y81.187 E2758.7656
G1 X106.162 Y80.551 E2758.79634
G1 X105.733 Y79.824 E2758.82722
G1 X105.425 Y78.974 E2758.8603
G1 X105.284 Y78.07 E2758.89377
G1 X105.329 Y77.125 E2758.92838
G1 X105.529 Y76.277 E2758.96026
G1 X105.907 Y75.441 E2758.99383
G1 X106.375 Y74.773 E2759.02367
G1 X106.95 Y74.193 E2759.05355
G1 X107.518 Y73.781 E2759.07922
G1 X108.187 Y73.438 E2759.10673
G1 X108.887 Y73.21 E2759.13366
G1 X109.744 Y73.088 E2759.16533
G1 X110.613 Y73.121 E2759.19715
G1 X111.494 Y73.322 E2759.23021
G1 X112.298 Y73.678 E2759.26238
G1 X113.088 Y74.228 E2759.29759
G1 X113.713 Y74.888 E2759.33085
G1 X114.187 Y75.626 E2759.36294
G1 X114.503 Y76.386 E2759.39305
G1 X114.668 Y77.111 E2759.42026
G1 X114.72 Y77.783 E2759.44492
G1 X114.631 Y78.698 E2759.47855
G1 X114.373 Y79.568 E2759.51175
G1 X113.992 Y80.312 E2759.54233
G1 X113.449 Y81.019 E2759.57495
G1 X112.783 Y81.608 E2759.60748
G1 X111.961 Y82.091 E2759.64236
G1 X111.109 Y82.386 E2759.67534
G1 X110.207 Y82.512 E2759.70867
G1 F1500 E2757.70867
G0 F9000 X52.216 Y79.604
G1 F1500 E2759.70867
G1 F1800 X51.672 Y79.59 E2759.72857
G1 X51.197 Y79.435 E2759.74685
G1 X50.804 Y79.175 E2759.76409
G1 X50.389 Y78.696 E2759.78728
G1 X50.235 Y78.241 E2759.80486
G1 X50.187 Y77.983 E2759.81446
G1 X50.186 Y77.646 E2759.82679
G1 X50.234 Y77.355 E2759.83758
G1 X50.314 Y77.111 E2759.84697
G1 X50.605 Y76.625 E2759.8677
G1 X50.972 Y76.294 E2759.88578
G1 X51.394 Y76.078 E2759.90312
G1 X52.025 Y75.956 E2759.92664
G1 X52.453 Y76.035 E2759.94256
G1 X52.774 Y76.152 E2759.95506
G1 X52.998 Y76.28 E2759.9645
G1 X53.264 Y76.488 E2759.97685
G1 X53.558 Y76.813 E2759.99289
G1 X53.779 Y77.419 E2760.01649
G1 X53.82 Y77.801 E2760.03054
G1 X53.783 Y78.159 E2760.04371
G1 X53.675 Y78.512 E2760.05722
G1 X53.522 Y78.795 E2760.06899
G1 X53.293 Y79.083 E2760.08245
G1 X53.053 Y79.284 E2760.0939
G1 X52.79 Y79.44 E2760.10509
G1 X52.505 Y79.548 E2760.11624
G1 X52.216 Y79.604 E2760.12701
G1 F1500 E2758.12701
G0 F9000 X52.346 Y147.877
;TYPE:SKIN
G1 F1500 E2760.12701
G1 F1800 X52.83 Y147.785 E2760.14503
G1 X53.356 Y147.586 E2760.16561
G1 X53.764 Y147.346 E2760.18293
G1 X54.094 Y147.073 E2760.1986
G1 X54.302 Y146.862 E2760.20944
G1 X54.577 Y146.517 E2760.22558
G1 X54.791 Y146.124 E2760.24195
G1 X54.903 Y145.858 E2760.25251
G1 X55.048 Y145.367 E2760.27124
G1 X55.099 Y144.715 E2760.29517
G1 X55.018 Y144.106 E2760.31764
G1 X54.733 Y143.316 E2760.34837
G1 X54.529 Y142.989 E2760.36247
G1 X54.092 Y142.509 E2760.38622
G1 X53.684 Y142.203 E2760.40488
G1 X53.298 Y141.988 E2760.42104
G1 X52.794 Y141.803 E2760.44069
G1 X52.21 Y141.691 E2760.46244
G1 X51.854 Y141.687 E2760.47547
G1 X51.186 Y141.815 E2760.50035
G1 X50.779 Y141.956 E2760.51611
G1 X50.419 Y142.14 E2760.5309
G1 X50.118 Y142.347 E2760.54427
G1 X49.777 Y142.647 E2760.56089
G1 X49.517 Y142.96 E2760.57577
G1 X49.244 Y143.4 E2760.59472
G1 X49.108 Y143.686 E2760.6063
G1 X48.986 Y144.055 E2760.62052
G1 X48.91 Y144.539 E2760.63845
G1 X48.911 Y145.11 E2760.65934
G1 X48.995 Y145.561 E2760.67612
G1 X49.163 Y146.063 E2760.69549
G1 X49.433 Y146.535 E2760.71538
G1 X49.845 Y147.016 E2760.73855
G1 X50.117 Y147.252 E2760.75173
G1 X50.465 Y147.484 E2760.76703
G1 X50.831 Y147.658 E2760.78186
G1 X51.235 Y147.79 E2760.79741
G1 X51.636 Y147.865 E2760.81233
G1 X52.346 Y147.877 E2760.83831
G1 F1500 E2758.83831
G0 F9000 X110 Y149.404
G1 F1500 E2760.83831
G1 F1800 X47.396 Y149.404 E2763.12875
G1 X47.396 Y70.596 E2766.01203
G1 X172.604 Y70.596 E2770.59291
G1 X172.604 Y149.404 E2773.47619
G1 X110 Y149.404 E2775.76663
G1 F1500 E2773.76663
G0 F9000 X167.636 Y147.865
G1 F1500 E2775.76663
G1 F1800 X168.346 Y147.877 E2775.79261
G1 X168.83 Y147.785 E2775.81064
G1 X169.319 Y147.602 E2775.82974
G1 X169.776 Y147.338 E2775.84905
G1 X170.215 Y146.968 E2775.87005
G1 X170.581 Y146.513 E2775.89142
G1 X170.791 Y146.123 E2775.90762
G1 X170.907 Y145.855 E2775.91831
G1 X171.033 Y145.418 E2775.93495
G1 X171.1 Y144.818 E2775.95704
G1 X171.048 Y144.298 E2775.97616
G1 X170.975 Y143.974 E2775.98831
G1 X170.775 Y143.424 E2776.00972
G1 X170.501 Y142.959 E2776.02946
G1 X170.098 Y142.512 E2776.05148
G1 X169.73 Y142.232 E2776.0684
G1 X169.323 Y141.993 E2776.08567
G1 X168.825 Y141.805 E2776.10514
G1 X168.179 Y141.687 E2776.12917
G1 X167.82 Y141.692 E2776.14231
G1 X166.975 Y141.865 E2776.17386
G1 X166.409 Y142.145 E2776.19697
G1 X166.152 Y142.315 E2776.20824
G1 X165.601 Y142.816 E2776.23549
G1 X165.144 Y143.575 E2776.2679
G1 X164.982 Y144.091 E2776.28769
G1 X164.91 Y144.523 E2776.30371
G1 X164.911 Y145.109 E2776.32515
G1 X164.995 Y145.561 E2776.34197
G1 X165.229 Y146.249 E2776.36856
G1 X165.435 Y146.543 E2776.38169
G1 X165.821 Y146.992 E2776.40335
G1 X166.117 Y147.252 E2776.41777
G1 X166.465 Y147.484 E2776.43307
G1 X166.831 Y147.658 E2776.4479
G1 X167.235 Y147.79 E2776.46345
G1 X167.636 Y147.865 E2776.47837
G1 F1500 E2774.47837
G0 F9000 X167.435 Y80.849
G1 F1500 E2776.47837
G1 F1800 X168.176 Y80.876 E2776.5055
G1 X168.456 Y80.856 E2776.51577
G1 X168.884 Y80.77 E2776.53174
G1 X169.32 Y80.602 E2776.54884
G1 X169.768 Y80.342 E2776.56779
G1 X170.098 Y80.069 E2776.58346
G1 X170.298 Y79.866 E2776.59388
G1 X170.577 Y79.517 E2776.61023
G1 X170.79 Y79.129 E2776.62642
G1 X170.916 Y78.83 E2776.63829
G1 X171.033 Y78.418 E2776.65396
G1 X171.1 Y77.818 E2776.67605
G1 X171.048 Y77.298 E2776.69517
G1 X170.975 Y76.974 E2776.70732
G1 X170.775 Y76.42 E2776.72887
G1 X170.5 Y75.961 E2776.74845
G1 X170.124 Y75.54 E2776.7691
G1 X169.697 Y75.208 E2776.78889
G1 X169.321 Y74.996 E2776.80468
G1 X168.83 Y74.809 E2776.8239
G1 X168.121 Y74.674 E2776.85031
G1 X167.779 Y74.7 E2776.86286
G1 X167.185 Y74.816 E2776.885
G1 X166.779 Y74.956 E2776.90071
G1 X166.419 Y75.14 E2776.9155
G1 X166.096 Y75.364 E2776.92989
G1 X165.612 Y75.801 E2776.95374
G1 X165.188 Y76.492 E2776.9834
G1 X164.992 Y77.034 E2777.00449
G1 X164.91 Y77.555 E2777.02379
G1 X164.915 Y78.117 E2777.04435
G1 X164.999 Y78.565 E2777.06102
G1 X165.203 Y79.183 E2777.08483
G1 X165.355 Y79.45 E2777.09608
G1 X165.965 Y80.148 E2777.12999
G1 X166.652 Y80.6 E2777.16008
G1 X167.435 Y80.849 E2777.19014
G1 F1500 E2775.19014
G0 F9000 X110.271 Y83.788
G1 F1500 E2777.19014
G1 F1800 X111.389 Y83.634 E2777.23143
G1 X112.505 Y83.251 E2777.2746
G1 X113.544 Y82.638 E2777.31873
G1 X114.391 Y81.878 E2777.36037
G1 X115.072 Y80.996 E2777.40113
G1 X115.576 Y80.003 E2777.44188
G1 X115.892 Y78.924 E2777.48301
G1 X116 Y77.815 E2777.52378
G1 X115.932 Y76.918 E2777.55669
G1 X115.723 Y75.991 E2777.59145
G1 X115.315 Y75.021 E2777.62995
G1 X114.717 Y74.092 E2777.67038
G1 X114.008 Y73.34 E2777.70819
G1 X113.794 Y73.159 E2777.71844
G1 X112.925 Y72.558 E2777.7571
G1 X112.009 Y72.154 E2777.79373
G1 X111.75 Y72.067 E2777.80372
G1 X110.768 Y71.849 E2777.84053
G1 X109.668 Y71.808 E2777.8808
G1 X108.579 Y71.966 E2777.92106
G1 X107.687 Y72.258 E2777.9554
G1 X106.875 Y72.672 E2777.98874
G1 X106.091 Y73.237 E2778.0241
G1 X105.387 Y73.957 E2778.06094
G1 X104.795 Y74.801 E2778.09866
G1 X104.379 Y75.704 E2778.13503
G1 X104.285 Y75.987 E2778.14594
G1 X104.065 Y76.955 E2778.18226
G1 X104.004 Y78.104 E2778.22436
G1 X104.181 Y79.295 E2778.26841
G1 X104.573 Y80.368 E2778.31021
G1 X105.13 Y81.305 E2778.35009
G1 X105.792 Y82.081 E2778.3874
G1 X106.543 Y82.702 E2778.42306
G1 X107.332 Y83.173 E2778.45668
G1 X108.174 Y83.509 E2778.48984
G1 X109.182 Y83.743 E2778.5277
G1 X110.271 Y83.788 E2778.56758
G1 F1500 E2776.56758
G0 F9000 X52.33 Y80.879
G1 F1500 E2778.56758
G1 F1800 X52.862 Y80.772 E2778.58743
G1 X53.285 Y80.615 E2778.60394
G1 X53.746 Y80.352 E2778.62336
G1 X54.203 Y79.977 E2778.64499
G1 X54.571 Y79.52 E2778.66645
G1 X54.863 Y78.988 E2778.68866
G1 X55.046 Y78.376 E2778.71203
G1 X55.099 Y77.715 E2778.73629
G1 X55.019 Y77.107 E2778.75872
G1 X54.721 Y76.282 E2778.79082
G1 X54.581 Y76.05 E2778.80073
G1 X54.132 Y75.545 E2778.82545
G1 X53.701 Y75.208 E2778.84547
G1 X53.313 Y74.988 E2778.86179
G1 X52.825 Y74.805 E2778.88086
G1 X52.12 Y74.674 E2778.90709
G1 X51.779 Y74.7 E2778.9196
G1 X51.185 Y74.816 E2778.94175
G1 X50.779 Y74.956 E2778.95746
G1 X50.419 Y75.14 E2778.97225
G1 X50.118 Y75.347 E2778.98562
G1 X49.777 Y75.647 E2779.00223
G1 X49.517 Y75.96 E2779.01712
G1 X49.244 Y76.4 E2779.03606
G1 X49.108 Y76.686 E2779.04765
G1 X48.986 Y77.06 E2779.06204
G1 X48.91 Y77.538 E2779.07975
G1 X48.911 Y78.11 E2779.10068
G1 X48.995 Y78.561 E2779.11746
G1 X49.163 Y79.063 E2779.13683
G1 X49.433 Y79.535 E2779.15672
G1 X49.838 Y80.006 E2779.17945
G1 X50.098 Y80.234 E2779.1921
G1 X50.464 Y80.483 E2779.2083
G1 X50.8 Y80.647 E2779.22198
G1 X51.231 Y80.79 E2779.23859
G1 X51.502 Y80.858 E2779.24881
G1 X52.33 Y80.879 E2779.27912
G1 F1500 E2777.27912
G0 F9000 X48.034 Y70.816
G1 F1500 E2779.27912
G1 F1800 X47.617 Y71.234 E2779.30072
G0 F9000 X47.617 Y71.856
G1 F1800 X48.657 Y70.816 E2779.35453
G0 F9000 X49.279 Y70.816
G1 F1800 X47.617 Y72.478 E2779.44052
G0 F9000 X47.617 Y73.101
G1 F1800 X49.901 Y70.816 E2779.55872
G0 F9000 X50.523 Y70.816
G1 F1800 X47.617 Y73.723 E2779.70911
G0 F9000 X47.617 Y74.345
G1 F1800 X51.146 Y70.816 E2779.8917
G0 F9000 X51.768 Y70.816
G1 F1800 X47.617 Y74.967 E2780.10647
G0 F9000 X47.617 Y75.59
G1 F1800 X52.39 Y70.816 E2780.35346
G0 F9000 X53.013 Y70.816
G1 F1800 X47.617 Y76.212 E2780.63265
G0 F9000 X47.617 Y76.834
G1 F1800 X53.635 Y70.816 E2780.94403
G0 F9000 X54.257 Y70.816
G1 F1800 X47.617 Y77.456 E2781.28758
G0 F9000 X47.617 Y78.079
G1 F1800 X48.814 Y76.882 E2781.34952
G0 F9000 X48.692 Y77.625
G1 F1800 X47.617 Y78.701 E2781.40516
G0 F9000 X47.617 Y79.323
G1 F1800 X48.709 Y78.231 E2781.46167
G0 F9000 X48.824 Y78.738
G1 F1800 X47.617 Y79.945 E2781.52412
G0 F9000 X47.617 Y80.568
G1 F1800 X48.983 Y79.201 E2781.59482
G0 F9000 X49.212 Y79.595
G1 F1800 X47.617 Y81.19 E2781.67735
G0 F9000 X47.617 Y81.812
G1 F1800 X49.49 Y79.939 E2781.77426
G0 F9000 X49.794 Y80.257
G1 F1800 X47.617 Y82.435 E2781.88692
G0 F9000 X47.617 Y83.057
G1 F1800 X50.142 Y80.531 E2782.01759
G0 F9000 X50.536 Y80.76
G1 F1800 X47.617 Y83.679 E2782.16862
G0 F9000 X47.617 Y84.301
G1 F1800 X50.981 Y80.937 E2782.34268
G0 F9000 X51.465 Y81.075
G1 F1800 X47.617 Y84.924 E2782.5418
G0 F9000 X47.617 Y85.546
G1 F1800 X52.07 Y81.092 E2782.77223
G0 F9000 X52.771 Y81.013
G1 F1800 X47.617 Y86.168 E2783.03893
G0 F9000 X47.617 Y86.79
G1 F1800 X53.881 Y80.526 E2783.36303
G0 F9000 X54.714 Y79.693
G1 F1800 X63.591 Y70.816 E2783.82233
G0 F9000 X64.213 Y70.816
G1 F1800 X47.617 Y87.413 E2784.68104
G0 F9000 X47.617 Y88.035
G1 F1800 X64.835 Y70.816 E2785.57194
G0 F9000 X65.458 Y70.816
G1 F1800 X47.617 Y88.657 E2786.49505
G0 F9000 X47.617 Y89.279
G1 F1800 X66.08 Y70.816 E2787.45033
G0 F9000 X66.702 Y70.816
G1 F1800 X47.617 Y89.902 E2788.43783
G0 F9000 X47.617 Y90.524
G1 F1800 X67.324 Y70.816 E2789.45751
G0 F9000 X67.947 Y70.816
G1 F1800 X47.617 Y91.146 E2790.50939
G0 F9000 X47.617 Y91.768
G1 F1800 X68.569 Y70.816 E2791.59346
G0 F9000 X69.191 Y70.816
G1 F1800 X47.617 Y92.391 E2792.70974
G0 F9000 X47.617 Y93.013
G1 F1800 X69.813 Y70.816 E2793.8582
G0 F9000 X70.436 Y70.816
G1 F1800 X47.617 Y93.635 E2795.03887
G0 F9000 X47.617 Y94.257
G1 F1800 X71.058 Y70.816 E2796.25172
G0 F9000 X71.68 Y70.816
G1 F1800 X47.617 Y94.88 E2797.49678
G0 F9000 X47.617 Y95.502
G1 F1800 X72.302 Y70.816 E2798.77403
G0 F9000 X72.925 Y70.816
G1 F1800 X47.617 Y96.124 E2800.08348
G0 F9000 X47.617 Y96.746
G1 F1800 X73.547 Y70.816 E2801.42511
G0 F9000 X74.169 Y70.816
G1 F1800 X47.617 Y97.369 E2802.79896
G0 F9000 X47.617 Y97.991
G1 F1800 X74.791 Y70.816 E2804.20498
G0 F9000 X75.414 Y70.816
G1 F1800 X47.617 Y98.613 E2805.64322
G0 F9000 X47.617 Y99.235
G1 F1800 X76.036 Y70.816 E2807.11363
G0 F9000 X76.658 Y70.816
G1 F1800 X47.617 Y99.858 E2808.61626
G0 F9000 X47.617 Y100.48
G1 F1800 X77.28 Y70.816 E2810.15107
G0 F9000 X77.903 Y70.816
G1 F1800 X47.617 Y101.102 E2811.71808
G0 F9000 X47.617 Y101.724
G1 F1800 X78.525 Y70.816 E2813.31728
G0 F9000 X79.147 Y70.816
G1 F1800 X47.617 Y102.347 E2814.94869
G0 F9000 X47.617 Y102.969
G1 F1800 X79.769 Y70.816 E2816.61228
G0 F9000 X80.392 Y70.816
G1 F1800 X47.617 Y103.591 E2818.30808
G0 F9000 X47.617 Y104.213
G1 F1800 X81.014 Y70.816 E2820.03606
G0 F9000 X81.636 Y70.816
G1 F1800 X47.617 Y104.836 E2821.79625
G0 F9000 X47.617 Y105.458
G1 F1800 X82.258 Y70.816 E2823.58863
G0 F9000 X82.881 Y70.816
G1 F1800 X47.617 Y106.08 E2825.41321
G0 F9000 X47.617 Y106.702
G1 F1800 X83.503 Y70.816 E2827.26997
G0 F9000 X84.125 Y70.816
G1 F1800 X47.617 Y107.325 E2829.15894
G0 F9000 X47.617 Y107.947
G1 F1800 X84.747 Y70.816 E2831.0801
G0 F9000 X85.37 Y70.816
G1 F1800 X47.617 Y108.569 E2833.03346
G0 F9000 X47.617 Y109.191
G1 F1800 X85.992 Y70.816 E2835.01901
G0 F9000 X86.614 Y70.816
G1 F1800 X47.617 Y109.814 E2837.03676
G0 F9000 X47.617 Y110.436
G1 F1800 X87.236 Y70.816 E2839.0867
G0 F9000 X87.859 Y70.816
G1 F1800 X47.617 Y111.058 E2841.16885
G0 F9000 X47.617 Y111.68
G1 F1800 X88.481 Y70.816 E2843.28318
G0 F9000 X89.103 Y70.816
G1 F1800 X47.617 Y112.303 E2845.42972
G0 F9000 X47.617 Y112.925
G1 F1800 X89.725 Y70.816 E2847.60844
G0 F9000 X90.348 Y70.816
G1 F1800 X47.617 Y113.547 E2849.81936
G0 F9000 X47.617 Y114.169
G1 F1800 X90.97 Y70.816 E2852.06248
G0 F9000 X91.592 Y70.816
G1 F1800 X47.617 Y114.792 E2854.3378
G0 F9000 X47.617 Y115.414
G1 F1800 X92.215 Y70.816 E2856.64532
G0 F9000 X92.837 Y70.816
G1 F1800 X47.617 Y116.036 E2858.98504
G0 F9000 X47.617 Y116.658
G1 F1800 X93.459 Y70.816 E2861.35693
G0 F9000 X94.081 Y70.816
G1 F1800 X47.617 Y117.281 E2863.76103
G0 F9000 X47.617 Y117.903
G1 F1800 X94.704 Y70.816 E2866.19734
G0 F9000 X95.326 Y70.816
G1 F1800 X47.617 Y118.525 E2868.66584
G0 F9000 X47.617 Y119.147
G1 F1800 X95.948 Y70.816 E2871.16651
G0 F9000 X96.57 Y70.816
G1 F1800 X47.617 Y119.77 E2873.6994
G0 F9000 X47.617 Y120.392
G1 F1800 X97.193 Y70.816 E2876.26449
G0 F9000 X97.815 Y70.816
G1 F1800 X47.617 Y121.014 E2878.86177
G0 F9000 X47.617 Y121.637
G1 F1800 X98.437 Y70.816 E2881.49125
G0 F9000 X99.059 Y70.816
G1 F1800 X47.617 Y122.259 E2884.15292
G0 F9000 X47.617 Y122.881
G1 F1800 X99.682 Y70.816 E2886.84679
G0 F9000 X100.304 Y70.816
G1 F1800 X47.617 Y123.503 E2889.57285
G0 F9000 X47.617 Y124.126
G1 F1800 X100.926 Y70.816 E2892.33112
G0 F9000 X101.548 Y70.816
G1 F1800 X47.617 Y124.748 E2895.12157
G0 F9000 X47.617 Y125.37
G1 F1800 X102.171 Y70.816 E2897.94423
G0 F9000 X102.793 Y70.816
G1 F1800 X47.617 Y125.992 E2900.79907
G0 F9000 X47.617 Y126.615
G1 F1800 X103.415 Y70.816 E2903.68612
G0 F9000 X104.037 Y70.816
G1 F1800 X47.617 Y127.237 E2906.60535
G0 F9000 X47.617 Y127.859
G1 F1800 X104.66 Y70.816 E2909.55679
G0 F9000 X105.282 Y70.816
G1 F1800 X47.617 Y128.481 E2912.54041
G0 F9000 X47.617 Y129.104
G1 F1800 X105.904 Y70.816 E2915.55625
G0 F9000 X106.526 Y70.816
G1 F1800 X47.617 Y129.726 E2918.60426
G0 F9000 X47.617 Y130.348
G1 F1800 X107.149 Y70.816 E2921.68448
G0 F9000 X107.771 Y70.816
G1 F1800 X47.617 Y130.97 E2924.79689
G0 F9000 X47.617 Y131.593
G1 F1800 X104.813 Y74.396 E2927.75627
G0 F9000 X104.159 Y75.672
G1 F1800 X47.617 Y132.215 E2930.68182
G0 F9000 X47.617 Y132.837
G1 F1800 X103.939 Y76.515 E2933.59595
G0 F9000 X103.832 Y77.244
G1 F1800 X47.617 Y133.459 E2936.50455
G0 F9000 X47.617 Y134.082
G1 F1800 X103.795 Y77.903 E2939.41126
G0 F9000 X103.837 Y78.483
G1 F1800 X47.617 Y134.704 E2942.32015
G0 F9000 X47.617 Y135.326
G1 F1800 X103.917 Y79.026 E2945.23314
G0 F9000 X104.035 Y79.53
G1 F1800 X47.617 Y135.948 E2948.15225
G0 F9000 X47.617 Y136.571
G1 F1800 X104.202 Y79.985 E2951.08002
G0 F9000 X104.368 Y80.441
G1 F1800 X47.617 Y137.193 E2954.01637
G0 F9000 X47.617 Y137.815
G1 F1800 X104.595 Y80.836 E2956.96448
G0 F9000 X104.829 Y81.225
G1 F1800 X47.617 Y138.437 E2959.92466
G0 F9000 X47.617 Y139.06
G1 F1800 X105.083 Y81.593 E2962.89801
G0 F9000 X105.372 Y81.927
G1 F1800 X47.617 Y139.682 E2965.88629
G0 F9000 X47.617 Y140.304
G1 F1800 X105.662 Y82.259 E2968.88958
G0 F9000 X106.003 Y82.54
G1 F1800 X47.617 Y140.926 E2971.91051
G0 F9000 X47.617 Y141.549
G1 F1800 X106.345 Y82.821 E2974.94913
G0 F9000 X106.722 Y83.065
G1 F1800 X47.617 Y142.171 E2978.00729
G0 F9000 X47.617 Y142.793
G1 F1800 X107.113 Y83.297 E2981.08565
G0 F9000 X107.54 Y83.492
G1 F1800 X47.617 Y143.415 E2984.1861
G0 F9000 X47.617 Y144.038
G1 F1800 X107.984 Y83.67 E2987.30955
G0 F9000 X108.474 Y83.803
G1 F1800 X50.346 Y141.93 E2990.31711
G0 F9000 X51.335 Y141.563
G1 F1800 X108.979 Y83.92 E2993.29962
G0 F9000 X109.542 Y83.979
G1 F1800 X52.052 Y141.469 E2996.27419
G0 F9000 X52.6 Y141.544
G1 F1800 X110.142 Y84.001 E2999.25147
G0 F9000 X110.833 Y83.933
G1 F1800 X53.089 Y141.677 E3002.23918
G0 F9000 X53.523 Y141.865
G1 F1800 X111.589 Y83.799 E3005.24355
G0 F9000 X112.545 Y83.465
G1 F1800 X53.913 Y142.097 E3008.27721
G0 F9000 X54.262 Y142.37
G1 F1800 X125.816 Y70.816 E3011.97946
G0 F9000 X126.438 Y70.816
G1 F1800 X54.56 Y142.695 E3015.6985
G0 F9000 X54.825 Y143.052
G1 F1800 X127.061 Y70.816 E3019.43603
G0 F9000 X127.683 Y70.816
G1 F1800 X55.024 Y143.476 E3023.19548
G0 F9000 X55.188 Y143.933
G1 F1800 X128.305 Y70.816 E3026.9786
G0 F9000 X128.927 Y70.816
G1 F1800 X55.287 Y144.457 E3030.78881
G0 F9000 X55.294 Y145.071
G1 F1800 X129.55 Y70.816 E3034.63083
G0 F9000 X130.172 Y70.816
G1 F1800 X55.137 Y145.851 E3038.51319
G1 F1500 E3036.51319
G0 F9000 X53.054 Y147.935
G1 F1500 E3038.51319
G1 F1800 X51.804 Y149.184 E3038.57784
G0 F9000 X52.426 Y149.184
G1 F1800 X130.794 Y70.816 E3042.63265
G0 F9000 X131.417 Y70.816
G1 F1800 X53.049 Y149.184 E3046.68746
G0 F9000 X53.671 Y149.184
G1 F1800 X132.039 Y70.816 E3050.74227
G0 F9000 X132.661 Y70.816
G1 F1800 X54.293 Y149.184 E3054.79708
G0 F9000 X54.915 Y149.184
G1 F1800 X133.283 Y70.816 E3058.85189
G0 F9000 X133.906 Y70.816
G1 F1800 X55.538 Y149.184 E3062.9067
G0 F9000 X56.16 Y149.184
G1 F1800 X134.528 Y70.816 E3066.96151
G0 F9000 X135.15 Y70.816
G1 F1800 X56.782 Y149.184 E3071.01632
G0 F9000 X57.404 Y149.184
G1 F1800 X135.772 Y70.816 E3075.07113
G0 F9000 X136.395 Y70.816
G1 F1800 X58.027 Y149.184 E3079.12594
G0 F9000 X58.649 Y149.184
G1 F1800 X137.017 Y70.816 E3083.18074
G0 F9000 X137.639 Y70.816
G1 F1800 X59.271 Y149.184 E3087.23555
G0 F9000 X59.893 Y149.184
G1 F1800 X138.261 Y70.816 E3091.29036
G0 F9000 X138.884 Y70.816
G1 F1800 X60.516 Y149.184 E3095.34517
G0 F9000 X61.138 Y149.184
G1 F1800 X139.506 Y70.816 E3099.39998
G0 F9000 X140.128 Y70.816
G1 F1800 X61.76 Y149.184 E3103.45479
G0 F9000 X62.382 Y149.184
G1 F1800 X140.75 Y70.816 E3107.5096
G0 F9000 X141.373 Y70.816
G1 F1800 X63.005 Y149.184 E3111.56441
G0 F9000 X63.627 Y149.184
G1 F1800 X141.995 Y70.816 E3115.61922
G0 F9000 X142.617 Y70.816
G1 F1800 X64.249 Y149.184 E3119.67403
G0 F9000 X64.871 Y149.184
G1 F1800 X143.239 Y70.816 E3123.72884
G0 F9000 X143.862 Y70.816
G1 F1800 X65.494 Y149.184 E3127.78365
G0 F9000 X66.116 Y149.184
G1 F1800 X144.484 Y70.816 E3131.83846
G0 F9000 X145.106 Y70.816
G1 F1800 X66.738 Y149.184 E3135.89327
G0 F9000 X67.36 Y149.184
G1 F1800 X145.728 Y70.816 E3139.94808
G0 F9000 X146.351 Y70.816
G1 F1800 X67.983 Y149.184 E3144.00289
G0 F9000 X68.605 Y149.184
G1 F1800 X146.973 Y70.816 E3148.0577
G0 F9000 X147.595 Y70.816
G1 F1800 X69.227 Y149.184 E3152.11251
G0 F9000 X69.849 Y149.184
G1 F1800 X148.217 Y70.816 E3156.16732
G0 F9000 X148.84 Y70.816
G1 F1800 X70.472 Y149.184 E3160.22213
G0 F9000 X71.094 Y149.184
G1 F1800 X149.462 Y70.816 E3164.27693
G0 F9000 X150.084 Y70.816
G1 F1800 X71.716 Y149.184 E3168.33174
G0 F9000 X72.338 Y149.184
G1 F1800 X150.706 Y70.816 E3172.38655
G0 F9000 X151.329 Y70.816
G1 F1800 X72.961 Y149.184 E3176.44136
G0 F9000 X73.583 Y149.184
G1 F1800 X151.951 Y70.816 E3180.49617
G0 F9000 X152.573 Y70.816
G1 F1800 X74.205 Y149.184 E3184.55098
G0 F9000 X74.827 Y149.184
G1 F1800 X153.195 Y70.816 E3188.60579
G0 F9000 X153.818 Y70.816
G1 F1800 X75.45 Y149.184 E3192.6606
G0 F9000 X76.072 Y149.184
G1 F1800 X154.44 Y70.816 E3196.71541
G0 F9000 X155.062 Y70.816
G1 F1800 X76.694 Y149.184 E3200.77022
G0 F9000 X77.316 Y149.184
G1 F1800 X155.684 Y70.816 E3204.82503
G0 F9000 X156.307 Y70.816
G1 F1800 X77.939 Y149.184 E3208.87984
G0 F9000 X78.561 Y149.184
G1 F1800 X156.929 Y70.816 E3212.93465
G0 F9000 X157.551 Y70.816
G1 F1800 X79.183 Y149.184 E3216.98946
G0 F9000 X79.805 Y149.184
G1 F1800 X158.173 Y70.816 E3221.04427
G0 F9000 X158.796 Y70.816
G1 F1800 X80.428 Y149.184 E3225.09908
G0 F9000 X81.05 Y149.184
G1 F1800 X159.418 Y70.816 E3229.15389
G0 F9000 X160.04 Y70.816
G1 F1800 X81.672 Y149.184 E3233.2087
G0 F9000 X82.295 Y149.184
G1 F1800 X160.662 Y70.816 E3237.26348
G0 F9000 X161.285 Y70.816
G1 F1800 X82.917 Y149.184 E3241.31829
G0 F9000 X83.539 Y149.184
G1 F1800 X161.907 Y70.816 E3245.3731
G0 F9000 X162.529 Y70.816
G1 F1800 X84.161 Y149.184 E3249.42791
G0 F9000 X84.784 Y149.184
G1 F1800 X163.151 Y70.816 E3253.48269
G0 F9000 X163.774 Y70.816
G1 F1800 X85.406 Y149.184 E3257.5375
G0 F9000 X86.028 Y149.184
G1 F1800 X164.396 Y70.816 E3261.59231
G0 F9000 X165.018 Y70.816
G1 F1800 X86.65 Y149.184 E3265.64712
G0 F9000 X87.273 Y149.184
G1 F1800 X165.64 Y70.816 E3269.7019
G0 F9000 X166.263 Y70.816
G1 F1800 X87.895 Y149.184 E3273.75671
G0 F9000 X88.517 Y149.184
G1 F1800 X166.885 Y70.816 E3277.81152
G0 F9000 X167.507 Y70.816
G1 F1800 X89.139 Y149.184 E3281.86633
G0 F9000 X89.762 Y149.184
G1 F1800 X168.129 Y70.816 E3285.92112
G0 F9000 X168.752 Y70.816
G1 F1800 X90.384 Y149.184 E3289.97593
G0 F9000 X91.006 Y149.184
G1 F1800 X169.374 Y70.816 E3294.03073
G0 F9000 X169.996 Y70.816
G1 F1800 X91.628 Y149.184 E3298.08554
G0 F9000 X92.251 Y149.184
G1 F1800 X164.951 Y76.483 E3301.84711
G0 F9000 X164.719 Y77.338
G1 F1800 X92.873 Y149.184 E3305.56447
G0 F9000 X93.495 Y149.184
G1 F1800 X164.693 Y77.986 E3309.2483
G0 F9000 X164.77 Y78.531
G1 F1800 X94.117 Y149.184 E3312.90393
G0 F9000 X94.74 Y149.184
G1 F1800 X164.913 Y79.011 E3316.53473
G0 F9000 X165.102 Y79.444
G1 F1800 X95.362 Y149.184 E3320.14312
G0 F9000 X95.984 Y149.184
G1 F1800 X165.368 Y79.801 E3323.73306
G0 F9000 X165.657 Y80.134
G1 F1800 X96.606 Y149.184 E3327.30578
G0 F9000 X97.229 Y149.184
G1 F1800 X165.986 Y80.426 E3330.86334
G0 F9000 X166.36 Y80.675
G1 F1800 X97.851 Y149.184 E3334.40803
G0 F9000 X98.473 Y149.184
G1 F1800 X166.784 Y80.873 E3337.94249
G0 F9000 X167.256 Y81.024
G1 F1800 X99.095 Y149.184 E3341.46916
G0 F9000 X99.718 Y149.184
G1 F1800 X167.818 Y81.084 E3344.99269
G0 F9000 X168.451 Y81.073
G1 F1800 X100.34 Y149.184 E3348.5168
G0 F9000 X100.962 Y149.184
G1 F1800 X169.305 Y80.841 E3352.05291
G1 F1500 E3350.05291
G0 F9000 X171.039 Y79.108
G1 F1500 E3352.05291
G1 F1800 X172.383 Y77.763 E3352.12247
G0 F9000 X172.383 Y78.385
G1 F1800 X101.584 Y149.184 E3355.78566
G0 F9000 X102.207 Y149.184
G1 F1800 X172.383 Y79.007 E3359.41663
G0 F9000 X172.383 Y79.629
G1 F1800 X102.829 Y149.184 E3363.01543
G0 F9000 X103.451 Y149.184
G1 F1800 X172.383 Y80.252 E3366.58201
G0 F9000 X172.383 Y80.874
G1 F1800 X104.073 Y149.184 E3370.11641
G0 F9000 X104.696 Y149.184
G1 F1800 X172.383 Y81.496 E3373.61861
G0 F9000 X172.383 Y82.118
G1 F1800 X105.318 Y149.184 E3377.08862
G0 F9000 X105.94 Y149.184
G1 F1800 X172.383 Y82.741 E3380.52642
G0 F9000 X172.383 Y83.363
G1 F1800 X106.562 Y149.184 E3383.93204
G0 F9000 X107.185 Y149.184
G1 F1800 X172.383 Y83.985 E3387.30545
G0 F9000 X172.383 Y84.607
G1 F1800 X107.807 Y149.184 E3390.64668
G0 F9000 X108.429 Y149.184
G1 F1800 X172.383 Y85.23 E3393.9557
G0 F9000 X172.383 Y85.852
G1 F1800 X109.051 Y149.184 E3397.23254
G0 F9000 X109.674 Y149.184
G1 F1800 X172.383 Y86.474 E3400.47717
G0 F9000 X172.383 Y87.096
G1 F1800 X110.296 Y149.184 E3403.68961
G0 F9000 X110.918 Y149.184
G1 F1800 X172.383 Y87.719 E3406.86985
G0 F9000 X172.383 Y88.341
G1 F1800 X111.54 Y149.184 E3410.01791
G0 F9000 X112.163 Y149.184
G1 F1800 X172.383 Y88.963 E3413.13375
G0 F9000 X172.383 Y89.585
G1 F1800 X112.785 Y149.184 E3416.21742
G0 F9000 X113.407 Y149.184
G1 F1800 X172.383 Y90.208 E3419.26887
G0 F9000 X172.383 Y90.83
G1 F1800 X114.029 Y149.184 E3422.28814
G0 F9000 X114.652 Y149.184
G1 F1800 X172.383 Y91.452 E3425.27521
G0 F9000 X172.383 Y92.074
G1 F1800 X115.274 Y149.184 E3428.23009
G0 F9000 X115.896 Y149.184
G1 F1800 X172.383 Y92.697 E3431.15276
G0 F9000 X172.383 Y93.319
G1 F1800 X116.518 Y149.184 E3434.04325
G0 F9000 X117.141 Y149.184
G1 F1800 X172.383 Y93.941 E3436.90153
G0 F9000 X172.383 Y94.564
G1 F1800 X117.763 Y149.184 E3439.72761
G0 F9000 X118.385 Y149.184
G1 F1800 X172.383 Y95.186 E3442.5215
G0 F9000 X172.383 Y95.808
G1 F1800 X119.007 Y149.184 E3445.28321
G0 F9000 X119.63 Y149.184
G1 F1800 X172.383 Y96.43 E3448.0127
G0 F9000 X172.383 Y97.053
G1 F1800 X120.252 Y149.184 E3450.71
G0 F9000 X120.874 Y149.184
G1 F1800 X172.383 Y97.675 E3453.3751
G0 F9000 X172.383 Y98.297
G1 F1800 X121.497 Y149.184 E3456.008
G0 F9000 X122.119 Y149.184
G1 F1800 X172.383 Y98.919 E3458.60872
G0 F9000 X172.383 Y99.542
G1 F1800 X122.741 Y149.184 E3461.17723
G0 F9000 X123.363 Y149.184
G1 F1800 X172.383 Y100.164 E3463.71355
G0 F9000 X172.383 Y100.786
G1 F1800 X123.986 Y149.184 E3466.21767
G0 F9000 X124.608 Y149.184
G1 F1800 X172.383 Y101.408 E3468.6896
G0 F9000 X172.383 Y102.031
G1 F1800 X125.23 Y149.184 E3471.12933
G0 F9000 X125.852 Y149.184
G1 F1800 X172.383 Y102.653 E3473.53687
G0 F9000 X172.383 Y103.275
G1 F1800 X126.475 Y149.184 E3475.91221
G0 F9000 X127.097 Y149.184
G1 F1800 X172.383 Y103.897 E3478.25536
G0 F9000 X172.383 Y104.52
G1 F1800 X127.719 Y149.184 E3480.5663
G0 F9000 X128.341 Y149.184
G1 F1800 X172.383 Y105.142 E3482.84506
G0 F9000 X172.383 Y105.764
G1 F1800 X128.964 Y149.184 E3485.09162
G0 F9000 X129.586 Y149.184
G1 F1800 X172.383 Y106.386 E3487.30599
G0 F9000 X172.383 Y107.009
G1 F1800 X130.208 Y149.184 E3489.48815
G0 F9000 X130.83 Y149.184
G1 F1800 X172.383 Y107.631 E3491.63813
G0 F9000 X172.383 Y108.253
G1 F1800 X131.453 Y149.184 E3493.7559
G0 F9000 X132.075 Y149.184
G1 F1800 X172.383 Y108.875 E3495.84148
G0 F9000 X172.383 Y109.498
G1 F1800 X132.697 Y149.184 E3497.89486
G0 F9000 X133.319 Y149.184
G1 F1800 X172.383 Y110.12 E3499.91606
G0 F9000 X172.383 Y110.742
G1 F1800 X133.942 Y149.184 E3501.90504
G0 F9000 X134.564 Y149.184
G1 F1800 X172.383 Y111.364 E3503.86185
G0 F9000 X172.383 Y111.987
G1 F1800 X135.186 Y149.184 E3505.78644
G0 F9000 X135.808 Y149.184
G1 F1800 X172.383 Y112.609 E3507.67886
G0 F9000 X172.383 Y113.231
G1 F1800 X136.431 Y149.184 E3509.53906
G0 F9000 X137.053 Y149.184
G1 F1800 X172.383 Y113.853 E3511.36709
G0 F9000 X172.383 Y114.476
G1 F1800 X137.675 Y149.184 E3513.1629
G0 F9000 X138.297 Y149.184
G1 F1800 X172.383 Y115.098 E3514.92653
G0 F9000 X172.383 Y115.72
G1 F1800 X138.92 Y149.184 E3516.65795
G0 F9000 X139.542 Y149.184
G1 F1800 X172.383 Y116.342 E3518.35719
G0 F9000 X172.383 Y116.965
G1 F1800 X140.164 Y149.184 E3520.02422
G0 F9000 X140.786 Y149.184
G1 F1800 X172.383 Y117.587 E3521.65907
G0 F9000 X172.383 Y118.209
G1 F1800 X141.409 Y149.184 E3523.26171
G0 F9000 X142.031 Y149.184
G1 F1800 X172.383 Y118.831 E3524.83217
G0 F9000 X172.383 Y119.454
G1 F1800 X142.653 Y149.184 E3526.37042
G0 F9000 X143.275 Y149.184
G1 F1800 X172.383 Y120.076 E3527.87648
G0 F9000 X172.383 Y120.698
G1 F1800 X143.898 Y149.184 E3529.35034
G0 F9000 X144.52 Y149.184
G1 F1800 X172.383 Y121.32 E3530.79202
G0 F9000 X172.383 Y121.943
G1 F1800 X145.142 Y149.184 E3532.20148
G0 F9000 X145.764 Y149.184
G1 F1800 X172.383 Y122.565 E3533.57877
G0 F9000 X172.383 Y123.187
G1 F1800 X146.387 Y149.184 E3534.92384
G0 F9000 X147.009 Y149.184
G1 F1800 X172.383 Y123.809 E3536.23674
G0 F9000 X172.383 Y124.432
G1 F1800 X147.631 Y149.184 E3537.51742
G0 F9000 X148.253 Y149.184
G1 F1800 X172.383 Y125.054 E3538.76592
G0 F9000 X172.383 Y125.676
G1 F1800 X148.876 Y149.184 E3539.98221
G0 F9000 X149.498 Y149.184
G1 F1800 X172.383 Y126.298 E3541.16632
G0 F9000 X172.383 Y126.921
G1 F1800 X150.12 Y149.184 E3542.31823
G0 F9000 X150.742 Y149.184
G1 F1800 X172.383 Y127.543 E3543.43794
G0 F9000 X172.383 Y128.165
G1 F1800 X151.365 Y149.184 E3544.52545
G0 F9000 X151.987 Y149.184
G1 F1800 X172.383 Y128.787 E3545.58078
G0 F9000 X172.383 Y129.41
G1 F1800 X152.609 Y149.184 E3546.6039
G0 F9000 X153.231 Y149.184
G1 F1800 X172.383 Y130.032 E3547.59484
G0 F9000 X172.383 Y130.654
G1 F1800 X153.854 Y149.184 E3548.55357
G0 F9000 X154.476 Y149.184
G1 F1800 X172.383 Y131.276 E3549.48011
G0 F9000 X172.383 Y131.899
G1 F1800 X155.098 Y149.184 E3550.37445
G0 F9000 X155.72 Y149.184
G1 F1800 X172.383 Y132.521 E3551.2366
G0 F9000 X172.383 Y133.143
G1 F1800 X156.343 Y149.184 E3552.06655
G0 F9000 X156.965 Y149.184
G1 F1800 X172.383 Y133.766 E3552.86428
G0 F9000 X172.383 Y134.388
G1 F1800 X157.587 Y149.184 E3553.62984
G0 F9000 X158.209 Y149.184
G1 F1800 X172.383 Y135.01 E3554.36321
G0 F9000 X172.383 Y135.632
G1 F1800 X158.832 Y149.184 E3555.06437
G0 F9000 X159.454 Y149.184
G1 F1800 X164.847 Y143.791 E3555.34341
G0 F9000 X164.692 Y144.568
G1 F1800 X160.076 Y149.184 E3555.58225
G0 F9000 X160.699 Y149.184
G1 F1800 X164.701 Y145.181 E3555.78934
G0 F9000 X164.807 Y145.698
G1 F1800 X161.321 Y149.184 E3555.96971
G0 F9000 X161.943 Y149.184
G1 F1800 X164.966 Y146.161 E3556.12612
G0 F9000 X165.184 Y146.566
G1 F1800 X162.565 Y149.184 E3556.2616
G0 F9000 X163.188 Y149.184
G1 F1800 X165.46 Y146.911 E3556.37918
G0 F9000 X165.763 Y147.231
G1 F1800 X163.81 Y149.184 E3556.48023
G0 F9000 X164.432 Y149.184
G1 F1800 X166.107 Y147.509 E3556.5669
G0 F9000 X166.497 Y147.741
G1 F1800 X165.054 Y149.184 E3556.64156
G0 F9000 X165.677 Y149.184
G1 F1800 X166.938 Y147.922 E3556.70683
G0 F9000 X167.434 Y148.049
G1 F1800 X166.299 Y149.184 E3556.76555
G0 F9000 X166.921 Y149.184
G1 F1800 X168.011 Y148.094 E3556.82195
G0 F9000 X168.692 Y148.035
G1 F1800 X167.543 Y149.184 E3556.8814
G0 F9000 X168.166 Y149.184
G1 F1800 X169.735 Y147.615 E3556.96258
G1 F1500 E3554.96258
G0 F9000 X170.821 Y146.528
G1 F1500 E3556.96258
G1 F1800 X172.383 Y144.966 E3557.0434
G0 F9000 X172.383 Y145.588
G1 F1800 X168.788 Y149.184 E3557.22943
G0 F9000 X169.41 Y149.184
G1 F1800 X172.383 Y146.211 E3557.38326
G0 F9000 X172.383 Y146.833
G1 F1800 X170.032 Y149.184 E3557.5049
G0 F9000 X170.655 Y149.184
G1 F1800 X172.383 Y147.455 E3557.59434
G0 F9000 X172.383 Y148.077
G1 F1800 X171.277 Y149.184 E3557.65159
G0 F9000 X171.899 Y149.184
G1 F1800 X172.383 Y148.7 E3557.67663
G1 F1500 E3555.67663
G0 F9000 X171.241 Y145.486
G1 F1500 E3557.67663
G1 F1800 X172.383 Y144.344 E3557.73572
G0 F9000 X172.383 Y143.722
G1 F1800 X171.319 Y144.786 E3557.79077
G0 F9000 X171.257 Y144.226
G1 F1800 X172.383 Y143.099 E3557.84905
G0 F9000 X172.383 Y142.477
G1 F1800 X171.123 Y143.738 E3557.91427
G0 F9000 X170.953 Y143.285
G1 F1800 X172.383 Y141.855 E3557.98826
G0 F9000 X172.383 Y141.233
G1 F1800 X170.72 Y142.896 E3558.07431
G0 F9000 X170.436 Y142.558
G1 F1800 X172.383 Y140.61 E3558.17507
G0 F9000 X172.383 Y139.988
G1 F1800 X170.119 Y142.252 E3558.29221
G0 F9000 X169.755 Y141.994
G1 F1800 X172.383 Y139.366 E3558.42819
G0 F9000 X172.383 Y138.744
G1 F1800 X169.358 Y141.769 E3558.5847
G0 F9000 X168.9 Y141.605
G1 F1800 X172.383 Y138.121 E3558.76494
G0 F9000 X172.383 Y137.499
G1 F1800 X168.383 Y141.5 E3558.97193
G0 F9000 X167.784 Y141.476
G1 F1800 X172.383 Y136.877 E3559.20988
G0 F9000 X172.383 Y136.255
G1 F1800 X167.004 Y141.633 E3559.48817
G1 F1500 E3557.48817
G0 F9000 X171.275 Y78.248
G1 F1500 E3559.48817
G1 F1800 X172.383 Y77.14 E3559.5455
G0 F9000 X172.383 Y76.518
G1 F1800 X171.299 Y77.602 E3559.60159
G0 F9000 X171.22 Y77.059
G1 F1800 X172.383 Y75.896 E3559.66176
G0 F9000 X172.383 Y75.274
G1 F1800 X171.069 Y76.588 E3559.72975
G0 F9000 X170.877 Y76.158
G1 F1800 X172.383 Y74.651 E3559.8077
G0 F9000 X172.383 Y74.029
G1 F1800 X170.635 Y75.777 E3559.89814
G0 F9000 X170.336 Y75.454
G1 F1800 X172.383 Y73.407 E3560.00405
G0 F9000 X172.383 Y72.785
G1 F1800 X170.002 Y75.166 E3560.12725
G0 F9000 X169.629 Y74.917
G1 F1800 X172.383 Y72.162 E3560.26977
G0 F9000 X172.383 Y71.54
G1 F1800 X169.205 Y74.719 E3560.43422
G0 F9000 X168.732 Y74.569
G1 F1800 X172.383 Y70.918 E3560.62313
G0 F9000 X171.863 Y70.816
G1 F1800 X168.211 Y74.468 E3560.81208
G0 F9000 X167.533 Y74.523
G1 F1800 X171.241 Y70.816 E3561.00391
G0 F9000 X170.619 Y70.816
G1 F1800 X166.662 Y74.773 E3561.20865
G1 F1500 E3559.20865
G0 F9000 X125.194 Y70.816
G1 F1500 E3561.20865
G1 F1800 X115.632 Y80.378 E3561.70339
G0 F9000 X115.979 Y79.409
G1 F1800 X124.572 Y70.816 E3562.148
G0 F9000 X123.949 Y70.816
G1 F1800 X116.142 Y78.623 E3562.55194
G0 F9000 X116.209 Y77.934
G1 F1800 X123.327 Y70.816 E3562.92023
G0 F9000 X122.705 Y70.816
G1 F1800 X116.182 Y77.339 E3563.25773
G0 F9000 X116.127 Y76.772
G1 F1800 X122.083 Y70.816 E3563.5659
G0 F9000 X121.46 Y70.816
G1 F1800 X116.011 Y76.265 E3563.84784
G0 F9000 X115.876 Y75.779
G1 F1800 X120.838 Y70.816 E3564.1046
G0 F9000 X120.216 Y70.816
G1 F1800 X115.688 Y75.344 E3564.33888
G0 F9000 X115.5 Y74.909
G1 F1800 X119.594 Y70.816 E3564.55068
G0 F9000 X118.971 Y70.816
G1 F1800 X115.261 Y74.526 E3564.74264
G0 F9000 X115.017 Y74.149
G1 F1800 X118.349 Y70.816 E3564.91506
G0 F9000 X117.727 Y70.816
G1 F1800 X114.746 Y73.796 E3565.06928
G0 F9000 X114.443 Y73.478
G1 F1800 X117.105 Y70.816 E3565.20701
G0 F9000 X116.482 Y70.816
G1 F1800 X114.136 Y73.162 E3565.32839
G0 F9000 X113.788 Y72.888
G1 F1800 X115.86 Y70.816 E3565.4356
G0 F9000 X115.238 Y70.816
G1 F1800 X113.422 Y72.632 E3565.52956
G0 F9000 X113.056 Y72.375
G1 F1800 X114.616 Y70.816 E3565.61025
G0 F9000 X113.993 Y70.816
G1 F1800 X112.624 Y72.185 E3565.68108
G0 F9000 X112.192 Y71.995
G1 F1800 X113.371 Y70.816 E3565.74209
G0 F9000 X112.749 Y70.816
G1 F1800 X111.728 Y71.837 E3565.79491
G0 F9000 X111.218 Y71.725
G1 F1800 X112.127 Y70.816 E3565.84195
G0 F9000 X111.504 Y70.816
G1 F1800 X110.698 Y71.623 E3565.88368
G0 F9000 X110.096 Y71.602
G1 F1800 X110.882 Y70.816 E3565.92434
G0 F9000 X110.26 Y70.816
G1 F1800 X109.463 Y71.613 E3565.96558
G0 F9000 X108.729 Y71.725
G1 F1800 X109.638 Y70.816 E3566.01261
G0 F9000 X109.015 Y70.816
G1 F1800 X107.861 Y71.97 E3566.07232
G0 F9000 X108.393 Y70.816
G1 F1800 X106.649 Y72.56 E3566.16256
G1 F1500 E3564.16256
G0 F9000 X62.969 Y70.816
G1 F1500 E3566.16256
G1 F1800 X55.217 Y78.567 E3566.56362
G0 F9000 X55.313 Y77.849
G1 F1800 X62.346 Y70.816 E3566.92752
G0 F9000 X61.724 Y70.816
G1 F1800 X55.264 Y77.276 E3567.26176
G0 F9000 X55.139 Y76.778
G1 F1800 X61.102 Y70.816 E3567.57026
G0 F9000 X60.48 Y70.816
G1 F1800 X54.973 Y76.322 E3567.85517
G0 F9000 X54.753 Y75.921
G1 F1800 X59.857 Y70.816 E3568.11928
G0 F9000 X59.235 Y70.816
G1 F1800 X54.466 Y75.585 E3568.36604
G0 F9000 X54.151 Y75.278
G1 F1800 X58.613 Y70.816 E3568.5969
G0 F9000 X57.991 Y70.816
G1 F1800 X53.797 Y75.01 E3568.8139
G0 F9000 X53.396 Y74.788
G1 F1800 X57.368 Y70.816 E3569.01942
G0 F9000 X56.746 Y70.816
G1 F1800 X52.945 Y74.617 E3569.21608
G0 F9000 X52.431 Y74.509
G1 F1800 X56.124 Y70.816 E3569.40716
G0 F9000 X55.502 Y70.816
G1 F1800 X51.841 Y74.477 E3569.59658
G0 F9000 X51.071 Y74.624
G1 F1800 X54.879 Y70.816 E3569.79361
G1 F1500 E3567.79361
G0 F9000 X49.166 Y143.111
G1 F1500 E3569.79361
G1 F1800 X47.617 Y144.66 E3569.87376
G0 F9000 X47.617 Y145.282
G1 F1800 X48.75 Y144.149 E3569.93238
G0 F9000 X48.693 Y144.828
G1 F1800 X47.617 Y145.904 E3569.98805
G0 F9000 X47.617 Y146.527
G1 F1800 X48.742 Y145.402 E3570.04626
G0 F9000 X48.875 Y145.891
G1 F1800 X47.617 Y147.149 E3570.11135
G0 F9000 X47.617 Y147.771
G1 F1800 X49.058 Y146.329 E3570.18593
G0 F9000 X49.294 Y146.716
G1 F1800 X47.617 Y148.393 E3570.2727
G0 F9000 X47.617 Y149.016
G1 F1800 X49.582 Y147.05 E3570.3744
G0 F9000 X49.901 Y147.353
G1 F1800 X48.071 Y149.184 E3570.46911
G0 F9000 X48.693 Y149.184
G1 F1800 X50.264 Y147.613 E3570.5504
G0 F9000 X50.675 Y147.824
G1 F1800 X49.315 Y149.184 E3570.62076
G0 F9000 X49.937 Y149.184
G1 F1800 X51.136 Y147.985 E3570.6828
G0 F9000 X51.658 Y148.086
G1 F1800 X50.56 Y149.184 E3570.73961
G0 F9000 X51.182 Y149.184
G1 F1800 X52.267 Y148.099 E3570.79575
G1 F1500 E3568.79575
;MESH:NONMESH
G0 F300 Z1
G0 F9000 X52.295 Y80.48
;TIME_ELAPSED:4090.156710
;LAYER:4
;TYPE:WALL-INNER
;MESH:SmartKiln_Fondo.stl
G1 F1500 E3570.79575
G1 F1800 X51.524 Y80.47 E3570.82396
G1 X50.951 Y80.281 E3570.84603
G1 X50.688 Y80.154 E3570.85672
G1 X50.344 Y79.925 E3570.87184
G1 X50.121 Y79.729 E3570.8827
G1 X49.753 Y79.306 E3570.90321
G1 X49.543 Y78.942 E3570.91859
G1 X49.383 Y78.473 E3570.93672
G1 X49.304 Y78.049 E3570.9525
G1 X49.304 Y77.595 E3570.96911
G1 X49.369 Y77.17 E3570.98484
G1 X49.478 Y76.837 E3570.99766
G1 X49.585 Y76.606 E3571.00697
G1 X49.837 Y76.194 E3571.02464
G1 X50.039 Y75.95 E3571.03623
G1 X50.363 Y75.658 E3571.05219
G1 X50.599 Y75.496 E3571.06266
G1 X50.967 Y75.308 E3571.07778
G1 X51.258 Y75.208 E3571.08904
G1 X51.834 Y75.096 E3571.11051
G1 X52.095 Y75.074 E3571.12009
G1 X52.706 Y75.187 E3571.14282
G1 X53.13 Y75.342 E3571.15934
G1 X53.498 Y75.553 E3571.17486
G1 X53.852 Y75.826 E3571.19121
G1 X54.253 Y76.269 E3571.21307
G1 X54.374 Y76.476 E3571.22185
G1 X54.632 Y77.183 E3571.24938
G1 X54.708 Y77.795 E3571.27194
G1 X54.653 Y78.295 E3571.29035
G1 X54.497 Y78.84 E3571.31109
G1 X54.255 Y79.291 E3571.32981
G1 X53.928 Y79.7 E3571.34897
G1 X53.534 Y80.022 E3571.36759
G1 X53.139 Y80.248 E3571.38424
G1 X52.749 Y80.393 E3571.39946
G1 X52.295 Y80.48 E3571.41637
G0 F9000 X52.255 Y80.042
G1 F1800 X51.575 Y80.023 E3571.44126
G1 X51.003 Y79.835 E3571.46329
G1 X50.513 Y79.51 E3571.4848
G1 X50.085 Y79.017 E3571.50869
G1 X49.959 Y78.799 E3571.5179
G1 X49.803 Y78.322 E3571.53626
G1 X49.743 Y78.005 E3571.54807
G1 X49.751 Y77.578 E3571.56369
G1 X49.799 Y77.269 E3571.57513
G1 X49.919 Y76.903 E3571.58922
G1 X50.263 Y76.341 E3571.61333
G1 X50.722 Y75.927 E3571.63595
G1 X51.249 Y75.658 E3571.65759
G1 X51.91 Y75.529 E3571.68223
G1 X52.138 Y75.529 E3571.69057
G1 X52.588 Y75.613 E3571.70732
G1 X52.948 Y75.745 E3571.72135
G1 X53.216 Y75.898 E3571.73264
G1 X53.552 Y76.15 E3571.74801
G1 X53.942 Y76.592 E3571.76957
G1 X54.208 Y77.321 E3571.79797
G1 X54.265 Y77.798 E3571.81554
G1 X54.211 Y78.261 E3571.8326
G1 X54.085 Y78.681 E3571.84864
G1 X53.867 Y79.07 E3571.86495
G1 X53.614 Y79.389 E3571.87985
G1 X53.289 Y79.656 E3571.89524
G1 X52.959 Y79.847 E3571.90919
G1 X52.627 Y79.971 E3571.92215
G1 X52.255 Y80.042 E3571.93601
G1 F1500 E3569.93601
G0 F9000 X110.287 Y83.394
G1 F1500 E3571.93601
G1 F1800 X109.231 Y83.348 E3571.97468
G1 X108.315 Y83.139 E3572.00905
G1 X107.515 Y82.82 E3572.04056
G1 X106.792 Y82.39 E3572.07134
G1 X106.082 Y81.809 E3572.10491
G1 X105.45 Y81.074 E3572.14037
G1 X104.936 Y80.208 E3572.17722
G1 X104.567 Y79.189 E3572.21687
G1 X104.405 Y78.123 E3572.25631
G1 X104.454 Y77.028 E3572.29642
G1 X104.697 Y75.972 E3572.33606
G1 X105.127 Y75.022 E3572.37421
G1 X105.708 Y74.193 E3572.41125
G1 X106.366 Y73.53 E3572.44542
G1 X107.071 Y73.019 E3572.47728
G1 X107.829 Y72.63 E3572.50845
G1 X108.704 Y72.345 E3572.54212
G1 X109.67 Y72.206 E3572.57783
G1 X110.703 Y72.239 E3572.61564
G1 X111.749 Y72.473 E3572.65485
G1 X112.751 Y72.917 E3572.69495
G1 X113.646 Y73.539 E3572.73483
G1 X114.398 Y74.325 E3572.77462
G1 X114.96 Y75.194 E3572.81249
G1 X115.338 Y76.094 E3572.8482
G1 X115.539 Y76.964 E3572.88087
G1 X115.6 Y77.817 E3572.91216
G1 X115.497 Y78.874 E3572.95101
G1 X115.201 Y79.879 E3572.98934
G1 X114.745 Y80.777 E3573.02619
G1 X114.101 Y81.618 E3573.06494
G1 X113.281 Y82.334 E3573.10477
G1 X112.361 Y82.881 E3573.14393
G1 X111.319 Y83.245 E3573.18431
G1 X110.287 Y83.394 E3573.22246
G0 F9000 X110.25 Y82.952
G1 F1800 X109.328 Y82.917 E3573.25622
G1 X108.466 Y82.725 E3573.28853
G1 X107.713 Y82.423 E3573.31821
G1 X107.04 Y82.026 E3573.3468
G1 X106.401 Y81.499 E3573.3771
G1 X105.826 Y80.837 E3573.40918
G1 X105.33 Y80.006 E3573.44459
G1 X104.995 Y79.08 E3573.48062
G1 X104.845 Y78.096 E3573.51703
G1 X104.886 Y77.086 E3573.55402
G1 X105.116 Y76.112 E3573.59063
G1 X105.51 Y75.242 E3573.62557
G1 X106.047 Y74.475 E3573.65983
G1 X106.651 Y73.867 E3573.69118
G1 X107.302 Y73.395 E3573.7206
G1 X107.999 Y73.037 E3573.74927
G1 X108.806 Y72.774 E3573.78032
G1 X109.694 Y72.647 E3573.81314
G1 X110.646 Y72.678 E3573.84799
G1 X111.61 Y72.893 E3573.88413
G1 X112.534 Y73.302 E3573.9211
G1 X113.358 Y73.874 E3573.95779
G1 X114.047 Y74.595 E3573.99428
G1 X114.571 Y75.405 E3574.02958
G1 X114.92 Y76.234 E3574.06248
G1 X115.103 Y77.027 E3574.09226
G1 X115.163 Y77.805 E3574.12081
G1 X115.06 Y78.797 E3574.1573
G1 X114.8 Y79.686 E3574.19118
G1 X114.373 Y80.538 E3574.22605
G1 X113.773 Y81.318 E3574.26206
G1 X113.033 Y81.974 E3574.29824
G1 X112.182 Y82.474 E3574.33435
G1 X111.211 Y82.817 E3574.37202
G1 X110.25 Y82.952 E3574.40753
G1 F1500 E3572.40753
G0 F9000 X167.492 Y80.461
G1 F1500 E3574.40753
G1 F1800 X166.799 Y80.227 E3574.43429
G1 X166.213 Y79.838 E3574.46002
G1 X165.684 Y79.218 E3574.48984
G1 X165.565 Y79.001 E3574.49889
G1 X165.389 Y78.485 E3574.51884
G1 X165.309 Y78.051 E3574.53499
G1 X165.307 Y77.597 E3574.5516
G1 X165.371 Y77.159 E3574.56779
G1 X165.535 Y76.688 E3574.58604
G1 X165.922 Y76.056 E3574.61315
G1 X166.363 Y75.658 E3574.63489
G1 X166.599 Y75.496 E3574.64536
G1 X166.967 Y75.308 E3574.66048
G1 X167.258 Y75.208 E3574.67173
G1 X167.834 Y75.096 E3574.6932
G1 X168.095 Y75.074 E3574.70279
G1 X168.711 Y75.188 E3574.72571
G1 X169.136 Y75.349 E3574.74233
G1 X169.495 Y75.55 E3574.75739
G1 X169.848 Y75.822 E3574.77369
G1 X170.184 Y76.193 E3574.792
G1 X170.402 Y76.554 E3574.80743
G1 X170.598 Y77.09 E3574.82831
G1 X170.658 Y77.349 E3574.83804
G1 X170.7 Y77.8 E3574.85461
G1 X170.652 Y78.298 E3574.87291
G1 X170.504 Y78.829 E3574.89308
G1 X170.263 Y79.277 E3574.91169
G1 X169.938 Y79.692 E3574.93098
G1 X169.551 Y80.014 E3574.9494
G1 X169.169 Y80.239 E3574.96562
G1 X168.753 Y80.396 E3574.98189
G1 X168.29 Y80.488 E3574.99916
G1 X167.492 Y80.461 E3575.02837
G0 F9000 X167.59 Y80.026
G1 F1800 X167.022 Y79.841 E3575.05022
G1 X166.516 Y79.505 E3575.07245
G1 X166.007 Y78.926 E3575.10065
G1 X165.814 Y78.371 E3575.12215
G1 X165.747 Y78.009 E3575.13562
G1 X165.745 Y77.63 E3575.14949
G1 X165.799 Y77.267 E3575.16291
G1 X165.923 Y76.905 E3575.17691
G1 X166.246 Y76.367 E3575.19987
G1 X166.718 Y75.929 E3575.22343
G1 X167.249 Y75.658 E3575.24524
G1 X167.91 Y75.529 E3575.26988
G1 X168.138 Y75.529 E3575.27822
G1 X168.59 Y75.614 E3575.29505
G1 X168.947 Y75.747 E3575.30899
G1 X169.216 Y75.898 E3575.32027
G1 X169.546 Y76.144 E3575.33533
G1 X169.858 Y76.489 E3575.35235
G1 X169.988 Y76.705 E3575.36157
G1 X170.212 Y77.318 E3575.38545
G1 X170.26 Y77.8 E3575.40317
G1 X170.219 Y78.222 E3575.41868
G1 X170.091 Y78.668 E3575.43566
G1 X169.891 Y79.039 E3575.45108
G1 X169.615 Y79.388 E3575.46736
G1 X169.303 Y79.649 E3575.48224
G1 X168.975 Y79.842 E3575.49617
G1 X168.627 Y79.973 E3575.50977
G1 X168.254 Y80.046 E3575.52368
G1 X167.59 Y80.026 E3575.54798
G1 F1500 E3573.54798
G0 F9000 X167.68 Y147.472
G1 F1500 E3575.54798
G1 F1800 X167.363 Y147.417 E3575.55975
G1 X166.951 Y147.281 E3575.57562
G1 X166.688 Y147.154 E3575.58631
G1 X166.344 Y146.925 E3575.60143
G1 X166.121 Y146.73 E3575.61227
G1 X165.753 Y146.306 E3575.63281
G1 X165.587 Y146.07 E3575.64336
G1 X165.385 Y145.482 E3575.66611
G1 X165.304 Y145.051 E3575.68215
G1 X165.304 Y144.588 E3575.69909
G1 X165.375 Y144.162 E3575.71489
G1 X165.529 Y143.696 E3575.73285
G1 X165.934 Y143.047 E3575.76084
G1 X166.476 Y142.558 E3575.78755
G1 X167.099 Y142.245 E3575.81305
G1 X167.933 Y142.083 E3575.84414
G1 X168.122 Y142.079 E3575.85105
G1 X168.705 Y142.187 E3575.87275
G1 X169.13 Y142.342 E3575.8893
G1 X169.498 Y142.553 E3575.90482
G1 X169.848 Y142.822 E3575.92097
G1 X170.184 Y143.193 E3575.93928
G1 X170.402 Y143.554 E3575.95471
G1 X170.598 Y144.09 E3575.97559
G1 X170.658 Y144.349 E3575.98532
G1 X170.7 Y144.8 E3576.00189
G1 X170.652 Y145.298 E3576.02019
G1 X170.503 Y145.83 E3576.04041
G1 X170.262 Y146.277 E3576.05899
G1 X169.952 Y146.673 E3576.07738
G1 X169.556 Y147.012 E3576.09646
G1 X169.159 Y147.243 E3576.11326
G1 X168.75 Y147.397 E3576.12925
G1 X168.294 Y147.486 E3576.14625
G1 X167.68 Y147.472 E3576.16872
G0 F9000 X167.594 Y147.03
G1 F1800 X167.003 Y146.835 E3576.19149
G1 X166.513 Y146.51 E3576.213
G1 X166.001 Y145.921 E3576.24155
G1 X165.827 Y145.415 E3576.26113
G1 X165.743 Y145.007 E3576.27637
G1 X165.751 Y144.578 E3576.29207
G1 X165.802 Y144.267 E3576.3036
G1 X165.917 Y143.909 E3576.31735
G1 X166.26 Y143.344 E3576.34154
G1 X166.726 Y142.925 E3576.36446
G1 X167.258 Y142.656 E3576.38627
G1 X168.014 Y142.514 E3576.41442
G1 X168.59 Y142.612 E3576.43579
G1 X168.992 Y142.77 E3576.4516
G1 X169.292 Y142.949 E3576.46438
G1 X169.549 Y143.148 E3576.47627
G1 X169.858 Y143.489 E3576.49311
G1 X169.988 Y143.705 E3576.50233
G1 X170.212 Y144.318 E3576.52621
G1 X170.26 Y144.8 E3576.54393
G1 X170.219 Y145.222 E3576.55944
G1 X170.091 Y145.668 E3576.57642
G1 X169.889 Y146.043 E3576.592
G1 X169.605 Y146.393 E3576.60849
G1 X169.305 Y146.648 E3576.6229
G1 X168.975 Y146.842 E3576.6369
G1 X168.627 Y146.973 E3576.65051
G1 X168.258 Y147.045 E3576.66426
G1 X167.594 Y147.03 E3576.68856
G1 F1500 E3574.68856
G0 F9000 X110 Y149.8
G1 F1500 E3576.68856
G1 F1800 X173 Y149.8 E3578.99349
G1 X173 Y70.2 E3581.90574
G1 X47 Y70.2 E3586.5156
G1 X47 Y149.8 E3589.42786
G1 X110 Y149.8 E3591.73278
G0 F9000 X110 Y150.24
G1 F1800 X173.44 Y150.24 E3594.05381
G1 X173.44 Y69.76 E3596.99826
G1 X46.56 Y69.76 E3601.64031
G1 X46.56 Y150.24 E3604.58477
G1 X110 Y150.24 E3606.90579
G1 F1500 E3604.90579
G0 F9000 X52.294 Y147.486
G1 F1500 E3606.90579
G1 F1800 X51.68 Y147.472 E3606.92826
G1 X51.363 Y147.417 E3606.94003
G1 X50.951 Y147.281 E3606.95591
G1 X50.688 Y147.154 E3606.96659
G1 X50.344 Y146.925 E3606.98171
G1 X50.144 Y146.756 E3606.99129
G1 X49.753 Y146.306 E3607.0131
G1 X49.543 Y145.942 E3607.02848
G1 X49.383 Y145.473 E3607.04661
G1 X49.304 Y145.049 E3607.06238
G1 X49.304 Y144.595 E3607.07899
G1 X49.369 Y144.17 E3607.09472
G1 X49.478 Y143.837 E3607.10754
G1 X49.585 Y143.606 E3607.11686
G1 X49.837 Y143.194 E3607.13453
G1 X50.039 Y142.95 E3607.14612
G1 X50.363 Y142.658 E3607.16207
G1 X50.599 Y142.496 E3607.17255
G1 X50.967 Y142.308 E3607.18767
G1 X51.258 Y142.208 E3607.19892
G1 X52.004 Y142.064 E3607.22672
G1 X52.707 Y142.192 E3607.25286
G1 X53.126 Y142.34 E3607.26912
G1 X53.482 Y142.545 E3607.28415
G1 X53.841 Y142.815 E3607.30059
G1 X54.244 Y143.265 E3607.32269
G1 X54.371 Y143.479 E3607.33179
G1 X54.637 Y144.195 E3607.35974
G1 X54.7 Y144.791 E3607.38166
G1 X54.655 Y145.316 E3607.40094
G1 X54.499 Y145.837 E3607.42084
G1 X54.257 Y146.287 E3607.43953
G1 X53.933 Y146.695 E3607.45859
G1 X53.55 Y147.015 E3607.47685
G1 X53.159 Y147.243 E3607.49341
G1 X52.75 Y147.397 E3607.5094
G1 X52.294 Y147.486 E3607.5264
G0 F9000 X52.258 Y147.045
G1 F1800 X51.594 Y147.03 E3607.5507
G1 X51.003 Y146.835 E3607.57347
G1 X50.513 Y146.51 E3607.59498
G1 X50.085 Y146.017 E3607.61887
G1 X49.959 Y145.799 E3607.62808
G1 X49.803 Y145.322 E3607.64644
G1 X49.743 Y145.005 E3607.65824
G1 X49.751 Y144.578 E3607.67387
G1 X49.799 Y144.269 E3607.68531
G1 X49.919 Y143.903 E3607.6994
G1 X50.263 Y143.341 E3607.72351
G1 X50.722 Y142.927 E3607.74612
G1 X51.252 Y142.657 E3607.76789
G1 X52.029 Y142.513 E3607.7968
G1 X52.589 Y142.616 E3607.81763
G1 X52.946 Y142.746 E3607.83153
G1 X53.27 Y142.933 E3607.84522
G1 X53.55 Y143.152 E3607.85822
G1 X53.943 Y143.586 E3607.87964
G1 X54.214 Y144.329 E3607.90858
G1 X54.26 Y144.794 E3607.92567
G1 X54.22 Y145.234 E3607.94184
G1 X54.089 Y145.671 E3607.95853
G1 X53.891 Y146.039 E3607.97382
G1 X53.615 Y146.388 E3607.9901
G1 X53.303 Y146.649 E3608.00498
G1 X52.975 Y146.842 E3608.0189
G1 X52.627 Y146.973 E3608.03251
G1 X52.258 Y147.045 E3608.04626
G0 F9000 X52.235 Y146.601
;TYPE:WALL-OUTER
G1 F1800 X51.671 Y146.591 E3608.0669
G1 X51.197 Y146.435 E3608.08516
G1 X50.804 Y146.175 E3608.1024
G1 X50.389 Y145.696 E3608.12558
G1 X50.235 Y145.241 E3608.14316
G1 X50.187 Y144.983 E3608.15276
G1 X50.186 Y144.646 E3608.16509
G1 X50.234 Y144.355 E3608.17588
G1 X50.314 Y144.111 E3608.18527
G1 X50.605 Y143.625 E3608.206
G1 X50.972 Y143.294 E3608.22408
G1 X51.394 Y143.078 E3608.24142
G1 X52.012 Y142.96 E3608.26444
G1 X52.453 Y143.035 E3608.28081
G1 X52.758 Y143.144 E3608.29266
G1 X53.023 Y143.297 E3608.30385
G1 X53.25 Y143.474 E3608.31438
G1 X53.563 Y143.828 E3608.33167
G1 X53.776 Y144.407 E3608.35424
G1 X53.82 Y144.798 E3608.36864
G1 X53.779 Y145.171 E3608.38237
G1 X53.67 Y145.521 E3608.39578
G1 X53.509 Y145.813 E3608.40798
G1 X53.282 Y146.093 E3608.42117
G1 X53.032 Y146.298 E3608.433
G1 X52.766 Y146.45 E3608.4442
G1 X52.486 Y146.552 E3608.45511
G1 X52.235 Y146.601 E3608.46446
G1 F1500 E3606.46446
G0 F9000 X110 Y150.68
G1 F1500 E3608.46446
G1 F1800 X173.88 Y150.68 E3610.80159
G1 X173.88 Y69.32 E3613.77824
G1 X46.12 Y69.32 E3618.45248
G1 X46.12 Y150.68 E3621.42913
G1 X110 Y150.68 E3623.76625
G1 F1500 E3621.76625
G0 F9000 X167.671 Y146.591
G1 F1500 E3623.76625
G1 F1800 X167.197 Y146.435 E3623.78451
G1 X166.804 Y146.175 E3623.80175
G1 X166.389 Y145.697 E3623.82491
G1 X166.243 Y145.272 E3623.84135
G1 X166.187 Y144.985 E3623.85205
G1 X166.186 Y144.646 E3623.86445
G1 X166.234 Y144.355 E3623.87524
G1 X166.321 Y144.093 E3623.88534
G1 X166.605 Y143.628 E3623.90528
G1 X166.987 Y143.286 E3623.92404
G1 X167.403 Y143.077 E3623.94107
G1 X168.026 Y142.956 E3623.96429
G1 X168.453 Y143.035 E3623.98018
G1 X168.774 Y143.152 E3623.99268
G1 X168.998 Y143.28 E3624.00212
G1 X169.264 Y143.488 E3624.01447
G1 X169.56 Y143.815 E3624.03061
G1 X169.771 Y144.392 E3624.05308
G1 X169.82 Y144.8 E3624.06812
G1 X169.785 Y145.146 E3624.08084
G1 X169.67 Y145.521 E3624.09519
G1 X169.509 Y145.813 E3624.10739
G1 X169.282 Y146.093 E3624.12058
G1 X169.032 Y146.298 E3624.13241
G1 X168.766 Y146.45 E3624.14362
G1 X168.486 Y146.552 E3624.15452
G1 X168.235 Y146.601 E3624.16388
G1 X167.671 Y146.591 E3624.18451
G1 F1500 E3622.18451
G0 F9000 X167.678 Y79.591
G1 F1500 E3624.18451
G1 F1800 X167.211 Y79.439 E3624.20248
G1 X166.813 Y79.18 E3624.21985
G1 X166.391 Y78.699 E3624.24326
G1 X166.243 Y78.272 E3624.2598
G1 X166.187 Y77.985 E3624.2705
G1 X166.184 Y77.663 E3624.28228
G1 X166.234 Y77.355 E3624.29369
G1 X166.323 Y77.088 E3624.30399
G1 X166.605 Y76.624 E3624.32386
G1 X166.972 Y76.294 E3624.34191
G1 X167.394 Y76.078 E3624.35926
G1 X168.025 Y75.956 E3624.38277
G1 X168.453 Y76.035 E3624.39869
G1 X168.774 Y76.152 E3624.41119
G1 X168.998 Y76.28 E3624.42063
G1 X169.264 Y76.488 E3624.43299
G1 X169.56 Y76.815 E3624.44912
G1 X169.771 Y77.392 E3624.4716
G1 X169.82 Y77.8 E3624.48664
G1 X169.785 Y78.146 E3624.49936
G1 X169.67 Y78.521 E3624.51371
G1 X169.509 Y78.813 E3624.52591
G1 X169.282 Y79.093 E3624.5391
G1 X169.032 Y79.298 E3624.55093
G1 X168.766 Y79.45 E3624.56213
G1 X168.486 Y79.552 E3624.57304
G1 X168.238 Y79.601 E3624.58229
G1 X167.678 Y79.591 E3624.60278
G1 F1500 E3622.60278
G0 F9000 X110.207 Y82.512
G1 F1500 E3624.60278
G1 F1800 X109.351 Y82.475 E3624.63412
G1 X108.587 Y82.302 E3624.66278
G1 X107.9 Y82.025 E3624.68989
G1 X107.271 Y81.65 E3624.71668
G1 X106.711 Y81.187 E3624.74326
G1 X106.162 Y80.551 E3624.774
G1 X105.733 Y79.824 E3624.80488
G1 X105.425 Y78.974 E3624.83796
G1 X105.284 Y78.07 E3624.87143
G1 X105.329 Y77.125 E3624.90605
G1 X105.529 Y76.277 E3624.93792
G1 X105.907 Y75.441 E3624.97149
G1 X106.375 Y74.773 E3625.00133
G1 X106.95 Y74.193 E3625.03121
G1 X107.518 Y73.781 E3625.05688
G1 X108.187 Y73.438 E3625.08439
G1 X108.887 Y73.21 E3625.11132
G1 X109.744 Y73.088 E3625.14299
G1 X110.613 Y73.121 E3625.17481
G1 X111.494 Y73.322 E3625.20787
G1 X112.298 Y73.678 E3625.24004
G1 X113.088 Y74.228 E3625.27526
G1 X113.713 Y74.888 E3625.30852
G1 X114.187 Y75.626 E3625.34061
G1 X114.503 Y76.386 E3625.37072
G1 X114.668 Y77.111 E3625.39792
G1 X114.72 Y77.783 E3625.42258
G1 X114.631 Y78.698 E3625.45622
G1 X114.373 Y79.568 E3625.48942
G1 X113.992 Y80.312 E3625.52
G1 X113.449 Y81.019 E3625.55261
G1 X112.783 Y81.608 E3625.58514
G1 X111.961 Y82.091 E3625.62002
G1 X111.109 Y82.386 E3625.65301
G1 X110.207 Y82.512 E3625.68633
G1 F1500 E3623.68633
G0 F9000 X52.216 Y79.604
G1 F1500 E3625.68633
G1 F1800 X51.672 Y79.59 E3625.70624
G1 X51.197 Y79.435 E3625.72452
G1 X50.804 Y79.175 E3625.74176
G1 X50.389 Y78.696 E3625.76495
G1 X50.235 Y78.241 E3625.78252
G1 X50.187 Y77.983 E3625.79212
G1 X50.186 Y77.646 E3625.80445
G1 X50.234 Y77.355 E3625.81524
G1 X50.314 Y77.111 E3625.82464
G1 X50.605 Y76.625 E3625.84536
G1 X50.972 Y76.294 E3625.86344
G1 X51.394 Y76.078 E3625.88079
G1 X52.025 Y75.956 E3625.9043
G1 X52.453 Y76.035 E3625.92022
G1 X52.774 Y76.152 E3625.93272
G1 X52.998 Y76.28 E3625.94216
G1 X53.264 Y76.488 E3625.95452
G1 X53.558 Y76.813 E3625.97055
G1 X53.779 Y77.419 E3625.99415
G1 X53.82 Y77.801 E3626.00821
G1 X53.783 Y78.159 E3626.02137
G1 X53.679 Y78.502 E3626.03449
G1 X53.522 Y78.795 E3626.04665
G1 X53.293 Y79.083 E3626.06011
G1 X53.053 Y79.284 E3626.07156
G1 X52.79 Y79.44 E3626.08275
G1 X52.505 Y79.548 E3626.0939
G1 X52.216 Y79.604 E3626.10467
G1 F1500 E3624.10467
G0 F9000 X52.346 Y147.877
;TYPE:SKIN
G1 F1500 E3626.10467
G1 F1800 X52.83 Y147.785 E3626.1227
G1 X53.356 Y147.586 E3626.14327
G1 X53.764 Y147.346 E3626.16059
G1 X54.094 Y147.073 E3626.17626
G1 X54.302 Y146.862 E3626.1871
G1 X54.577 Y146.517 E3626.20324
G1 X54.791 Y146.124 E3626.21961
G1 X54.903 Y145.858 E3626.23017
G1 X55.039 Y145.412 E3626.24723
G1 X55.1 Y144.763 E3626.27108
G1 X55.018 Y144.106 E3626.2953
G1 X54.733 Y143.316 E3626.32603
G1 X54.529 Y142.989 E3626.34013
G1 X54.092 Y142.509 E3626.36388
G1 X53.684 Y142.203 E3626.38254
G1 X53.298 Y141.988 E3626.39871
G1 X52.794 Y141.803 E3626.41835
G1 X52.21 Y141.691 E3626.4401
G1 X51.854 Y141.687 E3626.45313
G1 X51.186 Y141.815 E3626.47801
G1 X50.779 Y141.956 E3626.49377
G1 X50.419 Y142.14 E3626.50856
G1 X50.118 Y142.347 E3626.52193
G1 X49.777 Y142.647 E3626.53855
G1 X49.517 Y142.96 E3626.55343
G1 X49.244 Y143.4 E3626.57238
G1 X49.108 Y143.686 E3626.58396
G1 X48.986 Y144.055 E3626.59818
G1 X48.91 Y144.539 E3626.61611
G1 X48.911 Y145.11 E3626.637
G1 X48.995 Y145.561 E3626.65378
G1 X49.163 Y146.063 E3626.67315
G1 X49.433 Y146.535 E3626.69304
G1 X49.845 Y147.016 E3626.71622
G1 X50.117 Y147.252 E3626.72939
G1 X50.465 Y147.484 E3626.74469
G1 X50.831 Y147.658 E3626.75952
G1 X51.235 Y147.79 E3626.77507
G1 X51.636 Y147.865 E3626.78999
G1 X52.346 Y147.877 E3626.81597
G1 F1500 E3624.81597
G0 F9000 X110 Y149.404
G1 F1500 E3626.81597
G1 F1800 X47.396 Y149.404 E3629.10641
G1 X47.396 Y70.596 E3631.98969
G1 X172.604 Y70.596 E3636.57057
G1 X172.604 Y149.404 E3639.45385
G1 X110 Y149.404 E3641.74429
G1 F1500 E3639.74429
G0 F9000 X167.636 Y147.865
G1 F1500 E3641.74429
G1 F1800 X168.346 Y147.877 E3641.77027
G1 X168.83 Y147.785 E3641.7883
G1 X169.319 Y147.602 E3641.8074
G1 X169.776 Y147.338 E3641.82671
G1 X170.215 Y146.968 E3641.84771
G1 X170.581 Y146.513 E3641.86908
G1 X170.791 Y146.123 E3641.88528
G1 X170.907 Y145.855 E3641.89597
G1 X171.033 Y145.418 E3641.91261
G1 X171.1 Y144.818 E3641.9347
G1 X171.048 Y144.298 E3641.95382
G1 X170.975 Y143.974 E3641.96597
G1 X170.775 Y143.424 E3641.98738
G1 X170.501 Y142.959 E3642.00712
G1 X170.098 Y142.512 E3642.02914
G1 X169.73 Y142.232 E3642.04606
G1 X169.323 Y141.993 E3642.06333
G1 X168.825 Y141.805 E3642.0828
G1 X168.179 Y141.687 E3642.10683
G1 X167.82 Y141.692 E3642.11997
G1 X166.975 Y141.865 E3642.15152
G1 X166.409 Y142.145 E3642.17463
G1 X166.152 Y142.315 E3642.1859
G1 X165.601 Y142.816 E3642.21315
G1 X165.144 Y143.575 E3642.24556
G1 X164.982 Y144.091 E3642.26535
G1 X164.91 Y144.523 E3642.28137
G1 X164.911 Y145.109 E3642.30281
G1 X164.995 Y145.561 E3642.31963
G1 X165.229 Y146.249 E3642.34622
G1 X165.435 Y146.543 E3642.35935
G1 X165.821 Y146.992 E3642.38101
G1 X166.117 Y147.252 E3642.39543
G1 X166.465 Y147.484 E3642.41073
G1 X166.831 Y147.658 E3642.42556
G1 X167.235 Y147.79 E3642.44111
G1 X167.636 Y147.865 E3642.45603
G1 F1500 E3640.45603
G0 F9000 X167.435 Y80.849
G1 F1500 E3642.45603
G1 F1800 X168.176 Y80.876 E3642.48316
G1 X168.456 Y80.856 E3642.49343
G1 X168.884 Y80.77 E3642.5094
G1 X169.32 Y80.602 E3642.5265
G1 X169.768 Y80.342 E3642.54545
G1 X170.098 Y80.069 E3642.56112
G1 X170.298 Y79.866 E3642.57154
G1 X170.577 Y79.517 E3642.58789
G1 X170.79 Y79.129 E3642.60408
G1 X170.916 Y78.83 E3642.61596
G1 X171.033 Y78.418 E3642.63162
G1 X171.1 Y77.818 E3642.65371
G1 X171.048 Y77.298 E3642.67283
G1 X170.975 Y76.974 E3642.68498
G1 X170.775 Y76.42 E3642.70653
G1 X170.5 Y75.961 E3642.72611
G1 X170.124 Y75.54 E3642.74676
G1 X169.697 Y75.208 E3642.76655
G1 X169.321 Y74.996 E3642.78234
G1 X168.83 Y74.809 E3642.80156
G1 X168.121 Y74.674 E3642.82797
G1 X167.779 Y74.7 E3642.84052
G1 X167.185 Y74.816 E3642.86266
G1 X166.779 Y74.956 E3642.87837
G1 X166.419 Y75.14 E3642.89316
G1 X166.096 Y75.364 E3642.90755
G1 X165.612 Y75.801 E3642.9314
G1 X165.188 Y76.492 E3642.96106
G1 X164.992 Y77.034 E3642.98215
G1 X164.91 Y77.555 E3643.00145
G1 X164.915 Y78.117 E3643.02201
G1 X164.999 Y78.565 E3643.03869
G1 X165.203 Y79.183 E3643.0625
G1 X165.355 Y79.45 E3643.07374
G1 X165.965 Y80.148 E3643.10765
G1 X166.652 Y80.6 E3643.13774
G1 X167.435 Y80.849 E3643.1678
G1 F1500 E3641.1678
G0 F9000 X110.271 Y83.788
G1 F1500 E3643.1678
G1 F1800 X111.389 Y83.634 E3643.20909
G1 X112.505 Y83.251 E3643.25226
G1 X113.544 Y82.638 E3643.29639
G1 X114.391 Y81.878 E3643.33803
G1 X115.072 Y80.996 E3643.37879
G1 X115.576 Y80.003 E3643.41954
G1 X115.892 Y78.924 E3643.46067
G1 X116 Y77.794 E3643.5022
G1 X115.932 Y76.918 E3643.53435
G1 X115.723 Y75.991 E3643.56911
G1 X115.315 Y75.021 E3643.60761
G1 X114.717 Y74.092 E3643.64804
G1 X114.008 Y73.34 E3643.68585
G1 X113.794 Y73.159 E3643.6961
G1 X112.925 Y72.558 E3643.73476
G1 X112.009 Y72.154 E3643.77139
G1 X111.75 Y72.067 E3643.78138
G1 X110.768 Y71.849 E3643.81818
G1 X109.668 Y71.808 E3643.85846
G1 X108.579 Y71.966 E3643.89872
G1 X107.687 Y72.258 E3643.93306
G1 X106.875 Y72.672 E3643.9664
G1 X106.091 Y73.237 E3644.00176
G1 X105.387 Y73.957 E3644.0386
G1 X104.795 Y74.801 E3644.07632
G1 X104.379 Y75.704 E3644.11269
G1 X104.285 Y75.987 E3644.1236
G1 X104.065 Y76.955 E3644.15992
G1 X104.004 Y78.104 E3644.20202
G1 X104.181 Y79.295 E3644.24607
G1 X104.573 Y80.368 E3644.28786
G1 X105.13 Y81.305 E3644.32775
G1 X105.792 Y82.081 E3644.36506
G1 X106.543 Y82.702 E3644.40072
G1 X107.332 Y83.173 E3644.43434
G1 X108.174 Y83.509 E3644.4675
G1 X109.182 Y83.743 E3644.50536
G1 X110.271 Y83.788 E3644.54524
G1 F1500 E3642.54524
G0 F9000 X52.33 Y80.879
G1 F1500 E3644.54524
G1 F1800 X52.862 Y80.772 E3644.56509
G1 X53.285 Y80.615 E3644.5816
G1 X53.746 Y80.352 E3644.60102
G1 X54.222 Y79.958 E3644.62362
G1 X54.571 Y79.52 E3644.64411
G1 X54.863 Y78.988 E3644.66632
G1 X55.046 Y78.376 E3644.68969
G1 X55.099 Y77.715 E3644.71395
G1 X55.019 Y77.107 E3644.73639
G1 X54.721 Y76.282 E3644.76848
G1 X54.581 Y76.05 E3644.77839
G1 X54.132 Y75.545 E3644.80311
G1 X53.701 Y75.208 E3644.82313
G1 X53.313 Y74.988 E3644.83945
G1 X52.825 Y74.805 E3644.85852
G1 X52.12 Y74.674 E3644.88475
G1 X51.779 Y74.7 E3644.89726
G1 X51.185 Y74.816 E3644.91941
G1 X50.779 Y74.956 E3644.93512
G1 X50.419 Y75.14 E3644.94991
G1 X50.118 Y75.347 E3644.96328
G1 X49.777 Y75.647 E3644.97989
G1 X49.517 Y75.96 E3644.99478
G1 X49.244 Y76.4 E3645.01372
G1 X49.108 Y76.686 E3645.02531
G1 X48.986 Y77.06 E3645.0397
G1 X48.91 Y77.538 E3645.05741
G1 X48.911 Y78.11 E3645.07834
G1 X48.995 Y78.561 E3645.09512
G1 X49.163 Y79.063 E3645.11449
G1 X49.433 Y79.535 E3645.13438
G1 X49.838 Y80.006 E3645.15711
G1 X50.098 Y80.234 E3645.16976
G1 X50.464 Y80.483 E3645.18596
G1 X50.8 Y80.647 E3645.19964
G1 X51.231 Y80.79 E3645.21625
G1 X51.502 Y80.858 E3645.22647
G1 X52.33 Y80.879 E3645.25678
G1 F1500 E3643.25678
G0 F9000 X47.616 Y149.043
G1 F1500 E3645.25678
G1 F1800 X47.757 Y149.184 E3645.26407
G0 F9000 X48.379 Y149.184
G1 F1800 X47.616 Y148.421 E3645.30355
G0 F9000 X47.616 Y147.799
G1 F1800 X49.001 Y149.184 E3645.37521
G0 F9000 X49.623 Y149.184
G1 F1800 X47.616 Y147.176 E3645.47908
G0 F9000 X47.616 Y146.554
G1 F1800 X50.246 Y149.184 E3645.61516
G0 F9000 X50.868 Y149.184
G1 F1800 X47.616 Y145.932 E3645.78342
G0 F9000 X47.616 Y145.31
G1 F1800 X51.49 Y149.184 E3645.98386
G0 F9000 X52.112 Y149.184
G1 F1800 X50.811 Y147.883 E3646.05118
G0 F9000 X51.634 Y148.083
G1 F1800 X52.735 Y149.184 E3646.10814
G0 F9000 X53.357 Y149.184
G1 F1800 X52.274 Y148.101 E3646.16418
G0 F9000 X52.809 Y148.014
G1 F1800 X53.979 Y149.184 E3646.22471
G0 F9000 X54.601 Y149.184
G1 F1800 X53.273 Y147.855 E3646.29345
G0 F9000 X53.686 Y147.646
G1 F1800 X55.224 Y149.184 E3646.37303
G0 F9000 X55.846 Y149.184
G1 F1800 X54.053 Y147.391 E3646.4658
G0 F9000 X54.38 Y147.096
G1 F1800 X56.468 Y149.184 E3646.57383
G0 F9000 X57.09 Y149.184
G1 F1800 X54.661 Y146.755 E3646.69951
G0 F9000 X54.905 Y146.377
G1 F1800 X57.713 Y149.184 E3646.84477
G0 F9000 X58.335 Y149.184
G1 F1800 X55.101 Y145.95 E3647.0121
G0 F9000 X55.25 Y145.477
G1 F1800 X58.957 Y149.184 E3647.20391
G0 F9000 X59.579 Y149.184
G1 F1800 X55.308 Y144.912 E3647.42492
G0 F9000 X55.255 Y144.238
G1 F1800 X60.202 Y149.184 E3647.68085
G0 F9000 X60.824 Y149.184
G1 F1800 X54.971 Y143.331 E3647.98369
G1 F1500 E3645.98369
G0 F9000 X53.478 Y141.838
G1 F1500 E3647.98369
G1 F1800 X47.616 Y135.976 E3648.28699
G0 F9000 X47.616 Y136.598
G1 F1800 X52.551 Y141.533 E3648.54233
G0 F9000 X51.859 Y141.463
G1 F1800 X47.616 Y137.22 E3648.76187
G0 F9000 X47.616 Y137.843
G1 F1800 X51.336 Y141.563 E3648.95434
G0 F9000 X50.849 Y141.698
G1 F1800 X47.616 Y138.465 E3649.12162
G0 F9000 X47.616 Y139.087
G1 F1800 X50.421 Y141.892 E3649.26675
G0 F9000 X50.039 Y142.133
G1 F1800 X47.616 Y139.709 E3649.39215
G0 F9000 X47.616 Y140.332
G1 F1800 X49.703 Y142.418 E3649.5001
G0 F9000 X49.41 Y142.748
G1 F1800 X47.616 Y140.954 E3649.59293
G0 F9000 X47.616 Y141.576
G1 F1800 X49.16 Y143.121 E3649.67284
G0 F9000 X48.942 Y143.525
G1 F1800 X47.616 Y142.198 E3649.74147
G0 F9000 X47.616 Y142.821
G1 F1800 X48.779 Y143.984 E3649.80165
G0 F9000 X48.693 Y144.52
G1 F1800 X47.616 Y143.443 E3649.85737
G0 F9000 X47.616 Y144.065
G1 F1800 X48.694 Y145.144 E3649.91317
G0 F9000 X48.903 Y145.974
G1 F1800 X47.616 Y144.687 E3649.97977
G1 F1500 E3647.97977
G0 F9000 X45.235 Y144.687
G0 X45.235 Y135.354
G0 X47.616 Y135.354
G1 F1500 E3649.97977
G1 F1800 X61.446 Y149.184 E3650.69534
G0 F9000 X62.068 Y149.184
G1 F1800 X47.616 Y134.731 E3651.44312
G0 F9000 X47.616 Y134.109
G1 F1800 X62.691 Y149.184 E3652.22311
G0 F9000 X63.313 Y149.184
G1 F1800 X47.616 Y133.487 E3653.03528
G0 F9000 X47.616 Y132.865
G1 F1800 X63.935 Y149.184 E3653.87964
G0 F9000 X64.557 Y149.184
G1 F1800 X47.616 Y132.242 E3654.7562
G0 F9000 X47.616 Y131.62
G1 F1800 X65.18 Y149.184 E3655.66497
G0 F9000 X65.802 Y149.184
G1 F1800 X47.616 Y130.998 E3656.60593
G0 F9000 X47.616 Y130.376
G1 F1800 X66.424 Y149.184 E3657.57907
G0 F9000 X67.046 Y149.184
G1 F1800 X47.616 Y129.753 E3658.58441
G0 F9000 X47.616 Y129.131
G1 F1800 X67.669 Y149.184 E3659.62197
G0 F9000 X68.291 Y149.184
G1 F1800 X47.616 Y128.509 E3660.6917
G0 F9000 X47.616 Y127.887
G1 F1800 X68.913 Y149.184 E3661.79362
G0 F9000 X69.535 Y149.184
G1 F1800 X47.616 Y127.264 E3662.92775
G0 F9000 X47.616 Y126.642
G1 F1800 X70.158 Y149.184 E3664.09409
G0 F9000 X70.78 Y149.184
G1 F1800 X47.616 Y126.02 E3665.29261
G0 F9000 X47.616 Y125.398
G1 F1800 X71.402 Y149.184 E3666.52331
G0 F9000 X72.024 Y149.184
G1 F1800 X47.616 Y124.775 E3667.78622
G0 F9000 X47.616 Y124.153
G1 F1800 X72.647 Y149.184 E3669.08134
G0 F9000 X73.269 Y149.184
G1 F1800 X47.616 Y123.531 E3670.40865
G0 F9000 X47.616 Y122.909
G1 F1800 X73.891 Y149.184 E3671.76813
G0 F9000 X74.513 Y149.184
G1 F1800 X47.616 Y122.286 E3673.15982
G0 F9000 X47.616 Y121.664
G1 F1800 X75.136 Y149.184 E3674.58373
G0 F9000 X75.758 Y149.184
G1 F1800 X47.616 Y121.042 E3676.03981
G0 F9000 X47.616 Y120.42
G1 F1800 X76.38 Y149.184 E3677.52808
G0 F9000 X77.003 Y149.184
G1 F1800 X47.616 Y119.797 E3679.04858
G0 F9000 X47.616 Y119.175
G1 F1800 X77.625 Y149.184 E3680.60127
G0 F9000 X78.247 Y149.184
G1 F1800 X47.616 Y118.553 E3682.18613
G0 F9000 X47.616 Y117.931
G1 F1800 X78.869 Y149.184 E3683.80318
G0 F9000 X79.492 Y149.184
G1 F1800 X47.616 Y117.308 E3685.45247
G0 F9000 X47.616 Y116.686
G1 F1800 X80.114 Y149.184 E3687.13393
G0 F9000 X80.736 Y149.184
G1 F1800 X47.616 Y116.064 E3688.84758
G0 F9000 X47.616 Y115.442
G1 F1800 X81.358 Y149.184 E3690.59342
G0 F9000 X81.981 Y149.184
G1 F1800 X47.616 Y114.819 E3692.37148
G0 F9000 X47.616 Y114.197
G1 F1800 X82.603 Y149.184 E3694.18173
G0 F9000 X83.225 Y149.184
G1 F1800 X47.616 Y113.575 E3696.02416
G0 F9000 X47.616 Y112.953
G1 F1800 X83.847 Y149.184 E3697.89878
G0 F9000 X84.47 Y149.184
G1 F1800 X47.616 Y112.33 E3699.80563
G0 F9000 X47.616 Y111.708
G1 F1800 X85.092 Y149.184 E3701.74466
G0 F9000 X85.714 Y149.184
G1 F1800 X47.616 Y111.086 E3703.71587
G0 F9000 X47.616 Y110.464
G1 F1800 X86.336 Y149.184 E3705.71927
G0 F9000 X86.959 Y149.184
G1 F1800 X47.616 Y109.841 E3707.7549
G0 F9000 X47.616 Y109.219
G1 F1800 X87.581 Y149.184 E3709.82272
G0 F9000 X88.203 Y149.184
G1 F1800 X47.616 Y108.597 E3711.92271
G0 F9000 X47.616 Y107.974
G1 F1800 X88.825 Y149.184 E3714.05492
G0 F9000 X89.448 Y149.184
G1 F1800 X47.616 Y107.352 E3716.21933
G0 F9000 X47.616 Y106.73
G1 F1800 X90.07 Y149.184 E3718.41593
G0 F9000 X90.692 Y149.184
G1 F1800 X47.616 Y106.108 E3720.64471
G0 F9000 X47.616 Y105.485
G1 F1800 X91.314 Y149.184 E3722.9057
G0 F9000 X91.937 Y149.184
G1 F1800 X47.616 Y104.863 E3725.19889
G0 F9000 X47.616 Y104.241
G1 F1800 X92.559 Y149.184 E3727.52427
G0 F9000 X93.181 Y149.184
G1 F1800 X47.616 Y103.619 E3729.88183
G0 F9000 X47.616 Y102.996
G1 F1800 X93.803 Y149.184 E3732.2716
G0 F9000 X94.426 Y149.184
G1 F1800 X47.616 Y102.374 E3734.69358
G0 F9000 X47.616 Y101.752
G1 F1800 X95.048 Y149.184 E3737.14774
G0 F9000 X95.67 Y149.184
G1 F1800 X47.616 Y101.13 E3739.63409
G0 F9000 X47.616 Y100.507
G1 F1800 X96.292 Y149.184 E3742.15264
G0 F9000 X96.915 Y149.184
G1 F1800 X47.616 Y99.885 E3744.7034
G0 F9000 X47.616 Y99.263
G1 F1800 X97.537 Y149.184 E3747.28635
G0 F9000 X98.159 Y149.184
G1 F1800 X47.616 Y98.641 E3749.90147
G0 F9000 X47.616 Y98.018
G1 F1800 X98.781 Y149.184 E3752.54881
G0 F9000 X99.404 Y149.184
G1 F1800 X47.616 Y97.396 E3755.22835
G0 F9000 X47.616 Y96.774
G1 F1800 X100.026 Y149.184 E3757.94008
G0 F9000 X100.648 Y149.184
G1 F1800 X47.616 Y96.152 E3760.68399
G0 F9000 X47.616 Y95.529
G1 F1800 X101.27 Y149.184 E3763.4601
G0 F9000 X101.893 Y149.184
G1 F1800 X47.616 Y94.907 E3766.26843
G0 F9000 X47.616 Y94.285
G1 F1800 X102.515 Y149.184 E3769.10894
G0 F9000 X103.137 Y149.184
G1 F1800 X47.616 Y93.663 E3771.98163
G0 F9000 X47.616 Y93.04
G1 F1800 X103.759 Y149.184 E3774.88653
G0 F9000 X104.382 Y149.184
G1 F1800 X47.616 Y92.418 E3777.82364
G0 F9000 X47.616 Y91.796
G1 F1800 X105.004 Y149.184 E3780.79293
G0 F9000 X105.626 Y149.184
G1 F1800 X47.616 Y91.174 E3783.7944
G0 F9000 X47.616 Y90.551
G1 F1800 X106.248 Y149.184 E3786.82809
G0 F9000 X106.871 Y149.184
G1 F1800 X47.616 Y89.929 E3789.89398
G0 F9000 X47.616 Y89.307
G1 F1800 X107.493 Y149.184 E3792.99205
G0 F9000 X108.115 Y149.184
G1 F1800 X47.616 Y88.685 E3796.12231
G0 F9000 X47.616 Y88.062
G1 F1800 X108.737 Y149.184 E3799.28477
G0 F9000 X109.36 Y149.184
G1 F1800 X47.616 Y87.44 E3802.47944
G0 F9000 X47.616 Y86.818
G1 F1800 X109.982 Y149.184 E3805.7063
G0 F9000 X110.604 Y149.184
G1 F1800 X47.616 Y86.196 E3808.96534
G0 F9000 X47.616 Y85.573
G1 F1800 X111.226 Y149.184 E3812.25659
G0 F9000 X111.849 Y149.184
G1 F1800 X47.616 Y84.951 E3815.58004
G0 F9000 X47.616 Y84.329
G1 F1800 X112.471 Y149.184 E3818.93568
G0 F9000 X113.093 Y149.184
G1 F1800 X47.616 Y83.707 E3822.3235
G0 F9000 X47.616 Y83.084
G1 F1800 X113.715 Y149.184 E3825.74353
G0 F9000 X114.338 Y149.184
G1 F1800 X47.616 Y82.462 E3829.19577
G0 F9000 X47.616 Y81.84
G1 F1800 X114.96 Y149.184 E3832.68019
G0 F9000 X115.582 Y149.184
G1 F1800 X47.616 Y81.218 E3836.19679
G0 F9000 X47.616 Y80.595
G1 F1800 X116.205 Y149.184 E3839.74563
G0 F9000 X116.827 Y149.184
G1 F1800 X47.616 Y79.973 E3843.32665
G0 F9000 X47.616 Y79.351
G1 F1800 X117.449 Y149.184 E3846.93985
G0 F9000 X118.071 Y149.184
G1 F1800 X47.616 Y78.729 E3850.58524
G0 F9000 X47.616 Y78.106
G1 F1800 X118.694 Y149.184 E3854.26286
G0 F9000 X119.316 Y149.184
G1 F1800 X51.113 Y80.981 E3857.79173
G0 F9000 X51.843 Y81.089
G1 F1800 X119.938 Y149.184 E3861.315
G0 F9000 X120.56 Y149.184
G1 F1800 X52.454 Y81.078 E3864.83885
G0 F9000 X52.966 Y80.967
G1 F1800 X121.183 Y149.184 E3868.36844
G0 F9000 X121.805 Y149.184
G1 F1800 X53.417 Y80.796 E3871.90688
G0 F9000 X53.811 Y80.568
G1 F1800 X122.427 Y149.184 E3875.45712
G0 F9000 X123.049 Y149.184
G1 F1800 X54.16 Y80.295 E3879.02148
G0 F9000 X54.477 Y79.989
G1 F1800 X123.672 Y149.184 E3882.60167
G0 F9000 X124.294 Y149.184
G1 F1800 X54.753 Y79.643 E3886.19976
G0 F9000 X54.973 Y79.241
G1 F1800 X124.916 Y149.184 E3889.81866
G0 F9000 X125.538 Y149.184
G1 F1800 X55.149 Y78.795 E3893.46063
G0 F9000 X55.273 Y78.297
G1 F1800 X126.161 Y149.184 E3897.12839
G0 F9000 X126.783 Y149.184
G1 F1800 X55.321 Y77.722 E3900.82588
G0 F9000 X55.218 Y76.997
G1 F1800 X127.405 Y149.184 E3904.56088
G0 F9000 X128.027 Y149.184
G1 F1800 X54.731 Y75.888 E3908.35326
G0 F9000 X54.024 Y75.18
G1 F1800 X49.659 Y70.816 E3908.57908
G0 F9000 X49.037 Y70.816
G1 F1800 X52.8 Y74.579 E3908.77378
G0 F9000 X52.058 Y74.459
G1 F1800 X48.415 Y70.816 E3908.96228
G0 F9000 X47.793 Y70.816
G1 F1800 X51.504 Y74.528 E3909.15431
G0 F9000 X51.001 Y74.646
G1 F1800 X47.616 Y71.262 E3909.32943
G0 F9000 X47.616 Y71.884
G1 F1800 X50.557 Y74.825 E3909.4816
G0 F9000 X50.161 Y75.051
G1 F1800 X47.616 Y72.506 E3909.61328
G0 F9000 X47.616 Y73.128
G1 F1800 X49.811 Y75.324 E3909.72687
G0 F9000 X49.502 Y75.637
G1 F1800 X47.616 Y73.751 E3909.82446
G0 F9000 X47.616 Y74.373
G1 F1800 X49.239 Y75.996 E3909.90843
G0 F9000 X49.008 Y76.387
G1 F1800 X47.616 Y74.995 E3909.98045
G0 F9000 X47.616 Y75.617
G1 F1800 X48.831 Y76.832 E3910.04332
G0 F9000 X48.72 Y77.343
G1 F1800 X47.616 Y76.24 E3910.10041
G0 F9000 X47.616 Y76.862
G1 F1800 X48.694 Y77.94 E3910.15619
G0 F9000 X48.802 Y78.671
G1 F1800 X47.616 Y77.484 E3910.21758
G1 F1500 E3908.21758
G0 F9000 X45.235 Y77.484
G0 X45.247 Y68.447
G0 X50.282 Y68.435
G0 X50.282 Y70.816
G1 F1500 E3910.21758
G1 F1800 X128.65 Y149.184 E3914.27239
G0 F9000 X129.272 Y149.184
G1 F1800 X50.904 Y70.816 E3918.3272
G0 F9000 X51.526 Y70.816
G1 F1800 X129.894 Y149.184 E3922.38201
G0 F9000 X130.516 Y149.184
G1 F1800 X52.148 Y70.816 E3926.43682
G0 F9000 X52.771 Y70.816
G1 F1800 X131.139 Y149.184 E3930.49163
G0 F9000 X131.761 Y149.184
G1 F1800 X53.393 Y70.816 E3934.54644
G0 F9000 X54.015 Y70.816
G1 F1800 X132.383 Y149.184 E3938.60125
G0 F9000 X133.005 Y149.184
G1 F1800 X54.637 Y70.816 E3942.65606
G0 F9000 X55.26 Y70.816
G1 F1800 X133.628 Y149.184 E3946.71087
G0 F9000 X134.25 Y149.184
G1 F1800 X55.882 Y70.816 E3950.76568
G0 F9000 X56.504 Y70.816
G1 F1800 X134.872 Y149.184 E3954.82049
G0 F9000 X135.494 Y149.184
G1 F1800 X57.126 Y70.816 E3958.8753
G0 F9000 X57.749 Y70.816
G1 F1800 X136.117 Y149.184 E3962.9301
G0 F9000 X136.739 Y149.184
G1 F1800 X58.371 Y70.816 E3966.98491
G0 F9000 X58.993 Y70.816
G1 F1800 X137.361 Y149.184 E3971.03972
G0 F9000 X137.983 Y149.184
G1 F1800 X59.615 Y70.816 E3975.09453
G0 F9000 X60.238 Y70.816
G1 F1800 X138.606 Y149.184 E3979.14934
G0 F9000 X139.228 Y149.184
G1 F1800 X60.86 Y70.816 E3983.20415
G0 F9000 X61.482 Y70.816
G1 F1800 X139.85 Y149.184 E3987.25896
G0 F9000 X140.472 Y149.184
G1 F1800 X62.104 Y70.816 E3991.31377
G0 F9000 X62.727 Y70.816
G1 F1800 X141.095 Y149.184 E3995.36858
G0 F9000 X141.717 Y149.184
G1 F1800 X63.349 Y70.816 E3999.42339
G0 F9000 X63.971 Y70.816
G1 F1800 X142.339 Y149.184 E4003.4782
G0 F9000 X142.961 Y149.184
G1 F1800 X64.593 Y70.816 E4007.53301
G0 F9000 X65.216 Y70.816
G1 F1800 X143.584 Y149.184 E4011.58782
G0 F9000 X144.206 Y149.184
G1 F1800 X65.838 Y70.816 E4015.64263
G0 F9000 X66.46 Y70.816
G1 F1800 X144.828 Y149.184 E4019.69744
G0 F9000 X145.45 Y149.184
G1 F1800 X67.083 Y70.816 E4023.75222
G0 F9000 X67.705 Y70.816
G1 F1800 X146.073 Y149.184 E4027.80703
G0 F9000 X146.695 Y149.184
G1 F1800 X68.327 Y70.816 E4031.86184
G0 F9000 X68.949 Y70.816
G1 F1800 X147.317 Y149.184 E4035.91665
G0 F9000 X147.939 Y149.184
G1 F1800 X69.572 Y70.816 E4039.97143
G0 F9000 X70.194 Y70.816
G1 F1800 X148.562 Y149.184 E4044.02624
G0 F9000 X149.184 Y149.184
G1 F1800 X70.816 Y70.816 E4048.08105
G0 F9000 X71.438 Y70.816
G1 F1800 X149.806 Y149.184 E4052.13586
G0 F9000 X150.428 Y149.184
G1 F1800 X72.061 Y70.816 E4056.19065
G0 F9000 X72.683 Y70.816
G1 F1800 X151.051 Y149.184 E4060.24545
G0 F9000 X151.673 Y149.184
G1 F1800 X73.305 Y70.816 E4064.30026
G0 F9000 X73.927 Y70.816
G1 F1800 X152.295 Y149.184 E4068.35507
G0 F9000 X152.917 Y149.184
G1 F1800 X74.55 Y70.816 E4072.40986
G0 F9000 X75.172 Y70.816
G1 F1800 X153.54 Y149.184 E4076.46467
G0 F9000 X154.162 Y149.184
G1 F1800 X75.794 Y70.816 E4080.51948
G0 F9000 X76.416 Y70.816
G1 F1800 X154.784 Y149.184 E4084.57429
G0 F9000 X155.407 Y149.184
G1 F1800 X77.039 Y70.816 E4088.6291
G0 F9000 X77.661 Y70.816
G1 F1800 X156.029 Y149.184 E4092.6839
G0 F9000 X156.651 Y149.184
G1 F1800 X78.283 Y70.816 E4096.73871
G0 F9000 X78.905 Y70.816
G1 F1800 X157.273 Y149.184 E4100.79352
G0 F9000 X157.896 Y149.184
G1 F1800 X79.528 Y70.816 E4104.84833
G0 F9000 X80.15 Y70.816
G1 F1800 X158.518 Y149.184 E4108.90314
G0 F9000 X159.14 Y149.184
G1 F1800 X80.772 Y70.816 E4112.95795
G0 F9000 X81.394 Y70.816
G1 F1800 X159.762 Y149.184 E4117.01276
G0 F9000 X160.385 Y149.184
G1 F1800 X82.017 Y70.816 E4121.06757
G0 F9000 X82.639 Y70.816
G1 F1800 X161.007 Y149.184 E4125.12238
G0 F9000 X161.629 Y149.184
G1 F1800 X83.261 Y70.816 E4129.17719
G0 F9000 X83.883 Y70.816
G1 F1800 X162.251 Y149.184 E4133.232
G0 F9000 X162.874 Y149.184
G1 F1800 X84.506 Y70.816 E4137.28681
G0 F9000 X85.128 Y70.816
G1 F1800 X163.496 Y149.184 E4141.34162
G0 F9000 X164.118 Y149.184
G1 F1800 X85.75 Y70.816 E4145.39643
G0 F9000 X86.372 Y70.816
G1 F1800 X164.74 Y149.184 E4149.45124
G0 F9000 X165.363 Y149.184
G1 F1800 X86.995 Y70.816 E4153.50605
G0 F9000 X87.617 Y70.816
G1 F1800 X165.985 Y149.184 E4157.56086
G0 F9000 X166.607 Y149.184
G92 E0
G1 F1800 X88.239 Y70.816 E4.05481
G0 F9000 X88.861 Y70.816
G1 F1800 X167.229 Y149.184 E8.10962
G0 F9000 X167.852 Y149.184
G1 F1800 X166.318 Y147.65 E8.18899
G0 F9000 X167.32 Y148.03
G1 F1800 X168.474 Y149.184 E8.2487
G0 F9000 X169.096 Y149.184
G1 F1800 X168.007 Y148.095 E8.30504
G0 F9000 X168.589 Y148.055
G1 F1800 X169.718 Y149.184 E8.36346
G0 F9000 X170.341 Y149.184
G1 F1800 X169.081 Y147.925 E8.42863
G0 F9000 X169.518 Y147.739
G1 F1800 X170.963 Y149.184 E8.50339
G0 F9000 X171.585 Y149.184
G1 F1800 X169.91 Y147.509 E8.59006
G0 F9000 X170.249 Y147.226
G1 F1800 X172.207 Y149.184 E8.69136
G0 F9000 X172.384 Y148.738
G1 F1800 X170.549 Y146.904 E8.78628
G0 F9000 X170.812 Y146.544
G1 F1800 X172.384 Y148.116 E8.86762
G0 F9000 X172.384 Y147.494
G1 F1800 X171.025 Y146.135 E8.93793
G0 F9000 X171.186 Y145.674
G1 F1800 X172.384 Y146.872 E8.99992
G0 F9000 X172.384 Y146.249
G1 F1800 X171.287 Y145.152 E9.05668
G0 F9000 X171.293 Y144.536
G1 F1800 X172.384 Y145.627 E9.11313
G0 F9000 X172.384 Y145.005
G1 F1800 X171.125 Y143.746 E9.17827
G0 F9000 X172.384 Y143.76
G1 F1800 X112.207 Y83.584 E12.29184
G0 F9000 X112.663 Y83.417
G1 F1800 X172.384 Y143.138 E15.38184
G0 F9000 X172.384 Y142.516
G1 F1800 X113.054 Y83.185 E18.45164
G0 F9000 X113.443 Y82.953
G1 F1800 X172.384 Y141.894 E21.50128
G0 F9000 X172.384 Y141.271
G1 F1800 X113.809 Y82.696 E24.53199
G0 F9000 X114.136 Y82.401
G1 F1800 X172.384 Y140.649 E27.54578
G0 F9000 X172.384 Y140.027
G1 F1800 X114.463 Y82.106 E30.54265
G0 F9000 X114.751 Y81.771
G1 F1800 X172.384 Y139.405 E33.52464
G0 F9000 X172.384 Y138.782
G1 F1800 X115.021 Y81.419 E36.49264
G0 F9000 X115.285 Y81.061
G1 F1800 X172.384 Y138.16 E39.44698
G0 F9000 X172.384 Y137.538
G1 F1800 X115.495 Y80.648 E42.39048
G0 F9000 X115.704 Y80.235
G1 F1800 X172.384 Y136.916 E45.32316
G0 F9000 X172.384 Y136.293
G1 F1800 X115.869 Y79.779 E48.24726
G0 F9000 X116.011 Y79.298
G1 F1800 X172.384 Y135.671 E51.16403
G0 F9000 X172.384 Y135.049
G1 F1800 X116.125 Y78.79 E54.07491
G0 F9000 X116.181 Y78.224
G1 F1800 X172.384 Y134.427 E56.98288
G0 F9000 X172.384 Y133.804
G1 F1800 X116.206 Y77.626 E59.88957
G0 F9000 X116.15 Y76.948
G1 F1800 X172.384 Y133.182 E62.79915
G0 F9000 X172.384 Y132.56
G1 F1800 X115.987 Y76.163 E65.71717
G0 F9000 X115.608 Y75.162
G1 F1800 X172.384 Y131.938 E68.65479
G0 F9000 X172.384 Y131.315
G1 F1800 X111.885 Y70.816 E71.78505
G0 F9000 X111.263 Y70.816
G1 F1800 X112.636 Y72.19 E71.85612
G0 F9000 X111.643 Y71.819
G1 F1800 X110.64 Y70.816 E71.90801
G0 F9000 X110.018 Y70.816
G1 F1800 X110.843 Y71.641 E71.9507
G0 F9000 X110.185 Y71.605
G1 F1800 X109.396 Y70.816 E71.99152
G0 F9000 X108.774 Y70.816
G1 F1800 X109.556 Y71.598 E72.03198
G0 F9000 X109.015 Y71.68
G1 F1800 X108.151 Y70.816 E72.07669
G0 F9000 X107.529 Y70.816
G1 F1800 X108.48 Y71.767 E72.12589
G0 F9000 X108.011 Y71.921
G1 F1800 X106.907 Y70.816 E72.18304
G0 F9000 X106.285 Y70.816
G1 F1800 X107.552 Y72.083 E72.24859
G0 F9000 X107.14 Y72.294
G1 F1800 X105.662 Y70.816 E72.32507
G0 F9000 X105.04 Y70.816
G1 F1800 X106.729 Y72.505 E72.41246
G0 F9000 X106.365 Y72.763
G1 F1800 X104.418 Y70.816 E72.5132
G0 F9000 X103.795 Y70.816
G1 F1800 X106.003 Y73.024 E72.62744
G0 F9000 X105.692 Y73.335
G1 F1800 X103.173 Y70.816 E72.75777
G0 F9000 X102.551 Y70.816
G1 F1800 X105.382 Y73.647 E72.90425
G0 F9000 X105.102 Y73.99
G1 F1800 X101.929 Y70.816 E73.06845
G0 F9000 X101.306 Y70.816
G1 F1800 X104.844 Y74.354 E73.25151
G0 F9000 X104.587 Y74.719
G1 F1800 X100.684 Y70.816 E73.45345
G0 F9000 X100.062 Y70.816
G1 F1800 X104.392 Y75.146 E73.67749
G0 F9000 X104.197 Y75.573
G1 F1800 X99.44 Y70.816 E73.92362
G0 F9000 X98.817 Y70.816
G1 F1800 X104.047 Y76.045 E74.1942
G0 F9000 X103.931 Y76.552
G1 F1800 X98.195 Y70.816 E74.49098
G0 F9000 X97.573 Y70.816
G1 F1800 X103.841 Y77.085 E74.81532
G0 F9000 X103.809 Y77.674
G1 F1800 X96.951 Y70.816 E75.17015
G0 F9000 X96.328 Y70.816
G1 F1800 X103.811 Y78.299 E75.55733
G0 F9000 X103.918 Y79.028
G1 F1800 X95.706 Y70.816 E75.98222
G0 F9000 X95.084 Y70.816
G1 F1800 X104.173 Y79.905 E76.45249
G0 F9000 X104.767 Y81.121
G1 F1800 X94.462 Y70.816 E76.98568
G0 F9000 X93.839 Y70.816
G1 F1800 X165.567 Y142.544 E80.69693
G0 F9000 X165.895 Y142.249
G1 F1800 X106.696 Y83.05 E83.75993
G0 F9000 X107.907 Y83.639
G1 F1800 X166.253 Y141.985 E86.77879
G0 F9000 X166.663 Y141.773
G1 F1800 X108.76 Y83.87 E89.77472
G0 F9000 X109.49 Y83.977
G1 F1800 X167.121 Y141.609 E92.75661
G0 F9000 X167.638 Y141.503
G1 F1800 X110.136 Y84.001 E95.7318
G0 F9000 X110.708 Y83.951
G1 F1800 X168.229 Y141.472 E98.70798
G0 F9000 X169.03 Y141.651
G1 F1800 X111.253 Y83.873 E101.69742
G0 F9000 X111.746 Y83.745
G1 F1800 X172.384 Y144.383 E104.83487
G1 F1500 E102.83487
G0 F9000 X165.297 Y142.896
G1 F1500 E104.83487
G1 F1800 X93.217 Y70.816 E108.56433
G0 F9000 X92.595 Y70.816
G1 F1800 X165.064 Y143.285 E112.31392
G0 F9000 X164.872 Y143.715
G1 F1800 X91.973 Y70.816 E116.08576
G0 F9000 X91.35 Y70.816
G1 F1800 X164.74 Y144.206 E119.88301
G0 F9000 X164.691 Y144.779
G1 F1800 X90.728 Y70.816 E123.7099
G0 F9000 X90.106 Y70.816
G1 F1800 X164.757 Y145.467 E127.57239
G0 F9000 X165.063 Y146.395
G1 F1800 X89.484 Y70.816 E131.48289
G1 F1500 E129.48289
G0 F9000 X89.484 Y68.435
G0 X112.507 Y68.435
G0 X112.507 Y70.816
G1 F1500 E131.48289
G1 F1800 X172.384 Y130.693 E134.58097
G0 F9000 X172.384 Y130.071
G1 F1800 X113.129 Y70.816 E137.64686
G0 F9000 X113.752 Y70.816
G1 F1800 X172.384 Y129.449 E140.68054
G0 F9000 X172.384 Y128.826
G1 F1800 X114.374 Y70.816 E143.68202
G0 F9000 X114.996 Y70.816
G1 F1800 X172.384 Y128.204 E146.65131
G0 F9000 X172.384 Y127.582
G1 F1800 X115.618 Y70.816 E149.58841
G0 F9000 X116.241 Y70.816
G1 F1800 X172.384 Y126.96 E152.49331
G0 F9000 X172.384 Y126.337
G1 F1800 X116.863 Y70.816 E155.36601
G0 F9000 X117.485 Y70.816
G1 F1800 X172.384 Y125.715 E158.20651
G0 F9000 X172.384 Y125.093
G1 F1800 X118.107 Y70.816 E161.01484
G0 F9000 X118.73 Y70.816
G1 F1800 X172.384 Y124.471 E163.79096
G0 F9000 X172.384 Y123.848
G1 F1800 X119.352 Y70.816 E166.53487
G0 F9000 X119.974 Y70.816
G1 F1800 X172.384 Y123.226 E169.24659
G0 F9000 X172.384 Y122.604
G1 F1800 X120.596 Y70.816 E171.92614
G0 F9000 X121.219 Y70.816
G1 F1800 X172.384 Y121.982 E174.57347
G0 F9000 X172.384 Y121.359
G1 F1800 X121.841 Y70.816 E177.1886
G0 F9000 X122.463 Y70.816
G1 F1800 X172.384 Y120.737 E179.77154
G0 F9000 X172.384 Y120.115
G1 F1800 X123.085 Y70.816 E182.3223
G0 F9000 X123.708 Y70.816
G1 F1800 X172.384 Y119.493 E184.84086
G0 F9000 X172.384 Y118.87
G1 F1800 X124.33 Y70.816 E187.3272
G0 F9000 X124.952 Y70.816
G1 F1800 X172.384 Y118.248 E189.78136
G0 F9000 X172.384 Y117.626
G1 F1800 X125.574 Y70.816 E192.20334
G0 F9000 X126.197 Y70.816
G1 F1800 X172.384 Y117.004 E194.59311
G0 F9000 X172.384 Y116.381
G1 F1800 X126.819 Y70.816 E196.95067
G0 F9000 X127.441 Y70.816
G1 F1800 X172.384 Y115.759 E199.27605
G0 F9000 X172.384 Y115.137
G1 F1800 X128.063 Y70.816 E201.56925
G0 F9000 X128.686 Y70.816
G1 F1800 X172.384 Y114.515 E203.83024
G0 F9000 X172.384 Y113.892
G1 F1800 X129.308 Y70.816 E206.05902
G0 F9000 X129.93 Y70.816
G1 F1800 X172.384 Y113.27 E208.25561
G0 F9000 X172.384 Y112.648
G1 F1800 X130.552 Y70.816 E210.42003
G0 F9000 X131.175 Y70.816
G1 F1800 X172.384 Y112.026 E212.55223
G0 F9000 X172.384 Y111.403
G1 F1800 X131.797 Y70.816 E214.65223
G0 F9000 X132.419 Y70.816
G1 F1800 X172.384 Y110.781 E216.72004
G0 F9000 X172.384 Y110.159
G1 F1800 X133.041 Y70.816 E218.75567
G0 F9000 X133.664 Y70.816
G1 F1800 X172.384 Y109.536 E220.75907
G0 F9000 X172.384 Y108.914
G1 F1800 X134.286 Y70.816 E222.73029
G0 F9000 X134.908 Y70.816
G1 F1800 X172.384 Y108.292 E224.66932
G0 F9000 X172.384 Y107.67
G1 F1800 X135.53 Y70.816 E226.57617
G0 F9000 X136.153 Y70.816
G1 F1800 X172.384 Y107.047 E228.45078
G0 F9000 X172.384 Y106.425
G1 F1800 X136.775 Y70.816 E230.29321
G0 F9000 X137.397 Y70.816
G1 F1800 X172.384 Y105.803 E232.10346
G0 F9000 X172.384 Y105.181
G1 F1800 X138.019 Y70.816 E233.88153
G0 F9000 X138.642 Y70.816
G1 F1800 X172.384 Y104.558 E235.62736
G0 F9000 X172.384 Y103.936
G1 F1800 X139.264 Y70.816 E237.34101
G0 F9000 X139.886 Y70.816
G1 F1800 X172.384 Y103.314 E239.02248
G0 F9000 X172.384 Y102.692
G1 F1800 X140.508 Y70.816 E240.67176
G0 F9000 X141.131 Y70.816
G1 F1800 X172.384 Y102.069 E242.28881
G0 F9000 X172.384 Y101.447
G1 F1800 X141.753 Y70.816 E243.87368
G0 F9000 X142.375 Y70.816
G1 F1800 X172.384 Y100.825 E245.42636
G0 F9000 X172.384 Y100.203
G1 F1800 X142.997 Y70.816 E246.94686
G0 F9000 X143.62 Y70.816
G1 F1800 X172.384 Y99.58 E248.43513
G0 F9000 X172.384 Y98.958
G1 F1800 X144.242 Y70.816 E249.89122
G0 F9000 X144.864 Y70.816
G1 F1800 X172.384 Y98.336 E251.31512
G0 F9000 X172.384 Y97.714
G1 F1800 X145.487 Y70.816 E252.70681
G0 F9000 X146.109 Y70.816
G1 F1800 X172.384 Y97.091 E254.0663
G0 F9000 X172.384 Y96.469
G1 F1800 X146.731 Y70.816 E255.3936
G0 F9000 X147.353 Y70.816
G1 F1800 X172.384 Y95.847 E256.68872
G0 F9000 X172.384 Y95.225
G1 F1800 X147.976 Y70.816 E257.95163
G0 F9000 X148.598 Y70.816
G1 F1800 X172.384 Y94.602 E259.18233
G0 F9000 X172.384 Y93.98
G1 F1800 X149.22 Y70.816 E260.38085
G0 F9000 X149.842 Y70.816
G1 F1800 X172.384 Y93.358 E261.54719
G0 F9000 X172.384 Y92.736
G1 F1800 X150.465 Y70.816 E262.68132
G0 F9000 X151.087 Y70.816
G1 F1800 X172.384 Y92.113 E263.78324
G0 F9000 X172.384 Y91.491
G1 F1800 X151.709 Y70.816 E264.85298
G0 F9000 X152.331 Y70.816
G1 F1800 X172.384 Y90.869 E265.89053
G0 F9000 X172.384 Y90.247
G1 F1800 X152.954 Y70.816 E266.89588
G0 F9000 X153.576 Y70.816
G1 F1800 X172.384 Y89.624 E267.86902
G0 F9000 X172.384 Y89.002
G1 F1800 X154.198 Y70.816 E268.80997
G0 F9000 X154.82 Y70.816
G1 F1800 X172.384 Y88.38 E269.71874
G0 F9000 X172.384 Y87.758
G1 F1800 X155.443 Y70.816 E270.59531
G0 F9000 X156.065 Y70.816
G1 F1800 X172.384 Y87.135 E271.43966
G0 F9000 X172.384 Y86.513
G1 F1800 X166.727 Y80.856 E271.73236
G0 F9000 X167.569 Y81.076
G1 F1800 X172.384 Y85.891 E271.98149
G0 F9000 X172.384 Y85.269
G1 F1800 X168.207 Y81.092 E272.19761
G0 F9000 X168.76 Y81.022
G1 F1800 X172.384 Y84.646 E272.38512
G0 F9000 X172.384 Y84.024
G1 F1800 X169.23 Y80.87 E272.54831
G0 F9000 X169.647 Y80.665
G1 F1800 X172.384 Y83.402 E272.68992
G0 F9000 X172.384 Y82.78
G1 F1800 X170.021 Y80.416 E272.81221
G0 F9000 X170.351 Y80.124
G1 F1800 X172.384 Y82.157 E272.9174
G0 F9000 X172.384 Y81.535
G1 F1800 X170.64 Y79.791 E273.00764
G0 F9000 X170.884 Y79.412
G1 F1800 X172.384 Y80.913 E273.08527
G0 F9000 X172.384 Y80.291
G1 F1800 X171.087 Y78.993 E273.15241
G0 F9000 X171.232 Y78.516
G1 F1800 X172.384 Y79.668 E273.21201
G0 F9000 X172.384 Y79.046
G1 F1800 X171.308 Y77.97 E273.26768
G0 F9000 X171.27 Y77.309
G1 F1800 X172.384 Y78.424 E273.32535
G0 F9000 X172.384 Y77.802
G1 F1800 X171.011 Y76.428 E273.39641
G0 F9000 X172.384 Y76.557
G1 F1800 X166.643 Y70.816 E273.69346
G0 F9000 X166.021 Y70.816
G1 F1800 X172.384 Y77.179 E274.02268
G0 F9000 X172.384 Y75.935
G1 F1800 X167.265 Y70.816 E274.28754
G0 F9000 X167.888 Y70.816
G1 F1800 X172.384 Y75.313 E274.5202
G0 F9000 X172.384 Y74.69
G1 F1800 X168.51 Y70.816 E274.72064
G0 F9000 X169.132 Y70.816
G1 F1800 X172.384 Y74.068 E274.8889
G0 F9000 X172.384 Y73.446
G1 F1800 X169.754 Y70.816 E275.02498
G0 F9000 X170.377 Y70.816
G1 F1800 X172.384 Y72.824 E275.12885
G0 F9000 X172.384 Y72.201
G1 F1800 X170.999 Y70.816 E275.20051
G0 F9000 X171.621 Y70.816
G1 F1800 X172.384 Y71.579 E275.23999
G0 F9000 X172.384 Y70.957
G1 F1800 X172.243 Y70.816 E275.24728
G1 F1500 E273.24728
G0 F9000 X169.36 Y74.777
G1 F1500 E275.24728
G1 F1800 X165.399 Y70.816 E275.45223
G0 F9000 X164.776 Y70.816
G1 F1800 X168.48 Y74.52 E275.64387
G0 F9000 X167.817 Y74.479
G1 F1800 X164.154 Y70.816 E275.8334
G0 F9000 X163.532 Y70.816
G1 F1800 X167.287 Y74.571 E276.02768
G0 F9000 X166.805 Y74.711
G1 F1800 X162.91 Y70.816 E276.22921
G0 F9000 X162.287 Y70.816
G1 F1800 X166.383 Y74.912 E276.44114
G0 F9000 X166.005 Y75.156
G1 F1800 X161.665 Y70.816 E276.6657
G0 F9000 X161.043 Y70.816
G1 F1800 X165.675 Y75.448 E276.90536
G0 F9000 X165.375 Y75.77
G1 F1800 X160.421 Y70.816 E277.16168
G0 F9000 X159.798 Y70.816
G1 F1800 X165.138 Y76.155 E277.43795
G0 F9000 X164.923 Y76.563
G1 F1800 X159.176 Y70.816 E277.73531
G0 F9000 X158.554 Y70.816
G1 F1800 X164.766 Y77.029 E278.05675
G0 F9000 X164.692 Y77.577
G1 F1800 X157.932 Y70.816 E278.40654
G0 F9000 X157.309 Y70.816
G1 F1800 X164.712 Y78.219 E278.78957
G0 F9000 X164.929 Y79.058
G1 F1800 X156.687 Y70.816 E279.21602
G1 F1500 E277.21602
;MESH:NONMESH
G0 F300 Z1.2
G0 F9000 X52.295 Y80.48
;TIME_ELAPSED:5017.956016
;LAYER:5
;TYPE:WALL-INNER
;MESH:SmartKiln_Fondo.stl
G1 F1500 E279.21602
G1 F1800 X51.524 Y80.47 E279.24423
G1 X50.951 Y80.281 E279.2663
G1 X50.688 Y80.154 E279.27699
G1 X50.344 Y79.925 E279.29211
G1 X50.121 Y79.729 E279.30297
G1 X49.753 Y79.306 E279.32348
G1 X49.543 Y78.942 E279.33886
G1 X49.383 Y78.473 E279.35699
G1 X49.304 Y78.049 E279.37277
G1 X49.304 Y77.595 E279.38938
G1 X49.369 Y77.17 E279.40511
G1 X49.478 Y76.837 E279.41793
G1 X49.585 Y76.606 E279.42724
G1 X49.837 Y76.194 E279.44491
G1 X50.039 Y75.95 E279.4565
G1 X50.363 Y75.658 E279.47246
G1 X50.599 Y75.496 E279.48293
G1 X50.967 Y75.308 E279.49805
G1 X51.258 Y75.208 E279.50931
G1 X51.834 Y75.096 E279.53078
G1 X52.095 Y75.074 E279.54036
G1 X52.706 Y75.187 E279.56309
G1 X53.13 Y75.342 E279.57961
G1 X53.498 Y75.553 E279.59513
G1 X53.852 Y75.826 E279.61148
G1 X54.253 Y76.269 E279.63335
G1 X54.374 Y76.476 E279.64212
G1 X54.632 Y77.183 E279.66965
G1 X54.708 Y77.795 E279.69222
G1 X54.653 Y78.295 E279.71062
G1 X54.497 Y78.84 E279.73136
G1 X54.255 Y79.291 E279.75008
G1 X53.928 Y79.7 E279.76924
G1 X53.534 Y80.022 E279.78786
G1 X53.139 Y80.248 E279.80451
G1 X52.749 Y80.393 E279.81973
G1 X52.295 Y80.48 E279.83664
G0 F9000 X52.255 Y80.042
G1 F1800 X51.575 Y80.023 E279.86153
G1 X51.003 Y79.835 E279.88356
G1 X50.513 Y79.51 E279.90507
G1 X50.085 Y79.017 E279.92896
G1 X49.959 Y78.799 E279.93817
G1 X49.803 Y78.322 E279.95653
G1 X49.743 Y78.005 E279.96834
G1 X49.751 Y77.578 E279.98396
G1 X49.799 Y77.269 E279.9954
G1 X49.919 Y76.903 E280.00949
G1 X50.263 Y76.341 E280.0336
G1 X50.722 Y75.927 E280.05622
G1 X51.249 Y75.658 E280.07786
G1 X51.91 Y75.529 E280.1025
G1 X52.138 Y75.529 E280.11084
G1 X52.588 Y75.613 E280.12759
G1 X52.948 Y75.745 E280.14162
G1 X53.216 Y75.898 E280.15291
G1 X53.552 Y76.15 E280.16828
G1 X53.942 Y76.592 E280.18984
G1 X54.208 Y77.321 E280.21824
G1 X54.265 Y77.798 E280.23581
G1 X54.211 Y78.261 E280.25287
G1 X54.097 Y78.641 E280.26738
G1 X53.905 Y79.012 E280.28266
G1 X53.615 Y79.388 E280.30004
G1 X53.289 Y79.656 E280.31548
G1 X52.959 Y79.847 E280.32943
G1 X52.627 Y79.971 E280.34239
G1 X52.255 Y80.042 E280.35625
G1 F1500 E278.35625
G0 F9000 X110.287 Y83.394
G1 F1500 E280.35625
G1 F1800 X109.231 Y83.348 E280.39492
G1 X108.315 Y83.139 E280.42929
G1 X107.515 Y82.82 E280.4608
G1 X106.792 Y82.39 E280.49158
G1 X106.082 Y81.809 E280.52515
G1 X105.45 Y81.074 E280.56061
G1 X104.936 Y80.208 E280.59745
G1 X104.567 Y79.189 E280.63711
G1 X104.405 Y78.123 E280.67655
G1 X104.454 Y77.028 E280.71666
G1 X104.697 Y75.972 E280.7563
G1 X105.127 Y75.022 E280.79445
G1 X105.708 Y74.193 E280.83149
G1 X106.366 Y73.53 E280.86566
G1 X107.071 Y73.019 E280.89752
G1 X107.829 Y72.63 E280.92869
G1 X108.704 Y72.345 E280.96236
G1 X109.67 Y72.206 E280.99807
G1 X110.703 Y72.239 E281.03588
G1 X111.749 Y72.473 E281.07509
G1 X112.751 Y72.917 E281.11519
G1 X113.646 Y73.539 E281.15507
G1 X114.398 Y74.325 E281.19486
G1 X114.96 Y75.194 E281.23273
G1 X115.338 Y76.094 E281.26844
G1 X115.539 Y76.964 E281.30111
G1 X115.6 Y77.817 E281.3324
G1 X115.497 Y78.874 E281.37125
G1 X115.201 Y79.879 E281.40958
G1 X114.745 Y80.777 E281.44643
G1 X114.101 Y81.618 E281.48518
G1 X113.281 Y82.334 E281.52501
G1 X112.361 Y82.881 E281.56417
G1 X111.319 Y83.245 E281.60455
G1 X110.287 Y83.394 E281.6427
G0 F9000 X110.25 Y82.952
G1 F1800 X109.328 Y82.917 E281.67646
G1 X108.466 Y82.725 E281.70877
G1 X107.713 Y82.423 E281.73845
G1 X107.04 Y82.026 E281.76704
G1 X106.401 Y81.499 E281.79734
G1 X105.826 Y80.837 E281.82942
G1 X105.33 Y80.006 E281.86483
G1 X104.995 Y79.08 E281.90086
G1 X104.845 Y78.096 E281.93727
G1 X104.886 Y77.086 E281.97426
G1 X105.116 Y76.112 E282.01087
G1 X105.51 Y75.242 E282.04581
G1 X106.047 Y74.475 E282.08007
G1 X106.651 Y73.867 E282.11142
G1 X107.302 Y73.395 E282.14084
G1 X107.999 Y73.037 E282.16951
G1 X108.806 Y72.774 E282.20056
G1 X109.694 Y72.647 E282.23338
G1 X110.646 Y72.678 E282.26823
G1 X111.61 Y72.893 E282.30437
G1 X112.534 Y73.302 E282.34134
G1 X113.358 Y73.874 E282.37803
G1 X114.047 Y74.595 E282.41452
G1 X114.571 Y75.405 E282.44982
G1 X114.92 Y76.234 E282.48272
G1 X115.103 Y77.027 E282.5125
G1 X115.163 Y77.805 E282.54105
G1 X115.06 Y78.797 E282.57754
G1 X114.8 Y79.686 E282.61142
G1 X114.373 Y80.538 E282.64629
G1 X113.773 Y81.318 E282.68229
G1 X113.033 Y81.974 E282.71848
G1 X112.182 Y82.474 E282.75459
G1 X111.213 Y82.814 E282.79216
G1 X110.25 Y82.952 E282.82775
G1 F1500 E280.82775
G0 F9000 X167.492 Y80.461
G1 F1500 E282.82775
G1 F1800 X166.799 Y80.227 E282.85451
G1 X166.213 Y79.838 E282.88024
G1 X165.684 Y79.218 E282.91006
G1 X165.565 Y79.001 E282.91912
G1 X165.389 Y78.485 E282.93906
G1 X165.309 Y78.051 E282.95521
G1 X165.307 Y77.597 E282.97182
G1 X165.371 Y77.159 E282.98801
G1 X165.535 Y76.688 E283.00626
G1 X165.922 Y76.056 E283.03337
G1 X166.363 Y75.658 E283.05511
G1 X166.599 Y75.496 E283.06558
G1 X166.967 Y75.308 E283.0807
G1 X167.258 Y75.208 E283.09196
G1 X167.834 Y75.096 E283.11342
G1 X168.095 Y75.074 E283.12301
G1 X168.711 Y75.188 E283.14593
G1 X169.136 Y75.349 E283.16255
G1 X169.495 Y75.55 E283.17761
G1 X169.848 Y75.822 E283.19391
G1 X170.184 Y76.193 E283.21222
G1 X170.402 Y76.554 E283.22765
G1 X170.598 Y77.09 E283.24853
G1 X170.658 Y77.349 E283.25826
G1 X170.7 Y77.8 E283.27483
G1 X170.652 Y78.298 E283.29314
G1 X170.504 Y78.829 E283.3133
G1 X170.263 Y79.277 E283.33192
G1 X169.938 Y79.692 E283.3512
G1 X169.551 Y80.014 E283.36962
G1 X169.169 Y80.239 E283.38584
G1 X168.753 Y80.396 E283.40211
G1 X168.29 Y80.488 E283.41938
G1 X167.492 Y80.461 E283.44859
G0 F9000 X167.59 Y80.026
G1 F1800 X167.022 Y79.841 E283.47045
G1 X166.516 Y79.505 E283.49267
G1 X166.007 Y78.926 E283.52087
G1 X165.814 Y78.371 E283.54237
G1 X165.747 Y78.009 E283.55584
G1 X165.745 Y77.63 E283.56971
G1 X165.799 Y77.267 E283.58313
G1 X165.923 Y76.905 E283.59713
G1 X166.246 Y76.367 E283.62009
G1 X166.718 Y75.929 E283.64365
G1 X167.249 Y75.658 E283.66546
G1 X167.91 Y75.529 E283.6901
G1 X168.138 Y75.529 E283.69844
G1 X168.59 Y75.614 E283.71527
G1 X168.947 Y75.747 E283.72921
G1 X169.216 Y75.898 E283.74049
G1 X169.546 Y76.144 E283.75555
G1 X169.858 Y76.489 E283.77257
G1 X169.988 Y76.705 E283.78179
G1 X170.212 Y77.318 E283.80567
G1 X170.26 Y77.8 E283.82339
G1 X170.219 Y78.222 E283.83891
G1 X170.091 Y78.668 E283.85588
G1 X169.891 Y79.039 E283.8713
G1 X169.615 Y79.388 E283.88758
G1 X169.303 Y79.649 E283.90246
G1 X168.975 Y79.842 E283.91639
G1 X168.627 Y79.973 E283.92999
G1 X168.254 Y80.046 E283.9439
G1 X167.59 Y80.026 E283.9682
G1 F1500 E281.9682
G0 F9000 X167.68 Y147.472
G1 F1500 E283.9682
G1 F1800 X167.363 Y147.417 E283.97997
G1 X166.951 Y147.281 E283.99585
G1 X166.688 Y147.154 E284.00653
G1 X166.344 Y146.925 E284.02165
G1 X166.121 Y146.73 E284.03249
G1 X165.753 Y146.306 E284.05303
G1 X165.587 Y146.07 E284.06359
G1 X165.385 Y145.482 E284.08633
G1 X165.304 Y145.051 E284.10238
G1 X165.304 Y144.588 E284.11932
G1 X165.375 Y144.162 E284.13512
G1 X165.529 Y143.696 E284.15307
G1 X165.934 Y143.047 E284.18106
G1 X166.476 Y142.558 E284.20777
G1 X167.099 Y142.245 E284.23328
G1 X167.933 Y142.083 E284.26436
G1 X168.122 Y142.079 E284.27128
G1 X168.705 Y142.187 E284.29297
G1 X169.13 Y142.342 E284.30952
G1 X169.498 Y142.553 E284.32504
G1 X169.848 Y142.822 E284.34119
G1 X170.184 Y143.193 E284.3595
G1 X170.402 Y143.554 E284.37493
G1 X170.598 Y144.09 E284.39581
G1 X170.658 Y144.349 E284.40554
G1 X170.7 Y144.8 E284.42211
G1 X170.652 Y145.298 E284.44041
G1 X170.503 Y145.83 E284.46063
G1 X170.262 Y146.277 E284.47921
G1 X169.952 Y146.673 E284.49761
G1 X169.556 Y147.012 E284.51668
G1 X169.159 Y147.243 E284.53348
G1 X168.75 Y147.397 E284.54947
G1 X168.294 Y147.486 E284.56647
G1 X167.68 Y147.472 E284.58894
G0 F9000 X167.594 Y147.03
G1 F1800 X167.003 Y146.835 E284.61171
G1 X166.513 Y146.51 E284.63322
G1 X166.001 Y145.921 E284.66177
G1 X165.827 Y145.415 E284.68135
G1 X165.743 Y145.007 E284.69659
G1 X165.751 Y144.578 E284.71229
G1 X165.802 Y144.267 E284.72382
G1 X165.917 Y143.909 E284.73758
G1 X166.26 Y143.344 E284.76176
G1 X166.726 Y142.925 E284.78469
G1 X167.258 Y142.656 E284.8065
G1 X168.014 Y142.514 E284.83464
G1 X168.59 Y142.612 E284.85602
G1 X168.992 Y142.77 E284.87182
G1 X169.292 Y142.949 E284.8846
G1 X169.549 Y143.148 E284.89649
G1 X169.858 Y143.489 E284.91333
G1 X169.988 Y143.705 E284.92255
G1 X170.212 Y144.318 E284.94643
G1 X170.26 Y144.8 E284.96415
G1 X170.219 Y145.222 E284.97966
G1 X170.091 Y145.668 E284.99664
G1 X169.889 Y146.043 E285.01222
G1 X169.605 Y146.393 E285.02871
G1 X169.305 Y146.648 E285.04312
G1 X168.975 Y146.842 E285.05712
G1 X168.627 Y146.973 E285.07073
G1 X168.258 Y147.045 E285.08448
G1 X167.594 Y147.03 E285.10878
G1 F1500 E283.10878
G0 F9000 X110 Y149.8
G1 F1500 E285.10878
G1 F1800 X173 Y149.8 E287.41371
G1 X173 Y70.2 E290.32597
G1 X47 Y70.2 E294.93582
G1 X47 Y149.8 E297.84808
G1 X110 Y149.8 E300.15301
G0 F9000 X110 Y150.24
G1 F1800 X173.44 Y150.24 E302.47403
G1 X173.44 Y69.76 E305.41848
G1 X46.56 Y69.76 E310.06053
G1 X46.56 Y150.24 E313.00499
G1 X110 Y150.24 E315.32601
G1 F1500 E313.32601
G0 F9000 X52.294 Y147.486
G1 F1500 E315.32601
G1 F1800 X51.68 Y147.472 E315.34848
G1 X51.363 Y147.417 E315.36025
G1 X50.951 Y147.281 E315.37613
G1 X50.688 Y147.154 E315.38681
G1 X50.344 Y146.925 E315.40193
G1 X50.144 Y146.756 E315.41151
G1 X49.753 Y146.306 E315.43332
G1 X49.543 Y145.942 E315.4487
G1 X49.383 Y145.473 E315.46683
G1 X49.304 Y145.049 E315.48261
G1 X49.304 Y144.595 E315.49922
G1 X49.369 Y144.17 E315.51495
G1 X49.478 Y143.837 E315.52777
G1 X49.585 Y143.606 E315.53708
G1 X49.837 Y143.194 E315.55475
G1 X50.039 Y142.95 E315.56634
G1 X50.363 Y142.658 E315.5823
G1 X50.599 Y142.496 E315.59277
G1 X50.967 Y142.308 E315.60789
G1 X51.258 Y142.208 E315.61915
G1 X52.004 Y142.064 E315.64694
G1 X52.707 Y142.192 E315.67309
G1 X53.126 Y142.34 E315.68934
G1 X53.482 Y142.545 E315.70437
G1 X53.841 Y142.815 E315.72081
G1 X54.244 Y143.265 E315.74291
G1 X54.371 Y143.479 E315.75201
G1 X54.637 Y144.195 E315.77996
G1 X54.7 Y144.791 E315.80188
G1 X54.655 Y145.316 E315.82116
G1 X54.499 Y145.837 E315.84106
G1 X54.257 Y146.287 E315.85975
G1 X53.933 Y146.695 E315.87882
G1 X53.55 Y147.015 E315.89707
G1 X53.159 Y147.243 E315.91363
G1 X52.75 Y147.397 E315.92962
G1 X52.294 Y147.486 E315.94662
G0 F9000 X52.258 Y147.045
G1 F1800 X51.594 Y147.03 E315.97092
G1 X51.003 Y146.835 E315.99369
G1 X50.513 Y146.51 E316.0152
G1 X50.085 Y146.017 E316.03909
G1 X49.959 Y145.799 E316.0483
G1 X49.803 Y145.322 E316.06666
G1 X49.743 Y145.005 E316.07847
G1 X49.751 Y144.578 E316.09409
G1 X49.799 Y144.269 E316.10553
G1 X49.919 Y143.903 E316.11962
G1 X50.263 Y143.341 E316.14373
G1 X50.722 Y142.927 E316.16635
G1 X51.252 Y142.657 E316.18811
G1 X52.029 Y142.513 E316.21702
G1 X52.589 Y142.616 E316.23785
G1 X52.946 Y142.746 E316.25175
G1 X53.27 Y142.933 E316.26544
G1 X53.568 Y143.17 E316.27937
G1 X53.943 Y143.587 E316.29989
G1 X54.214 Y144.329 E316.32879
G1 X54.26 Y144.794 E316.34588
G1 X54.22 Y145.234 E316.36205
G1 X54.089 Y145.671 E316.37874
G1 X53.891 Y146.039 E316.39403
G1 X53.615 Y146.388 E316.41031
G1 X53.303 Y146.649 E316.42519
G1 X52.975 Y146.842 E316.43911
G1 X52.627 Y146.973 E316.45272
G1 X52.258 Y147.045 E316.46647
G0 F9000 X52.235 Y146.601
;TYPE:WALL-OUTER
G1 F1800 X51.671 Y146.591 E316.48711
G1 X51.197 Y146.435 E316.50536
G1 X50.804 Y146.175 E316.5226
G1 X50.389 Y145.696 E316.54579
G1 X50.235 Y145.241 E316.56337
G1 X50.187 Y144.983 E316.57297
G1 X50.186 Y144.646 E316.5853
G1 X50.234 Y144.355 E316.59609
G1 X50.314 Y144.111 E316.60548
G1 X50.605 Y143.625 E316.62621
G1 X50.972 Y143.294 E316.64429
G1 X51.394 Y143.078 E316.66163
G1 X52.012 Y142.96 E316.68465
G1 X52.453 Y143.035 E316.70102
G1 X52.758 Y143.144 E316.71287
G1 X53.023 Y143.297 E316.72406
G1 X53.25 Y143.474 E316.73459
G1 X53.563 Y143.828 E316.75188
G1 X53.776 Y144.407 E316.77445
G1 X53.82 Y144.798 E316.78885
G1 X53.779 Y145.171 E316.80258
G1 X53.67 Y145.521 E316.81599
G1 X53.509 Y145.813 E316.82819
G1 X53.282 Y146.093 E316.84138
G1 X53.032 Y146.298 E316.85321
G1 X52.766 Y146.45 E316.86441
G1 X52.486 Y146.552 E316.87532
G1 X52.235 Y146.601 E316.88467
G1 F1500 E314.88467
G0 F9000 X110 Y150.68
G1 F1500 E316.88467
G1 F1800 X173.88 Y150.68 E319.2218
G1 X173.88 Y69.32 E322.19845
G1 X46.12 Y69.32 E326.87269
G1 X46.12 Y150.68 E329.84934
G1 X110 Y150.68 E332.18646
G1 F1500 E330.18646
G0 F9000 X167.671 Y146.592
G1 F1500 E332.18646
G1 F1800 X167.197 Y146.435 E332.20473
G1 X166.804 Y146.175 E332.22197
G1 X166.389 Y145.697 E332.24513
G1 X166.243 Y145.272 E332.26157
G1 X166.187 Y144.985 E332.27227
G1 X166.186 Y144.646 E332.28467
G1 X166.234 Y144.355 E332.29546
G1 X166.321 Y144.093 E332.30556
G1 X166.605 Y143.628 E332.3255
G1 X166.987 Y143.286 E332.34426
G1 X167.403 Y143.077 E332.36129
G1 X168.026 Y142.956 E332.38451
G1 X168.453 Y143.035 E332.4004
G1 X168.774 Y143.152 E332.4129
G1 X168.998 Y143.28 E332.42234
G1 X169.264 Y143.488 E332.43469
G1 X169.56 Y143.815 E332.45083
G1 X169.771 Y144.392 E332.4733
G1 X169.82 Y144.8 E332.48834
G1 X169.785 Y145.146 E332.50106
G1 X169.67 Y145.521 E332.51541
G1 X169.509 Y145.813 E332.52761
G1 X169.282 Y146.093 E332.5408
G1 X169.032 Y146.298 E332.55263
G1 X168.766 Y146.45 E332.56384
G1 X168.486 Y146.552 E332.57474
G1 X168.238 Y146.6 E332.58398
G1 X167.671 Y146.592 E332.60473
G1 F1500 E330.60473
G0 F9000 X167.678 Y79.591
G1 F1500 E332.60473
G1 F1800 X167.211 Y79.439 E332.6227
G1 X166.813 Y79.18 E332.64007
G1 X166.391 Y78.699 E332.66348
G1 X166.243 Y78.272 E332.68001
G1 X166.187 Y77.985 E332.69071
G1 X166.184 Y77.663 E332.70249
G1 X166.234 Y77.355 E332.71391
G1 X166.323 Y77.088 E332.72421
G1 X166.605 Y76.624 E332.74407
G1 X166.972 Y76.294 E332.76213
G1 X167.394 Y76.078 E332.77947
G1 X168.025 Y75.956 E332.80299
G1 X168.453 Y76.035 E332.81891
G1 X168.774 Y76.152 E332.83141
G1 X168.998 Y76.28 E332.84085
G1 X169.264 Y76.488 E332.8532
G1 X169.56 Y76.815 E332.86934
G1 X169.771 Y77.392 E332.89182
G1 X169.82 Y77.8 E332.90685
G1 X169.785 Y78.146 E332.91957
G1 X169.67 Y78.521 E332.93393
G1 X169.509 Y78.813 E332.94612
G1 X169.282 Y79.093 E332.95931
G1 X169.032 Y79.298 E332.97114
G1 X168.766 Y79.45 E332.98235
G1 X168.486 Y79.552 E332.99325
G1 X168.238 Y79.601 E333.0025
G1 X167.678 Y79.591 E333.02299
G1 F1500 E331.02299
G0 F9000 X110.207 Y82.512
G1 F1500 E333.02299
G1 F1800 X109.351 Y82.475 E333.05434
G1 X108.587 Y82.302 E333.083
G1 X107.9 Y82.025 E333.1101
G1 X107.271 Y81.65 E333.13689
G1 X106.711 Y81.187 E333.16348
G1 X106.162 Y80.551 E333.19421
G1 X105.733 Y79.824 E333.2251
G1 X105.425 Y78.974 E333.25818
G1 X105.284 Y78.07 E333.29165
G1 X105.329 Y77.125 E333.32626
G1 X105.529 Y76.277 E333.35814
G1 X105.907 Y75.441 E333.39171
G1 X106.375 Y74.773 E333.42155
G1 X106.95 Y74.193 E333.45143
G1 X107.518 Y73.781 E333.4771
G1 X108.187 Y73.438 E333.5046
G1 X108.887 Y73.21 E333.53154
G1 X109.744 Y73.088 E333.56321
G1 X110.613 Y73.121 E333.59503
G1 X111.494 Y73.322 E333.62809
G1 X112.298 Y73.678 E333.66026
G1 X113.088 Y74.228 E333.69547
G1 X113.713 Y74.888 E333.72873
G1 X114.187 Y75.626 E333.76082
G1 X114.503 Y76.386 E333.79093
G1 X114.668 Y77.111 E333.81814
G1 X114.72 Y77.783 E333.8428
G1 X114.631 Y78.698 E333.87643
G1 X114.373 Y79.568 E333.90963
G1 X113.992 Y80.312 E333.94021
G1 X113.449 Y81.019 E333.97283
G1 X112.783 Y81.608 E334.00536
G1 X111.961 Y82.091 E334.04024
G1 X111.088 Y82.39 E334.074
G1 X110.207 Y82.512 E334.10654
G1 F1500 E332.10654
G0 F9000 X52.216 Y79.604
G1 F1500 E334.10654
G1 F1800 X51.672 Y79.59 E334.12645
G1 X51.197 Y79.435 E334.14473
G1 X50.804 Y79.175 E334.16197
G1 X50.389 Y78.696 E334.18515
G1 X50.235 Y78.241 E334.20273
G1 X50.187 Y77.983 E334.21233
G1 X50.186 Y77.646 E334.22466
G1 X50.234 Y77.355 E334.23545
G1 X50.314 Y77.111 E334.24485
G1 X50.605 Y76.625 E334.26557
G1 X50.972 Y76.294 E334.28365
G1 X51.394 Y76.078 E334.301
G1 X52.025 Y75.956 E334.32451
G1 X52.453 Y76.035 E334.34043
G1 X52.774 Y76.152 E334.35293
G1 X52.998 Y76.28 E334.36237
G1 X53.264 Y76.488 E334.37473
G1 X53.558 Y76.813 E334.39076
G1 X53.779 Y77.419 E334.41436
G1 X53.82 Y77.801 E334.42841
G1 X53.783 Y78.159 E334.44158
G1 X53.675 Y78.512 E334.45509
G1 X53.522 Y78.795 E334.46686
G1 X53.293 Y79.083 E334.48032
G1 X53.053 Y79.284 E334.49177
G1 X52.79 Y79.44 E334.50296
G1 X52.505 Y79.548 E334.51411
G1 X52.216 Y79.604 E334.52488
G1 F1500 E332.52488
G0 F9000 X52.346 Y147.877
;TYPE:SKIN
G1 F1500 E334.52488
G1 F1800 X52.83 Y147.785 E334.54291
G1 X53.356 Y147.586 E334.56348
G1 X53.764 Y147.346 E334.5808
G1 X54.094 Y147.073 E334.59647
G1 X54.302 Y146.862 E334.60731
G1 X54.577 Y146.517 E334.62345
G1 X54.791 Y146.124 E334.63982
G1 X54.903 Y145.858 E334.65038
G1 X55.039 Y145.412 E334.66744
G1 X55.1 Y144.763 E334.69129
G1 X55.018 Y144.106 E334.71551
G1 X54.733 Y143.316 E334.74624
G1 X54.529 Y142.989 E334.76034
G1 X54.092 Y142.509 E334.78409
G1 X53.684 Y142.203 E334.80275
G1 X53.298 Y141.988 E334.81891
G1 X52.794 Y141.803 E334.83856
G1 X52.21 Y141.691 E334.86031
G1 X51.854 Y141.687 E334.87334
G1 X51.186 Y141.815 E334.89822
G1 X50.779 Y141.956 E334.91398
G1 X50.419 Y142.14 E334.92877
G1 X50.118 Y142.347 E334.94214
G1 X49.777 Y142.647 E334.95875
G1 X49.517 Y142.96 E334.97364
G1 X49.244 Y143.4 E334.99259
G1 X49.108 Y143.686 E335.00417
G1 X48.986 Y144.055 E335.01839
G1 X48.91 Y144.539 E335.03632
G1 X48.911 Y145.11 E335.05721
G1 X48.995 Y145.561 E335.07399
G1 X49.163 Y146.063 E335.09336
G1 X49.433 Y146.535 E335.11325
G1 X49.845 Y147.016 E335.13642
G1 X50.117 Y147.252 E335.1496
G1 X50.465 Y147.484 E335.1649
G1 X50.831 Y147.658 E335.17973
G1 X51.235 Y147.79 E335.19528
G1 X51.636 Y147.865 E335.2102
G1 X52.346 Y147.877 E335.23618
G1 F1500 E333.23618
G0 F9000 X110 Y149.404
G1 F1500 E335.23618
G1 F1800 X47.396 Y149.404 E337.52662
G1 X47.396 Y70.596 E340.4099
G1 X172.604 Y70.596 E344.99078
G1 X172.604 Y149.404 E347.87406
G1 X110 Y149.404 E350.1645
G1 F1500 E348.1645
G0 F9000 X167.636 Y147.865
G1 F1500 E350.1645
G1 F1800 X168.346 Y147.877 E350.19048
G1 X168.83 Y147.785 E350.20851
G1 X169.319 Y147.602 E350.22761
G1 X169.776 Y147.338 E350.24692
G1 X170.215 Y146.968 E350.26792
G1 X170.581 Y146.513 E350.28929
G1 X170.791 Y146.123 E350.30549
G1 X170.907 Y145.855 E350.31618
G1 X171.033 Y145.418 E350.33282
G1 X171.1 Y144.818 E350.3549
G1 X171.048 Y144.298 E350.37402
G1 X170.975 Y143.974 E350.38618
G1 X170.775 Y143.424 E350.40759
G1 X170.501 Y142.959 E350.42733
G1 X170.098 Y142.512 E350.44935
G1 X169.73 Y142.232 E350.46627
G1 X169.323 Y141.993 E350.48354
G1 X168.825 Y141.805 E350.50301
G1 X168.179 Y141.687 E350.52704
G1 X167.82 Y141.692 E350.54018
G1 X166.975 Y141.865 E350.57173
G1 X166.409 Y142.145 E350.59483
G1 X166.152 Y142.315 E350.60611
G1 X165.601 Y142.816 E350.63335
G1 X165.144 Y143.575 E350.66577
G1 X164.982 Y144.091 E350.68556
G1 X164.91 Y144.523 E350.70158
G1 X164.911 Y145.109 E350.72302
G1 X164.995 Y145.561 E350.73984
G1 X165.229 Y146.249 E350.76643
G1 X165.435 Y146.543 E350.77956
G1 X165.821 Y146.992 E350.80122
G1 X166.117 Y147.252 E350.81564
G1 X166.465 Y147.484 E350.83094
G1 X166.831 Y147.658 E350.84577
G1 X167.235 Y147.79 E350.86132
G1 X167.636 Y147.865 E350.87624
G1 F1500 E348.87624
G0 F9000 X167.435 Y80.849
G1 F1500 E350.87624
G1 F1800 X168.176 Y80.876 E350.90337
G1 X168.456 Y80.856 E350.91364
G1 X168.884 Y80.77 E350.92961
G1 X169.32 Y80.602 E350.94671
G1 X169.768 Y80.342 E350.96566
G1 X170.098 Y80.069 E350.98133
G1 X170.298 Y79.866 E350.99175
G1 X170.577 Y79.517 E351.0081
G1 X170.79 Y79.129 E351.02429
G1 X170.916 Y78.83 E351.03616
G1 X171.033 Y78.418 E351.05183
G1 X171.1 Y77.818 E351.07392
G1 X171.048 Y77.298 E351.09304
G1 X170.975 Y76.974 E351.10519
G1 X170.775 Y76.42 E351.12674
G1 X170.5 Y75.961 E351.14632
G1 X170.124 Y75.54 E351.16697
G1 X169.697 Y75.208 E351.18676
G1 X169.321 Y74.996 E351.20255
G1 X168.83 Y74.809 E351.22177
G1 X168.121 Y74.674 E351.24818
G1 X167.779 Y74.7 E351.26073
G1 X167.185 Y74.816 E351.28287
G1 X166.779 Y74.956 E351.29858
G1 X166.419 Y75.14 E351.31337
G1 X166.096 Y75.364 E351.32775
G1 X165.612 Y75.801 E351.35161
G1 X165.188 Y76.492 E351.38127
G1 X164.992 Y77.034 E351.40236
G1 X164.91 Y77.555 E351.42166
G1 X164.915 Y78.117 E351.44222
G1 X164.999 Y78.565 E351.45889
G1 X165.203 Y79.183 E351.4827
G1 X165.355 Y79.45 E351.49394
G1 X165.965 Y80.148 E351.52786
G1 X166.652 Y80.6 E351.55795
G1 X167.435 Y80.849 E351.58801
G1 F1500 E349.58801
G0 F9000 X110.271 Y83.788
G1 F1500 E351.58801
G1 F1800 X111.389 Y83.634 E351.6293
G1 X112.505 Y83.251 E351.67246
G1 X113.544 Y82.638 E351.7166
G1 X114.391 Y81.878 E351.75823
G1 X115.072 Y80.996 E351.799
G1 X115.576 Y80.003 E351.83974
G1 X115.892 Y78.924 E351.88088
G1 X116 Y77.794 E351.92241
G1 X115.932 Y76.918 E351.95456
G1 X115.723 Y75.991 E351.98932
G1 X115.315 Y75.021 E352.02782
G1 X114.717 Y74.092 E352.06824
G1 X114.008 Y73.34 E352.10606
G1 X113.794 Y73.159 E352.11631
G1 X112.925 Y72.558 E352.15497
G1 X112.009 Y72.154 E352.1916
G1 X111.75 Y72.067 E352.20159
G1 X110.768 Y71.849 E352.23839
G1 X109.668 Y71.808 E352.27867
G1 X108.579 Y71.966 E352.31893
G1 X107.687 Y72.258 E352.35326
G1 X106.875 Y72.672 E352.38661
G1 X106.091 Y73.237 E352.42197
G1 X105.387 Y73.957 E352.45881
G1 X104.795 Y74.801 E352.49653
G1 X104.379 Y75.704 E352.5329
G1 X104.285 Y75.987 E352.54381
G1 X104.065 Y76.955 E352.58013
G1 X104.004 Y78.104 E352.62223
G1 X104.181 Y79.295 E352.66628
G1 X104.573 Y80.368 E352.70807
G1 X105.13 Y81.305 E352.74795
G1 X105.792 Y82.081 E352.78527
G1 X106.543 Y82.702 E352.82093
G1 X107.332 Y83.173 E352.85454
G1 X108.174 Y83.509 E352.88771
G1 X109.182 Y83.743 E352.92557
G1 X110.271 Y83.788 E352.96545
G1 F1500 E350.96545
G0 F9000 X52.33 Y80.879
G1 F1500 E352.96545
G1 F1800 X52.862 Y80.772 E352.9853
G1 X53.285 Y80.615 E353.00181
G1 X53.746 Y80.352 E353.02123
G1 X54.203 Y79.977 E353.04286
G1 X54.571 Y79.52 E353.06432
G1 X54.854 Y79.01 E353.08566
G1 X55.046 Y78.376 E353.1099
G1 X55.099 Y77.715 E353.13416
G1 X55.019 Y77.107 E353.15659
G1 X54.721 Y76.282 E353.18869
G1 X54.581 Y76.05 E353.1986
G1 X54.132 Y75.545 E353.22332
G1 X53.701 Y75.208 E353.24334
G1 X53.313 Y74.988 E353.25966
G1 X52.825 Y74.805 E353.27873
G1 X52.12 Y74.674 E353.30496
G1 X51.779 Y74.7 E353.31747
G1 X51.185 Y74.816 E353.33962
G1 X50.779 Y74.956 E353.35533
G1 X50.419 Y75.14 E353.37012
G1 X50.118 Y75.347 E353.38349
G1 X49.777 Y75.647 E353.4001
G1 X49.517 Y75.96 E353.41499
G1 X49.244 Y76.4 E353.43393
G1 X49.108 Y76.686 E353.44552
G1 X48.986 Y77.06 E353.45991
G1 X48.91 Y77.538 E353.47762
G1 X48.911 Y78.11 E353.49855
G1 X48.995 Y78.561 E353.51533
G1 X49.163 Y79.063 E353.5347
G1 X49.433 Y79.535 E353.55459
G1 X49.838 Y80.006 E353.57732
G1 X50.098 Y80.234 E353.58997
G1 X50.464 Y80.483 E353.60617
G1 X50.8 Y80.647 E353.61985
G1 X51.231 Y80.79 E353.63646
G1 X51.502 Y80.858 E353.64668
G1 X52.33 Y80.879 E353.67699
G1 F1500 E351.67699
G0 F9000 X48.034 Y70.816
G1 F1500 E353.67699
G1 F1800 X47.617 Y71.234 E353.69859
G0 F9000 X47.617 Y71.856
G1 F1800 X48.657 Y70.816 E353.7524
G0 F9000 X49.279 Y70.816
G1 F1800 X47.617 Y72.478 E353.83839
G0 F9000 X47.617 Y73.101
G1 F1800 X49.901 Y70.816 E353.95659
G0 F9000 X50.523 Y70.816
G1 F1800 X47.617 Y73.723 E354.10698
G0 F9000 X47.617 Y74.345
G1 F1800 X51.146 Y70.816 E354.28957
G0 F9000 X51.768 Y70.816
G1 F1800 X47.617 Y74.967 E354.50434
G0 F9000 X47.617 Y75.59
G1 F1800 X52.39 Y70.816 E354.75133
G0 F9000 X53.013 Y70.816
G1 F1800 X47.617 Y76.212 E355.03052
G0 F9000 X47.617 Y76.834
G1 F1800 X53.635 Y70.816 E355.3419
G0 F9000 X54.257 Y70.816
G1 F1800 X47.617 Y77.456 E355.68545
G0 F9000 X47.617 Y78.079
G1 F1800 X48.814 Y76.882 E355.74739
G0 F9000 X48.692 Y77.625
G1 F1800 X47.617 Y78.701 E355.80303
G0 F9000 X47.617 Y79.323
G1 F1800 X48.709 Y78.231 E355.85954
G0 F9000 X48.824 Y78.738
G1 F1800 X47.617 Y79.945 E355.92199
G0 F9000 X47.617 Y80.568
G1 F1800 X48.983 Y79.201 E355.99269
G0 F9000 X49.212 Y79.595
G1 F1800 X47.617 Y81.19 E356.07522
G0 F9000 X47.617 Y81.812
G1 F1800 X49.49 Y79.939 E356.17213
G0 F9000 X49.794 Y80.257
G1 F1800 X47.617 Y82.435 E356.28479
G0 F9000 X47.617 Y83.057
G1 F1800 X50.142 Y80.531 E356.41546
G0 F9000 X50.536 Y80.76
G1 F1800 X47.617 Y83.679 E356.56649
G0 F9000 X47.617 Y84.301
G1 F1800 X50.981 Y80.937 E356.74055
G0 F9000 X51.465 Y81.075
G1 F1800 X47.617 Y84.924 E356.93967
G0 F9000 X47.617 Y85.546
G1 F1800 X52.07 Y81.092 E357.1701
G0 F9000 X52.771 Y81.013
G1 F1800 X47.617 Y86.168 E357.4368
G0 F9000 X47.617 Y86.79
G1 F1800 X53.881 Y80.526 E357.7609
G0 F9000 X54.714 Y79.693
G1 F1800 X63.591 Y70.816 E358.2202
G0 F9000 X64.213 Y70.816
G1 F1800 X47.617 Y87.413 E359.07891
G0 F9000 X47.617 Y88.035
G1 F1800 X64.835 Y70.816 E359.96981
G0 F9000 X65.458 Y70.816
G1 F1800 X47.617 Y88.657 E360.89292
G0 F9000 X47.617 Y89.279
G1 F1800 X66.08 Y70.816 E361.8482
G0 F9000 X66.702 Y70.816
G1 F1800 X47.617 Y89.902 E362.8357
G0 F9000 X47.617 Y90.524
G1 F1800 X67.324 Y70.816 E363.85538
G0 F9000 X67.947 Y70.816
G1 F1800 X47.617 Y91.146 E364.90726
G0 F9000 X47.617 Y91.768
G1 F1800 X68.569 Y70.816 E365.99133
G0 F9000 X69.191 Y70.816
G1 F1800 X47.617 Y92.391 E367.10761
G0 F9000 X47.617 Y93.013
G1 F1800 X69.813 Y70.816 E368.25607
G0 F9000 X70.436 Y70.816
G1 F1800 X47.617 Y93.635 E369.43674
G0 F9000 X47.617 Y94.257
G1 F1800 X71.058 Y70.816 E370.64959
G0 F9000 X71.68 Y70.816
G1 F1800 X47.617 Y94.88 E371.89465
G0 F9000 X47.617 Y95.502
G1 F1800 X72.302 Y70.816 E373.1719
G0 F9000 X72.925 Y70.816
G1 F1800 X47.617 Y96.124 E374.48135
G0 F9000 X47.617 Y96.746
G1 F1800 X73.547 Y70.816 E375.82298
G0 F9000 X74.169 Y70.816
G1 F1800 X47.617 Y97.369 E377.19683
G0 F9000 X47.617 Y97.991
G1 F1800 X74.791 Y70.816 E378.60285
G0 F9000 X75.414 Y70.816
G1 F1800 X47.617 Y98.613 E380.04109
G0 F9000 X47.617 Y99.235
G1 F1800 X76.036 Y70.816 E381.5115
G0 F9000 X76.658 Y70.816
G1 F1800 X47.617 Y99.858 E383.01413
G0 F9000 X47.617 Y100.48
G1 F1800 X77.28 Y70.816 E384.54894
G0 F9000 X77.903 Y70.816
G1 F1800 X47.617 Y101.102 E386.11595
G0 F9000 X47.617 Y101.724
G1 F1800 X78.525 Y70.816 E387.71515
G0 F9000 X79.147 Y70.816
G1 F1800 X47.617 Y102.347 E389.34656
G0 F9000 X47.617 Y102.969
G1 F1800 X79.769 Y70.816 E391.01015
G0 F9000 X80.392 Y70.816
G1 F1800 X47.617 Y103.591 E392.70595
G0 F9000 X47.617 Y104.213
G1 F1800 X81.014 Y70.816 E394.43393
G0 F9000 X81.636 Y70.816
G1 F1800 X47.617 Y104.836 E396.19412
G0 F9000 X47.617 Y105.458
G1 F1800 X82.258 Y70.816 E397.9865
G0 F9000 X82.881 Y70.816
G1 F1800 X47.617 Y106.08 E399.81108
G0 F9000 X47.617 Y106.702
G1 F1800 X83.503 Y70.816 E401.66784
G0 F9000 X84.125 Y70.816
G1 F1800 X47.617 Y107.325 E403.55681
G0 F9000 X47.617 Y107.947
G1 F1800 X84.747 Y70.816 E405.47797
G0 F9000 X85.37 Y70.816
G1 F1800 X47.617 Y108.569 E407.43133
G0 F9000 X47.617 Y109.191
G1 F1800 X85.992 Y70.816 E409.41688
G0 F9000 X86.614 Y70.816
G1 F1800 X47.617 Y109.814 E411.43464
G0 F9000 X47.617 Y110.436
G1 F1800 X87.236 Y70.816 E413.48457
G0 F9000 X87.859 Y70.816
G1 F1800 X47.617 Y111.058 E415.56672
G0 F9000 X47.617 Y111.68
G1 F1800 X88.481 Y70.816 E417.68105
G0 F9000 X89.103 Y70.816
G1 F1800 X47.617 Y112.303 E419.82759
G0 F9000 X47.617 Y112.925
G1 F1800 X89.725 Y70.816 E422.00631
G0 F9000 X90.348 Y70.816
G1 F1800 X47.617 Y113.547 E424.21723
G0 F9000 X47.617 Y114.169
G1 F1800 X90.97 Y70.816 E426.46035
G0 F9000 X91.592 Y70.816
G1 F1800 X47.617 Y114.792 E428.73567
G0 F9000 X47.617 Y115.414
G1 F1800 X92.215 Y70.816 E431.04319
G0 F9000 X92.837 Y70.816
G1 F1800 X47.617 Y116.036 E433.38291
G0 F9000 X47.617 Y116.658
G1 F1800 X93.459 Y70.816 E435.7548
G0 F9000 X94.081 Y70.816
G1 F1800 X47.617 Y117.281 E438.1589
G0 F9000 X47.617 Y117.903
G1 F1800 X94.704 Y70.816 E440.59521
G0 F9000 X95.326 Y70.816
G1 F1800 X47.617 Y118.525 E443.06371
G0 F9000 X47.617 Y119.147
G1 F1800 X95.948 Y70.816 E445.56438
G0 F9000 X96.57 Y70.816
G1 F1800 X47.617 Y119.77 E448.09727
G0 F9000 X47.617 Y120.392
G1 F1800 X97.193 Y70.816 E450.66236
G0 F9000 X97.815 Y70.816
G1 F1800 X47.617 Y121.014 E453.25964
G0 F9000 X47.617 Y121.637
G1 F1800 X98.437 Y70.816 E455.88912
G0 F9000 X99.059 Y70.816
G1 F1800 X47.617 Y122.259 E458.55079
G0 F9000 X47.617 Y122.881
G1 F1800 X99.682 Y70.816 E461.24466
G0 F9000 X100.304 Y70.816
G1 F1800 X47.617 Y123.503 E463.97072
G0 F9000 X47.617 Y124.126
G1 F1800 X100.926 Y70.816 E466.72899
G0 F9000 X101.548 Y70.816
G1 F1800 X47.617 Y124.748 E469.51944
G0 F9000 X47.617 Y125.37
G1 F1800 X102.171 Y70.816 E472.3421
G0 F9000 X102.793 Y70.816
G1 F1800 X47.617 Y125.992 E475.19694
G0 F9000 X47.617 Y126.615
G1 F1800 X103.415 Y70.816 E478.08399
G0 F9000 X104.037 Y70.816
G1 F1800 X47.617 Y127.237 E481.00322
G0 F9000 X47.617 Y127.859
G1 F1800 X104.66 Y70.816 E483.95466
G0 F9000 X105.282 Y70.816
G1 F1800 X47.617 Y128.481 E486.93828
G0 F9000 X47.617 Y129.104
G1 F1800 X105.904 Y70.816 E489.95412
G0 F9000 X106.526 Y70.816
G1 F1800 X47.617 Y129.726 E493.00213
G0 F9000 X47.617 Y130.348
G1 F1800 X107.149 Y70.816 E496.08235
G0 F9000 X107.771 Y70.816
G1 F1800 X47.617 Y130.97 E499.19476
G0 F9000 X47.617 Y131.593
G1 F1800 X104.813 Y74.396 E502.15414
G0 F9000 X104.159 Y75.672
G1 F1800 X47.617 Y132.215 E505.07969
G0 F9000 X47.617 Y132.837
G1 F1800 X103.939 Y76.515 E507.99382
G0 F9000 X103.832 Y77.244
G1 F1800 X47.617 Y133.459 E510.90242
G0 F9000 X47.617 Y134.082
G1 F1800 X103.795 Y77.903 E513.80913
G0 F9000 X103.837 Y78.483
G1 F1800 X47.617 Y134.704 E516.71802
G0 F9000 X47.617 Y135.326
G1 F1800 X103.917 Y79.026 E519.63101
G0 F9000 X104.035 Y79.53
G1 F1800 X47.617 Y135.948 E522.55012
G0 F9000 X47.617 Y136.571
G1 F1800 X104.202 Y79.985 E525.47789
G0 F9000 X104.368 Y80.441
G1 F1800 X47.617 Y137.193 E528.41424
G0 F9000 X47.617 Y137.815
G1 F1800 X104.595 Y80.836 E531.36235
G0 F9000 X104.829 Y81.225
G1 F1800 X47.617 Y138.437 E534.32253
G0 F9000 X47.617 Y139.06
G1 F1800 X105.083 Y81.593 E537.29588
G0 F9000 X105.372 Y81.927
G1 F1800 X47.617 Y139.682 E540.28416
G0 F9000 X47.617 Y140.304
G1 F1800 X105.662 Y82.259 E543.28745
G0 F9000 X106.003 Y82.54
G1 F1800 X47.617 Y140.926 E546.30838
G0 F9000 X47.617 Y141.549
G1 F1800 X106.345 Y82.821 E549.347
G0 F9000 X106.722 Y83.065
G1 F1800 X47.617 Y142.171 E552.40516
G0 F9000 X47.617 Y142.793
G1 F1800 X107.113 Y83.297 E555.48352
G0 F9000 X107.54 Y83.492
G1 F1800 X47.617 Y143.415 E558.58397
G0 F9000 X47.617 Y144.038
G1 F1800 X107.984 Y83.67 E561.70742
G0 F9000 X108.474 Y83.803
G1 F1800 X50.346 Y141.93 E564.71498
G0 F9000 X51.335 Y141.563
G1 F1800 X108.979 Y83.92 E567.69749
G0 F9000 X109.542 Y83.979
G1 F1800 X52.052 Y141.469 E570.67206
G0 F9000 X52.6 Y141.544
G1 F1800 X110.142 Y84.001 E573.64934
G0 F9000 X110.833 Y83.933
G1 F1800 X53.089 Y141.677 E576.63705
G0 F9000 X53.523 Y141.865
G1 F1800 X111.589 Y83.799 E579.64142
G0 F9000 X112.545 Y83.465
G1 F1800 X53.913 Y142.097 E582.67508
G0 F9000 X54.262 Y142.37
G1 F1800 X125.816 Y70.816 E586.37733
G0 F9000 X126.438 Y70.816
G1 F1800 X54.56 Y142.695 E590.09637
G0 F9000 X54.825 Y143.052
G1 F1800 X127.061 Y70.816 E593.8339
G0 F9000 X127.683 Y70.816
G1 F1800 X55.024 Y143.476 E597.59335
G0 F9000 X55.188 Y143.933
G1 F1800 X128.305 Y70.816 E601.37647
G0 F9000 X128.927 Y70.816
G1 F1800 X55.287 Y144.457 E605.18668
G0 F9000 X55.294 Y145.071
G1 F1800 X129.55 Y70.816 E609.0287
G0 F9000 X130.172 Y70.816
G1 F1800 X55.137 Y145.851 E612.91106
G1 F1500 E610.91106
G0 F9000 X53.054 Y147.935
G1 F1500 E612.91106
G1 F1800 X51.804 Y149.184 E612.97571
G0 F9000 X52.426 Y149.184
G1 F1800 X130.794 Y70.816 E617.03052
G0 F9000 X131.417 Y70.816
G1 F1800 X53.049 Y149.184 E621.08533
G0 F9000 X53.671 Y149.184
G1 F1800 X132.039 Y70.816 E625.14014
G0 F9000 X132.661 Y70.816
G1 F1800 X54.293 Y149.184 E629.19495
G0 F9000 X54.915 Y149.184
G1 F1800 X133.283 Y70.816 E633.24976
G0 F9000 X133.906 Y70.816
G1 F1800 X55.538 Y149.184 E637.30457
G0 F9000 X56.16 Y149.184
G1 F1800 X134.528 Y70.816 E641.35938
G0 F9000 X135.15 Y70.816
G1 F1800 X56.782 Y149.184 E645.41419
G0 F9000 X57.404 Y149.184
G1 F1800 X135.772 Y70.816 E649.469
G0 F9000 X136.395 Y70.816
G1 F1800 X58.027 Y149.184 E653.52381
G0 F9000 X58.649 Y149.184
G1 F1800 X137.017 Y70.816 E657.57861
G0 F9000 X137.639 Y70.816
G1 F1800 X59.271 Y149.184 E661.63342
G0 F9000 X59.893 Y149.184
G1 F1800 X138.261 Y70.816 E665.68823
G0 F9000 X138.884 Y70.816
G1 F1800 X60.516 Y149.184 E669.74304
G0 F9000 X61.138 Y149.184
G1 F1800 X139.506 Y70.816 E673.79785
G0 F9000 X140.128 Y70.816
G1 F1800 X61.76 Y149.184 E677.85266
G0 F9000 X62.382 Y149.184
G1 F1800 X140.75 Y70.816 E681.90747
G0 F9000 X141.373 Y70.816
G1 F1800 X63.005 Y149.184 E685.96228
G0 F9000 X63.627 Y149.184
G1 F1800 X141.995 Y70.816 E690.01709
G0 F9000 X142.617 Y70.816
G1 F1800 X64.249 Y149.184 E694.0719
G0 F9000 X64.871 Y149.184
G1 F1800 X143.239 Y70.816 E698.12671
G0 F9000 X143.862 Y70.816
G1 F1800 X65.494 Y149.184 E702.18152
G0 F9000 X66.116 Y149.184
G1 F1800 X144.484 Y70.816 E706.23633
G0 F9000 X145.106 Y70.816
G1 F1800 X66.738 Y149.184 E710.29114
G0 F9000 X67.36 Y149.184
G1 F1800 X145.728 Y70.816 E714.34595
G0 F9000 X146.351 Y70.816
G1 F1800 X67.983 Y149.184 E718.40076
G0 F9000 X68.605 Y149.184
G1 F1800 X146.973 Y70.816 E722.45557
G0 F9000 X147.595 Y70.816
G1 F1800 X69.227 Y149.184 E726.51038
G0 F9000 X69.849 Y149.184
G1 F1800 X148.217 Y70.816 E730.56519
G0 F9000 X148.84 Y70.816
G1 F1800 X70.472 Y149.184 E734.62
G0 F9000 X71.094 Y149.184
G1 F1800 X149.462 Y70.816 E738.6748
G0 F9000 X150.084 Y70.816
G1 F1800 X71.716 Y149.184 E742.72961
G0 F9000 X72.338 Y149.184
G1 F1800 X150.706 Y70.816 E746.78442
G0 F9000 X151.329 Y70.816
G1 F1800 X72.961 Y149.184 E750.83923
G0 F9000 X73.583 Y149.184
G1 F1800 X151.951 Y70.816 E754.89404
G0 F9000 X152.573 Y70.816
G1 F1800 X74.205 Y149.184 E758.94885
G0 F9000 X74.827 Y149.184
G1 F1800 X153.195 Y70.816 E763.00366
G0 F9000 X153.818 Y70.816
G1 F1800 X75.45 Y149.184 E767.05847
G0 F9000 X76.072 Y149.184
G1 F1800 X154.44 Y70.816 E771.11328
G0 F9000 X155.062 Y70.816
G1 F1800 X76.694 Y149.184 E775.16809
G0 F9000 X77.316 Y149.184
G1 F1800 X155.684 Y70.816 E779.2229
G0 F9000 X156.307 Y70.816
G1 F1800 X77.939 Y149.184 E783.27771
G0 F9000 X78.561 Y149.184
G1 F1800 X156.929 Y70.816 E787.33252
G0 F9000 X157.551 Y70.816
G1 F1800 X79.183 Y149.184 E791.38733
G0 F9000 X79.805 Y149.184
G1 F1800 X158.173 Y70.816 E795.44214
G0 F9000 X158.796 Y70.816
G1 F1800 X80.428 Y149.184 E799.49695
G0 F9000 X81.05 Y149.184
G1 F1800 X159.418 Y70.816 E803.55176
G0 F9000 X160.04 Y70.816
G1 F1800 X81.672 Y149.184 E807.60657
G0 F9000 X82.295 Y149.184
G1 F1800 X160.662 Y70.816 E811.66135
G0 F9000 X161.285 Y70.816
G1 F1800 X82.917 Y149.184 E815.71616
G0 F9000 X83.539 Y149.184
G1 F1800 X161.907 Y70.816 E819.77097
G0 F9000 X162.529 Y70.816
G1 F1800 X84.161 Y149.184 E823.82578
G0 F9000 X84.784 Y149.184
G1 F1800 X163.151 Y70.816 E827.88056
G0 F9000 X163.774 Y70.816
G1 F1800 X85.406 Y149.184 E831.93537
G0 F9000 X86.028 Y149.184
G1 F1800 X164.396 Y70.816 E835.99018
G0 F9000 X165.018 Y70.816
G1 F1800 X86.65 Y149.184 E840.04499
G0 F9000 X87.273 Y149.184
G1 F1800 X165.64 Y70.816 E844.09977
G0 F9000 X166.263 Y70.816
G1 F1800 X87.895 Y149.184 E848.15458
G0 F9000 X88.517 Y149.184
G1 F1800 X166.885 Y70.816 E852.20939
G0 F9000 X167.507 Y70.816
G1 F1800 X89.139 Y149.184 E856.2642
G0 F9000 X89.762 Y149.184
G1 F1800 X168.129 Y70.816 E860.31899
G0 F9000 X168.752 Y70.816
G1 F1800 X90.384 Y149.184 E864.3738
G0 F9000 X91.006 Y149.184
G1 F1800 X169.374 Y70.816 E868.4286
G0 F9000 X169.996 Y70.816
G1 F1800 X91.628 Y149.184 E872.48341
G0 F9000 X92.251 Y149.184
G1 F1800 X164.951 Y76.483 E876.24498
G0 F9000 X164.719 Y77.338
G1 F1800 X92.873 Y149.184 E879.96234
G0 F9000 X93.495 Y149.184
G1 F1800 X164.693 Y77.986 E883.64617
G0 F9000 X164.77 Y78.531
G1 F1800 X94.117 Y149.184 E887.3018
G0 F9000 X94.74 Y149.184
G1 F1800 X164.913 Y79.011 E890.9326
G0 F9000 X165.102 Y79.444
G1 F1800 X95.362 Y149.184 E894.54099
G0 F9000 X95.984 Y149.184
G1 F1800 X165.368 Y79.801 E898.13093
G0 F9000 X165.657 Y80.134
G1 F1800 X96.606 Y149.184 E901.70365
G0 F9000 X97.229 Y149.184
G1 F1800 X165.986 Y80.426 E905.26121
G0 F9000 X166.36 Y80.675
G1 F1800 X97.851 Y149.184 E908.8059
G0 F9000 X98.473 Y149.184
G1 F1800 X166.784 Y80.873 E912.34036
G0 F9000 X167.256 Y81.024
G1 F1800 X99.095 Y149.184 E915.86703
G0 F9000 X99.718 Y149.184
G1 F1800 X167.818 Y81.084 E919.39056
G0 F9000 X168.451 Y81.073
G1 F1800 X100.34 Y149.184 E922.91467
G0 F9000 X100.962 Y149.184
G1 F1800 X169.305 Y80.841 E926.45078
G1 F1500 E924.45078
G0 F9000 X171.039 Y79.108
G1 F1500 E926.45078
G1 F1800 X172.383 Y77.763 E926.52034
G0 F9000 X172.383 Y78.385
G1 F1800 X101.584 Y149.184 E930.18353
G0 F9000 X102.207 Y149.184
G1 F1800 X172.383 Y79.007 E933.8145
G0 F9000 X172.383 Y79.629
G1 F1800 X102.829 Y149.184 E937.4133
G0 F9000 X103.451 Y149.184
G1 F1800 X172.383 Y80.252 E940.97988
G0 F9000 X172.383 Y80.874
G1 F1800 X104.073 Y149.184 E944.51428
G0 F9000 X104.696 Y149.184
G1 F1800 X172.383 Y81.496 E948.01648
G0 F9000 X172.383 Y82.118
G1 F1800 X105.318 Y149.184 E951.48649
G0 F9000 X105.94 Y149.184
G1 F1800 X172.383 Y82.741 E954.92429
G0 F9000 X172.383 Y83.363
G1 F1800 X106.562 Y149.184 E958.32991
G0 F9000 X107.185 Y149.184
G1 F1800 X172.383 Y83.985 E961.70332
G0 F9000 X172.383 Y84.607
G1 F1800 X107.807 Y149.184 E965.04455
G0 F9000 X108.429 Y149.184
G1 F1800 X172.383 Y85.23 E968.35357
G0 F9000 X172.383 Y85.852
G1 F1800 X109.051 Y149.184 E971.63041
G0 F9000 X109.674 Y149.184
G1 F1800 X172.383 Y86.474 E974.87504
G0 F9000 X172.383 Y87.096
G1 F1800 X110.296 Y149.184 E978.08748
G0 F9000 X110.918 Y149.184
G1 F1800 X172.383 Y87.719 E981.26772
G0 F9000 X172.383 Y88.341
G1 F1800 X111.54 Y149.184 E984.41578
G0 F9000 X112.163 Y149.184
G1 F1800 X172.383 Y88.963 E987.53162
G0 F9000 X172.383 Y89.585
G1 F1800 X112.785 Y149.184 E990.61529
G0 F9000 X113.407 Y149.184
G1 F1800 X172.383 Y90.208 E993.66674
G0 F9000 X172.383 Y90.83
G1 F1800 X114.029 Y149.184 E996.68601
G0 F9000 X114.652 Y149.184
G1 F1800 X172.383 Y91.452 E999.67308
G0 F9000 X172.383 Y92.074
G1 F1800 X115.274 Y149.184 E1002.62796
G0 F9000 X115.896 Y149.184
G1 F1800 X172.383 Y92.697 E1005.55063
G0 F9000 X172.383 Y93.319
G1 F1800 X116.518 Y149.184 E1008.44112
G0 F9000 X117.141 Y149.184
G1 F1800 X172.383 Y93.941 E1011.2994
G0 F9000 X172.383 Y94.564
G1 F1800 X117.763 Y149.184 E1014.12548
G0 F9000 X118.385 Y149.184
G1 F1800 X172.383 Y95.186 E1016.91937
G0 F9000 X172.383 Y95.808
G1 F1800 X119.007 Y149.184 E1019.68108
G0 F9000 X119.63 Y149.184
G1 F1800 X172.383 Y96.43 E1022.41057
G0 F9000 X172.383 Y97.053
G1 F1800 X120.252 Y149.184 E1025.10787
G0 F9000 X120.874 Y149.184
G1 F1800 X172.383 Y97.675 E1027.77297
G0 F9000 X172.383 Y98.297
G1 F1800 X121.497 Y149.184 E1030.40587
G0 F9000 X122.119 Y149.184
G1 F1800 X172.383 Y98.919 E1033.00659
G0 F9000 X172.383 Y99.542
G1 F1800 X122.741 Y149.184 E1035.5751
G0 F9000 X123.363 Y149.184
G1 F1800 X172.383 Y100.164 E1038.11142
G0 F9000 X172.383 Y100.786
G1 F1800 X123.986 Y149.184 E1040.61554
G0 F9000 X124.608 Y149.184
G1 F1800 X172.383 Y101.408 E1043.08747
G0 F9000 X172.383 Y102.031
G1 F1800 X125.23 Y149.184 E1045.5272
G0 F9000 X125.852 Y149.184
G1 F1800 X172.383 Y102.653 E1047.93474
G0 F9000 X172.383 Y103.275
G1 F1800 X126.475 Y149.184 E1050.31008
G0 F9000 X127.097 Y149.184
G1 F1800 X172.383 Y103.897 E1052.65323
G0 F9000 X172.383 Y104.52
G1 F1800 X127.719 Y149.184 E1054.96417
G0 F9000 X128.341 Y149.184
G1 F1800 X172.383 Y105.142 E1057.24293
G0 F9000 X172.383 Y105.764
G1 F1800 X128.964 Y149.184 E1059.48949
G0 F9000 X129.586 Y149.184
G1 F1800 X172.383 Y106.386 E1061.70386
G0 F9000 X172.383 Y107.009
G1 F1800 X130.208 Y149.184 E1063.88602
G0 F9000 X130.83 Y149.184
G1 F1800 X172.383 Y107.631 E1066.036
G0 F9000 X172.383 Y108.253
G1 F1800 X131.453 Y149.184 E1068.15377
G0 F9000 X132.075 Y149.184
G1 F1800 X172.383 Y108.875 E1070.23935
G0 F9000 X172.383 Y109.498
G1 F1800 X132.697 Y149.184 E1072.29273
G0 F9000 X133.319 Y149.184
G1 F1800 X172.383 Y110.12 E1074.31393
G0 F9000 X172.383 Y110.742
G1 F1800 X133.942 Y149.184 E1076.30291
G0 F9000 X134.564 Y149.184
G1 F1800 X172.383 Y111.364 E1078.25972
G0 F9000 X172.383 Y111.987
G1 F1800 X135.186 Y149.184 E1080.18431
G0 F9000 X135.808 Y149.184
G1 F1800 X172.383 Y112.609 E1082.07673
G0 F9000 X172.383 Y113.231
G1 F1800 X136.431 Y149.184 E1083.93693
G0 F9000 X137.053 Y149.184
G1 F1800 X172.383 Y113.853 E1085.76496
G0 F9000 X172.383 Y114.476
G1 F1800 X137.675 Y149.184 E1087.56077
G0 F9000 X138.297 Y149.184
G1 F1800 X172.383 Y115.098 E1089.3244
G0 F9000 X172.383 Y115.72
G1 F1800 X138.92 Y149.184 E1091.05582
G0 F9000 X139.542 Y149.184
G1 F1800 X172.383 Y116.342 E1092.75506
G0 F9000 X172.383 Y116.965
G1 F1800 X140.164 Y149.184 E1094.42209
G0 F9000 X140.786 Y149.184
G1 F1800 X172.383 Y117.587 E1096.05694
G0 F9000 X172.383 Y118.209
G1 F1800 X141.409 Y149.184 E1097.65958
G0 F9000 X142.031 Y149.184
G1 F1800 X172.383 Y118.831 E1099.23004
G0 F9000 X172.383 Y119.454
G1 F1800 X142.653 Y149.184 E1100.76829
G0 F9000 X143.275 Y149.184
G1 F1800 X172.383 Y120.076 E1102.27435
G0 F9000 X172.383 Y120.698
G1 F1800 X143.898 Y149.184 E1103.74821
G0 F9000 X144.52 Y149.184
G1 F1800 X172.383 Y121.32 E1105.18989
G0 F9000 X172.383 Y121.943
G1 F1800 X145.142 Y149.184 E1106.59935
G0 F9000 X145.764 Y149.184
G1 F1800 X172.383 Y122.565 E1107.97664
G0 F9000 X172.383 Y123.187
G1 F1800 X146.387 Y149.184 E1109.32171
G0 F9000 X147.009 Y149.184
G1 F1800 X172.383 Y123.809 E1110.63461
G0 F9000 X172.383 Y124.432
G1 F1800 X147.631 Y149.184 E1111.91529
G0 F9000 X148.253 Y149.184
G1 F1800 X172.383 Y125.054 E1113.16379
G0 F9000 X172.383 Y125.676
G1 F1800 X148.876 Y149.184 E1114.38008
G0 F9000 X149.498 Y149.184
G1 F1800 X172.383 Y126.298 E1115.56419
G0 F9000 X172.383 Y126.921
G1 F1800 X150.12 Y149.184 E1116.7161
G0 F9000 X150.742 Y149.184
G1 F1800 X172.383 Y127.543 E1117.83581
G0 F9000 X172.383 Y128.165
G1 F1800 X151.365 Y149.184 E1118.92332
G0 F9000 X151.987 Y149.184
G1 F1800 X172.383 Y128.787 E1119.97865
G0 F9000 X172.383 Y129.41
G1 F1800 X152.609 Y149.184 E1121.00177
G0 F9000 X153.231 Y149.184
G1 F1800 X172.383 Y130.032 E1121.99271
G0 F9000 X172.383 Y130.654
G1 F1800 X153.854 Y149.184 E1122.95144
G0 F9000 X154.476 Y149.184
G1 F1800 X172.383 Y131.276 E1123.87798
G0 F9000 X172.383 Y131.899
G1 F1800 X155.098 Y149.184 E1124.77232
G0 F9000 X155.72 Y149.184
G1 F1800 X172.383 Y132.521 E1125.63447
G0 F9000 X172.383 Y133.143
G1 F1800 X156.343 Y149.184 E1126.46442
G0 F9000 X156.965 Y149.184
G1 F1800 X172.383 Y133.766 E1127.26215
G0 F9000 X172.383 Y134.388
G1 F1800 X157.587 Y149.184 E1128.02771
G0 F9000 X158.209 Y149.184
G1 F1800 X172.383 Y135.01 E1128.76108
G0 F9000 X172.383 Y135.632
G1 F1800 X158.832 Y149.184 E1129.46224
G0 F9000 X159.454 Y149.184
G1 F1800 X164.847 Y143.791 E1129.74128
G0 F9000 X164.692 Y144.568
G1 F1800 X160.076 Y149.184 E1129.98012
G0 F9000 X160.699 Y149.184
G1 F1800 X164.701 Y145.181 E1130.18721
G0 F9000 X164.807 Y145.698
G1 F1800 X161.321 Y149.184 E1130.36758
G0 F9000 X161.943 Y149.184
G1 F1800 X164.966 Y146.161 E1130.52399
G0 F9000 X165.184 Y146.566
G1 F1800 X162.565 Y149.184 E1130.65947
G0 F9000 X163.188 Y149.184
G1 F1800 X165.46 Y146.911 E1130.77705
G0 F9000 X165.763 Y147.231
G1 F1800 X163.81 Y149.184 E1130.8781
G0 F9000 X164.432 Y149.184
G1 F1800 X166.107 Y147.509 E1130.96477
G0 F9000 X166.497 Y147.741
G1 F1800 X165.054 Y149.184 E1131.03943
G0 F9000 X165.677 Y149.184
G1 F1800 X166.938 Y147.922 E1131.1047
G0 F9000 X167.434 Y148.049
G1 F1800 X166.299 Y149.184 E1131.16342
G0 F9000 X166.921 Y149.184
G1 F1800 X168.011 Y148.094 E1131.21982
G0 F9000 X168.692 Y148.035
G1 F1800 X167.543 Y149.184 E1131.27927
G0 F9000 X168.166 Y149.184
G1 F1800 X169.735 Y147.615 E1131.36045
G1 F1500 E1129.36045
G0 F9000 X170.821 Y146.528
G1 F1500 E1131.36045
G1 F1800 X172.383 Y144.966 E1131.44127
G0 F9000 X172.383 Y145.588
G1 F1800 X168.788 Y149.184 E1131.6273
G0 F9000 X169.41 Y149.184
G1 F1800 X172.383 Y146.211 E1131.78113
G0 F9000 X172.383 Y146.833
G1 F1800 X170.032 Y149.184 E1131.90277
G0 F9000 X170.655 Y149.184
G1 F1800 X172.383 Y147.455 E1131.99221
G0 F9000 X172.383 Y148.077
G1 F1800 X171.277 Y149.184 E1132.04946
G0 F9000 X171.899 Y149.184
G1 F1800 X172.383 Y148.7 E1132.0745
G1 F1500 E1130.0745
G0 F9000 X171.241 Y145.486
G1 F1500 E1132.0745
G1 F1800 X172.383 Y144.344 E1132.13359
G0 F9000 X172.383 Y143.722
G1 F1800 X171.319 Y144.786 E1132.18864
G0 F9000 X171.257 Y144.226
G1 F1800 X172.383 Y143.099 E1132.24692
G0 F9000 X172.383 Y142.477
G1 F1800 X171.123 Y143.738 E1132.31214
G0 F9000 X170.953 Y143.285
G1 F1800 X172.383 Y141.855 E1132.38613
G0 F9000 X172.383 Y141.233
G1 F1800 X170.72 Y142.896 E1132.47218
G0 F9000 X170.436 Y142.558
G1 F1800 X172.383 Y140.61 E1132.57294
G0 F9000 X172.383 Y139.988
G1 F1800 X170.119 Y142.252 E1132.69008
G0 F9000 X169.755 Y141.994
G1 F1800 X172.383 Y139.366 E1132.82606
G0 F9000 X172.383 Y138.744
G1 F1800 X169.358 Y141.769 E1132.98257
G0 F9000 X168.9 Y141.605
G1 F1800 X172.383 Y138.121 E1133.16281
G0 F9000 X172.383 Y137.499
G1 F1800 X168.383 Y141.5 E1133.3698
G0 F9000 X167.784 Y141.476
G1 F1800 X172.383 Y136.877 E1133.60775
G0 F9000 X172.383 Y136.255
G1 F1800 X167.004 Y141.633 E1133.88604
G1 F1500 E1131.88604
G0 F9000 X171.275 Y78.248
G1 F1500 E1133.88604
G1 F1800 X172.383 Y77.14 E1133.94337
G0 F9000 X172.383 Y76.518
G1 F1800 X171.299 Y77.602 E1133.99946
G0 F9000 X171.22 Y77.059
G1 F1800 X172.383 Y75.896 E1134.05963
G0 F9000 X172.383 Y75.274
G1 F1800 X171.069 Y76.588 E1134.12762
G0 F9000 X170.877 Y76.158
G1 F1800 X172.383 Y74.651 E1134.20557
G0 F9000 X172.383 Y74.029
G1 F1800 X170.635 Y75.777 E1134.29601
G0 F9000 X170.336 Y75.454
G1 F1800 X172.383 Y73.407 E1134.40192
G0 F9000 X172.383 Y72.785
G1 F1800 X170.002 Y75.166 E1134.52512
G0 F9000 X169.629 Y74.917
G1 F1800 X172.383 Y72.162 E1134.66764
G0 F9000 X172.383 Y71.54
G1 F1800 X169.205 Y74.719 E1134.83209
G0 F9000 X168.732 Y74.569
G1 F1800 X172.383 Y70.918 E1135.021
G0 F9000 X171.863 Y70.816
G1 F1800 X168.211 Y74.468 E1135.20995
G0 F9000 X167.533 Y74.523
G1 F1800 X171.241 Y70.816 E1135.40178
G0 F9000 X170.619 Y70.816
G1 F1800 X166.662 Y74.773 E1135.60652
G1 F1500 E1133.60652
G0 F9000 X125.194 Y70.816
G1 F1500 E1135.60652
G1 F1800 X115.632 Y80.378 E1136.10126
G0 F9000 X115.979 Y79.409
G1 F1800 X124.572 Y70.816 E1136.54587
G0 F9000 X123.949 Y70.816
G1 F1800 X116.143 Y78.622 E1136.94976
G0 F9000 X116.211 Y77.932
G1 F1800 X123.327 Y70.816 E1137.31795
G0 F9000 X122.705 Y70.816
G1 F1800 X116.183 Y77.338 E1137.6554
G0 F9000 X116.127 Y76.772
G1 F1800 X122.083 Y70.816 E1137.96357
G0 F9000 X121.46 Y70.816
G1 F1800 X116.011 Y76.265 E1138.2455
G0 F9000 X115.876 Y75.779
G1 F1800 X120.838 Y70.816 E1138.50226
G0 F9000 X120.216 Y70.816
G1 F1800 X115.688 Y75.344 E1138.73654
G0 F9000 X115.5 Y74.909
G1 F1800 X119.594 Y70.816 E1138.94834
G0 F9000 X118.971 Y70.816
G1 F1800 X115.261 Y74.526 E1139.1403
G0 F9000 X115.017 Y74.149
G1 F1800 X118.349 Y70.816 E1139.31273
G0 F9000 X117.727 Y70.816
G1 F1800 X114.746 Y73.796 E1139.46694
G0 F9000 X114.443 Y73.478
G1 F1800 X117.105 Y70.816 E1139.60467
G0 F9000 X116.482 Y70.816
G1 F1800 X114.136 Y73.162 E1139.72606
G0 F9000 X113.788 Y72.888
G1 F1800 X115.86 Y70.816 E1139.83326
G0 F9000 X115.238 Y70.816
G1 F1800 X113.422 Y72.632 E1139.92723
G0 F9000 X113.056 Y72.375
G1 F1800 X114.616 Y70.816 E1140.00791
G0 F9000 X113.993 Y70.816
G1 F1800 X112.624 Y72.185 E1140.07875
G0 F9000 X112.192 Y71.995
G1 F1800 X113.371 Y70.816 E1140.13975
G0 F9000 X112.749 Y70.816
G1 F1800 X111.728 Y71.837 E1140.19258
G0 F9000 X111.218 Y71.725
G1 F1800 X112.127 Y70.816 E1140.23961
G0 F9000 X111.504 Y70.816
G1 F1800 X110.698 Y71.623 E1140.28134
G0 F9000 X110.096 Y71.602
G1 F1800 X110.882 Y70.816 E1140.32201
G0 F9000 X110.26 Y70.816
G1 F1800 X109.463 Y71.613 E1140.36324
G0 F9000 X108.729 Y71.725
G1 F1800 X109.638 Y70.816 E1140.41028
G0 F9000 X109.015 Y70.816
G1 F1800 X107.861 Y71.97 E1140.46998
G0 F9000 X108.393 Y70.816
G1 F1800 X106.649 Y72.56 E1140.56022
G1 F1500 E1138.56022
G0 F9000 X62.969 Y70.816
G1 F1500 E1140.56022
G1 F1800 X55.217 Y78.567 E1140.96129
G0 F9000 X55.313 Y77.849
G1 F1800 X62.346 Y70.816 E1141.32518
G0 F9000 X61.724 Y70.816
G1 F1800 X55.264 Y77.276 E1141.65942
G0 F9000 X55.139 Y76.778
G1 F1800 X61.102 Y70.816 E1141.96793
G0 F9000 X60.48 Y70.816
G1 F1800 X54.973 Y76.322 E1142.25284
G0 F9000 X54.753 Y75.921
G1 F1800 X59.857 Y70.816 E1142.51695
G0 F9000 X59.235 Y70.816
G1 F1800 X54.466 Y75.585 E1142.7637
G0 F9000 X54.151 Y75.278
G1 F1800 X58.613 Y70.816 E1142.99457
G0 F9000 X57.991 Y70.816
G1 F1800 X53.797 Y75.01 E1143.21157
G0 F9000 X53.396 Y74.788
G1 F1800 X57.368 Y70.816 E1143.41708
G0 F9000 X56.746 Y70.816
G1 F1800 X52.945 Y74.617 E1143.61375
G0 F9000 X52.431 Y74.509
G1 F1800 X56.124 Y70.816 E1143.80482
G0 F9000 X55.502 Y70.816
G1 F1800 X51.841 Y74.477 E1143.99425
G0 F9000 X51.071 Y74.624
G1 F1800 X54.879 Y70.816 E1144.19127
G1 F1500 E1142.19127
G0 F9000 X49.166 Y143.111
G1 F1500 E1144.19127
G1 F1800 X47.617 Y144.66 E1144.27142
G0 F9000 X47.617 Y145.282
G1 F1800 X48.75 Y144.149 E1144.33004
G0 F9000 X48.693 Y144.828
G1 F1800 X47.617 Y145.904 E1144.38572
G0 F9000 X47.617 Y146.527
G1 F1800 X48.742 Y145.402 E1144.44392
G0 F9000 X48.875 Y145.891
G1 F1800 X47.617 Y147.149 E1144.50901
G0 F9000 X47.617 Y147.771
G1 F1800 X49.058 Y146.329 E1144.5836
G0 F9000 X49.294 Y146.716
G1 F1800 X47.617 Y148.393 E1144.67037
G0 F9000 X47.617 Y149.016
G1 F1800 X49.582 Y147.05 E1144.77206
G0 F9000 X49.901 Y147.353
G1 F1800 X48.071 Y149.184 E1144.86677
G0 F9000 X48.693 Y149.184
G1 F1800 X50.264 Y147.613 E1144.94806
G0 F9000 X50.675 Y147.824
G1 F1800 X49.315 Y149.184 E1145.01843
G0 F9000 X49.937 Y149.184
G1 F1800 X51.136 Y147.985 E1145.08046
G0 F9000 X51.658 Y148.086
G1 F1800 X50.56 Y149.184 E1145.13727
G0 F9000 X51.182 Y149.184
G1 F1800 X52.267 Y148.099 E1145.19341
G1 F1500 E1143.19341
;MESH:NONMESH
G0 F300 Z1.4
G0 F9000 X52.295 Y80.48
;TIME_ELAPSED:5866.780847
;LAYER:6
;TYPE:WALL-INNER
;MESH:SmartKiln_Fondo.stl
G1 F1500 E1145.19341
G1 F1800 X51.524 Y80.47 E1145.22162
G1 X50.951 Y80.281 E1145.2437
G1 X50.688 Y80.154 E1145.25438
G1 X50.344 Y79.925 E1145.2695
G1 X50.121 Y79.729 E1145.28036
G1 X49.753 Y79.306 E1145.30088
G1 X49.543 Y78.942 E1145.31625
G1 X49.383 Y78.473 E1145.33438
G1 X49.304 Y78.049 E1145.35016
G1 X49.304 Y77.595 E1145.36677
G1 X49.369 Y77.17 E1145.3825
G1 X49.478 Y76.837 E1145.39532
G1 X49.585 Y76.606 E1145.40463
G1 X49.837 Y76.194 E1145.4223
G1 X50.039 Y75.95 E1145.43389
G1 X50.363 Y75.658 E1145.44985
G1 X50.599 Y75.496 E1145.46032
G1 X50.967 Y75.308 E1145.47544
G1 X51.258 Y75.208 E1145.4867
G1 X51.834 Y75.096 E1145.50817
G1 X52.095 Y75.074 E1145.51775
G1 X52.706 Y75.187 E1145.54048
G1 X53.13 Y75.342 E1145.557
G1 X53.498 Y75.553 E1145.57252
G1 X53.852 Y75.826 E1145.58888
G1 X54.253 Y76.269 E1145.61074
G1 X54.374 Y76.476 E1145.61951
G1 X54.632 Y77.183 E1145.64705
G1 X54.708 Y77.795 E1145.66961
G1 X54.653 Y78.295 E1145.68801
G1 X54.497 Y78.84 E1145.70875
G1 X54.255 Y79.291 E1145.72748
G1 X53.928 Y79.7 E1145.74664
G1 X53.534 Y80.022 E1145.76525
G1 X53.139 Y80.248 E1145.7819
G1 X52.749 Y80.393 E1145.79712
G1 X52.295 Y80.48 E1145.81404
G0 F9000 X52.255 Y80.042
G1 F1800 X51.575 Y80.023 E1145.83893
G1 X51.003 Y79.835 E1145.86095
G1 X50.513 Y79.51 E1145.88247
G1 X50.085 Y79.017 E1145.90635
G1 X49.959 Y78.799 E1145.91556
G1 X49.803 Y78.322 E1145.93393
G1 X49.743 Y78.005 E1145.94573
G1 X49.751 Y77.578 E1145.96135
G1 X49.799 Y77.269 E1145.97279
G1 X49.919 Y76.903 E1145.98689
G1 X50.263 Y76.341 E1146.01099
G1 X50.722 Y75.927 E1146.03361
G1 X51.249 Y75.658 E1146.05526
G1 X51.91 Y75.529 E1146.0799
G1 X52.138 Y75.529 E1146.08824
G1 X52.588 Y75.613 E1146.10499
G1 X52.948 Y75.745 E1146.11901
G1 X53.216 Y75.898 E1146.1303
G1 X53.552 Y76.15 E1146.14567
G1 X53.942 Y76.592 E1146.16724
G1 X54.208 Y77.321 E1146.19563
G1 X54.265 Y77.798 E1146.2132
G1 X54.211 Y78.261 E1146.23026
G1 X54.097 Y78.641 E1146.24477
G1 X53.905 Y79.012 E1146.26006
G1 X53.615 Y79.388 E1146.27743
G1 X53.289 Y79.656 E1146.29287
G1 X52.959 Y79.847 E1146.30682
G1 X52.627 Y79.971 E1146.31979
G1 X52.255 Y80.042 E1146.33364
G1 F1500 E1144.33364
G0 F9000 X110.287 Y83.394
G1 F1500 E1146.33364
G1 F1800 X109.231 Y83.348 E1146.37231
G1 X108.315 Y83.139 E1146.40669
G1 X107.515 Y82.82 E1146.4382
G1 X106.792 Y82.39 E1146.46897
G1 X106.082 Y81.809 E1146.50254
G1 X105.45 Y81.074 E1146.538
G1 X104.936 Y80.208 E1146.57485
G1 X104.567 Y79.189 E1146.6145
G1 X104.405 Y78.123 E1146.65395
G1 X104.454 Y77.028 E1146.69405
G1 X104.697 Y75.972 E1146.73369
G1 X105.127 Y75.022 E1146.77184
G1 X105.708 Y74.193 E1146.80888
G1 X106.366 Y73.53 E1146.84306
G1 X107.071 Y73.019 E1146.87491
G1 X107.829 Y72.63 E1146.90608
G1 X108.704 Y72.345 E1146.93975
G1 X109.67 Y72.206 E1146.97546
G1 X110.703 Y72.239 E1147.01327
G1 X111.749 Y72.473 E1147.05249
G1 X112.751 Y72.917 E1147.09258
G1 X113.646 Y73.539 E1147.13246
G1 X114.398 Y74.325 E1147.17226
G1 X114.96 Y75.194 E1147.21012
G1 X115.338 Y76.094 E1147.24583
G1 X115.539 Y76.964 E1147.2785
G1 X115.6 Y77.817 E1147.30979
G1 X115.497 Y78.874 E1147.34864
G1 X115.201 Y79.879 E1147.38698
G1 X114.745 Y80.777 E1147.42382
G1 X114.101 Y81.618 E1147.46258
G1 X113.281 Y82.334 E1147.5024
G1 X112.361 Y82.881 E1147.54156
G1 X111.319 Y83.245 E1147.58195
G1 X110.287 Y83.394 E1147.62009
G0 F9000 X110.25 Y82.952
G1 F1800 X109.328 Y82.917 E1147.65385
G1 X108.466 Y82.725 E1147.68616
G1 X107.713 Y82.423 E1147.71584
G1 X107.04 Y82.026 E1147.74443
G1 X106.401 Y81.499 E1147.77473
G1 X105.826 Y80.837 E1147.80681
G1 X105.33 Y80.006 E1147.84222
G1 X104.995 Y79.08 E1147.87825
G1 X104.845 Y78.096 E1147.91467
G1 X104.886 Y77.086 E1147.95165
G1 X105.116 Y76.112 E1147.98826
G1 X105.51 Y75.242 E1148.02321
G1 X106.047 Y74.475 E1148.05746
G1 X106.651 Y73.867 E1148.08882
G1 X107.302 Y73.395 E1148.11824
G1 X107.999 Y73.037 E1148.1469
G1 X108.806 Y72.774 E1148.17796
G1 X109.694 Y72.647 E1148.21078
G1 X110.646 Y72.678 E1148.24562
G1 X111.61 Y72.893 E1148.28176
G1 X112.534 Y73.302 E1148.31873
G1 X113.358 Y73.874 E1148.35543
G1 X114.047 Y74.595 E1148.39191
G1 X114.571 Y75.405 E1148.42721
G1 X114.92 Y76.234 E1148.46012
G1 X115.103 Y77.027 E1148.48989
G1 X115.163 Y77.805 E1148.51844
G1 X115.06 Y78.797 E1148.55493
G1 X114.8 Y79.686 E1148.58882
G1 X114.373 Y80.538 E1148.62368
G1 X113.773 Y81.318 E1148.65969
G1 X113.033 Y81.974 E1148.69587
G1 X112.182 Y82.474 E1148.73198
G1 X111.211 Y82.817 E1148.76966
G1 X110.25 Y82.952 E1148.80516
G1 F1500 E1146.80516
G0 F9000 X167.492 Y80.461
G1 F1500 E1148.80516
G1 F1800 X166.799 Y80.227 E1148.83192
G1 X166.213 Y79.838 E1148.85765
G1 X165.684 Y79.218 E1148.88747
G1 X165.565 Y79.001 E1148.89653
G1 X165.389 Y78.485 E1148.91647
G1 X165.309 Y78.051 E1148.93262
G1 X165.307 Y77.597 E1148.94923
G1 X165.371 Y77.159 E1148.96542
G1 X165.535 Y76.688 E1148.98367
G1 X165.922 Y76.056 E1149.01078
G1 X166.363 Y75.658 E1149.03252
G1 X166.599 Y75.496 E1149.04299
G1 X166.967 Y75.308 E1149.05811
G1 X167.258 Y75.208 E1149.06937
G1 X167.834 Y75.096 E1149.09084
G1 X168.095 Y75.074 E1149.10042
G1 X168.711 Y75.188 E1149.12334
G1 X169.136 Y75.349 E1149.13997
G1 X169.495 Y75.55 E1149.15502
G1 X169.848 Y75.822 E1149.17132
G1 X170.184 Y76.193 E1149.18964
G1 X170.402 Y76.554 E1149.20506
G1 X170.598 Y77.09 E1149.22594
G1 X170.658 Y77.349 E1149.23567
G1 X170.7 Y77.8 E1149.25224
G1 X170.652 Y78.298 E1149.27055
G1 X170.504 Y78.829 E1149.29071
G1 X170.263 Y79.277 E1149.30933
G1 X169.938 Y79.692 E1149.32861
G1 X169.551 Y80.014 E1149.34703
G1 X169.169 Y80.239 E1149.36325
G1 X168.753 Y80.396 E1149.37952
G1 X168.29 Y80.488 E1149.39679
G1 X167.492 Y80.461 E1149.426
G0 F9000 X167.59 Y80.026
G1 F1800 X167.022 Y79.841 E1149.44786
G1 X166.516 Y79.505 E1149.47008
G1 X166.007 Y78.926 E1149.49828
G1 X165.814 Y78.371 E1149.51978
G1 X165.747 Y78.009 E1149.53325
G1 X165.745 Y77.63 E1149.54712
G1 X165.799 Y77.267 E1149.56054
G1 X165.923 Y76.905 E1149.57454
G1 X166.246 Y76.367 E1149.5975
G1 X166.718 Y75.929 E1149.62106
G1 X167.249 Y75.658 E1149.64287
G1 X167.91 Y75.529 E1149.66751
G1 X168.138 Y75.529 E1149.67585
G1 X168.59 Y75.614 E1149.69268
G1 X168.947 Y75.747 E1149.70662
G1 X169.216 Y75.898 E1149.7179
G1 X169.546 Y76.144 E1149.73296
G1 X169.858 Y76.489 E1149.74998
G1 X169.988 Y76.705 E1149.75921
G1 X170.212 Y77.318 E1149.78308
G1 X170.26 Y77.8 E1149.8008
G1 X170.219 Y78.222 E1149.81632
G1 X170.091 Y78.668 E1149.83329
G1 X169.891 Y79.039 E1149.84871
G1 X169.615 Y79.388 E1149.86499
G1 X169.303 Y79.649 E1149.87987
G1 X168.975 Y79.842 E1149.8938
G1 X168.627 Y79.973 E1149.9074
G1 X168.254 Y80.046 E1149.92131
G1 X167.59 Y80.026 E1149.94561
G1 F1500 E1147.94561
G0 F9000 X167.68 Y147.472
G1 F1500 E1149.94561
G1 F1800 X167.363 Y147.417 E1149.95738
G1 X166.951 Y147.281 E1149.97326
G1 X166.688 Y147.154 E1149.98394
G1 X166.344 Y146.925 E1149.99906
G1 X166.121 Y146.73 E1150.0099
G1 X165.753 Y146.306 E1150.03044
G1 X165.587 Y146.07 E1150.041
G1 X165.385 Y145.482 E1150.06374
G1 X165.304 Y145.051 E1150.07979
G1 X165.304 Y144.588 E1150.09673
G1 X165.375 Y144.162 E1150.11253
G1 X165.529 Y143.696 E1150.13048
G1 X165.934 Y143.047 E1150.15847
G1 X166.476 Y142.558 E1150.18518
G1 X167.099 Y142.245 E1150.21069
G1 X167.933 Y142.083 E1150.24177
G1 X168.122 Y142.079 E1150.24869
G1 X168.705 Y142.187 E1150.27038
G1 X169.13 Y142.342 E1150.28693
G1 X169.498 Y142.553 E1150.30245
G1 X169.848 Y142.822 E1150.3186
G1 X170.184 Y143.193 E1150.33691
G1 X170.402 Y143.554 E1150.35234
G1 X170.598 Y144.09 E1150.37322
G1 X170.658 Y144.349 E1150.38295
G1 X170.7 Y144.8 E1150.39952
G1 X170.652 Y145.298 E1150.41782
G1 X170.503 Y145.83 E1150.43804
G1 X170.262 Y146.277 E1150.45662
G1 X169.952 Y146.673 E1150.47502
G1 X169.556 Y147.012 E1150.49409
G1 X169.159 Y147.243 E1150.51089
G1 X168.75 Y147.397 E1150.52688
G1 X168.294 Y147.486 E1150.54388
G1 X167.68 Y147.472 E1150.56635
G0 F9000 X167.594 Y147.03
G1 F1800 X167.003 Y146.835 E1150.58912
G1 X166.513 Y146.51 E1150.61063
G1 X166.001 Y145.921 E1150.63918
G1 X165.827 Y145.415 E1150.65876
G1 X165.743 Y145.007 E1150.674
G1 X165.751 Y144.578 E1150.6897
G1 X165.802 Y144.267 E1150.70123
G1 X165.917 Y143.909 E1150.71499
G1 X166.26 Y143.344 E1150.73917
G1 X166.726 Y142.925 E1150.7621
G1 X167.258 Y142.656 E1150.78391
G1 X168.014 Y142.514 E1150.81205
G1 X168.59 Y142.612 E1150.83343
G1 X168.992 Y142.77 E1150.84923
G1 X169.292 Y142.949 E1150.86201
G1 X169.549 Y143.148 E1150.8739
G1 X169.858 Y143.489 E1150.89074
G1 X169.988 Y143.705 E1150.89996
G1 X170.212 Y144.318 E1150.92384
G1 X170.26 Y144.8 E1150.94156
G1 X170.219 Y145.222 E1150.95707
G1 X170.091 Y145.668 E1150.97405
G1 X169.889 Y146.043 E1150.98963
G1 X169.605 Y146.393 E1151.00612
G1 X169.305 Y146.648 E1151.02053
G1 X168.975 Y146.842 E1151.03453
G1 X168.627 Y146.973 E1151.04814
G1 X168.258 Y147.045 E1151.06189
G1 X167.594 Y147.03 E1151.08619
G1 F1500 E1149.08619
G0 F9000 X110 Y149.8
G1 F1500 E1151.08619
G1 F1800 X173 Y149.8 E1153.39112
G1 X173 Y70.2 E1156.30338
G1 X47 Y70.2 E1160.91323
G1 X47 Y149.8 E1163.82549
G1 X110 Y149.8 E1166.13042
G0 F9000 X110 Y150.24
G1 F1800 X173.44 Y150.24 E1168.45144
G1 X173.44 Y69.76 E1171.39589
G1 X46.56 Y69.76 E1176.03795
G1 X46.56 Y150.24 E1178.9824
G1 X110 Y150.24 E1181.30342
G1 F1500 E1179.30342
G0 F9000 X52.294 Y147.486
G1 F1500 E1181.30342
G1 F1800 X51.68 Y147.472 E1181.32589
G1 X51.363 Y147.417 E1181.33766
G1 X50.951 Y147.281 E1181.35354
G1 X50.688 Y147.154 E1181.36422
G1 X50.344 Y146.925 E1181.37934
G1 X50.144 Y146.756 E1181.38892
G1 X49.753 Y146.306 E1181.41073
G1 X49.543 Y145.942 E1181.42611
G1 X49.383 Y145.473 E1181.44424
G1 X49.304 Y145.049 E1181.46002
G1 X49.304 Y144.595 E1181.47663
G1 X49.369 Y144.17 E1181.49236
G1 X49.478 Y143.837 E1181.50518
G1 X49.585 Y143.606 E1181.51449
G1 X49.837 Y143.194 E1181.53216
G1 X50.039 Y142.95 E1181.54375
G1 X50.363 Y142.658 E1181.55971
G1 X50.599 Y142.496 E1181.57018
G1 X50.967 Y142.308 E1181.5853
G1 X51.258 Y142.208 E1181.59656
G1 X52.004 Y142.064 E1181.62435
G1 X52.707 Y142.192 E1181.6505
G1 X53.126 Y142.34 E1181.66675
G1 X53.482 Y142.545 E1181.68178
G1 X53.841 Y142.815 E1181.69822
G1 X54.244 Y143.265 E1181.72032
G1 X54.371 Y143.479 E1181.72942
G1 X54.637 Y144.195 E1181.75737
G1 X54.7 Y144.791 E1181.7793
G1 X54.655 Y145.316 E1181.79857
G1 X54.499 Y145.837 E1181.81847
G1 X54.257 Y146.287 E1181.83716
G1 X53.933 Y146.695 E1181.85623
G1 X53.55 Y147.015 E1181.87449
G1 X53.159 Y147.243 E1181.89104
G1 X52.75 Y147.397 E1181.90703
G1 X52.294 Y147.486 E1181.92403
G0 F9000 X52.258 Y147.045
G1 F1800 X51.594 Y147.03 E1181.94833
G1 X51.003 Y146.835 E1181.9711
G1 X50.513 Y146.51 E1181.99261
G1 X50.085 Y146.017 E1182.0165
G1 X49.959 Y145.799 E1182.02571
G1 X49.803 Y145.322 E1182.04407
G1 X49.743 Y145.005 E1182.05588
G1 X49.751 Y144.578 E1182.0715
G1 X49.799 Y144.269 E1182.08294
G1 X49.919 Y143.903 E1182.09703
G1 X50.263 Y143.341 E1182.12114
G1 X50.722 Y142.927 E1182.14376
G1 X51.252 Y142.657 E1182.16552
G1 X52.029 Y142.513 E1182.19443
G1 X52.589 Y142.616 E1182.21526
G1 X52.946 Y142.746 E1182.22916
G1 X53.27 Y142.933 E1182.24285
G1 X53.55 Y143.152 E1182.25585
G1 X53.943 Y143.586 E1182.27727
G1 X54.214 Y144.329 E1182.30621
G1 X54.26 Y144.794 E1182.3233
G1 X54.22 Y145.234 E1182.33947
G1 X54.089 Y145.671 E1182.35616
G1 X53.891 Y146.039 E1182.37145
G1 X53.615 Y146.388 E1182.38773
G1 X53.303 Y146.649 E1182.40261
G1 X52.975 Y146.842 E1182.41653
G1 X52.627 Y146.973 E1182.43014
G1 X52.258 Y147.045 E1182.44389
G0 F9000 X52.235 Y146.601
;TYPE:WALL-OUTER
G1 F1800 X51.671 Y146.591 E1182.46453
G1 X51.197 Y146.435 E1182.48279
G1 X50.804 Y146.175 E1182.50003
G1 X50.389 Y145.696 E1182.52321
G1 X50.235 Y145.241 E1182.54079
G1 X50.187 Y144.983 E1182.55039
G1 X50.186 Y144.646 E1182.56272
G1 X50.234 Y144.355 E1182.57351
G1 X50.314 Y144.111 E1182.58291
G1 X50.605 Y143.625 E1182.60363
G1 X50.972 Y143.294 E1182.62171
G1 X51.394 Y143.078 E1182.63906
G1 X52.012 Y142.96 E1182.66207
G1 X52.453 Y143.035 E1182.67844
G1 X52.758 Y143.144 E1182.69029
G1 X53.023 Y143.297 E1182.70149
G1 X53.235 Y143.461 E1182.71129
G1 X53.563 Y143.828 E1182.7293
G1 X53.776 Y144.407 E1182.75187
G1 X53.82 Y144.798 E1182.76627
G1 X53.779 Y145.171 E1182.78
G1 X53.67 Y145.521 E1182.79341
G1 X53.509 Y145.813 E1182.80561
G1 X53.282 Y146.093 E1182.81879
G1 X53.032 Y146.298 E1182.83062
G1 X52.766 Y146.45 E1182.84183
G1 X52.486 Y146.552 E1182.85273
G1 X52.235 Y146.601 E1182.86209
G1 F1500 E1180.86209
G0 F9000 X110 Y150.68
G1 F1500 E1182.86209
G1 F1800 X173.88 Y150.68 E1185.19921
G1 X173.88 Y69.32 E1188.17586
G1 X46.12 Y69.32 E1192.85011
G1 X46.12 Y150.68 E1195.82676
G1 X110 Y150.68 E1198.16388
G1 F1500 E1196.16388
G0 F9000 X167.671 Y146.591
G1 F1500 E1198.16388
G1 F1800 X167.197 Y146.435 E1198.18214
G1 X166.804 Y146.175 E1198.19938
G1 X166.389 Y145.697 E1198.22254
G1 X166.243 Y145.272 E1198.23898
G1 X166.187 Y144.985 E1198.24968
G1 X166.186 Y144.646 E1198.26208
G1 X166.234 Y144.355 E1198.27287
G1 X166.321 Y144.093 E1198.28297
G1 X166.605 Y143.628 E1198.30291
G1 X166.987 Y143.286 E1198.32166
G1 X167.403 Y143.077 E1198.3387
G1 X168.026 Y142.956 E1198.36192
G1 X168.453 Y143.035 E1198.3778
G1 X168.774 Y143.152 E1198.3903
G1 X168.998 Y143.28 E1198.39974
G1 X169.264 Y143.488 E1198.4121
G1 X169.56 Y143.815 E1198.42823
G1 X169.771 Y144.392 E1198.45071
G1 X169.82 Y144.8 E1198.46575
G1 X169.785 Y145.146 E1198.47847
G1 X169.67 Y145.521 E1198.49282
G1 X169.509 Y145.813 E1198.50502
G1 X169.282 Y146.093 E1198.51821
G1 X169.032 Y146.298 E1198.53003
G1 X168.766 Y146.45 E1198.54124
G1 X168.486 Y146.552 E1198.55215
G1 X168.235 Y146.601 E1198.5615
G1 X167.671 Y146.591 E1198.58214
G1 F1500 E1196.58214
G0 F9000 X167.678 Y79.591
G1 F1500 E1198.58214
G1 F1800 X167.211 Y79.439 E1198.60011
G1 X166.813 Y79.18 E1198.61748
G1 X166.391 Y78.699 E1198.64089
G1 X166.243 Y78.272 E1198.65743
G1 X166.187 Y77.985 E1198.66812
G1 X166.184 Y77.663 E1198.67991
G1 X166.234 Y77.355 E1198.69132
G1 X166.323 Y77.088 E1198.70162
G1 X166.605 Y76.624 E1198.72148
G1 X166.972 Y76.294 E1198.73954
G1 X167.394 Y76.078 E1198.75689
G1 X168.025 Y75.956 E1198.7804
G1 X168.453 Y76.035 E1198.79632
G1 X168.774 Y76.152 E1198.80882
G1 X168.998 Y76.28 E1198.81826
G1 X169.264 Y76.488 E1198.83061
G1 X169.56 Y76.815 E1198.84675
G1 X169.771 Y77.392 E1198.86923
G1 X169.82 Y77.8 E1198.88426
G1 X169.785 Y78.146 E1198.89699
G1 X169.67 Y78.521 E1198.91134
G1 X169.509 Y78.813 E1198.92354
G1 X169.282 Y79.093 E1198.93672
G1 X169.032 Y79.298 E1198.94855
G1 X168.766 Y79.45 E1198.95976
G1 X168.486 Y79.552 E1198.97066
G1 X168.238 Y79.601 E1198.97991
G1 X167.678 Y79.591 E1199.0004
G1 F1500 E1197.0004
G0 F9000 X110.207 Y82.512
G1 F1500 E1199.0004
G1 F1800 X109.351 Y82.475 E1199.03175
G1 X108.587 Y82.302 E1199.06041
G1 X107.9 Y82.025 E1199.08751
G1 X107.271 Y81.65 E1199.1143
G1 X106.711 Y81.187 E1199.14089
G1 X106.162 Y80.551 E1199.17163
G1 X105.733 Y79.824 E1199.20251
G1 X105.425 Y78.974 E1199.23559
G1 X105.284 Y78.07 E1199.26906
G1 X105.329 Y77.125 E1199.30367
G1 X105.529 Y76.277 E1199.33555
G1 X105.907 Y75.441 E1199.36912
G1 X106.375 Y74.773 E1199.39896
G1 X106.95 Y74.193 E1199.42884
G1 X107.518 Y73.781 E1199.45451
G1 X108.187 Y73.438 E1199.48202
G1 X108.887 Y73.21 E1199.50895
G1 X109.744 Y73.088 E1199.54062
G1 X110.613 Y73.121 E1199.57244
G1 X111.494 Y73.322 E1199.6055
G1 X112.298 Y73.678 E1199.63767
G1 X113.088 Y74.228 E1199.67289
G1 X113.713 Y74.888 E1199.70614
G1 X114.187 Y75.626 E1199.73823
G1 X114.503 Y76.386 E1199.76835
G1 X114.668 Y77.111 E1199.79555
G1 X114.72 Y77.783 E1199.82021
G1 X114.631 Y78.698 E1199.85384
G1 X114.373 Y79.568 E1199.88704
G1 X113.992 Y80.312 E1199.91762
G1 X113.449 Y81.019 E1199.95024
G1 X112.783 Y81.608 E1199.98277
G1 X111.961 Y82.091 E1200.01765
G1 X111.109 Y82.386 E1200.05064
G1 X110.207 Y82.512 E1200.08396
G1 F1500 E1198.08396
G0 F9000 X52.216 Y79.604
G1 F1500 E1200.08396
G1 F1800 X51.672 Y79.59 E1200.10387
G1 X51.197 Y79.435 E1200.12215
G1 X50.804 Y79.175 E1200.13939
G1 X50.389 Y78.696 E1200.16257
G1 X50.235 Y78.241 E1200.18015
G1 X50.187 Y77.983 E1200.18975
G1 X50.186 Y77.646 E1200.20208
G1 X50.226 Y77.39 E1200.21156
G1 X50.314 Y77.111 E1200.22226
G1 X50.605 Y76.625 E1200.24299
G1 X50.972 Y76.294 E1200.26107
G1 X51.394 Y76.078 E1200.27841
G1 X52.025 Y75.956 E1200.30193
G1 X52.453 Y76.035 E1200.31785
G1 X52.774 Y76.152 E1200.33035
G1 X52.998 Y76.28 E1200.33979
G1 X53.264 Y76.488 E1200.35214
G1 X53.558 Y76.813 E1200.36818
G1 X53.779 Y77.419 E1200.39178
G1 X53.82 Y77.801 E1200.40583
G1 X53.783 Y78.159 E1200.419
G1 X53.675 Y78.512 E1200.43251
G1 X53.522 Y78.795 E1200.44428
G1 X53.293 Y79.083 E1200.45774
G1 X53.053 Y79.284 E1200.46919
G1 X52.79 Y79.44 E1200.48038
G1 X52.505 Y79.548 E1200.49153
G1 X52.216 Y79.604 E1200.5023
G1 F1500 E1198.5023
G0 F9000 X52.346 Y147.877
;TYPE:SKIN
G1 F1500 E1200.5023
G1 F1800 X52.83 Y147.785 E1200.52032
G1 X53.356 Y147.586 E1200.5409
G1 X53.764 Y147.346 E1200.55822
G1 X54.094 Y147.073 E1200.57389
G1 X54.302 Y146.862 E1200.58473
G1 X54.577 Y146.517 E1200.60087
G1 X54.791 Y146.124 E1200.61724
G1 X54.903 Y145.858 E1200.6278
G1 X55.039 Y145.412 E1200.64486
G1 X55.1 Y144.763 E1200.66871
G1 X55.018 Y144.106 E1200.69293
G1 X54.733 Y143.316 E1200.72366
G1 X54.529 Y142.989 E1200.73776
G1 X54.092 Y142.509 E1200.76151
G1 X53.698 Y142.212 E1200.77956
G1 X53.281 Y141.981 E1200.797
G1 X52.794 Y141.803 E1200.81597
G1 X52.21 Y141.691 E1200.83773
G1 X51.854 Y141.687 E1200.85075
G1 X51.186 Y141.815 E1200.87564
G1 X50.779 Y141.956 E1200.89139
G1 X50.419 Y142.14 E1200.90619
G1 X50.118 Y142.347 E1200.91955
G1 X49.777 Y142.647 E1200.93617
G1 X49.517 Y142.96 E1200.95106
G1 X49.244 Y143.4 E1200.97
G1 X49.108 Y143.686 E1200.98159
G1 X48.986 Y144.055 E1200.99581
G1 X48.91 Y144.539 E1201.01373
G1 X48.911 Y145.11 E1201.03462
G1 X48.995 Y145.561 E1201.0514
G1 X49.163 Y146.063 E1201.07077
G1 X49.433 Y146.535 E1201.09067
G1 X49.845 Y147.016 E1201.11384
G1 X50.117 Y147.252 E1201.12701
G1 X50.465 Y147.484 E1201.14231
G1 X50.831 Y147.658 E1201.15714
G1 X51.235 Y147.79 E1201.17269
G1 X51.636 Y147.865 E1201.18762
G1 X52.346 Y147.877 E1201.2136
G1 F1500 E1199.2136
G0 F9000 X110 Y149.404
G1 F1500 E1201.2136
G1 F1800 X47.396 Y149.404 E1203.50404
G1 X47.396 Y70.596 E1206.38732
G1 X172.604 Y70.596 E1210.9682
G1 X172.604 Y149.404 E1213.85148
G1 X110 Y149.404 E1216.14192
G1 F1500 E1214.14192
G0 F9000 X167.636 Y147.865
G1 F1500 E1216.14192
G1 F1800 X168.346 Y147.877 E1216.1679
G1 X168.83 Y147.785 E1216.18592
G1 X169.319 Y147.602 E1216.20502
G1 X169.776 Y147.338 E1216.22433
G1 X170.215 Y146.968 E1216.24534
G1 X170.581 Y146.513 E1216.2667
G1 X170.791 Y146.123 E1216.28291
G1 X170.907 Y145.855 E1216.29359
G1 X171.033 Y145.418 E1216.31023
G1 X171.1 Y144.818 E1216.33232
G1 X171.048 Y144.298 E1216.35144
G1 X170.975 Y143.974 E1216.36359
G1 X170.775 Y143.424 E1216.385
G1 X170.501 Y142.959 E1216.40475
G1 X170.098 Y142.512 E1216.42677
G1 X169.73 Y142.232 E1216.44368
G1 X169.323 Y141.993 E1216.46095
G1 X168.825 Y141.805 E1216.48043
G1 X168.179 Y141.687 E1216.50445
G1 X167.82 Y141.692 E1216.51759
G1 X166.975 Y141.865 E1216.54915
G1 X166.409 Y142.145 E1216.57225
G1 X166.152 Y142.315 E1216.58352
G1 X165.601 Y142.816 E1216.61077
G1 X165.144 Y143.575 E1216.64318
G1 X164.982 Y144.091 E1216.66297
G1 X164.91 Y144.523 E1216.67899
G1 X164.911 Y145.109 E1216.70043
G1 X164.995 Y145.561 E1216.71725
G1 X165.229 Y146.249 E1216.74384
G1 X165.435 Y146.543 E1216.75697
G1 X165.821 Y146.992 E1216.77864
G1 X166.117 Y147.252 E1216.79305
G1 X166.465 Y147.484 E1216.80835
G1 X166.831 Y147.658 E1216.82318
G1 X167.235 Y147.79 E1216.83873
G1 X167.636 Y147.865 E1216.85365
G1 F1500 E1214.85365
G0 F9000 X167.435 Y80.849
G1 F1500 E1216.85365
G1 F1800 X168.176 Y80.876 E1216.88078
G1 X168.456 Y80.856 E1216.89105
G1 X168.884 Y80.77 E1216.90702
G1 X169.32 Y80.602 E1216.92412
G1 X169.768 Y80.342 E1216.94307
G1 X170.098 Y80.069 E1216.95874
G1 X170.298 Y79.866 E1216.96917
G1 X170.577 Y79.517 E1216.98551
G1 X170.79 Y79.129 E1217.00171
G1 X170.916 Y78.83 E1217.01358
G1 X171.033 Y78.418 E1217.02925
G1 X171.1 Y77.818 E1217.05134
G1 X171.048 Y77.298 E1217.07045
G1 X170.975 Y76.974 E1217.08261
G1 X170.775 Y76.42 E1217.10416
G1 X170.5 Y75.961 E1217.12373
G1 X170.124 Y75.54 E1217.14438
G1 X169.697 Y75.208 E1217.16417
G1 X169.29 Y74.981 E1217.18122
G1 X168.83 Y74.809 E1217.19919
G1 X168.121 Y74.674 E1217.2256
G1 X167.779 Y74.7 E1217.23814
G1 X167.185 Y74.816 E1217.26029
G1 X166.779 Y74.956 E1217.276
G1 X166.419 Y75.14 E1217.29079
G1 X166.096 Y75.364 E1217.30517
G1 X165.612 Y75.801 E1217.32903
G1 X165.188 Y76.492 E1217.35869
G1 X164.992 Y77.034 E1217.37978
G1 X164.91 Y77.555 E1217.39907
G1 X164.915 Y78.117 E1217.41963
G1 X164.999 Y78.565 E1217.43631
G1 X165.203 Y79.183 E1217.46012
G1 X165.355 Y79.45 E1217.47136
G1 X165.965 Y80.148 E1217.50528
G1 X166.652 Y80.6 E1217.53536
G1 X167.435 Y80.849 E1217.56542
G1 F1500 E1215.56542
G0 F9000 X110.271 Y83.788
G1 F1500 E1217.56542
G1 F1800 X111.389 Y83.634 E1217.60671
G1 X112.505 Y83.251 E1217.64988
G1 X113.544 Y82.638 E1217.69402
G1 X114.391 Y81.878 E1217.73565
G1 X115.072 Y80.996 E1217.77642
G1 X115.576 Y80.003 E1217.81716
G1 X115.892 Y78.924 E1217.8583
G1 X116 Y77.794 E1217.89983
G1 X115.932 Y76.918 E1217.93197
G1 X115.723 Y75.991 E1217.96674
G1 X115.315 Y75.021 E1218.00524
G1 X114.717 Y74.092 E1218.04566
G1 X114.008 Y73.34 E1218.08347
G1 X113.794 Y73.159 E1218.09373
G1 X112.925 Y72.558 E1218.13238
G1 X112.009 Y72.154 E1218.16901
G1 X111.75 Y72.067 E1218.17901
G1 X110.768 Y71.849 E1218.21581
G1 X109.668 Y71.808 E1218.25608
G1 X108.579 Y71.966 E1218.29634
G1 X107.687 Y72.258 E1218.33068
G1 X106.875 Y72.672 E1218.36403
G1 X106.091 Y73.237 E1218.39938
G1 X105.387 Y73.957 E1218.43623
G1 X104.795 Y74.801 E1218.47394
G1 X104.379 Y75.704 E1218.51032
G1 X104.285 Y75.987 E1218.52123
G1 X104.065 Y76.955 E1218.55755
G1 X104.004 Y78.104 E1218.59964
G1 X104.181 Y79.295 E1218.6437
G1 X104.573 Y80.368 E1218.68549
G1 X105.13 Y81.305 E1218.72537
G1 X105.792 Y82.081 E1218.76269
G1 X106.543 Y82.702 E1218.79834
G1 X107.332 Y83.173 E1218.83196
G1 X108.174 Y83.509 E1218.86513
G1 X109.197 Y83.746 E1218.90355
G1 X110.271 Y83.788 E1218.94287
G1 F1500 E1216.94287
G0 F9000 X52.33 Y80.879
G1 F1500 E1218.94287
G1 F1800 X52.862 Y80.772 E1218.96272
G1 X53.285 Y80.615 E1218.97923
G1 X53.746 Y80.352 E1218.99865
G1 X54.203 Y79.977 E1219.02028
G1 X54.571 Y79.52 E1219.04175
G1 X54.863 Y78.988 E1219.06395
G1 X55.046 Y78.376 E1219.08732
G1 X55.099 Y77.715 E1219.11158
G1 X55.019 Y77.107 E1219.13402
G1 X54.721 Y76.282 E1219.16611
G1 X54.581 Y76.05 E1219.17602
G1 X54.132 Y75.545 E1219.20074
G1 X53.701 Y75.208 E1219.22076
G1 X53.313 Y74.988 E1219.23708
G1 X52.825 Y74.805 E1219.25615
G1 X52.12 Y74.674 E1219.28238
G1 X51.779 Y74.7 E1219.29489
G1 X51.185 Y74.816 E1219.31704
G1 X50.779 Y74.956 E1219.33275
G1 X50.419 Y75.14 E1219.34754
G1 X50.118 Y75.347 E1219.36091
G1 X49.777 Y75.647 E1219.37752
G1 X49.517 Y75.96 E1219.39241
G1 X49.244 Y76.4 E1219.41135
G1 X49.108 Y76.686 E1219.42294
G1 X48.986 Y77.06 E1219.43733
G1 X48.91 Y77.538 E1219.45504
G1 X48.911 Y78.11 E1219.47597
G1 X48.995 Y78.561 E1219.49275
G1 X49.163 Y79.063 E1219.51212
G1 X49.433 Y79.535 E1219.53202
G1 X49.838 Y80.006 E1219.55474
G1 X50.098 Y80.234 E1219.56739
G1 X50.464 Y80.483 E1219.58359
G1 X50.8 Y80.647 E1219.59727
G1 X51.231 Y80.79 E1219.61388
G1 X51.502 Y80.858 E1219.6241
G1 X52.33 Y80.879 E1219.65441
G1 F1500 E1217.65441
G0 F9000 X47.616 Y149.043
G1 F1500 E1219.65441
G1 F1800 X47.757 Y149.184 E1219.6617
G0 F9000 X48.379 Y149.184
G1 F1800 X47.616 Y148.421 E1219.70118
G0 F9000 X47.616 Y147.799
G1 F1800 X49.001 Y149.184 E1219.77284
G0 F9000 X49.623 Y149.184
G1 F1800 X47.616 Y147.176 E1219.87671
G0 F9000 X47.616 Y146.554
G1 F1800 X50.246 Y149.184 E1220.01279
G0 F9000 X50.868 Y149.184
G1 F1800 X47.616 Y145.932 E1220.18105
G0 F9000 X47.616 Y145.31
G1 F1800 X51.49 Y149.184 E1220.38149
G0 F9000 X52.112 Y149.184
G1 F1800 X50.811 Y147.883 E1220.44881
G0 F9000 X51.634 Y148.083
G1 F1800 X52.735 Y149.184 E1220.50577
G0 F9000 X53.357 Y149.184
G1 F1800 X52.273 Y148.1 E1220.56186
G0 F9000 X52.809 Y148.014
G1 F1800 X53.979 Y149.184 E1220.6224
G0 F9000 X54.601 Y149.184
G1 F1800 X53.273 Y147.855 E1220.69113
G0 F9000 X53.686 Y147.646
G1 F1800 X55.224 Y149.184 E1220.77071
G0 F9000 X55.846 Y149.184
G1 F1800 X54.053 Y147.391 E1220.86348
G0 F9000 X54.38 Y147.096
G1 F1800 X56.468 Y149.184 E1220.97152
G0 F9000 X57.09 Y149.184
G1 F1800 X54.661 Y146.755 E1221.0972
G0 F9000 X54.905 Y146.377
G1 F1800 X57.713 Y149.184 E1221.24246
G0 F9000 X58.335 Y149.184
G1 F1800 X55.101 Y145.95 E1221.40979
G0 F9000 X55.25 Y145.477
G1 F1800 X58.957 Y149.184 E1221.60159
G0 F9000 X59.579 Y149.184
G1 F1800 X55.308 Y144.912 E1221.8226
G0 F9000 X55.255 Y144.238
G1 F1800 X60.202 Y149.184 E1222.07853
G0 F9000 X60.824 Y149.184
G1 F1800 X54.971 Y143.331 E1222.38137
G1 F1500 E1220.38137
G0 F9000 X53.474 Y141.834
G1 F1500 E1222.38137
G1 F1800 X47.616 Y135.976 E1222.68447
G0 F9000 X47.616 Y136.598
G1 F1800 X52.551 Y141.533 E1222.93981
G0 F9000 X51.859 Y141.463
G1 F1800 X47.616 Y137.22 E1223.15934
G0 F9000 X47.616 Y137.843
G1 F1800 X51.336 Y141.563 E1223.35182
G0 F9000 X50.849 Y141.698
G1 F1800 X47.616 Y138.465 E1223.5191
G0 F9000 X47.616 Y139.087
G1 F1800 X50.421 Y141.892 E1223.66423
G0 F9000 X50.039 Y142.133
G1 F1800 X47.616 Y139.709 E1223.78962
G0 F9000 X47.616 Y140.332
G1 F1800 X49.703 Y142.418 E1223.89758
G0 F9000 X49.409 Y142.747
G1 F1800 X47.616 Y140.954 E1223.99035
G0 F9000 X47.616 Y141.576
G1 F1800 X49.16 Y143.121 E1224.07026
G0 F9000 X48.942 Y143.525
G1 F1800 X47.616 Y142.198 E1224.1389
G0 F9000 X47.616 Y142.821
G1 F1800 X48.779 Y143.984 E1224.19907
G0 F9000 X48.693 Y144.52
G1 F1800 X47.616 Y143.443 E1224.2548
G0 F9000 X47.616 Y144.065
G1 F1800 X48.694 Y145.144 E1224.3106
G0 F9000 X48.903 Y145.974
G1 F1800 X47.616 Y144.687 E1224.37719
G1 F1500 E1222.37719
G0 F9000 X45.235 Y144.687
G0 X45.235 Y135.354
G0 X47.616 Y135.354
G1 F1500 E1224.37719
G1 F1800 X61.446 Y149.184 E1225.09276
G0 F9000 X62.068 Y149.184
G1 F1800 X47.616 Y134.731 E1225.84054
G0 F9000 X47.616 Y134.109
G1 F1800 X62.691 Y149.184 E1226.62053
G0 F9000 X63.313 Y149.184
G1 F1800 X47.616 Y133.487 E1227.43271
G0 F9000 X47.616 Y132.865
G1 F1800 X63.935 Y149.184 E1228.27706
G0 F9000 X64.557 Y149.184
G1 F1800 X47.616 Y132.242 E1229.15362
G0 F9000 X47.616 Y131.62
G1 F1800 X65.18 Y149.184 E1230.0624
G0 F9000 X65.802 Y149.184
G1 F1800 X47.616 Y130.998 E1231.00335
G0 F9000 X47.616 Y130.376
G1 F1800 X66.424 Y149.184 E1231.97649
G0 F9000 X67.046 Y149.184
G1 F1800 X47.616 Y129.753 E1232.98184
G0 F9000 X47.616 Y129.131
G1 F1800 X67.669 Y149.184 E1234.01939
G0 F9000 X68.291 Y149.184
G1 F1800 X47.616 Y128.509 E1235.08913
G0 F9000 X47.616 Y127.887
G1 F1800 X68.913 Y149.184 E1236.19105
G0 F9000 X69.535 Y149.184
G1 F1800 X47.616 Y127.264 E1237.32518
G0 F9000 X47.616 Y126.642
G1 F1800 X70.158 Y149.184 E1238.49151
G0 F9000 X70.78 Y149.184
G1 F1800 X47.616 Y126.02 E1239.69003
G0 F9000 X47.616 Y125.398
G1 F1800 X71.402 Y149.184 E1240.92074
G0 F9000 X72.024 Y149.184
G1 F1800 X47.616 Y124.775 E1242.18365
G0 F9000 X47.616 Y124.153
G1 F1800 X72.647 Y149.184 E1243.47877
G0 F9000 X73.269 Y149.184
G1 F1800 X47.616 Y123.531 E1244.80607
G0 F9000 X47.616 Y122.909
G1 F1800 X73.891 Y149.184 E1246.16556
G0 F9000 X74.513 Y149.184
G1 F1800 X47.616 Y122.286 E1247.55725
G0 F9000 X47.616 Y121.664
G1 F1800 X75.136 Y149.184 E1248.98115
G0 F9000 X75.758 Y149.184
G1 F1800 X47.616 Y121.042 E1250.43724
G0 F9000 X47.616 Y120.42
G1 F1800 X76.38 Y149.184 E1251.9255
G0 F9000 X77.003 Y149.184
G1 F1800 X47.616 Y119.797 E1253.446
G0 F9000 X47.616 Y119.175
G1 F1800 X77.625 Y149.184 E1254.99869
G0 F9000 X78.247 Y149.184
G1 F1800 X47.616 Y118.553 E1256.58356
G0 F9000 X47.616 Y117.931
G1 F1800 X78.869 Y149.184 E1258.20061
G0 F9000 X79.492 Y149.184
G1 F1800 X47.616 Y117.308 E1259.84989
G0 F9000 X47.616 Y116.686
G1 F1800 X80.114 Y149.184 E1261.53136
G0 F9000 X80.736 Y149.184
G1 F1800 X47.616 Y116.064 E1263.24501
G0 F9000 X47.616 Y115.442
G1 F1800 X81.358 Y149.184 E1264.99084
G0 F9000 X81.981 Y149.184
G1 F1800 X47.616 Y114.819 E1266.76891
G0 F9000 X47.616 Y114.197
G1 F1800 X82.603 Y149.184 E1268.57916
G0 F9000 X83.225 Y149.184
G1 F1800 X47.616 Y113.575 E1270.42159
G0 F9000 X47.616 Y112.953
G1 F1800 X83.847 Y149.184 E1272.2962
G0 F9000 X84.47 Y149.184
G1 F1800 X47.616 Y112.33 E1274.20305
G0 F9000 X47.616 Y111.708
G1 F1800 X85.092 Y149.184 E1276.14208
G0 F9000 X85.714 Y149.184
G1 F1800 X47.616 Y111.086 E1278.1133
G0 F9000 X47.616 Y110.464
G1 F1800 X86.336 Y149.184 E1280.11669
G0 F9000 X86.959 Y149.184
G1 F1800 X47.616 Y109.841 E1282.15233
G0 F9000 X47.616 Y109.219
G1 F1800 X87.581 Y149.184 E1284.22014
G0 F9000 X88.203 Y149.184
G1 F1800 X47.616 Y108.597 E1286.32014
G0 F9000 X47.616 Y107.974
G1 F1800 X88.825 Y149.184 E1288.45234
G0 F9000 X89.448 Y149.184
G1 F1800 X47.616 Y107.352 E1290.61676
G0 F9000 X47.616 Y106.73
G1 F1800 X90.07 Y149.184 E1292.81335
G0 F9000 X90.692 Y149.184
G1 F1800 X47.616 Y106.108 E1295.04213
G0 F9000 X47.616 Y105.485
G1 F1800 X91.314 Y149.184 E1297.30312
G0 F9000 X91.937 Y149.184
G1 F1800 X47.616 Y104.863 E1299.59632
G0 F9000 X47.616 Y104.241
G1 F1800 X92.559 Y149.184 E1301.92169
G0 F9000 X93.181 Y149.184
G1 F1800 X47.616 Y103.619 E1304.27926
G0 F9000 X47.616 Y102.996
G1 F1800 X93.803 Y149.184 E1306.66903
G0 F9000 X94.426 Y149.184
G1 F1800 X47.616 Y102.374 E1309.09101
G0 F9000 X47.616 Y101.752
G1 F1800 X95.048 Y149.184 E1311.54517
G0 F9000 X95.67 Y149.184
G1 F1800 X47.616 Y101.13 E1314.03151
G0 F9000 X47.616 Y100.507
G1 F1800 X96.292 Y149.184 E1316.55006
G0 F9000 X96.915 Y149.184
G1 F1800 X47.616 Y99.885 E1319.10083
G0 F9000 X47.616 Y99.263
G1 F1800 X97.537 Y149.184 E1321.68377
G0 F9000 X98.159 Y149.184
G1 F1800 X47.616 Y98.641 E1324.2989
G0 F9000 X47.616 Y98.018
G1 F1800 X98.781 Y149.184 E1326.94623
G0 F9000 X99.404 Y149.184
G1 F1800 X47.616 Y97.396 E1329.62577
G0 F9000 X47.616 Y96.774
G1 F1800 X100.026 Y149.184 E1332.3375
G0 F9000 X100.648 Y149.184
G1 F1800 X47.616 Y96.152 E1335.08141
G0 F9000 X47.616 Y95.529
G1 F1800 X101.27 Y149.184 E1337.85753
G0 F9000 X101.893 Y149.184
G1 F1800 X47.616 Y94.907 E1340.66585
G0 F9000 X47.616 Y94.285
G1 F1800 X102.515 Y149.184 E1343.50636
G0 F9000 X103.137 Y149.184
G1 F1800 X47.616 Y93.663 E1346.37905
G0 F9000 X47.616 Y93.04
G1 F1800 X103.759 Y149.184 E1349.28395
G0 F9000 X104.382 Y149.184
G1 F1800 X47.616 Y92.418 E1352.22106
G0 F9000 X47.616 Y91.796
G1 F1800 X105.004 Y149.184 E1355.19035
G0 F9000 X105.626 Y149.184
G1 F1800 X47.616 Y91.174 E1358.19183
G0 F9000 X47.616 Y90.551
G1 F1800 X106.248 Y149.184 E1361.22551
G0 F9000 X106.871 Y149.184
G1 F1800 X47.616 Y89.929 E1364.2914
G0 F9000 X47.616 Y89.307
G1 F1800 X107.493 Y149.184 E1367.38947
G0 F9000 X108.115 Y149.184
G1 F1800 X47.616 Y88.685 E1370.51973
G0 F9000 X47.616 Y88.062
G1 F1800 X108.737 Y149.184 E1373.68219
G0 F9000 X109.36 Y149.184
G1 F1800 X47.616 Y87.44 E1376.87687
G0 F9000 X47.616 Y86.818
G1 F1800 X109.982 Y149.184 E1380.10372
G0 F9000 X110.604 Y149.184
G1 F1800 X47.616 Y86.196 E1383.36276
G0 F9000 X47.616 Y85.573
G1 F1800 X111.226 Y149.184 E1386.65401
G0 F9000 X111.849 Y149.184
G1 F1800 X47.616 Y84.951 E1389.97746
G0 F9000 X47.616 Y84.329
G1 F1800 X112.471 Y149.184 E1393.3331
G0 F9000 X113.093 Y149.184
G1 F1800 X47.616 Y83.707 E1396.72092
G0 F9000 X47.616 Y83.084
G1 F1800 X113.715 Y149.184 E1400.14095
G0 F9000 X114.338 Y149.184
G1 F1800 X47.616 Y82.462 E1403.59319
G0 F9000 X47.616 Y81.84
G1 F1800 X114.96 Y149.184 E1407.07761
G0 F9000 X115.582 Y149.184
G1 F1800 X47.616 Y81.218 E1410.59422
G0 F9000 X47.616 Y80.595
G1 F1800 X116.205 Y149.184 E1414.14305
G0 F9000 X116.827 Y149.184
G1 F1800 X47.616 Y79.973 E1417.72407
G0 F9000 X47.616 Y79.351
G1 F1800 X117.449 Y149.184 E1421.33728
G0 F9000 X118.071 Y149.184
G1 F1800 X47.616 Y78.729 E1424.98266
G0 F9000 X47.616 Y78.106
G1 F1800 X118.694 Y149.184 E1428.66028
G0 F9000 X119.316 Y149.184
G1 F1800 X51.113 Y80.981 E1432.18915
G0 F9000 X51.844 Y81.09
G1 F1800 X119.938 Y149.184 E1435.71238
G0 F9000 X120.56 Y149.184
G1 F1800 X52.454 Y81.078 E1439.23622
G0 F9000 X52.966 Y80.967
G1 F1800 X121.183 Y149.184 E1442.76581
G0 F9000 X121.805 Y149.184
G1 F1800 X53.417 Y80.796 E1446.30425
G0 F9000 X53.811 Y80.568
G1 F1800 X122.427 Y149.184 E1449.85449
G0 F9000 X123.049 Y149.184
G1 F1800 X54.16 Y80.295 E1453.41885
G0 F9000 X54.476 Y79.989
G1 F1800 X123.672 Y149.184 E1456.99907
G0 F9000 X124.294 Y149.184
G1 F1800 X54.753 Y79.643 E1460.59716
G0 F9000 X54.973 Y79.241
G1 F1800 X124.916 Y149.184 E1464.21606
G0 F9000 X125.538 Y149.184
G1 F1800 X55.149 Y78.795 E1467.85803
G0 F9000 X55.273 Y78.297
G1 F1800 X126.161 Y149.184 E1471.52579
G0 F9000 X126.783 Y149.184
G1 F1800 X55.321 Y77.722 E1475.22328
G0 F9000 X55.218 Y76.997
G1 F1800 X127.405 Y149.184 E1478.95828
G0 F9000 X128.027 Y149.184
G1 F1800 X54.731 Y75.888 E1482.75066
G0 F9000 X54.024 Y75.18
G1 F1800 X49.659 Y70.816 E1482.97648
G0 F9000 X49.037 Y70.816
G1 F1800 X52.8 Y74.579 E1483.17118
G0 F9000 X52.058 Y74.459
G1 F1800 X48.415 Y70.816 E1483.35967
G0 F9000 X47.793 Y70.816
G1 F1800 X51.504 Y74.528 E1483.55171
G0 F9000 X51.001 Y74.646
G1 F1800 X47.616 Y71.262 E1483.72683
G0 F9000 X47.616 Y71.884
G1 F1800 X50.557 Y74.825 E1483.87899
G0 F9000 X50.161 Y75.051
G1 F1800 X47.616 Y72.506 E1484.01067
G0 F9000 X47.616 Y73.128
G1 F1800 X49.811 Y75.324 E1484.12427
G0 F9000 X49.502 Y75.636
G1 F1800 X47.616 Y73.751 E1484.22183
G0 F9000 X47.616 Y74.373
G1 F1800 X49.239 Y75.996 E1484.3058
G0 F9000 X49.008 Y76.387
G1 F1800 X47.616 Y74.995 E1484.37783
G0 F9000 X47.616 Y75.617
G1 F1800 X48.831 Y76.832 E1484.44069
G0 F9000 X48.72 Y77.343
G1 F1800 X47.616 Y76.24 E1484.49779
G0 F9000 X47.616 Y76.862
G1 F1800 X48.694 Y77.94 E1484.55356
G0 F9000 X48.802 Y78.671
G1 F1800 X47.616 Y77.484 E1484.61495
G1 F1500 E1482.61495
G0 F9000 X45.235 Y77.484
G0 X45.247 Y68.447
G0 X50.282 Y68.435
G0 X50.282 Y70.816
G1 F1500 E1484.61495
G1 F1800 X128.65 Y149.184 E1488.66976
G0 F9000 X129.272 Y149.184
G1 F1800 X50.904 Y70.816 E1492.72457
G0 F9000 X51.526 Y70.816
G1 F1800 X129.894 Y149.184 E1496.77938
G0 F9000 X130.516 Y149.184
G1 F1800 X52.148 Y70.816 E1500.83419
G0 F9000 X52.771 Y70.816
G1 F1800 X131.139 Y149.184 E1504.889
G0 F9000 X131.761 Y149.184
G1 F1800 X53.393 Y70.816 E1508.94381
G0 F9000 X54.015 Y70.816
G1 F1800 X132.383 Y149.184 E1512.99862
G0 F9000 X133.005 Y149.184
G1 F1800 X54.637 Y70.816 E1517.05343
G0 F9000 X55.26 Y70.816
G1 F1800 X133.628 Y149.184 E1521.10824
G0 F9000 X134.25 Y149.184
G1 F1800 X55.882 Y70.816 E1525.16305
G0 F9000 X56.504 Y70.816
G1 F1800 X134.872 Y149.184 E1529.21786
G0 F9000 X135.494 Y149.184
G1 F1800 X57.126 Y70.816 E1533.27267
G0 F9000 X57.749 Y70.816
G1 F1800 X136.117 Y149.184 E1537.32748
G0 F9000 X136.739 Y149.184
G1 F1800 X58.371 Y70.816 E1541.38229
G0 F9000 X58.993 Y70.816
G1 F1800 X137.361 Y149.184 E1545.4371
G0 F9000 X137.983 Y149.184
G1 F1800 X59.615 Y70.816 E1549.49191
G0 F9000 X60.238 Y70.816
G1 F1800 X138.606 Y149.184 E1553.54671
G0 F9000 X139.228 Y149.184
G1 F1800 X60.86 Y70.816 E1557.60152
G0 F9000 X61.482 Y70.816
G1 F1800 X139.85 Y149.184 E1561.65633
G0 F9000 X140.472 Y149.184
G1 F1800 X62.104 Y70.816 E1565.71114
G0 F9000 X62.727 Y70.816
G1 F1800 X141.095 Y149.184 E1569.76595
G0 F9000 X141.717 Y149.184
G1 F1800 X63.349 Y70.816 E1573.82076
G0 F9000 X63.971 Y70.816
G1 F1800 X142.339 Y149.184 E1577.87557
G0 F9000 X142.961 Y149.184
G1 F1800 X64.593 Y70.816 E1581.93038
G0 F9000 X65.216 Y70.816
G1 F1800 X143.584 Y149.184 E1585.98519
G0 F9000 X144.206 Y149.184
G1 F1800 X65.838 Y70.816 E1590.04
G0 F9000 X66.46 Y70.816
G1 F1800 X144.828 Y149.184 E1594.09481
G0 F9000 X145.45 Y149.184
G1 F1800 X67.083 Y70.816 E1598.14959
G0 F9000 X67.705 Y70.816
G1 F1800 X146.073 Y149.184 E1602.2044
G0 F9000 X146.695 Y149.184
G1 F1800 X68.327 Y70.816 E1606.25921
G0 F9000 X68.949 Y70.816
G1 F1800 X147.317 Y149.184 E1610.31402
G0 F9000 X147.939 Y149.184
G1 F1800 X69.572 Y70.816 E1614.36881
G0 F9000 X70.194 Y70.816
G1 F1800 X148.562 Y149.184 E1618.42361
G0 F9000 X149.184 Y149.184
G1 F1800 X70.816 Y70.816 E1622.47842
G0 F9000 X71.438 Y70.816
G1 F1800 X149.806 Y149.184 E1626.53323
G0 F9000 X150.428 Y149.184
G1 F1800 X72.061 Y70.816 E1630.58802
G0 F9000 X72.683 Y70.816
G1 F1800 X151.051 Y149.184 E1634.64283
G0 F9000 X151.673 Y149.184
G1 F1800 X73.305 Y70.816 E1638.69764
G0 F9000 X73.927 Y70.816
G1 F1800 X152.295 Y149.184 E1642.75245
G0 F9000 X152.917 Y149.184
G1 F1800 X74.55 Y70.816 E1646.80723
G0 F9000 X75.172 Y70.816
G1 F1800 X153.54 Y149.184 E1650.86204
G0 F9000 X154.162 Y149.184
G1 F1800 X75.794 Y70.816 E1654.91685
G0 F9000 X76.416 Y70.816
G1 F1800 X154.784 Y149.184 E1658.97166
G0 F9000 X155.407 Y149.184
G1 F1800 X77.039 Y70.816 E1663.02647
G0 F9000 X77.661 Y70.816
G1 F1800 X156.029 Y149.184 E1667.08128
G0 F9000 X156.651 Y149.184
G1 F1800 X78.283 Y70.816 E1671.13609
G0 F9000 X78.905 Y70.816
G1 F1800 X157.273 Y149.184 E1675.1909
G0 F9000 X157.896 Y149.184
G1 F1800 X79.528 Y70.816 E1679.24571
G0 F9000 X80.15 Y70.816
G1 F1800 X158.518 Y149.184 E1683.30051
G0 F9000 X159.14 Y149.184
G1 F1800 X80.772 Y70.816 E1687.35532
G0 F9000 X81.394 Y70.816
G1 F1800 X159.762 Y149.184 E1691.41013
G0 F9000 X160.385 Y149.184
G1 F1800 X82.017 Y70.816 E1695.46494
G0 F9000 X82.639 Y70.816
G1 F1800 X161.007 Y149.184 E1699.51975
G0 F9000 X161.629 Y149.184
G1 F1800 X83.261 Y70.816 E1703.57456
G0 F9000 X83.883 Y70.816
G1 F1800 X162.251 Y149.184 E1707.62937
G0 F9000 X162.874 Y149.184
G1 F1800 X84.506 Y70.816 E1711.68418
G0 F9000 X85.128 Y70.816
G1 F1800 X163.496 Y149.184 E1715.73899
G0 F9000 X164.118 Y149.184
G1 F1800 X85.75 Y70.816 E1719.7938
G0 F9000 X86.372 Y70.816
G1 F1800 X164.74 Y149.184 E1723.84861
G0 F9000 X165.363 Y149.184
G1 F1800 X86.995 Y70.816 E1727.90342
G0 F9000 X87.617 Y70.816
G1 F1800 X165.985 Y149.184 E1731.95823
G0 F9000 X166.607 Y149.184
G1 F1800 X88.239 Y70.816 E1736.01304
G0 F9000 X88.861 Y70.816
G1 F1800 X167.229 Y149.184 E1740.06785
G0 F9000 X167.852 Y149.184
G1 F1800 X166.318 Y147.65 E1740.14722
G0 F9000 X167.32 Y148.03
G1 F1800 X168.474 Y149.184 E1740.20693
G0 F9000 X169.096 Y149.184
G1 F1800 X168.007 Y148.095 E1740.26327
G0 F9000 X168.589 Y148.055
G1 F1800 X169.718 Y149.184 E1740.32169
G0 F9000 X170.341 Y149.184
G1 F1800 X169.081 Y147.925 E1740.38685
G0 F9000 X169.518 Y147.739
G1 F1800 X170.963 Y149.184 E1740.46162
G0 F9000 X171.585 Y149.184
G1 F1800 X169.91 Y147.509 E1740.54829
G0 F9000 X170.249 Y147.226
G1 F1800 X172.207 Y149.184 E1740.64959
G0 F9000 X172.384 Y148.738
G1 F1800 X170.549 Y146.904 E1740.74451
G0 F9000 X170.812 Y146.544
G1 F1800 X172.384 Y148.116 E1740.82585
G0 F9000 X172.384 Y147.494
G1 F1800 X171.025 Y146.135 E1740.89616
G0 F9000 X171.186 Y145.674
G1 F1800 X172.384 Y146.872 E1740.95815
G0 F9000 X172.384 Y146.249
G1 F1800 X171.287 Y145.152 E1741.01491
G0 F9000 X171.293 Y144.536
G1 F1800 X172.384 Y145.627 E1741.07136
G0 F9000 X172.384 Y145.005
G1 F1800 X171.125 Y143.746 E1741.1365
G0 F9000 X172.384 Y143.76
G1 F1800 X112.207 Y83.584 E1744.25007
G0 F9000 X112.663 Y83.417
G1 F1800 X172.384 Y143.138 E1747.34007
G0 F9000 X172.384 Y142.516
G1 F1800 X113.054 Y83.185 E1750.40987
G0 F9000 X113.443 Y82.953
G1 F1800 X172.384 Y141.894 E1753.45951
G0 F9000 X172.384 Y141.271
G1 F1800 X113.809 Y82.696 E1756.49022
G0 F9000 X114.136 Y82.401
G1 F1800 X172.384 Y140.649 E1759.50401
G0 F9000 X172.384 Y140.027
G1 F1800 X114.463 Y82.106 E1762.50088
G0 F9000 X114.751 Y81.771
G1 F1800 X172.384 Y139.405 E1765.48287
G0 F9000 X172.384 Y138.782
G1 F1800 X115.021 Y81.419 E1768.45087
G0 F9000 X115.285 Y81.061
G1 F1800 X172.384 Y138.16 E1771.40521
G0 F9000 X172.384 Y137.538
G1 F1800 X115.495 Y80.648 E1774.3487
G0 F9000 X115.704 Y80.235
G1 F1800 X172.384 Y136.916 E1777.28139
G0 F9000 X172.384 Y136.293
G1 F1800 X115.869 Y79.779 E1780.20548
G0 F9000 X116.011 Y79.298
G1 F1800 X172.384 Y135.671 E1783.12226
G0 F9000 X172.384 Y135.049
G1 F1800 X116.125 Y78.79 E1786.03313
G0 F9000 X116.181 Y78.224
G1 F1800 X172.384 Y134.427 E1788.94111
G0 F9000 X172.384 Y133.804
G1 F1800 X116.207 Y77.627 E1791.84775
G0 F9000 X116.15 Y76.948
G1 F1800 X172.384 Y133.182 E1794.75733
G0 F9000 X172.384 Y132.56
G1 F1800 X115.987 Y76.163 E1797.67535
G0 F9000 X115.608 Y75.162
G1 F1800 X172.384 Y131.938 E1800.61297
G0 F9000 X172.384 Y131.315
G1 F1800 X111.885 Y70.816 E1803.74323
G0 F9000 X111.263 Y70.816
G1 F1800 X112.636 Y72.19 E1803.81429
G0 F9000 X111.642 Y71.818
G1 F1800 X110.64 Y70.816 E1803.86614
G0 F9000 X110.018 Y70.816
G1 F1800 X110.843 Y71.641 E1803.90882
G0 F9000 X110.185 Y71.605
G1 F1800 X109.396 Y70.816 E1803.94965
G0 F9000 X108.774 Y70.816
G1 F1800 X109.556 Y71.598 E1803.99011
G0 F9000 X109.015 Y71.68
G1 F1800 X108.151 Y70.816 E1804.03481
G0 F9000 X107.529 Y70.816
G1 F1800 X108.48 Y71.767 E1804.08402
G0 F9000 X108.011 Y71.921
G1 F1800 X106.907 Y70.816 E1804.14116
G0 F9000 X106.285 Y70.816
G1 F1800 X107.552 Y72.083 E1804.20672
G0 F9000 X107.139 Y72.293
G1 F1800 X105.662 Y70.816 E1804.28314
G0 F9000 X105.04 Y70.816
G1 F1800 X106.728 Y72.504 E1804.37048
G0 F9000 X106.365 Y72.763
G1 F1800 X104.418 Y70.816 E1804.47122
G0 F9000 X103.795 Y70.816
G1 F1800 X106.003 Y73.024 E1804.58546
G0 F9000 X105.692 Y73.335
G1 F1800 X103.173 Y70.816 E1804.7158
G0 F9000 X102.551 Y70.816
G1 F1800 X105.382 Y73.647 E1804.86227
G0 F9000 X105.102 Y73.99
G1 F1800 X101.929 Y70.816 E1805.02647
G0 F9000 X101.306 Y70.816
G1 F1800 X104.844 Y74.354 E1805.20953
G0 F9000 X104.587 Y74.719
G1 F1800 X100.684 Y70.816 E1805.41147
G0 F9000 X100.062 Y70.816
G1 F1800 X104.392 Y75.146 E1805.63551
G0 F9000 X104.197 Y75.573
G1 F1800 X99.44 Y70.816 E1805.88164
G0 F9000 X98.817 Y70.816
G1 F1800 X104.046 Y76.044 E1806.15217
G0 F9000 X103.931 Y76.552
G1 F1800 X98.195 Y70.816 E1806.44895
G0 F9000 X97.573 Y70.816
G1 F1800 X103.841 Y77.084 E1806.77326
G0 F9000 X103.809 Y77.674
G1 F1800 X96.951 Y70.816 E1807.1281
G0 F9000 X96.328 Y70.816
G1 F1800 X103.811 Y78.299 E1807.51527
G0 F9000 X103.918 Y79.028
G1 F1800 X95.706 Y70.816 E1807.94017
G0 F9000 X95.084 Y70.816
G1 F1800 X104.172 Y79.904 E1808.41039
G0 F9000 X104.766 Y81.121
G1 F1800 X94.462 Y70.816 E1808.94355
G0 F9000 X93.839 Y70.816
G1 F1800 X165.567 Y142.544 E1812.6548
G0 F9000 X165.895 Y142.249
G1 F1800 X106.697 Y83.051 E1815.71774
G0 F9000 X107.907 Y83.639
G1 F1800 X166.253 Y141.985 E1818.7366
G0 F9000 X166.663 Y141.773
G1 F1800 X108.76 Y83.87 E1821.73254
G0 F9000 X109.49 Y83.977
G1 F1800 X167.121 Y141.609 E1824.71443
G0 F9000 X167.638 Y141.503
G1 F1800 X110.136 Y84.001 E1827.68962
G0 F9000 X110.708 Y83.951
G1 F1800 X168.229 Y141.472 E1830.66579
G0 F9000 X169.03 Y141.651
G1 F1800 X111.253 Y83.873 E1833.65523
G0 F9000 X111.746 Y83.745
G1 F1800 X172.384 Y144.383 E1836.79268
G1 F1500 E1834.79268
G0 F9000 X165.297 Y142.896
G1 F1500 E1836.79268
G1 F1800 X93.217 Y70.816 E1840.52215
G0 F9000 X92.595 Y70.816
G1 F1800 X165.064 Y143.285 E1844.27174
G0 F9000 X164.872 Y143.715
G1 F1800 X91.973 Y70.816 E1848.04358
G0 F9000 X91.35 Y70.816
G1 F1800 X164.74 Y144.206 E1851.84082
G0 F9000 X164.691 Y144.779
G1 F1800 X90.728 Y70.816 E1855.66771
G0 F9000 X90.106 Y70.816
G1 F1800 X164.757 Y145.467 E1859.5302
G0 F9000 X165.063 Y146.395
G1 F1800 X89.484 Y70.816 E1863.44071
G1 F1500 E1861.44071
G0 F9000 X89.484 Y68.435
G0 X112.507 Y68.435
G0 X112.507 Y70.816
G1 F1500 E1863.44071
G1 F1800 X172.384 Y130.693 E1866.53878
G0 F9000 X172.384 Y130.071
G1 F1800 X113.129 Y70.816 E1869.60467
G0 F9000 X113.752 Y70.816
G1 F1800 X172.384 Y129.449 E1872.63836
G0 F9000 X172.384 Y128.826
G1 F1800 X114.374 Y70.816 E1875.63983
G0 F9000 X114.996 Y70.816
G1 F1800 X172.384 Y128.204 E1878.60912
G0 F9000 X172.384 Y127.582
G1 F1800 X115.618 Y70.816 E1881.54623
G0 F9000 X116.241 Y70.816
G1 F1800 X172.384 Y126.96 E1884.45113
G0 F9000 X172.384 Y126.337
G1 F1800 X116.863 Y70.816 E1887.32382
G0 F9000 X117.485 Y70.816
G1 F1800 X172.384 Y125.715 E1890.16433
G0 F9000 X172.384 Y125.093
G1 F1800 X118.107 Y70.816 E1892.97266
G0 F9000 X118.73 Y70.816
G1 F1800 X172.384 Y124.471 E1895.74877
G0 F9000 X172.384 Y123.848
G1 F1800 X119.352 Y70.816 E1898.49268
G0 F9000 X119.974 Y70.816
G1 F1800 X172.384 Y123.226 E1901.20441
G0 F9000 X172.384 Y122.604
G1 F1800 X120.596 Y70.816 E1903.88395
G0 F9000 X121.219 Y70.816
G1 F1800 X172.384 Y121.982 E1906.53129
G0 F9000 X172.384 Y121.359
G1 F1800 X121.841 Y70.816 E1909.14641
G0 F9000 X122.463 Y70.816
G1 F1800 X172.384 Y120.737 E1911.72936
G0 F9000 X172.384 Y120.115
G1 F1800 X123.085 Y70.816 E1914.28012
G0 F9000 X123.708 Y70.816
G1 F1800 X172.384 Y119.493 E1916.79867
G0 F9000 X172.384 Y118.87
G1 F1800 X124.33 Y70.816 E1919.28502
G0 F9000 X124.952 Y70.816
G1 F1800 X172.384 Y118.248 E1921.73918
G0 F9000 X172.384 Y117.626
G1 F1800 X125.574 Y70.816 E1924.16116
G0 F9000 X126.197 Y70.816
G1 F1800 X172.384 Y117.004 E1926.55093
G0 F9000 X172.384 Y116.381
G1 F1800 X126.819 Y70.816 E1928.90849
G0 F9000 X127.441 Y70.816
G1 F1800 X172.384 Y115.759 E1931.23387
G0 F9000 X172.384 Y115.137
G1 F1800 X128.063 Y70.816 E1933.52706
G0 F9000 X128.686 Y70.816
G1 F1800 X172.384 Y114.515 E1935.78805
G0 F9000 X172.384 Y113.892
G1 F1800 X129.308 Y70.816 E1938.01683
G0 F9000 X129.93 Y70.816
G1 F1800 X172.384 Y113.27 E1940.21343
G0 F9000 X172.384 Y112.648
G1 F1800 X130.552 Y70.816 E1942.37784
G0 F9000 X131.175 Y70.816
G1 F1800 X172.384 Y112.026 E1944.51005
G0 F9000 X172.384 Y111.403
G1 F1800 X131.797 Y70.816 E1946.61004
G0 F9000 X132.419 Y70.816
G1 F1800 X172.384 Y110.781 E1948.67786
G0 F9000 X172.384 Y110.159
G1 F1800 X133.041 Y70.816 E1950.71349
G0 F9000 X133.664 Y70.816
G1 F1800 X172.384 Y109.536 E1952.71689
G0 F9000 X172.384 Y108.914
G1 F1800 X134.286 Y70.816 E1954.6881
G0 F9000 X134.908 Y70.816
G1 F1800 X172.384 Y108.292 E1956.62713
G0 F9000 X172.384 Y107.67
G1 F1800 X135.53 Y70.816 E1958.53398
G0 F9000 X136.153 Y70.816
G1 F1800 X172.384 Y107.047 E1960.4086
G0 F9000 X172.384 Y106.425
G1 F1800 X136.775 Y70.816 E1962.25103
G0 F9000 X137.397 Y70.816
G1 F1800 X172.384 Y105.803 E1964.06128
G0 F9000 X172.384 Y105.181
G1 F1800 X138.019 Y70.816 E1965.83934
G0 F9000 X138.642 Y70.816
G1 F1800 X172.384 Y104.558 E1967.58518
G0 F9000 X172.384 Y103.936
G1 F1800 X139.264 Y70.816 E1969.29883
G0 F9000 X139.886 Y70.816
G1 F1800 X172.384 Y103.314 E1970.98029
G0 F9000 X172.384 Y102.692
G1 F1800 X140.508 Y70.816 E1972.62958
G0 F9000 X141.131 Y70.816
G1 F1800 X172.384 Y102.069 E1974.24663
G0 F9000 X172.384 Y101.447
G1 F1800 X141.753 Y70.816 E1975.83149
G0 F9000 X142.375 Y70.816
G1 F1800 X172.384 Y100.825 E1977.38418
G0 F9000 X172.384 Y100.203
G1 F1800 X142.997 Y70.816 E1978.90468
G0 F9000 X143.62 Y70.816
G1 F1800 X172.384 Y99.58 E1980.39295
G0 F9000 X172.384 Y98.958
G1 F1800 X144.242 Y70.816 E1981.84903
G0 F9000 X144.864 Y70.816
G1 F1800 X172.384 Y98.336 E1983.27293
G0 F9000 X172.384 Y97.714
G1 F1800 X145.487 Y70.816 E1984.66463
G0 F9000 X146.109 Y70.816
G1 F1800 X172.384 Y97.091 E1986.02411
G0 F9000 X172.384 Y96.469
G1 F1800 X146.731 Y70.816 E1987.35141
G0 F9000 X147.353 Y70.816
G1 F1800 X172.384 Y95.847 E1988.64653
G0 F9000 X172.384 Y95.225
G1 F1800 X147.976 Y70.816 E1989.90945
G0 F9000 X148.598 Y70.816
G1 F1800 X172.384 Y94.602 E1991.14015
G0 F9000 X172.384 Y93.98
G1 F1800 X149.22 Y70.816 E1992.33867
G0 F9000 X149.842 Y70.816
G1 F1800 X172.384 Y93.358 E1993.50501
G0 F9000 X172.384 Y92.736
G1 F1800 X150.465 Y70.816 E1994.63913
G0 F9000 X151.087 Y70.816
G1 F1800 X172.384 Y92.113 E1995.74105
G0 F9000 X172.384 Y91.491
G1 F1800 X151.709 Y70.816 E1996.81079
G0 F9000 X152.331 Y70.816
G1 F1800 X172.384 Y90.869 E1997.84835
G0 F9000 X172.384 Y90.247
G1 F1800 X152.954 Y70.816 E1998.85369
G0 F9000 X153.576 Y70.816
G1 F1800 X172.384 Y89.624 E1999.82683
G0 F9000 X172.384 Y89.002
G1 F1800 X154.198 Y70.816 E2000.76779
G0 F9000 X154.82 Y70.816
G1 F1800 X172.384 Y88.38 E2001.67656
G0 F9000 X172.384 Y87.758
G1 F1800 X155.443 Y70.816 E2002.55312
G0 F9000 X156.065 Y70.816
G1 F1800 X172.384 Y87.135 E2003.39748
G0 F9000 X172.384 Y86.513
G1 F1800 X166.727 Y80.856 E2003.69017
G0 F9000 X167.569 Y81.076
G1 F1800 X172.384 Y85.891 E2003.9393
G0 F9000 X172.384 Y85.269
G1 F1800 X168.207 Y81.092 E2004.15543
G0 F9000 X168.76 Y81.022
G1 F1800 X172.384 Y84.646 E2004.34293
G0 F9000 X172.384 Y84.024
G1 F1800 X169.23 Y80.87 E2004.50612
G0 F9000 X169.647 Y80.665
G1 F1800 X172.384 Y83.402 E2004.64774
G0 F9000 X172.384 Y82.78
G1 F1800 X170.021 Y80.416 E2004.77003
G0 F9000 X170.351 Y80.124
G1 F1800 X172.384 Y82.157 E2004.87522
G0 F9000 X172.384 Y81.535
G1 F1800 X170.64 Y79.791 E2004.96545
G0 F9000 X170.884 Y79.412
G1 F1800 X172.384 Y80.913 E2005.04309
G0 F9000 X172.384 Y80.291
G1 F1800 X171.087 Y78.993 E2005.11022
G0 F9000 X171.232 Y78.516
G1 F1800 X172.384 Y79.668 E2005.16983
G0 F9000 X172.384 Y79.046
G1 F1800 X171.308 Y77.97 E2005.2255
G0 F9000 X171.27 Y77.309
G1 F1800 X172.384 Y78.424 E2005.28316
G0 F9000 X172.384 Y77.802
G1 F1800 X171.011 Y76.428 E2005.35423
G0 F9000 X172.384 Y76.557
G1 F1800 X166.643 Y70.816 E2005.65127
G0 F9000 X166.021 Y70.816
G1 F1800 X172.384 Y77.179 E2005.9805
G0 F9000 X172.384 Y75.935
G1 F1800 X167.265 Y70.816 E2006.24536
G0 F9000 X167.888 Y70.816
G1 F1800 X172.384 Y75.313 E2006.47801
G0 F9000 X172.384 Y74.69
G1 F1800 X168.51 Y70.816 E2006.67845
G0 F9000 X169.132 Y70.816
G1 F1800 X172.384 Y74.068 E2006.84671
G0 F9000 X172.384 Y73.446
G1 F1800 X169.754 Y70.816 E2006.98279
G0 F9000 X170.377 Y70.816
G1 F1800 X172.384 Y72.824 E2007.08666
G0 F9000 X172.384 Y72.201
G1 F1800 X170.999 Y70.816 E2007.15832
G0 F9000 X171.621 Y70.816
G1 F1800 X172.384 Y71.579 E2007.1978
G0 F9000 X172.384 Y70.957
G1 F1800 X172.243 Y70.816 E2007.2051
G1 F1500 E2005.2051
G0 F9000 X169.351 Y74.768
G1 F1500 E2007.2051
G1 F1800 X165.399 Y70.816 E2007.40957
G0 F9000 X164.776 Y70.816
G1 F1800 X168.48 Y74.52 E2007.60122
G0 F9000 X167.817 Y74.479
G1 F1800 X164.154 Y70.816 E2007.79075
G0 F9000 X163.532 Y70.816
G1 F1800 X167.287 Y74.571 E2007.98503
G0 F9000 X166.805 Y74.711
G1 F1800 X162.91 Y70.816 E2008.18656
G0 F9000 X162.287 Y70.816
G1 F1800 X166.383 Y74.912 E2008.39849
G0 F9000 X166.005 Y75.156
G1 F1800 X161.665 Y70.816 E2008.62305
G0 F9000 X161.043 Y70.816
G1 F1800 X165.675 Y75.448 E2008.86271
G0 F9000 X165.375 Y75.77
G1 F1800 X160.421 Y70.816 E2009.11903
G0 F9000 X159.798 Y70.816
G1 F1800 X165.138 Y76.155 E2009.3953
G0 F9000 X164.923 Y76.563
G1 F1800 X159.176 Y70.816 E2009.69266
G0 F9000 X158.554 Y70.816
G1 F1800 X164.766 Y77.028 E2010.01407
G0 F9000 X164.692 Y77.577
G1 F1800 X157.932 Y70.816 E2010.36386
G0 F9000 X157.309 Y70.816
G1 F1800 X164.712 Y78.219 E2010.7469
G0 F9000 X164.929 Y79.058
G1 F1800 X156.687 Y70.816 E2011.17334
G1 F1500 E2009.17334
;MESH:NONMESH
G0 F300 Z1.56
G0 F9000 X51.97 Y80.24
;TIME_ELAPSED:6715.225619
;LAYER:7
;TYPE:WALL-OUTER
;MESH:SmartKiln_Fondo.stl
G1 F1500 E2011.17334
G1 F1389.5 X51.595 Y80.212 E2011.1876
G1 F1394.4 X51.249 Y80.123 E2011.2011
G1 X50.927 Y79.997 E2011.21416
G1 X50.659 Y79.841 E2011.22588
G1 X50.373 Y79.625 E2011.23942
G1 X50.127 Y79.367 E2011.25289
G1 F1399.3 X49.9 Y79.067 E2011.26706
G1 F1406.7 X49.725 Y78.703 E2011.28218
G1 F1394.4 X49.607 Y78.31 E2011.29769
G1 F1399.3 X49.555 Y77.89 E2011.31362
G1 X49.578 Y77.462 E2011.32976
G1 X49.668 Y77.062 E2011.34519
G1 F1394.4 X49.827 Y76.679 E2011.36086
G1 F1389.5 X50.031 Y76.349 E2011.37557
G1 X50.267 Y76.074 E2011.38931
G1 F1391.9 X50.536 Y75.839 E2011.40283
G1 X50.804 Y75.666 E2011.41491
G1 F1394.4 X51.1 Y75.524 E2011.42731
G1 F1389.5 X51.449 Y75.416 E2011.44116
G1 F1394.4 X51.815 Y75.359 E2011.45516
G1 F1409.3 X52.202 Y75.359 E2011.46963
G1 F1414.3 X52.617 Y75.433 E2011.48533
G1 F1409.3 X53.007 Y75.57 E2011.50078
G1 F1404.3 X53.377 Y75.779 E2011.51673
G1 X53.707 Y76.044 E2011.5326
G1 F1409.3 X53.968 Y76.342 E2011.54741
G1 X54.18 Y76.693 E2011.56274
G1 F1394.4 X54.323 Y77.046 E2011.57713
G1 F1389.5 X54.411 Y77.39 E2011.5906
G1 F1401.8 X54.446 Y77.796 E2011.60591
G1 F1404.3 X54.412 Y78.2 E2011.62112
G1 F1399.3 X54.297 Y78.634 E2011.63803
G1 X54.092 Y79.066 E2011.65603
G1 X53.823 Y79.431 E2011.6731
G1 X53.523 Y79.713 E2011.6886
G1 F1396.8 X53.172 Y79.946 E2011.70449
G1 X52.785 Y80.115 E2011.72042
G1 X52.391 Y80.211 E2011.73572
G1 F1387 X51.97 Y80.24 E2011.75175
G0 F9000 X52.25 Y79.661
G1 F1409.3 X52.498 Y79.612 E2011.7612
G1 X52.83 Y79.487 E2011.77446
G1 X53.101 Y79.324 E2011.78628
G1 F1411.8 X53.333 Y79.128 E2011.79761
G1 F1409.3 X53.585 Y78.81 E2011.81278
G1 F1406.7 X53.746 Y78.497 E2011.82597
G1 X53.849 Y78.137 E2011.83999
G1 F1404.3 X53.881 Y77.777 E2011.85355
G1 F1406.7 X53.843 Y77.409 E2011.8674
G1 F1411.8 X53.61 Y76.786 E2011.89223
G1 F1409.3 X53.31 Y76.446 E2011.90918
G1 F1404.3 X53.053 Y76.242 E2011.92149
G1 X52.778 Y76.086 E2011.93335
G1 F1409.3 X52.479 Y75.979 E2011.94522
G1 F1414.3 X52.025 Y75.898 E2011.9624
G1 F1416.8 X51.397 Y76.006 E2011.98609
G1 F1409.3 X50.934 Y76.243 E2012.00554
G1 F1404.3 X50.54 Y76.606 E2012.02564
G1 F1409.3 X50.264 Y77.073 E2012.04592
G1 F1414.3 X50.17 Y77.363 E2012.05727
G1 F1411.8 X50.126 Y77.636 E2012.06759
G1 F1414.3 X50.126 Y77.977 E2012.0803
G1 F1411.8 X50.182 Y78.281 E2012.09183
G1 F1409.3 X50.34 Y78.728 E2012.10956
G1 X50.75 Y79.205 E2012.13307
G1 F1404.3 X51.117 Y79.467 E2012.14999
G1 F1394.4 X51.427 Y79.58 E2012.16245
G1 X51.674 Y79.653 E2012.17219
G1 F1389.5 X51.978 Y79.666 E2012.18372
G1 X52.25 Y79.661 E2012.19404
G1 F1500 E2010.19404
G0 F9000 X51.966 Y147.24
G1 F1500 E2012.19404
G1 F1389.5 X51.602 Y147.212 E2012.20788
G1 F1394.4 X51.247 Y147.123 E2012.22171
G1 X50.93 Y147 E2012.23456
G1 X50.655 Y146.841 E2012.24656
G1 X50.373 Y146.625 E2012.25998
G1 X50.127 Y146.367 E2012.27345
G1 F1399.3 X49.9 Y146.067 E2012.28761
G1 F1406.7 X49.725 Y145.703 E2012.30274
G1 F1394.4 X49.607 Y145.31 E2012.31824
G1 F1399.3 X49.555 Y144.89 E2012.33418
G1 X49.578 Y144.462 E2012.35031
G1 X49.667 Y144.062 E2012.36574
G1 F1394.4 X49.827 Y143.682 E2012.38132
G1 F1389.5 X50.031 Y143.348 E2012.39616
G1 X50.263 Y143.078 E2012.40966
G1 F1391.9 X50.535 Y142.84 E2012.42334
G1 F1394.4 X50.808 Y142.665 E2012.43559
G1 X51.104 Y142.521 E2012.44803
G1 F1389.5 X51.444 Y142.419 E2012.46149
G1 F1394.4 X51.813 Y142.359 E2012.47561
G1 F1409.3 X52.207 Y142.36 E2012.49034
G1 X52.613 Y142.43 E2012.50574
G1 F1404.3 X53.01 Y142.57 E2012.52154
G1 X53.376 Y142.779 E2012.53735
G1 X53.707 Y143.044 E2012.55326
G1 F1409.3 X53.969 Y143.343 E2012.56812
G1 F1406.7 X54.179 Y143.689 E2012.58328
G1 F1394.4 X54.323 Y144.046 E2012.59782
G1 F1389.5 X54.411 Y144.39 E2012.61129
G1 F1401.8 X54.446 Y144.796 E2012.6266
G1 F1404.3 X54.412 Y145.2 E2012.64181
G1 F1399.3 X54.297 Y145.634 E2012.65872
G1 X54.092 Y146.066 E2012.67672
G1 X53.823 Y146.431 E2012.69379
G1 X53.523 Y146.713 E2012.70929
G1 F1396.8 X53.172 Y146.946 E2012.72518
G1 X52.785 Y147.115 E2012.74111
G1 X52.391 Y147.211 E2012.75641
G1 F1387 X51.966 Y147.24 E2012.77259
G0 F9000 X52.25 Y146.661
G1 F1409.3 X52.498 Y146.612 E2012.78204
G1 X52.83 Y146.487 E2012.7953
G1 X53.101 Y146.324 E2012.80712
G1 F1411.8 X53.333 Y146.128 E2012.81846
G1 F1409.3 X53.585 Y145.81 E2012.83362
G1 F1406.7 X53.746 Y145.497 E2012.84681
G1 X53.849 Y145.137 E2012.86083
G1 F1404.3 X53.881 Y144.777 E2012.87439
G1 F1406.7 X53.843 Y144.411 E2012.88817
G1 F1414.3 X53.626 Y143.814 E2012.91183
G1 X53.31 Y143.446 E2012.9299
G1 F1404.3 X53.053 Y143.242 E2012.94221
G1 X52.779 Y143.086 E2012.95404
G1 X52.478 Y142.978 E2012.96604
G1 F1409.3 X52.023 Y142.898 E2012.98331
G1 F1414.3 X51.37 Y143.019 E2013.00805
G1 F1404.3 X50.942 Y143.236 E2013.02605
G1 F1401.8 X50.541 Y143.604 E2013.04651
G1 F1404.3 X50.276 Y144.037 E2013.06555
G1 F1409.3 X50.17 Y144.363 E2013.07837
G1 F1411.8 X50.126 Y144.636 E2013.08869
G1 F1414.3 X50.126 Y144.977 E2013.10139
G1 F1411.8 X50.182 Y145.281 E2013.11293
G1 F1409.3 X50.34 Y145.728 E2013.13065
G1 X50.75 Y146.205 E2013.15416
G1 F1394.4 X50.973 Y146.365 E2013.16453
G1 X51.231 Y146.523 E2013.17597
G1 F1404.3 X51.678 Y146.653 E2013.19343
G1 F1389.5 X51.974 Y146.666 E2013.20466
G1 X52.25 Y146.661 E2013.21513
G1 F1500 E2011.21513
G0 F9000 X167.97 Y147.24
G1 F1500 E2013.21513
G1 F1389.5 X167.598 Y147.212 E2013.22928
G1 F1394.4 X167.248 Y147.123 E2013.24292
G1 X166.923 Y146.997 E2013.25609
G1 X166.656 Y146.841 E2013.26778
G1 X166.373 Y146.625 E2013.28123
G1 X166.127 Y146.367 E2013.2947
G1 F1399.3 X165.9 Y146.067 E2013.30886
G1 F1406.7 X165.725 Y145.703 E2013.32399
G1 F1394.4 X165.607 Y145.31 E2013.33949
G1 F1399.3 X165.555 Y144.89 E2013.35542
G1 X165.578 Y144.462 E2013.37156
G1 X165.667 Y144.062 E2013.38699
G1 F1394.4 X165.827 Y143.682 E2013.40257
G1 F1389.5 X166.031 Y143.348 E2013.41741
G1 X166.263 Y143.078 E2013.43091
G1 X166.536 Y142.839 E2013.44466
G1 X166.804 Y142.666 E2013.45676
G1 F1391.9 X167.095 Y142.525 E2013.469
G1 X167.452 Y142.419 E2013.48309
G1 F1394.4 X167.813 Y142.359 E2013.49692
G1 F1409.3 X168.202 Y142.359 E2013.51146
G1 F1414.3 X168.617 Y142.433 E2013.52717
G1 F1409.3 X169.007 Y142.57 E2013.54262
G1 F1404.3 X169.377 Y142.779 E2013.55856
G1 X169.707 Y143.044 E2013.57444
G1 F1409.3 X169.969 Y143.343 E2013.5893
G1 F1406.7 X170.179 Y143.689 E2013.60446
G1 F1394.4 X170.323 Y144.046 E2013.619
G1 F1389.5 X170.411 Y144.39 E2013.63247
G1 F1401.8 X170.446 Y144.796 E2013.64778
G1 F1404.3 X170.412 Y145.2 E2013.66299
G1 F1399.3 X170.297 Y145.634 E2013.6799
G1 X170.092 Y146.066 E2013.6979
G1 X169.823 Y146.431 E2013.71497
G1 X169.523 Y146.713 E2013.73048
G1 F1396.8 X169.172 Y146.946 E2013.74637
G1 X168.785 Y147.115 E2013.76229
G1 X168.391 Y147.211 E2013.77759
G1 F1387 X167.97 Y147.24 E2013.79362
G0 F9000 X167.676 Y146.653
G1 F1389.5 X167.978 Y146.666 E2013.80508
G1 X168.25 Y146.661 E2013.81539
G1 F1409.3 X168.498 Y146.612 E2013.82484
G1 X168.83 Y146.487 E2013.83811
G1 X169.101 Y146.324 E2013.84993
G1 F1411.8 X169.333 Y146.128 E2013.86126
G1 F1409.3 X169.585 Y145.81 E2013.87643
G1 F1406.7 X169.746 Y145.497 E2013.88961
G1 X169.849 Y145.137 E2013.90364
G1 F1404.3 X169.881 Y144.777 E2013.9172
G1 F1406.7 X169.843 Y144.411 E2013.93098
G1 F1414.3 X169.626 Y143.814 E2013.95464
G1 X169.31 Y143.446 E2013.97271
G1 F1404.3 X169.053 Y143.242 E2013.98502
G1 X168.778 Y143.086 E2013.99688
G1 F1409.3 X168.479 Y142.979 E2014.00875
G1 F1414.3 X168.025 Y142.898 E2014.02593
G1 F1416.8 X167.395 Y143.007 E2014.04971
G1 F1406.7 X166.934 Y143.243 E2014.0691
G1 F1401.8 X166.541 Y143.604 E2014.08916
G1 F1404.3 X166.276 Y144.037 E2014.1082
G1 F1409.3 X166.17 Y144.363 E2014.12102
G1 F1411.8 X166.126 Y144.636 E2014.13134
G1 F1414.3 X166.126 Y144.977 E2014.14404
G1 F1411.8 X166.182 Y145.281 E2014.15558
G1 F1409.3 X166.34 Y145.729 E2014.17334
G1 X166.757 Y146.212 E2014.19719
G1 F1404.3 X167.157 Y146.482 E2014.2153
G1 F1394.4 X167.425 Y146.58 E2014.22608
G1 X167.676 Y146.653 E2014.23596
G1 F1500 E2012.23596
G0 F9000 X170.776 Y148.912
;TYPE:WALL-INNER
G1 F1500 E2014.23596
G1 F2117.6 X169.902 Y148.916 E2014.2577
G1 F2089.7 X169.513 Y148.904 E2014.26751
G1 F2169.9 X166.828 Y148.93 E2014.33271
G1 F2089.7 X165.486 Y148.89 E2014.36655
G1 F1941.2 X162.358 Y148.9 E2014.45145
G1 F2030.8 X159.23 Y148.91 E2014.5326
G1 F1985 X156.707 Y148.89 E2014.59957
G1 F1899.3 X151.333 Y148.891 E2014.74864
G1 F1908.4 X145.959 Y148.892 E2014.89699
G1 F1917.7 X140.585 Y148.893 E2015.04463
G1 F1927 X135.211 Y148.894 E2015.19155
G1 F1936.4 X129.837 Y148.895 E2015.33776
G1 F1941.2 X124.463 Y148.896 E2015.48361
G1 F1950.7 X119.089 Y148.897 E2015.62875
G1 F1960.4 X113.715 Y148.898 E2015.77317
G1 F1970.1 X108.341 Y148.899 E2015.91688
G1 F1980 X102.967 Y148.901 E2016.05987
G1 F1989.9 X97.593 Y148.902 E2016.20215
G1 F2000 X92.219 Y148.903 E2016.34371
G1 F2010.2 X86.845 Y148.904 E2016.48456
G1 F2020.4 X81.471 Y148.905 E2016.62469
G1 F2025.6 X76.097 Y148.906 E2016.76446
G1 F2036 X70.723 Y148.907 E2016.90352
G1 F2046.5 X65.349 Y148.908 E2017.04187
G1 F2057.1 X59.975 Y148.909 E2017.1795
G1 F2067.9 X54.601 Y148.91 E2017.31641
G1 F2134.8 X53.369 Y148.92 E2017.34682
G1 F2067.9 X50.791 Y148.896 E2017.4125
G1 F2010.2 X50.576 Y148.91 E2017.41815
G1 F1500 E2015.41815
G0 F9000 X48.024 Y148.841
G1 F1500 E2017.41815
G1 F1523.1 X47.991 Y148.785 E2017.4204
G1 X47.926 Y148.785 E2017.42265
G1 X47.894 Y148.841 E2017.42488
G1 X47.927 Y148.897 E2017.42713
G1 X47.992 Y148.897 E2017.42937
G1 X48.024 Y148.841 E2017.4316
G1 F1500 E2015.4316
G0 F9000 X46.595 Y148.841
G0 X46.595 Y71.169
G0 X48.036 Y71.169
G1 F1500 E2017.4316
G1 F1472.1 X48.002 Y71.111 E2017.43401
G1 X47.935 Y71.111 E2017.43641
G1 X47.902 Y71.169 E2017.4388
G1 X47.936 Y71.227 E2017.4412
G1 X48.003 Y71.227 E2017.4436
G1 X48.036 Y71.169 E2017.44599
G0 F9000 X49.25 Y71.085
G1 F2140.5 X50.094 Y71.082 E2017.46676
G1 F2106.4 X50.483 Y71.094 E2017.4765
G1 F2175.8 X53.168 Y71.07 E2017.54151
G1 F2095.2 X54.509 Y71.108 E2017.57524
G1 F1945.9 X57.637 Y71.099 E2017.65993
G1 F2036 X60.765 Y71.09 E2017.74087
G1 F1989.9 X63.292 Y71.108 E2017.80778
G1 F1908.4 X68.666 Y71.107 E2017.95613
G1 F1917.7 X74.04 Y71.106 E2018.10377
G1 F1927 X79.414 Y71.105 E2018.25069
G1 F1936.4 X84.788 Y71.104 E2018.3969
G1 F1945.9 X90.162 Y71.103 E2018.5424
G1 F1950.7 X95.536 Y71.102 E2018.68754
G1 F1960.4 X100.91 Y71.101 E2018.83196
G1 F1970.1 X106.284 Y71.1 E2018.97566
G1 F1980 X111.658 Y71.099 E2019.11866
G1 F1989.9 X117.032 Y71.099 E2019.26093
G1 F2000 X122.406 Y71.098 E2019.40249
G1 F2010.2 X127.78 Y71.097 E2019.54334
G1 F2020.4 X133.154 Y71.096 E2019.68347
G1 F2030.8 X138.528 Y71.095 E2019.82289
G1 F2036 X143.902 Y71.094 E2019.96195
G1 F2046.5 X149.276 Y71.093 E2020.1003
G1 F2057.1 X154.65 Y71.092 E2020.23793
G1 F2067.9 X160.024 Y71.091 E2020.37484
G1 F2078.7 X165.398 Y71.09 E2020.51104
G1 F2152.2 X166.627 Y71.078 E2020.54113
G1 F2084.2 X169.211 Y71.102 E2020.60645
G1 F2015.3 X169.396 Y71.09 E2020.61129
G1 F1500 E2018.61129
G0 F9000 X172.097 Y71.17
G1 F1500 E2020.61129
G1 F1466.7 X172.063 Y71.112 E2020.61371
G1 X171.996 Y71.112 E2020.61612
G1 X171.963 Y71.17 E2020.61851
G1 X171.997 Y71.228 E2020.62093
G1 X172.064 Y71.228 E2020.62333
G1 X172.097 Y71.17 E2020.62573
G1 F1500 E2018.62573
G0 F9000 X173.405 Y71.17
G0 X173.405 Y148.839
G0 X172.104 Y148.839
G1 F1500 E2020.62573
G1 F1517.2 X172.071 Y148.783 E2020.62799
G1 X172.006 Y148.783 E2020.63025
G1 X171.974 Y148.839 E2020.63248
G1 X172.007 Y148.895 E2020.63474
G1 X172.072 Y148.895 E2020.637
G1 X172.104 Y148.839 E2020.63924
G1 F1500 E2018.63924
G0 F9000 X110 Y148.479
;TYPE:WALL-OUTER
G1 F1500 E2020.63924
G1 F1800 X54.599 Y148.5 E2022.26077
G1 X53.376 Y148.52 E2022.29657
G1 X50.768 Y148.473 E2022.37291
G1 X50.524 Y148.503 E2022.38011
G1 F1517.2 X50.148 Y148.63 E2022.39389
G1 F1285.7 X49.614 Y148.598 E2022.41581
G1 F1257.1 X49.274 Y148.59 E2022.43006
G1 F1273.3 X49.206 Y148.644 E2022.43365
G1 F1306.9 X48.45 Y148.643 E2022.46413
G1 F1320 X48.156 Y148.396 E2022.47946
G1 F1315.6 X48.153 Y147.933 E2022.498
G1 F1289.9 X48.198 Y147.721 E2022.50685
G1 F1269.2 X48.194 Y147.232 E2022.52715
G1 F1261.1 X48.211 Y147.02 E2022.53603
G1 F1273.3 X48.175 Y145.328 E2022.60606
G1 F1257.1 X48.232 Y144.503 E2022.64071
G1 F1239.4 X48.205 Y140.589 E2022.80709
G1 F1241.4 X48.232 Y138.985 E2022.87517
G1 F1226 X48.228 Y128.408 E2023.32968
G1 F1231.7 X48.223 Y117.831 E2023.78209
G1 F1237.5 X48.219 Y107.254 E2024.23238
G1 F1241.4 X48.215 Y96.677 E2024.68127
G1 F1247.2 X48.21 Y86.1 E2025.12805
G1 F1253.2 X48.206 Y75.523 E2025.57271
G1 F1269.2 X48.187 Y74.751 E2025.60477
G1 F1259.1 X48.222 Y73.165 E2025.67114
G1 F1253.2 X48.164 Y72.759 E2025.68839
G1 F1259.1 X48.219 Y72.271 E2025.70893
G1 F1273.3 X48.153 Y72.044 E2025.71872
G1 F1298.4 X48.172 Y71.645 E2025.73492
G1 F1302.6 X48.424 Y71.365 E2025.75016
G1 F1315.6 X48.784 Y71.359 E2025.76458
G1 F1404.3 X48.978 Y71.45 E2025.77262
G1 F1629.6 X49.253 Y71.493 E2025.78162
G1 F1800 X50.115 Y71.484 E2025.80685
G1 X50.474 Y71.508 E2025.81738
G1 X53.181 Y71.46 E2025.89662
G1 X54.51 Y71.536 E2025.93558
G1 X60.76 Y71.5 E2026.11852
G1 X63.292 Y71.536 E2026.19263
G1 X165.397 Y71.5 E2029.18114
G1 X166.62 Y71.476 E2029.21694
G1 X169.232 Y71.524 E2029.2934
G1 X169.444 Y71.498 E2029.29965
G1 F1514.3 X169.84 Y71.369 E2029.31414
G1 F1283.6 X170.387 Y71.402 E2029.33663
G1 F1257.1 X170.736 Y71.407 E2029.35126
G1 F1277.4 X170.985 Y71.363 E2029.36169
G1 F1302.6 X171.542 Y71.372 E2029.38422
G1 F1306.9 X171.834 Y71.655 E2029.40061
G1 F1298.4 X171.846 Y72.024 E2029.41559
G1 F1273.3 X171.798 Y72.101 E2029.41935
G1 F1265.2 X171.803 Y72.764 E2029.44696
G1 F1255.2 X171.786 Y72.976 E2029.45588
G1 F1269.2 X171.822 Y74.668 E2029.52613
G1 F1253.2 X171.765 Y75.489 E2029.56073
G1 F1237.5 X171.795 Y79.412 E2029.72775
G1 X171.765 Y81.012 E2029.79588
G1 F1220.3 X171.769 Y90.078 E2030.18727
G1 F1226 X171.774 Y99.144 E2030.57686
G1 F1231.7 X171.778 Y108.21 E2030.96463
G1 F1237.5 X171.782 Y117.276 E2031.3506
G1 F1243.3 X171.786 Y126.342 E2031.73476
G1 F1249.2 X171.791 Y135.408 E2032.11711
G1 F1255.2 X171.795 Y144.474 E2032.49765
G1 F1267.2 X171.81 Y145.245 E2032.52971
G1 F1253.2 X171.774 Y146.833 E2032.59648
G1 F1249.2 X171.836 Y147.236 E2032.61368
G1 F1261.1 X171.779 Y147.716 E2032.63387
G1 F1269.2 X171.847 Y147.803 E2032.63846
G1 F1300.5 X171.841 Y148.396 E2032.66248
G1 F1520.2 X171.7 Y148.5 E2032.66855
G1 F1517.2 X171.596 Y148.641 E2032.67464
G1 F1320 X171.199 Y148.635 E2032.69048
G1 F1429.6 X171.014 Y148.537 E2032.6982
G1 F1663.9 X170.773 Y148.502 E2032.70591
G1 F1800 X169.881 Y148.512 E2032.73202
G1 X169.506 Y148.489 E2032.74302
G1 X166.814 Y148.54 E2032.82182
G1 X165.484 Y148.461 E2032.86082
G1 X159.236 Y148.5 E2033.04369
G1 X156.707 Y148.461 E2033.11772
G1 X110 Y148.479 E2034.48479
G0 F9000 X110 Y149.32
G1 F1800 X170.776 Y149.32 E2036.26363
G1 F1520.2 X171.215 Y149.238 E2036.27911
G1 F1315.6 X171.648 Y149.239 E2036.29645
G1 F1517.2 X172.039 Y149.32 E2036.31032
G1 F1800 X172.52 Y149.32 E2036.3244
G1 X172.52 Y148.839 E2036.33847
G1 F1520.2 X172.439 Y148.448 E2036.35231
G1 F1322.2 X172.442 Y147.93 E2036.37295
G1 F1289.9 X172.425 Y147.636 E2036.38498
G1 F1281.6 X172.437 Y147.244 E2036.4011
G1 F1269.2 X172.419 Y146.806 E2036.4193
G1 F1253.2 X172.43 Y145.22 E2036.48598
G1 F1267.2 X172.425 Y144.471 E2036.51712
G1 F1255.2 X172.424 Y135.405 E2036.89766
G1 F1249.2 X172.422 Y126.339 E2037.28001
G1 F1243.3 X172.421 Y117.273 E2037.66416
G1 F1237.5 X172.419 Y108.207 E2038.05013
G1 F1231.7 X172.418 Y99.141 E2038.43791
G1 F1226 X172.416 Y90.075 E2038.82749
G1 F1220.3 X172.415 Y81.009 E2039.21888
G1 F1237.5 X172.425 Y79.398 E2039.28747
G1 X172.415 Y75.502 E2039.45334
G1 F1253.2 X172.434 Y74.696 E2039.48723
G1 F1269.2 X172.422 Y72.988 E2039.55813
G1 F1253.2 X172.427 Y72.184 E2039.59193
G1 F1289.9 X172.44 Y72.015 E2039.59885
G1 F1315.6 X172.438 Y71.635 E2039.61407
G1 F1517.2 X172.52 Y71.17 E2039.63047
G1 F1800 X172.52 Y70.68 E2039.64481
G1 X172.03 Y70.68 E2039.65915
G1 F1511.5 X171.552 Y70.764 E2039.67607
G1 F1306.9 X170.948 Y70.762 E2039.70041
G1 F1281.6 X170.704 Y70.776 E2039.71046
G1 F1279.5 X169.84 Y70.763 E2039.74604
G1 F1514.3 X169.396 Y70.68 E2039.76176
G1 F1800 X49.25 Y70.679 E2043.2783
G1 F1529 X48.812 Y70.762 E2043.29366
G1 F1315.6 X48.372 Y70.763 E2043.31128
G1 F1511.5 X47.969 Y70.68 E2043.32562
G1 F1800 X47.48 Y70.68 E2043.33993
G1 X47.48 Y71.169 E2043.35425
G1 F1511.5 X47.565 Y71.626 E2043.37045
G1 F1306.9 X47.561 Y72.088 E2043.38907
G1 F1281.6 X47.577 Y72.302 E2043.3979
G1 F1277.4 X47.563 Y72.752 E2043.41646
G1 F1271.3 X47.581 Y73.19 E2043.43463
G1 F1259.1 X47.569 Y74.78 E2043.50116
G1 F1269.2 X47.575 Y75.526 E2043.53213
G1 F1253.2 X47.577 Y86.103 E2043.97679
G1 F1247.2 X47.578 Y96.68 E2044.42357
G1 F1241.4 X47.58 Y107.257 E2044.87246
G1 F1237.5 X47.581 Y117.834 E2045.32275
G1 F1231.7 X47.583 Y128.411 E2045.77516
G1 F1226 X47.584 Y138.988 E2046.22967
G1 F1241.4 X47.575 Y140.602 E2046.29817
G1 F1239.4 X47.584 Y144.49 E2046.46344
G1 F1257.1 X47.565 Y145.301 E2046.49743
G1 F1273.3 X47.577 Y147.008 E2046.56806
G1 F1259.1 X47.573 Y147.682 E2046.59626
G1 F1300.5 X47.556 Y148.026 E2046.61022
G1 F1328.9 X47.56 Y148.447 E2046.62691
G1 F1523.1 X47.48 Y148.841 E2046.64082
G1 F1800 X47.48 Y149.32 E2046.65484
G1 X47.959 Y149.32 E2046.66886
G1 F1526 X48.448 Y149.241 E2046.68596
G1 F1320 X49.183 Y149.24 E2046.71529
G1 F1285.7 X49.372 Y149.224 E2046.72306
G1 F1281.6 X50.137 Y149.237 E2046.75452
G1 F1517.2 X50.576 Y149.32 E2046.77003
G1 F1800 X110 Y149.32 E2048.50931
G1 F1500 E2046.50931
G0 F9000 X167.678 Y79.653
G1 F1500 E2048.50931
G1 F1389.5 X167.974 Y79.666 E2048.52054
G1 X168.25 Y79.661 E2048.53101
G1 F1409.3 X168.498 Y79.612 E2048.54046
G1 X168.83 Y79.487 E2048.55372
G1 X169.101 Y79.324 E2048.56554
G1 F1411.8 X169.333 Y79.128 E2048.57688
G1 F1409.3 X169.585 Y78.81 E2048.59205
G1 F1406.7 X169.746 Y78.497 E2048.60523
G1 X169.849 Y78.137 E2048.61925
G1 F1404.3 X169.881 Y77.777 E2048.63281
G1 F1409.3 X169.839 Y77.379 E2048.64777
G1 F1414.3 X169.609 Y76.785 E2048.6715
G1 F1409.3 X169.31 Y76.446 E2048.6884
G1 F1404.3 X169.061 Y76.249 E2048.70031
G1 X168.777 Y76.085 E2048.71262
G1 X168.477 Y75.978 E2048.72456
G1 F1409.3 X168.025 Y75.898 E2048.74173
G1 F1414.3 X167.397 Y76.006 E2048.76546
G1 F1409.3 X166.935 Y76.243 E2048.78487
G1 F1401.8 X166.554 Y76.589 E2048.80422
G1 F1404.3 X166.273 Y77.045 E2048.82431
G1 F1406.7 X166.176 Y77.336 E2048.8358
G1 F1409.3 X166.126 Y77.636 E2048.84717
G1 F1414.3 X166.126 Y77.977 E2048.85987
G1 F1411.8 X166.182 Y78.281 E2048.87141
G1 F1409.3 X166.34 Y78.728 E2048.88913
G1 X166.75 Y79.205 E2048.91265
G1 F1404.3 X167.116 Y79.467 E2048.92953
G1 F1394.4 X167.425 Y79.58 E2048.94197
G1 X167.678 Y79.653 E2048.95191
G0 F9000 X167.966 Y80.24
G1 F1389.5 X167.602 Y80.212 E2048.96576
G1 F1394.4 X167.248 Y80.123 E2048.97955
G1 X166.927 Y79.997 E2048.99258
G1 X166.659 Y79.841 E2049.00429
G1 X166.373 Y79.625 E2049.01784
G1 X166.131 Y79.371 E2049.03109
G1 F1404.3 X165.9 Y79.066 E2049.04545
G1 F1409.3 X165.725 Y78.703 E2049.06051
G1 F1394.4 X165.607 Y78.31 E2049.07601
G1 F1399.3 X165.555 Y77.886 E2049.0921
G1 X165.578 Y77.462 E2049.10809
G1 F1396.8 X165.664 Y77.066 E2049.12337
G1 F1394.4 X165.826 Y76.686 E2049.13898
G1 X166.031 Y76.349 E2049.15388
G1 F1391.9 X166.271 Y76.074 E2049.1677
G1 F1394.4 X166.537 Y75.838 E2049.18113
G1 F1389.5 X166.808 Y75.663 E2049.19336
G1 F1391.9 X167.099 Y75.524 E2049.20557
G1 F1389.5 X167.449 Y75.416 E2049.21946
G1 F1394.4 X167.815 Y75.359 E2049.23345
G1 F1409.3 X168.203 Y75.359 E2049.24796
G1 X168.613 Y75.43 E2049.26352
G1 F1404.3 X169.006 Y75.57 E2049.27917
G1 X169.381 Y75.783 E2049.29535
G1 F1401.8 X169.707 Y76.045 E2049.31107
G1 F1404.3 X169.969 Y76.343 E2049.32595
G1 X170.183 Y76.696 E2049.34144
G1 F1394.4 X170.32 Y77.038 E2049.35536
G1 F1391.9 X170.411 Y77.391 E2049.36916
G1 F1401.8 X170.446 Y77.796 E2049.38444
G1 F1404.3 X170.412 Y78.2 E2049.39965
G1 F1399.3 X170.297 Y78.634 E2049.41655
G1 X170.092 Y79.066 E2049.43455
G1 X169.823 Y79.431 E2049.45163
G1 X169.523 Y79.713 E2049.46713
G1 F1396.8 X169.172 Y79.946 E2049.48302
G1 X168.785 Y80.115 E2049.49895
G1 X168.391 Y80.211 E2049.51424
G1 F1387 X167.966 Y80.24 E2049.53042
G1 F1500 E2047.53042
;MESH:NONMESH
G0 F300 Z1.68
G0 F9000 X167.448 Y81.152
G0 X52.046 Y81.19
G0 X51.974 Y80.24
;TIME_ELAPSED:6769.121447
;LAYER:8
;TYPE:WALL-OUTER
;MESH:SmartKiln_Fondo.stl
G1 F1500 E2049.53042
G1 F1389.5 X51.602 Y80.212 E2049.54103
G1 F1394.4 X51.247 Y80.123 E2049.5514
G1 X50.932 Y80.001 E2049.56097
G1 X50.655 Y79.838 E2049.57008
G1 X50.376 Y79.628 E2049.57998
G1 X50.131 Y79.371 E2049.59004
G1 F1404.3 X49.9 Y79.066 E2049.6008
G1 F1409.3 X49.725 Y78.703 E2049.6121
G1 F1394.4 X49.607 Y78.31 E2049.62373
G1 F1399.3 X49.555 Y77.889 E2049.63571
G1 X49.574 Y77.481 E2049.64724
G1 F1396.8 X49.664 Y77.066 E2049.65926
G1 F1394.4 X49.827 Y76.683 E2049.67105
G1 F1389.5 X50.031 Y76.348 E2049.6822
G1 X50.267 Y76.074 E2049.69249
G1 F1391.9 X50.536 Y75.839 E2049.70263
G1 F1389.5 X50.804 Y75.666 E2049.7117
G1 F1391.9 X51.095 Y75.525 E2049.72088
G1 X51.452 Y75.419 E2049.73145
G1 F1394.4 X51.813 Y75.359 E2049.74182
G1 F1409.3 X52.203 Y75.359 E2049.75276
G1 X52.613 Y75.43 E2049.76442
G1 F1404.3 X53.01 Y75.57 E2049.77627
G1 X53.376 Y75.779 E2049.78813
G1 X53.707 Y76.044 E2049.80006
G1 F1406.7 X53.969 Y76.343 E2049.81122
G1 F1404.3 X54.183 Y76.697 E2049.82286
G1 F1391.9 X54.319 Y77.034 E2049.83318
G1 F1389.5 X54.411 Y77.39 E2049.84364
G1 F1401.8 X54.446 Y77.796 E2049.85512
G1 F1404.3 X54.412 Y78.2 E2049.86653
G1 F1399.3 X54.297 Y78.634 E2049.87921
G1 X54.092 Y79.066 E2049.89271
G1 X53.823 Y79.431 E2049.90552
G1 X53.523 Y79.713 E2049.91714
G1 F1396.8 X53.172 Y79.946 E2049.92906
G1 X52.785 Y80.115 E2049.941
G1 X52.391 Y80.211 E2049.95248
G1 F1387 X51.974 Y80.24 E2049.96438
G0 F9000 X52.25 Y79.661
G1 F1409.3 X52.498 Y79.612 E2049.97147
G1 X52.83 Y79.487 E2049.98142
G1 X53.101 Y79.324 E2049.99029
G1 F1411.8 X53.333 Y79.128 E2049.99879
G1 F1409.3 X53.585 Y78.81 E2050.01016
G1 F1406.7 X53.746 Y78.497 E2050.02005
G1 X53.849 Y78.137 E2050.03057
G1 F1404.3 X53.881 Y77.777 E2050.04074
G1 F1409.3 X53.842 Y77.405 E2050.05122
G1 F1414.3 X53.61 Y76.786 E2050.06969
G1 F1409.3 X53.31 Y76.446 E2050.08241
G1 F1404.3 X53.053 Y76.242 E2050.09164
G1 X52.779 Y76.086 E2050.10051
G1 X52.478 Y75.978 E2050.10951
G1 F1409.3 X52.025 Y75.898 E2050.12241
G1 F1414.3 X51.395 Y76.007 E2050.14027
G1 F1406.7 X50.934 Y76.243 E2050.15482
G1 F1404.3 X50.538 Y76.607 E2050.16995
G1 F1409.3 X50.265 Y77.071 E2050.18505
G1 X50.176 Y77.336 E2050.19288
G1 X50.123 Y77.667 E2050.20228
G1 F1414.3 X50.126 Y77.977 E2050.21094
G1 F1411.8 X50.182 Y78.281 E2050.21959
G1 F1409.3 X50.34 Y78.728 E2050.23289
G1 X50.75 Y79.205 E2050.25052
G1 F1394.4 X50.971 Y79.364 E2050.25824
G1 X51.23 Y79.522 E2050.26684
G1 F1404.3 X51.677 Y79.653 E2050.27994
G1 F1389.5 X51.982 Y79.666 E2050.28862
G1 X52.25 Y79.661 E2050.29625
G1 F1500 E2048.29625
G0 F9000 X51.974 Y147.24
G1 F1500 E2050.29625
G1 F1389.5 X51.602 Y147.212 E2050.30686
G1 F1394.4 X51.247 Y147.123 E2050.31723
G1 X50.932 Y147.001 E2050.3268
G1 X50.655 Y146.838 E2050.33591
G1 X50.376 Y146.628 E2050.3458
G1 X50.131 Y146.371 E2050.35586
G1 F1404.3 X49.9 Y146.066 E2050.36663
G1 F1409.3 X49.725 Y145.703 E2050.37793
G1 F1394.4 X49.607 Y145.31 E2050.38956
G1 F1399.3 X49.555 Y144.889 E2050.40153
G1 X49.574 Y144.481 E2050.41307
G1 F1396.8 X49.664 Y144.066 E2050.42508
G1 F1394.4 X49.827 Y143.683 E2050.43688
G1 F1389.5 X50.031 Y143.348 E2050.44803
G1 X50.267 Y143.074 E2050.45831
G1 F1391.9 X50.536 Y142.839 E2050.46845
G1 F1389.5 X50.804 Y142.666 E2050.47752
G1 F1391.9 X51.095 Y142.525 E2050.4867
G1 X51.452 Y142.419 E2050.49728
G1 F1394.4 X51.813 Y142.359 E2050.50765
G1 F1409.3 X52.203 Y142.359 E2050.51858
G1 X52.613 Y142.43 E2050.53025
G1 F1404.3 X53.01 Y142.57 E2050.54209
G1 X53.376 Y142.779 E2050.55395
G1 X53.707 Y143.044 E2050.56588
G1 F1406.7 X53.969 Y143.343 E2050.57705
G1 F1404.3 X54.183 Y143.696 E2050.58866
G1 F1391.9 X54.32 Y144.038 E2050.59912
G1 F1389.5 X54.411 Y144.394 E2050.60957
G1 F1401.8 X54.446 Y144.796 E2050.62095
G1 F1404.3 X54.412 Y145.2 E2050.63235
G1 F1399.3 X54.297 Y145.634 E2050.64503
G1 X54.092 Y146.066 E2050.65854
G1 X53.823 Y146.431 E2050.67134
G1 X53.523 Y146.713 E2050.68297
G1 F1396.8 X53.172 Y146.946 E2050.69488
G1 X52.785 Y147.115 E2050.70683
G1 X52.391 Y147.211 E2050.7183
G1 F1387 X51.974 Y147.24 E2050.73021
G0 F9000 X52.25 Y146.661
G1 F1409.3 X52.498 Y146.612 E2050.7373
G1 X52.83 Y146.487 E2050.74724
G1 X53.101 Y146.324 E2050.75611
G1 F1411.8 X53.333 Y146.128 E2050.76461
G1 F1409.3 X53.585 Y145.81 E2050.77599
G1 F1406.7 X53.746 Y145.497 E2050.78587
G1 X53.849 Y145.137 E2050.79639
G1 F1404.3 X53.881 Y144.777 E2050.80656
G1 F1409.3 X53.839 Y144.379 E2050.81778
G1 F1414.3 X53.609 Y143.785 E2050.83558
G1 F1409.3 X53.31 Y143.446 E2050.84825
G1 F1404.3 X53.053 Y143.242 E2050.85748
G1 X52.779 Y143.086 E2050.86636
G1 X52.478 Y142.978 E2050.87535
G1 F1409.3 X52.025 Y142.898 E2050.88825
G1 F1414.3 X51.395 Y143.007 E2050.90611
G1 F1406.7 X50.934 Y143.243 E2050.92066
G1 F1404.3 X50.538 Y143.607 E2050.9358
G1 F1409.3 X50.265 Y144.071 E2050.95089
G1 X50.176 Y144.336 E2050.95873
G1 X50.123 Y144.667 E2050.96813
G1 F1414.3 X50.126 Y144.977 E2050.97679
G1 F1411.8 X50.182 Y145.281 E2050.98544
G1 F1409.3 X50.34 Y145.728 E2050.99873
G1 X50.75 Y146.205 E2051.01637
G1 F1394.4 X50.971 Y146.364 E2051.02408
G1 X51.23 Y146.522 E2051.03268
G1 F1404.3 X51.677 Y146.653 E2051.04579
G1 F1389.5 X51.982 Y146.666 E2051.05447
G1 X52.25 Y146.661 E2051.06209
G1 F1500 E2049.06209
G0 F9000 X167.974 Y147.24
G1 F1500 E2051.06209
G1 F1389.5 X167.602 Y147.212 E2051.0727
G1 F1394.4 X167.247 Y147.123 E2051.08307
G1 X166.932 Y147.001 E2051.09264
G1 X166.655 Y146.838 E2051.10175
G1 X166.376 Y146.628 E2051.11165
G1 X166.131 Y146.371 E2051.12171
G1 F1404.3 X165.9 Y146.066 E2051.13248
G1 F1409.3 X165.725 Y145.703 E2051.14377
G1 F1394.4 X165.607 Y145.31 E2051.1554
G1 F1399.3 X165.555 Y144.89 E2051.16735
G1 X165.578 Y144.462 E2051.17946
G1 F1396.8 X165.664 Y144.066 E2051.19092
G1 F1394.4 X165.827 Y143.683 E2051.20271
G1 F1389.5 X166.031 Y143.348 E2051.21387
G1 X166.267 Y143.074 E2051.22415
G1 F1391.9 X166.536 Y142.839 E2051.23429
G1 F1389.5 X166.804 Y142.666 E2051.24336
G1 F1391.9 X167.095 Y142.525 E2051.25254
G1 X167.452 Y142.419 E2051.26311
G1 F1394.4 X167.813 Y142.359 E2051.27348
G1 F1409.3 X168.203 Y142.359 E2051.28442
G1 X168.613 Y142.43 E2051.29609
G1 F1404.3 X169.01 Y142.57 E2051.30793
G1 X169.376 Y142.779 E2051.31979
G1 X169.707 Y143.044 E2051.33172
G1 F1406.7 X169.969 Y143.343 E2051.34289
G1 F1404.3 X170.183 Y143.697 E2051.35453
G1 F1391.9 X170.319 Y144.034 E2051.36484
G1 F1389.5 X170.411 Y144.39 E2051.3753
G1 F1401.8 X170.446 Y144.796 E2051.38679
G1 F1404.3 X170.412 Y145.2 E2051.39819
G1 F1399.3 X170.297 Y145.634 E2051.41087
G1 X170.092 Y146.066 E2051.42438
G1 X169.823 Y146.431 E2051.43718
G1 X169.523 Y146.713 E2051.44881
G1 F1396.8 X169.172 Y146.946 E2051.46072
G1 X168.785 Y147.115 E2051.47267
G1 X168.391 Y147.211 E2051.48414
G1 F1387 X167.974 Y147.24 E2051.49605
G0 F9000 X167.677 Y146.653
G1 F1389.5 X167.982 Y146.666 E2051.50473
G1 X168.25 Y146.661 E2051.51235
G1 F1409.3 X168.498 Y146.612 E2051.51944
G1 X168.83 Y146.487 E2051.52939
G1 X169.101 Y146.324 E2051.53825
G1 F1411.8 X169.333 Y146.128 E2051.54675
G1 F1409.3 X169.585 Y145.81 E2051.55813
G1 F1406.7 X169.746 Y145.497 E2051.56802
G1 X169.849 Y145.137 E2051.57853
G1 F1404.3 X169.881 Y144.777 E2051.5887
G1 F1409.3 X169.842 Y144.405 E2051.59919
G1 F1414.3 X169.61 Y143.786 E2051.61766
G1 F1409.3 X169.31 Y143.446 E2051.63037
G1 F1404.3 X169.053 Y143.242 E2051.63961
G1 X168.779 Y143.086 E2051.64848
G1 X168.478 Y142.978 E2051.65748
G1 F1409.3 X168.025 Y142.898 E2051.67037
G1 F1414.3 X167.395 Y143.007 E2051.68824
G1 F1406.7 X166.934 Y143.243 E2051.70278
G1 F1404.3 X166.538 Y143.607 E2051.71792
G1 F1409.3 X166.265 Y144.071 E2051.73301
G1 X166.176 Y144.336 E2051.74085
G1 X166.126 Y144.636 E2051.74938
G1 F1414.3 X166.126 Y144.977 E2051.7589
G1 F1411.8 X166.182 Y145.281 E2051.76756
G1 F1409.3 X166.34 Y145.728 E2051.78085
G1 X166.75 Y146.205 E2051.79849
G1 F1394.4 X166.971 Y146.364 E2051.8062
G1 X167.23 Y146.522 E2051.8148
G1 F1404.3 X167.677 Y146.653 E2051.8279
G1 F1500 E2049.8279
G0 F9000 X110 Y149.286
G1 F1500 E2051.8279
G1 F1568.3 X93.177 Y149.288 E2052.25175
G1 F1577.7 X76.354 Y149.29 E2052.67308
G1 F1590.4 X59.531 Y149.292 E2053.09106
G1 F1571.4 X57.648 Y149.283 E2053.1384
G1 X50.288 Y149.293 E2053.32347
G1 F1580.8 X50.04 Y149.286 E2053.32967
G1 X48.248 Y149.293 E2053.37446
G1 F1477.6 X47.838 Y149.251 E2053.38548
G1 F1372.6 X47.549 Y149.251 E2053.3938
G1 X47.549 Y148.962 E2053.40212
G1 F1477.6 X47.508 Y148.637 E2053.41088
G1 F1603.2 X47.506 Y147.686 E2053.43432
G1 F1580.8 X47.515 Y147.407 E2053.4413
G1 F1577.7 X47.506 Y146.046 E2053.47538
G1 F1571.4 X47.517 Y145.052 E2053.50038
G1 F1577.7 X47.504 Y144.483 E2053.51463
G1 F1571.4 X47.519 Y143.863 E2053.53023
G1 F1559.1 X47.509 Y140.103 E2053.62552
G1 F1571.4 X47.515 Y135.435 E2053.7429
G1 F1552.9 X47.515 Y84.298 E2055.04403
G1 F1580.8 X47.506 Y78.503 E2055.18887
G1 F1577.7 X47.516 Y75.843 E2055.25549
G1 X47.506 Y72.384 E2055.34212
G1 F1584 X47.514 Y72.191 E2055.34694
G1 X47.506 Y71.448 E2055.36548
G1 F1483.1 X47.549 Y71.038 E2055.37646
G1 F1372.6 X47.549 Y70.749 E2055.38478
G1 X47.838 Y70.749 E2055.3931
G1 F1472.1 X48.158 Y70.709 E2055.40175
G1 F1571.4 X48.882 Y70.714 E2055.41996
G1 F1577.7 X49.052 Y70.707 E2055.42422
G1 X49.592 Y70.715 E2055.43775
G1 F1580.8 X52.199 Y70.706 E2055.50291
G1 F1574.6 X53.74 Y70.717 E2055.54158
G1 F1571.4 X54.395 Y70.707 E2055.55805
G1 F1565.2 X55.63 Y70.719 E2055.58923
G1 F1531.9 X63.694 Y70.718 E2055.79723
G1 F1537.9 X71.758 Y70.717 E2056.00442
G1 F1543.9 X79.822 Y70.716 E2056.21081
G1 F1546.9 X87.886 Y70.715 E2056.41679
G1 F1552.9 X95.95 Y70.714 E2056.62197
G1 F1559.1 X104.014 Y70.713 E2056.82635
G1 F1565.2 X112.078 Y70.713 E2057.02992
G1 F1571.4 X120.142 Y70.712 E2057.23269
G1 F1577.7 X128.206 Y70.711 E2057.43465
G1 F1584 X136.27 Y70.71 E2057.63581
G1 F1587.2 X144.334 Y70.709 E2057.83656
G1 F1593.6 X152.398 Y70.708 E2058.03651
G1 F1600 X160.462 Y70.707 E2058.23566
G1 F1574.6 X162.35 Y70.716 E2058.28304
G1 F1577.7 X169.712 Y70.706 E2058.46742
G1 F1584 X169.96 Y70.713 E2058.47361
G1 X170.336 Y70.706 E2058.48299
G1 F1580.8 X170.606 Y70.715 E2058.48974
G1 X171.768 Y70.706 E2058.51878
G1 F1488.7 X172.167 Y70.746 E2058.52943
G1 F1382.2 X172.454 Y70.746 E2058.53763
G1 X172.454 Y71.033 E2058.54584
G1 F1494.3 X172.497 Y71.444 E2058.55676
G1 F1580.8 X172.482 Y71.932 E2058.56897
G1 F1571.4 X172.494 Y72.328 E2058.57893
G1 F1577.7 X172.484 Y72.593 E2058.58557
G1 F1571.4 X172.493 Y73.949 E2058.61967
G1 F1568.3 X172.483 Y74.949 E2058.64486
G1 F1574.6 X172.495 Y75.418 E2058.65664
G1 F1565.2 X172.48 Y76.133 E2058.67469
G1 F1556 X172.491 Y79.892 E2058.77015
G1 F1571.4 X172.485 Y84.565 E2058.88765
G1 F1549.9 X172.484 Y135.698 E2060.19123
G1 F1574.6 X172.493 Y141.493 E2060.33665
G1 F1571.4 X172.483 Y144.153 E2060.40354
G1 F1565.2 X172.492 Y148.646 E2060.51696
G1 F1477.6 X172.452 Y148.964 E2060.52553
G1 F1375 X172.452 Y149.252 E2060.53381
G1 X172.164 Y149.252 E2060.54208
G1 F1480.4 X171.837 Y149.293 E2060.55088
G1 F1584 X171.114 Y149.286 E2060.56892
G1 X170.948 Y149.293 E2060.57306
G1 F1577.7 X170.402 Y149.284 E2060.58674
G1 X167.8 Y149.294 E2060.6519
G1 F1571.4 X166.255 Y149.282 E2060.69075
G1 F1565.2 X165.605 Y149.292 E2060.70716
G1 F1559.1 X164.366 Y149.28 E2060.73857
G1 F1529 X150.774 Y149.282 E2061.08983
G1 F1540.9 X137.182 Y149.283 E2061.43837
G1 F1546.9 X123.59 Y149.285 E2061.78557
G1 F1559.1 X109.998 Y149.286 E2062.13004
G0 F9000 X110 Y148.786
G1 F1574.6 X127.748 Y148.782 E2062.57543
G1 F1565.2 X145.496 Y148.779 E2063.02346
G1 F1556 X163.244 Y148.775 E2063.47416
G1 F1540.9 X164.362 Y148.76 E2063.50283
G1 F1559.1 X165.218 Y148.796 E2063.52454
G1 F1596.8 X165.576 Y148.796 E2063.5334
G1 F1565.2 X166.241 Y148.766 E2063.55021
G1 F1571.4 X167.768 Y148.802 E2063.58862
G1 F1584 X168.437 Y148.778 E2063.60531
G1 F1549.9 X169.284 Y148.769 E2063.62691
G1 F1546.9 X170.403 Y148.772 E2063.65549
G1 F1577.7 X170.931 Y148.799 E2063.66873
G1 F1584 X171.083 Y148.776 E2063.67257
G1 X171.795 Y148.804 E2063.69034
G1 F1480.4 X171.958 Y148.762 E2063.69484
G1 F1477.6 X171.998 Y148.603 E2063.69922
G1 F1584 X171.984 Y147.835 E2063.71838
G1 F1587.2 X172.001 Y147.645 E2063.72313
G1 F1606.5 X172.002 Y147.176 E2063.73467
G1 F1596.8 X171.99 Y146.898 E2063.74155
G1 F1590.4 X171.996 Y146.74 E2063.74548
G1 F1568.3 X171.969 Y144.157 E2063.81056
G1 F1546.9 X171.975 Y142.651 E2063.84903
G1 F1577.7 X171.999 Y141.503 E2063.87779
G1 F1574.6 X171.972 Y135.699 E2064.02344
G1 F1549.9 X171.975 Y84.565 E2065.32704
G1 F1571.4 X171.993 Y79.898 E2065.44439
G1 X171.975 Y76.83 E2065.52154
G1 F1537.9 X171.96 Y76.125 E2065.53966
G1 F1565.2 X172.005 Y75.491 E2065.5557
G1 F1574.6 X171.966 Y74.956 E2065.56916
G1 F1571.4 X171.999 Y73.995 E2065.59334
G1 F1580.8 X171.978 Y73.577 E2065.6038
G1 F1552.9 X171.972 Y72.569 E2065.62945
G1 F1556 X172.005 Y72.337 E2065.6354
G1 F1549.9 X171.964 Y71.932 E2065.64578
G1 F1580.8 X172.011 Y71.444 E2065.65803
G1 F1494.3 X171.968 Y71.238 E2065.6636
G1 F1488.7 X171.768 Y71.198 E2065.66901
G1 F1580.8 X170.591 Y71.224 E2065.69844
G1 F1577.7 X170.373 Y71.199 E2065.70393
G1 F1584 X169.952 Y71.222 E2065.71445
G1 X169.76 Y71.199 E2065.71928
G1 F1596.8 X169.218 Y71.207 E2065.73269
G1 X168.927 Y71.201 E2065.73989
G1 F1587.2 X166.88 Y71.216 E2065.79085
G1 F1577.7 X166.624 Y71.21 E2065.79727
G1 F1574.6 X165.095 Y71.219 E2065.83564
G1 F1568.3 X162.941 Y71.216 E2065.88991
G1 F1559.1 X162.356 Y71.228 E2065.90474
G1 F1574.6 X160.464 Y71.201 E2065.95222
G1 F1600 X147.5 Y71.204 E2066.27237
G1 F1593.6 X134.536 Y71.206 E2066.59382
G1 F1590.4 X121.572 Y71.209 E2066.91592
G1 F1584 X108.608 Y71.212 E2067.23931
G1 F1577.7 X95.644 Y71.214 E2067.56399
G1 F1571.4 X82.68 Y71.217 E2067.88996
G1 F1568.3 X69.716 Y71.219 E2068.21658
G1 F1562.1 X56.752 Y71.222 E2068.5445
G1 F1543.9 X55.634 Y71.237 E2068.57312
G1 F1565.2 X54.778 Y71.201 E2068.59475
G1 F1603.2 X54.424 Y71.201 E2068.60347
G1 F1571.4 X53.744 Y71.231 E2068.62058
G1 F1574.6 X52.227 Y71.198 E2068.65866
G1 F1587.2 X51.56 Y71.219 E2068.67528
G1 F1556 X50.712 Y71.228 E2068.69681
G1 F1549.9 X49.591 Y71.225 E2068.72539
G1 F1571.4 X49.009 Y71.202 E2068.74004
G1 X48.913 Y71.224 E2068.74251
G1 X48.201 Y71.202 E2068.76042
G1 F1472.1 X48.041 Y71.243 E2068.76486
G1 F1483.1 X47.998 Y71.448 E2068.77044
G1 F1584 X48.025 Y72.217 E2068.78963
G1 F1571.4 X48.002 Y72.322 E2068.79233
G1 F1596.8 X47.998 Y72.82 E2068.80466
G1 F1603.2 X48.007 Y73.085 E2068.81119
G1 F1596.8 X48.001 Y73.256 E2068.81543
G1 F1574.6 X48.028 Y75.839 E2068.88025
G1 F1552.9 X48.022 Y77.345 E2068.91857
G1 F1584 X47.998 Y78.493 E2068.94721
G1 F1580.8 X48.025 Y84.297 E2069.09229
G1 F1552.9 X48.025 Y135.435 E2070.39344
G1 F1571.4 X48.007 Y140.098 E2070.51069
G1 F1574.6 X48.022 Y143.162 E2070.58758
G1 F1543.9 X48.037 Y143.871 E2070.60573
G1 F1571.4 X47.992 Y144.505 E2070.62171
G1 F1577.7 X48.034 Y145.044 E2070.63525
G1 F1571.4 X47.998 Y146 E2070.65931
G1 F1584 X48.019 Y146.422 E2070.66985
G1 F1559.1 X48.025 Y147.429 E2070.69537
G1 F1574.6 X47.999 Y147.622 E2070.70026
G1 F1590.4 X48.013 Y148.101 E2070.71216
G1 X47.999 Y148.595 E2070.72444
G1 F1477.6 X48.041 Y148.757 E2070.72892
G1 X48.246 Y148.799 E2070.73451
G1 F1587.2 X49.298 Y148.784 E2070.76071
G1 X49.68 Y148.799 E2070.77022
G1 F1580.8 X50.048 Y148.775 E2070.77944
G1 F1577.7 X50.24 Y148.798 E2070.78428
G1 F1590.4 X50.782 Y148.79 E2070.79775
G1 X51.069 Y148.796 E2070.80488
G1 F1580.8 X53.112 Y148.781 E2070.85595
G1 F1571.4 X53.372 Y148.79 E2070.86249
G1 X54.9 Y148.778 E2070.90091
G1 F1565.2 X57.059 Y148.784 E2070.95542
G1 F1559.1 X57.64 Y148.769 E2070.97015
G1 F1571.4 X59.532 Y148.796 E2071.01773
G1 F1590.4 X84.766 Y148.791 E2071.64467
G1 F1584 X110 Y148.786 E2072.27414
G1 F1500 E2070.27414
G0 F9000 X167.677 Y79.653
G1 F1500 E2072.27414
G1 F1389.5 X167.982 Y79.666 E2072.28282
G1 X168.25 Y79.661 E2072.29044
G1 F1409.3 X168.498 Y79.612 E2072.29753
G1 X168.83 Y79.487 E2072.30748
G1 X169.101 Y79.324 E2072.31634
G1 F1411.8 X169.333 Y79.128 E2072.32484
G1 F1409.3 X169.585 Y78.81 E2072.33622
G1 F1406.7 X169.746 Y78.497 E2072.34611
G1 X169.849 Y78.137 E2072.35662
G1 F1404.3 X169.881 Y77.777 E2072.36679
G1 F1409.3 X169.839 Y77.379 E2072.37801
G1 F1414.3 X169.609 Y76.785 E2072.39581
G1 F1409.3 X169.31 Y76.446 E2072.40848
G1 F1404.3 X169.053 Y76.242 E2072.41772
G1 X168.779 Y76.086 E2072.42659
G1 X168.478 Y75.978 E2072.43559
G1 F1409.3 X168.025 Y75.898 E2072.44848
G1 F1414.3 X167.395 Y76.007 E2072.46635
G1 F1406.7 X166.934 Y76.243 E2072.48089
G1 F1404.3 X166.538 Y76.607 E2072.49603
G1 F1409.3 X166.265 Y77.071 E2072.51112
G1 X166.176 Y77.336 E2072.51896
G1 X166.126 Y77.636 E2072.52749
G1 F1414.3 X166.126 Y77.977 E2072.53702
G1 F1411.8 X166.182 Y78.281 E2072.54567
G1 F1409.3 X166.34 Y78.728 E2072.55896
G1 X166.75 Y79.205 E2072.5766
G1 F1394.4 X166.971 Y79.364 E2072.58431
G1 X167.23 Y79.522 E2072.59291
G1 F1404.3 X167.677 Y79.653 E2072.60602
G0 F9000 X167.974 Y80.24
G1 F1389.5 X167.602 Y80.212 E2072.61662
G1 F1394.4 X167.247 Y80.123 E2072.627
G1 X166.932 Y80.001 E2072.63657
G1 X166.655 Y79.838 E2072.64568
G1 X166.376 Y79.628 E2072.65557
G1 X166.131 Y79.371 E2072.66563
G1 F1404.3 X165.9 Y79.066 E2072.6764
G1 F1409.3 X165.725 Y78.703 E2072.6877
G1 F1394.4 X165.607 Y78.31 E2072.69933
G1 F1399.3 X165.555 Y77.89 E2072.71128
G1 X165.578 Y77.462 E2072.72338
G1 F1396.8 X165.664 Y77.066 E2072.73484
G1 F1394.4 X165.827 Y76.683 E2072.74664
G1 F1389.5 X166.031 Y76.348 E2072.75779
G1 X166.267 Y76.074 E2072.76808
G1 F1391.9 X166.536 Y75.839 E2072.77822
G1 F1389.5 X166.804 Y75.666 E2072.78729
G1 F1391.9 X167.095 Y75.525 E2072.79647
G1 X167.452 Y75.419 E2072.80704
G1 F1394.4 X167.813 Y75.359 E2072.81741
G1 F1409.3 X168.203 Y75.359 E2072.82834
G1 X168.613 Y75.43 E2072.84001
G1 F1404.3 X169.01 Y75.57 E2072.85185
G1 X169.376 Y75.779 E2072.86371
G1 X169.707 Y76.044 E2072.87564
G1 F1406.7 X169.969 Y76.343 E2072.88681
G1 F1404.3 X170.183 Y76.696 E2072.89843
G1 F1391.9 X170.32 Y77.038 E2072.90889
G1 F1389.5 X170.411 Y77.394 E2072.91933
G1 F1401.8 X170.446 Y77.796 E2072.93071
G1 F1404.3 X170.412 Y78.2 E2072.94212
G1 F1399.3 X170.297 Y78.634 E2072.95479
G1 X170.092 Y79.066 E2072.9683
G1 X169.823 Y79.431 E2072.9811
G1 X169.523 Y79.713 E2072.99273
G1 F1396.8 X169.172 Y79.946 E2073.00464
G1 X168.785 Y80.115 E2073.01659
G1 X168.391 Y80.211 E2073.02806
G1 F1387 X167.974 Y80.24 E2073.03997
G1 F1500 E2071.03997
;MESH:NONMESH
G0 F300 Z1.8
G0 F9000 X167.448 Y81.152
G0 X52.047 Y81.191
G0 X51.974 Y80.24
;TIME_ELAPSED:6811.226041
;LAYER:9
;TYPE:WALL-OUTER
;MESH:SmartKiln_Fondo.stl
G1 F1500 E2073.03997
G1 F1389.5 X51.602 Y80.212 E2073.05058
G1 F1394.4 X51.247 Y80.123 E2073.06095
G1 X50.932 Y80.001 E2073.07052
G1 X50.655 Y79.838 E2073.07963
G1 X50.376 Y79.628 E2073.08953
G1 X50.131 Y79.371 E2073.09959
G1 F1404.3 X49.9 Y79.066 E2073.11035
G1 F1409.3 X49.725 Y78.703 E2073.12165
G1 F1394.4 X49.607 Y78.31 E2073.13328
G1 F1399.3 X49.555 Y77.89 E2073.14523
G1 X49.578 Y77.462 E2073.15733
G1 F1396.8 X49.664 Y77.066 E2073.1688
G1 F1394.4 X49.827 Y76.683 E2073.18059
G1 F1389.5 X50.031 Y76.348 E2073.19175
G1 X50.267 Y76.074 E2073.20203
G1 F1391.9 X50.536 Y75.839 E2073.21217
G1 F1389.5 X50.804 Y75.666 E2073.22124
G1 F1391.9 X51.095 Y75.525 E2073.23042
G1 X51.452 Y75.419 E2073.24099
G1 F1394.4 X51.813 Y75.359 E2073.25136
G1 F1409.3 X52.203 Y75.359 E2073.2623
G1 X52.613 Y75.43 E2073.27396
G1 F1404.3 X53.01 Y75.57 E2073.28581
G1 X53.376 Y75.779 E2073.29767
G1 X53.707 Y76.044 E2073.3096
G1 F1406.7 X53.969 Y76.343 E2073.32077
G1 F1404.3 X54.183 Y76.697 E2073.3324
G1 F1391.9 X54.319 Y77.034 E2073.34272
G1 F1389.5 X54.411 Y77.39 E2073.35318
G1 F1401.8 X54.446 Y77.796 E2073.36466
G1 F1404.3 X54.412 Y78.2 E2073.37607
G1 F1399.3 X54.297 Y78.634 E2073.38875
G1 X54.092 Y79.066 E2073.40225
G1 X53.823 Y79.431 E2073.41506
G1 X53.523 Y79.713 E2073.42668
G1 F1396.8 X53.172 Y79.946 E2073.4386
G1 X52.785 Y80.115 E2073.45055
G1 X52.391 Y80.211 E2073.46202
G1 F1387 X51.974 Y80.24 E2073.47393
G0 F9000 X52.25 Y79.661
G1 F1409.3 X52.498 Y79.612 E2073.48101
G1 X52.83 Y79.487 E2073.49096
G1 X53.101 Y79.324 E2073.49983
G1 F1411.8 X53.333 Y79.128 E2073.50833
G1 F1409.3 X53.585 Y78.81 E2073.5197
G1 F1406.7 X53.746 Y78.497 E2073.52959
G1 X53.849 Y78.137 E2073.54011
G1 F1404.3 X53.881 Y77.777 E2073.55028
G1 F1409.3 X53.842 Y77.405 E2073.56076
G1 F1414.3 X53.61 Y76.786 E2073.57923
G1 F1409.3 X53.31 Y76.446 E2073.59195
G1 F1404.3 X53.053 Y76.242 E2073.60118
G1 X52.779 Y76.086 E2073.61005
G1 X52.478 Y75.978 E2073.61905
G1 F1409.3 X52.025 Y75.898 E2073.63195
G1 F1414.3 X51.395 Y76.007 E2073.64981
G1 F1406.7 X50.934 Y76.243 E2073.66436
G1 F1404.3 X50.538 Y76.607 E2073.67949
G1 F1409.3 X50.265 Y77.071 E2073.69459
G1 X50.176 Y77.336 E2073.70242
G1 X50.126 Y77.636 E2073.71095
G1 F1414.3 X50.126 Y77.977 E2073.72048
G1 F1411.8 X50.182 Y78.281 E2073.72913
G1 F1409.3 X50.34 Y78.728 E2073.74242
G1 X50.75 Y79.205 E2073.76006
G1 F1394.4 X50.971 Y79.364 E2073.76777
G1 X51.23 Y79.522 E2073.77637
G1 F1404.3 X51.677 Y79.653 E2073.78948
G1 F1389.5 X51.982 Y79.666 E2073.79816
G1 X52.25 Y79.661 E2073.80578
G1 F1500 E2071.80578
G0 F9000 X51.974 Y147.24
G1 F1500 E2073.80578
G1 F1389.5 X51.602 Y147.212 E2073.81639
G1 F1394.4 X51.247 Y147.123 E2073.82676
G1 X50.932 Y147.001 E2073.83633
G1 X50.655 Y146.838 E2073.84544
G1 X50.376 Y146.628 E2073.85534
G1 X50.131 Y146.371 E2073.8654
G1 F1404.3 X49.9 Y146.066 E2073.87617
G1 F1409.3 X49.725 Y145.703 E2073.88746
G1 F1394.4 X49.607 Y145.31 E2073.89909
G1 F1399.3 X49.555 Y144.89 E2073.91104
G1 X49.578 Y144.462 E2073.92315
G1 F1396.8 X49.664 Y144.066 E2073.93461
G1 F1394.4 X49.827 Y143.683 E2073.9464
G1 F1389.5 X50.031 Y143.348 E2073.95756
G1 X50.267 Y143.074 E2073.96784
G1 F1391.9 X50.536 Y142.839 E2073.97798
G1 F1389.5 X50.804 Y142.666 E2073.98705
G1 F1391.9 X51.095 Y142.525 E2073.99623
G1 X51.452 Y142.419 E2074.0068
G1 F1394.4 X51.813 Y142.359 E2074.01717
G1 F1409.3 X52.203 Y142.359 E2074.02811
G1 X52.613 Y142.43 E2074.03978
G1 F1404.3 X53.01 Y142.57 E2074.05162
G1 X53.376 Y142.779 E2074.06348
G1 X53.707 Y143.044 E2074.07541
G1 F1406.7 X53.969 Y143.343 E2074.08658
G1 F1404.3 X54.183 Y143.697 E2074.09822
G1 F1391.9 X54.319 Y144.034 E2074.10853
G1 F1389.5 X54.411 Y144.39 E2074.11899
G1 F1401.8 X54.446 Y144.796 E2074.13048
G1 F1404.3 X54.412 Y145.2 E2074.14188
G1 F1399.3 X54.297 Y145.634 E2074.15456
G1 X54.092 Y146.066 E2074.16806
G1 X53.823 Y146.431 E2074.18087
G1 X53.523 Y146.713 E2074.19249
G1 F1396.8 X53.172 Y146.946 E2074.20441
G1 X52.785 Y147.115 E2074.21636
G1 X52.391 Y147.211 E2074.22783
G1 F1387 X51.974 Y147.24 E2074.23974
G0 F9000 X52.25 Y146.661
G1 F1409.3 X52.498 Y146.612 E2074.24683
G1 X52.83 Y146.487 E2074.25677
G1 X53.101 Y146.324 E2074.26564
G1 F1411.8 X53.333 Y146.128 E2074.27414
G1 F1409.3 X53.585 Y145.81 E2074.28552
G1 F1406.7 X53.746 Y145.497 E2074.2954
G1 X53.849 Y145.137 E2074.30592
G1 F1404.3 X53.881 Y144.777 E2074.31609
G1 F1409.3 X53.842 Y144.405 E2074.32658
G1 F1414.3 X53.61 Y143.786 E2074.34505
G1 F1409.3 X53.31 Y143.446 E2074.35776
G1 F1404.3 X53.053 Y143.242 E2074.36699
G1 X52.779 Y143.086 E2074.37586
G1 X52.478 Y142.978 E2074.38486
G1 F1409.3 X52.025 Y142.898 E2074.39776
G1 F1414.3 X51.395 Y143.007 E2074.41562
G1 F1406.7 X50.934 Y143.243 E2074.43017
G1 F1404.3 X50.538 Y143.607 E2074.4453
G1 F1409.3 X50.265 Y144.071 E2074.4604
G1 X50.176 Y144.336 E2074.46824
G1 X50.126 Y144.636 E2074.47676
G1 F1414.3 X50.126 Y144.977 E2074.48629
G1 F1411.8 X50.182 Y145.281 E2074.49494
G1 F1409.3 X50.34 Y145.728 E2074.50824
G1 X50.75 Y146.205 E2074.52587
G1 F1394.4 X50.971 Y146.364 E2074.53359
G1 X51.23 Y146.522 E2074.54218
G1 F1404.3 X51.677 Y146.653 E2074.55529
G1 F1389.5 X51.982 Y146.666 E2074.56397
G1 X52.25 Y146.661 E2074.57159
G1 F1500 E2072.57159
G0 F9000 X167.974 Y147.24
G1 F1500 E2074.57159
G1 F1389.5 X167.602 Y147.212 E2074.5822
G1 F1394.4 X167.247 Y147.123 E2074.59257
G1 X166.932 Y147.001 E2074.60215
G1 X166.655 Y146.838 E2074.61125
G1 X166.376 Y146.628 E2074.62115
G1 X166.131 Y146.371 E2074.63121
G1 F1404.3 X165.9 Y146.066 E2074.64198
G1 F1409.3 X165.725 Y145.703 E2074.65328
G1 F1394.4 X165.607 Y145.31 E2074.6649
G1 F1399.3 X165.555 Y144.89 E2074.67685
G1 X165.578 Y144.462 E2074.68896
G1 F1396.8 X165.664 Y144.066 E2074.70042
G1 F1394.4 X165.827 Y143.683 E2074.71222
G1 F1389.5 X166.031 Y143.348 E2074.72337
G1 X166.267 Y143.074 E2074.73365
G1 F1391.9 X166.536 Y142.839 E2074.74379
G1 F1389.5 X166.804 Y142.666 E2074.75286
G1 F1391.9 X167.095 Y142.525 E2074.76204
G1 X167.452 Y142.419 E2074.77262
G1 F1394.4 X167.813 Y142.359 E2074.78299
G1 F1409.3 X168.203 Y142.359 E2074.79392
G1 X168.613 Y142.43 E2074.80559
G1 F1404.3 X169.01 Y142.57 E2074.81743
G1 X169.376 Y142.779 E2074.82929
G1 X169.707 Y143.044 E2074.84122
G1 F1406.7 X169.969 Y143.343 E2074.85239
G1 F1404.3 X170.183 Y143.697 E2074.86403
G1 F1391.9 X170.319 Y144.034 E2074.87435
G1 F1389.5 X170.411 Y144.39 E2074.8848
G1 F1401.8 X170.446 Y144.796 E2074.89629
G1 F1404.3 X170.412 Y145.2 E2074.9077
G1 F1399.3 X170.297 Y145.634 E2074.92037
G1 X170.092 Y146.066 E2074.93388
G1 X169.823 Y146.431 E2074.94668
G1 X169.523 Y146.713 E2074.95831
G1 F1396.8 X169.172 Y146.946 E2074.97022
G1 X168.785 Y147.115 E2074.98217
G1 X168.391 Y147.211 E2074.99364
G1 F1387 X167.974 Y147.24 E2075.00555
G0 F9000 X167.677 Y146.653
G1 F1389.5 X167.982 Y146.666 E2075.01423
G1 X168.25 Y146.661 E2075.02185
G1 F1409.3 X168.498 Y146.612 E2075.02894
G1 X168.83 Y146.487 E2075.03889
G1 X169.101 Y146.324 E2075.04775
G1 F1411.8 X169.333 Y146.128 E2075.05625
G1 F1409.3 X169.585 Y145.81 E2075.06763
G1 F1406.7 X169.746 Y145.497 E2075.07752
G1 X169.849 Y145.137 E2075.08804
G1 F1404.3 X169.881 Y144.777 E2075.0982
G1 F1409.3 X169.842 Y144.405 E2075.10869
G1 F1414.3 X169.61 Y143.786 E2075.12716
G1 F1409.3 X169.31 Y143.446 E2075.13987
G1 F1404.3 X169.053 Y143.242 E2075.14911
G1 X168.779 Y143.086 E2075.15798
G1 X168.478 Y142.978 E2075.16698
G1 F1409.3 X168.025 Y142.898 E2075.17988
G1 F1414.3 X167.395 Y143.007 E2075.19774
G1 F1406.7 X166.934 Y143.243 E2075.21228
G1 F1404.3 X166.538 Y143.607 E2075.22742
G1 F1409.3 X166.265 Y144.071 E2075.24251
G1 X166.176 Y144.336 E2075.25035
G1 X166.126 Y144.636 E2075.25888
G1 F1414.3 X166.126 Y144.977 E2075.26841
G1 F1411.8 X166.182 Y145.281 E2075.27706
G1 F1409.3 X166.34 Y145.728 E2075.29035
G1 X166.75 Y146.205 E2075.30799
G1 F1394.4 X166.971 Y146.364 E2075.3157
G1 X167.23 Y146.522 E2075.3243
G1 F1404.3 X167.677 Y146.653 E2075.33741
G1 F1500 E2073.33741
G0 F9000 X110 Y149.317
G1 F1500 E2075.33741
G1 F1775.8 X96.508 Y149.316 E2075.63762
G1 F1760 X83.016 Y149.314 E2075.94052
G1 F1752.2 X69.524 Y149.313 E2076.24477
G1 F1736.8 X56.032 Y149.311 E2076.55171
G1 F1775.8 X54.26 Y149.322 E2076.59114
G1 F1783.8 X53.429 Y149.313 E2076.60955
G1 X52.057 Y149.323 E2076.63994
G1 F1800 X50.64 Y149.317 E2076.67105
G1 X48.124 Y149.323 E2076.72628
G1 F1681.5 X47.767 Y149.286 E2076.73471
G1 F1559.1 X47.514 Y149.286 E2076.74113
G1 X47.514 Y149.033 E2076.74754
G1 F1678 X47.478 Y148.747 E2076.75433
G1 F1783.8 X47.487 Y142.936 E2076.88305
G1 X47.477 Y141.447 E2076.91603
G1 F1791.9 X47.485 Y135.539 E2077.04631
G1 F1760 X47.485 Y84.193 E2078.19906
G1 F1795.9 X47.476 Y73.842 E2078.4268
G1 F1808.2 X47.483 Y72.948 E2078.44633
G1 F1804.1 X47.476 Y71.327 E2078.48184
G1 F1685.1 X47.513 Y70.966 E2078.49035
G1 F1565.2 X47.513 Y70.713 E2078.49673
G1 X47.766 Y70.713 E2078.50312
G1 F1681.5 X48.049 Y70.678 E2078.50982
G1 F1779.8 X57.174 Y70.687 E2078.71241
G1 F1783.8 X59.592 Y70.677 E2078.76597
G1 F1820.7 X67.621 Y70.678 E2078.94021
G1 F1812.4 X75.65 Y70.679 E2079.11526
G1 F1804.1 X83.679 Y70.68 E2079.29111
G1 F1800 X91.708 Y70.681 E2079.46736
G1 F1791.9 X99.737 Y70.682 E2079.64441
G1 F1783.8 X107.766 Y70.683 E2079.82227
G1 F1775.8 X115.795 Y70.683 E2080.00092
G1 F1767.9 X123.824 Y70.684 E2080.18037
G1 F1760 X131.853 Y70.685 E2080.36063
G1 F1752.2 X139.882 Y70.686 E2080.54169
G1 F1748.3 X147.911 Y70.687 E2080.72314
G1 F1740.7 X155.94 Y70.688 E2080.9054
G1 F1733 X163.969 Y70.689 E2081.08846
G1 F1775.8 X165.422 Y70.677 E2081.1208
G1 F1787.8 X166.567 Y70.686 E2081.1461
G1 F1791.9 X167.94 Y70.676 E2081.17638
G1 F1804.1 X169.359 Y70.683 E2081.20746
G1 X171.87 Y70.676 E2081.26245
G1 F1685.1 X172.233 Y70.713 E2081.27101
G1 F1562.1 X172.487 Y70.713 E2081.27743
G1 X172.487 Y70.967 E2081.28386
G1 F1685.1 X172.523 Y71.328 E2081.29237
G1 F1779.8 X172.512 Y77.059 E2081.4196
G1 X172.523 Y78.551 E2081.45273
G1 F1791.9 X172.515 Y84.461 E2081.58305
G1 F1756.1 X172.514 Y135.803 E2082.73827
G1 F1783.8 X172.522 Y148.747 E2083.025
G1 F1678 X172.486 Y149.032 E2083.03176
G1 F1559.1 X172.486 Y149.286 E2083.0382
G1 X172.232 Y149.286 E2083.04464
G1 F1678 X171.947 Y149.322 E2083.0514
G1 F1783.8 X170.523 Y149.315 E2083.08294
G1 X167.385 Y149.321 E2083.15245
G1 F1775.8 X162.827 Y149.312 E2083.25388
G1 F1783.8 X160.404 Y149.323 E2083.30755
G1 F1816.5 X143.603 Y149.321 E2083.67301
G1 F1800 X126.802 Y149.319 E2084.04182
G1 F1787.8 X110.001 Y149.317 E2084.41314
G0 F9000 X110 Y148.879
G1 F1808.2 X135.202 Y148.884 E2084.96385
G1 F1816.5 X160.404 Y148.889 E2085.51205
G1 F1783.8 X162.823 Y148.856 E2085.56564
G1 F1760 X163.231 Y148.874 E2085.57481
G1 F1779.8 X165.191 Y148.871 E2085.61832
G1 F1791.9 X166.59 Y148.88 E2085.64917
G1 F1783.8 X166.829 Y148.868 E2085.65447
G1 F1791.9 X167.376 Y148.883 E2085.66654
G1 F1804.1 X168.737 Y148.88 E2085.69635
G1 F1783.8 X169.033 Y148.871 E2085.70291
G1 F1767.9 X170.522 Y148.865 E2085.73619
G1 F1791.9 X171.222 Y148.889 E2085.75163
G1 F1816.5 X171.91 Y148.888 E2085.7666
G1 F1678 X172.052 Y148.852 E2085.77005
G1 X172.088 Y148.71 E2085.7735
G1 F1800 X172.077 Y147.688 E2085.79593
G1 X172.083 Y147.485 E2085.80039
G1 F1791.9 X172.071 Y147.058 E2085.80981
G1 F1800 X172.089 Y146.17 E2085.82931
G1 F1795.9 X172.068 Y144.267 E2085.87118
G1 F1783.8 X172.08 Y143.216 E2085.89446
G1 F1804.1 X172.083 Y140.413 E2085.95585
G1 F1779.8 X172.062 Y135.804 E2086.05818
G1 F1756.1 X172.065 Y84.461 E2087.21342
G1 F1791.9 X172.089 Y78.565 E2087.34344
G1 F1779.8 X172.056 Y77.065 E2087.37675
G1 F1760 X172.074 Y76.813 E2087.38242
G1 F1775.8 X172.071 Y75.578 E2087.4099
G1 F1783.8 X172.08 Y74.671 E2087.42999
G1 X172.068 Y74.549 E2087.43271
G1 F1791.9 X172.083 Y74.208 E2087.44024
G1 F1787.8 X172.068 Y72.751 E2087.47244
G1 F1775.8 X172.079 Y72.678 E2087.47408
G1 F1779.8 X172.068 Y71.933 E2087.49062
G1 F1791.9 X172.085 Y71.755 E2087.49457
G1 F1816.5 X172.089 Y71.326 E2087.5039
G1 F1685.1 X172.053 Y71.145 E2087.50823
G1 X171.871 Y71.108 E2087.51258
G1 F1829.1 X170.915 Y71.111 E2087.53323
G1 F1804.1 X170.362 Y71.125 E2087.54535
G1 F1791.9 X170.307 Y71.118 E2087.54657
G1 F1787.8 X169.362 Y71.129 E2087.56746
G1 F1804.1 X167.958 Y71.108 E2087.59821
G1 F1791.9 X166.573 Y71.138 E2087.62876
G1 F1787.8 X165.746 Y71.111 E2087.64705
G1 F1824.9 X165.436 Y71.111 E2087.65376
G1 F1775.8 X163.972 Y71.147 E2087.68635
G1 F1752.2 X162.889 Y71.129 E2087.71077
G1 F1779.8 X148.132 Y71.126 E2088.03839
G1 F1787.8 X133.375 Y71.124 E2088.36454
G1 F1791.9 X118.618 Y71.121 E2088.68996
G1 F1800 X103.861 Y71.119 E2089.0139
G1 F1808.2 X89.104 Y71.116 E2089.33637
G1 F1812.4 X74.347 Y71.114 E2089.6581
G1 F1820.7 X59.59 Y71.111 E2089.97836
G1 F1783.8 X57.177 Y71.141 E2090.03181
G1 F1767.9 X56.769 Y71.123 E2090.04094
G1 F1783.8 X54.806 Y71.129 E2090.08442
G1 F1791.9 X53.407 Y71.117 E2090.11528
G1 X53.16 Y71.129 E2090.12073
G1 X52.623 Y71.117 E2090.13257
G1 F1804.1 X51.259 Y71.12 E2090.16245
G1 F1787.8 X50.963 Y71.129 E2090.16899
G1 F1771.8 X49.472 Y71.132 E2090.20224
G1 F1795.9 X48.777 Y71.111 E2090.21754
G1 F1820.7 X48.086 Y71.109 E2090.23254
G1 F1681.5 X47.945 Y71.145 E2090.23596
G1 F1685.1 X47.908 Y71.326 E2090.24029
G1 F1824.9 X47.911 Y71.982 E2090.25449
G1 F1808.2 X47.925 Y72.31 E2090.26167
G1 F1791.9 X47.917 Y72.336 E2090.26227
G1 F1783.8 X47.929 Y72.94 E2090.27565
G1 F1808.2 X47.908 Y73.826 E2090.29502
G1 X47.929 Y75.73 E2090.33662
G1 F1795.9 X47.914 Y79.586 E2090.42146
G1 F1783.8 X47.935 Y84.192 E2090.52349
G1 F1760 X47.935 Y135.539 E2091.67626
G1 F1791.9 X47.911 Y141.435 E2091.80628
G1 F1783.8 X47.941 Y142.944 E2091.83971
G1 F1767.9 X47.923 Y143.183 E2091.84507
G1 F1783.8 X47.929 Y144.416 E2091.87238
G1 X47.917 Y145.325 E2091.89252
G1 F1787.8 X47.929 Y145.448 E2091.89525
G1 F1791.9 X47.917 Y145.79 E2091.9028
G1 F1804.1 X47.92 Y146.653 E2091.9217
G1 F1787.8 X47.929 Y146.833 E2091.92568
G1 F1775.8 X47.929 Y147.249 E2091.93494
G1 F1783.8 X47.921 Y147.327 E2091.93667
G1 F1787.8 X47.926 Y147.891 E2091.94914
G1 F1800 X47.911 Y148.231 E2091.95661
G1 F1816.5 X47.909 Y148.71 E2091.96703
G1 F1678 X47.945 Y148.853 E2091.9705
G1 F1681.5 X48.124 Y148.889 E2091.97479
G1 F1808.2 X48.429 Y148.88 E2091.98146
G1 F1800 X49.938 Y148.883 E2092.01459
G1 F1791.9 X50.635 Y148.871 E2092.02996
G1 F1800 X52.038 Y148.889 E2092.06076
G1 F1783.8 X53.423 Y148.859 E2092.09145
G1 X54.25 Y148.886 E2092.10977
G1 F1775.8 X56.025 Y148.853 E2092.14928
G1 F1752.2 X57.112 Y148.868 E2092.17379
G1 F1771.8 X74.741 Y148.872 E2092.56693
G1 F1783.8 X92.37 Y148.875 E2092.95744
G1 F1795.9 X109.999 Y148.879 E2093.3453
G1 F1500 E2091.3453
G0 F9000 X167.677 Y79.653
G1 F1500 E2093.3453
G1 F1389.5 X167.982 Y79.666 E2093.35399
G1 X168.25 Y79.661 E2093.36161
G1 F1409.3 X168.498 Y79.612 E2093.3687
G1 X168.83 Y79.487 E2093.37864
G1 X169.101 Y79.324 E2093.38751
G1 F1411.8 X169.333 Y79.128 E2093.39601
G1 F1409.3 X169.585 Y78.81 E2093.40739
G1 F1406.7 X169.746 Y78.497 E2093.41727
G1 F1404.3 X169.851 Y78.122 E2093.42823
G1 X169.881 Y77.777 E2093.43798
G1 F1409.3 X169.842 Y77.405 E2093.44846
G1 F1414.3 X169.61 Y76.786 E2093.46693
G1 F1409.3 X169.31 Y76.446 E2093.47964
G1 F1404.3 X169.053 Y76.242 E2093.48888
G1 X168.779 Y76.086 E2093.49775
G1 X168.478 Y75.978 E2093.50675
G1 F1409.3 X168.025 Y75.898 E2093.51965
G1 F1414.3 X167.395 Y76.007 E2093.53751
G1 F1406.7 X166.934 Y76.243 E2093.55206
G1 F1404.3 X166.538 Y76.607 E2093.56719
G1 F1409.3 X166.265 Y77.071 E2093.58228
G1 X166.176 Y77.336 E2093.59012
G1 X166.126 Y77.636 E2093.59865
G1 F1414.3 X166.126 Y77.977 E2093.60818
G1 F1411.8 X166.182 Y78.281 E2093.61683
G1 F1409.3 X166.34 Y78.728 E2093.63012
G1 X166.75 Y79.205 E2093.64776
G1 F1394.4 X166.971 Y79.364 E2093.65547
G1 X167.23 Y79.522 E2093.66407
G1 F1404.3 X167.677 Y79.653 E2093.67718
G0 F9000 X167.974 Y80.24
G1 F1389.5 X167.602 Y80.212 E2093.68779
G1 F1394.4 X167.247 Y80.123 E2093.69816
G1 X166.932 Y80.001 E2093.70773
G1 X166.655 Y79.838 E2093.71684
G1 X166.376 Y79.628 E2093.72673
G1 X166.131 Y79.371 E2093.73679
G1 F1404.3 X165.9 Y79.066 E2093.74756
G1 F1409.3 X165.725 Y78.703 E2093.75886
G1 F1394.4 X165.607 Y78.31 E2093.77049
G1 F1399.3 X165.555 Y77.89 E2093.78244
G1 X165.578 Y77.462 E2093.79454
G1 F1396.8 X165.664 Y77.066 E2093.806
G1 F1394.4 X165.827 Y76.683 E2093.8178
G1 F1389.5 X166.031 Y76.348 E2093.82895
G1 X166.267 Y76.074 E2093.83924
G1 F1391.9 X166.536 Y75.839 E2093.84938
G1 F1389.5 X166.804 Y75.666 E2093.85845
G1 F1391.9 X167.095 Y75.525 E2093.86763
G1 X167.452 Y75.419 E2093.8782
G1 F1394.4 X167.813 Y75.359 E2093.88857
G1 F1409.3 X168.203 Y75.359 E2093.8995
G1 X168.613 Y75.43 E2093.91117
G1 F1404.3 X169.01 Y75.57 E2093.92301
G1 X169.376 Y75.779 E2093.93487
G1 X169.707 Y76.044 E2093.94681
G1 F1406.7 X169.969 Y76.343 E2093.95797
G1 F1404.3 X170.183 Y76.697 E2093.96961
G1 F1391.9 X170.319 Y77.034 E2093.97993
G1 F1389.5 X170.411 Y77.39 E2093.99038
G1 F1401.8 X170.446 Y77.796 E2094.00187
G1 F1404.3 X170.412 Y78.2 E2094.01328
G1 F1399.3 X170.297 Y78.634 E2094.02596
G1 X170.092 Y79.066 E2094.03946
G1 X169.823 Y79.431 E2094.05226
G1 X169.523 Y79.713 E2094.06389
G1 F1396.8 X169.172 Y79.946 E2094.07581
G1 X168.785 Y80.115 E2094.08775
G1 X168.391 Y80.211 E2094.09922
G1 F1387 X167.974 Y80.24 E2094.11113
G1 F1500 E2092.11113
;MESH:NONMESH
G0 F300 Z1.92
G0 F9000 X167.448 Y81.152
G0 X52.047 Y81.191
G0 X51.974 Y80.24
;TIME_ELAPSED:6849.693107
;LAYER:10
;TYPE:WALL-OUTER
;MESH:SmartKiln_Fondo.stl
G1 F1500 E2094.11113
G1 F1389.5 X51.602 Y80.212 E2094.12174
G1 F1394.4 X51.247 Y80.123 E2094.13211
G1 X50.932 Y80.001 E2094.14168
G1 X50.655 Y79.838 E2094.15079
G1 X50.376 Y79.628 E2094.16069
G1 X50.131 Y79.371 E2094.17075
G1 F1404.3 X49.9 Y79.066 E2094.18151
G1 F1409.3 X49.725 Y78.703 E2094.19281
G1 F1394.4 X49.607 Y78.31 E2094.20444
G1 F1399.3 X49.555 Y77.889 E2094.21642
G1 X49.574 Y77.465 E2094.2284
G1 F1396.8 X49.663 Y77.067 E2094.23994
G1 F1394.4 X49.827 Y76.683 E2094.25177
G1 F1389.5 X50.031 Y76.348 E2094.26293
G1 X50.267 Y76.074 E2094.27321
G1 F1394.4 X50.535 Y75.839 E2094.28331
G1 F1399.3 X50.803 Y75.664 E2094.29235
G1 F1394.4 X51.095 Y75.527 E2094.30149
G1 X51.452 Y75.416 E2094.31208
G1 F1409.3 X51.813 Y75.357 E2094.32234
G1 F1411.8 X52.203 Y75.361 E2094.33326
G1 F1409.3 X52.614 Y75.43 E2094.34494
G1 F1406.7 X53.01 Y75.57 E2094.35674
G1 F1404.3 X53.376 Y75.779 E2094.3686
G1 F1399.3 X53.708 Y76.047 E2094.38065
G1 F1404.3 X53.969 Y76.343 E2094.39175
G1 X54.183 Y76.697 E2094.40339
G1 F1391.9 X54.319 Y77.034 E2094.41371
G1 F1387 X54.41 Y77.39 E2094.42417
G1 F1399.3 X54.446 Y77.796 E2094.43568
G1 F1404.3 X54.412 Y78.2 E2094.44709
G1 F1399.3 X54.297 Y78.634 E2094.45977
G1 X54.092 Y79.066 E2094.47327
G1 X53.823 Y79.431 E2094.48608
G1 X53.523 Y79.713 E2094.4977
G1 F1396.8 X53.172 Y79.946 E2094.50962
G1 X52.785 Y80.115 E2094.52157
G1 X52.391 Y80.211 E2094.53304
G1 F1387 X51.974 Y80.24 E2094.54495
G0 F9000 X52.25 Y79.661
G1 F1409.3 X52.498 Y79.612 E2094.55203
G1 X52.83 Y79.487 E2094.56198
G1 X53.101 Y79.324 E2094.57085
G1 F1411.8 X53.333 Y79.128 E2094.57935
G1 F1409.3 X53.585 Y78.81 E2094.59072
G1 F1406.7 X53.746 Y78.497 E2094.60061
G1 X53.849 Y78.137 E2094.61113
G1 F1404.3 X53.881 Y77.777 E2094.6213
G1 X53.837 Y77.393 E2094.63217
G1 F1409.3 X53.611 Y76.787 E2094.65031
G1 F1404.3 X53.305 Y76.444 E2094.66324
G1 F1399.3 X53.053 Y76.242 E2094.67236
G1 F1404.3 X52.779 Y76.086 E2094.68123
G1 F1411.8 X52.327 Y75.926 E2094.69465
G1 F1419.4 X51.744 Y75.914 E2094.71089
G1 F1414.3 X51.179 Y76.105 E2094.72755
G1 F1401.8 X50.901 Y76.271 E2094.73668
G1 F1404.3 X50.538 Y76.607 E2094.75059
G1 F1409.3 X50.265 Y77.071 E2094.76569
G1 F1411.8 X50.166 Y77.367 E2094.77442
G1 F1409.3 X50.125 Y77.64 E2094.78216
G1 F1411.8 X50.126 Y77.977 E2094.7916
G1 X50.182 Y78.281 E2094.80025
G1 F1409.3 X50.34 Y78.728 E2094.81354
G1 X50.75 Y79.205 E2094.83118
G1 F1394.4 X50.971 Y79.364 E2094.83889
G1 X51.23 Y79.522 E2094.84749
G1 F1404.3 X51.677 Y79.653 E2094.8606
G1 F1389.5 X51.982 Y79.666 E2094.86928
G1 X52.25 Y79.661 E2094.8769
G1 F1500 E2092.8769
G0 F9000 X51.974 Y147.24
G1 F1500 E2094.8769
G1 F1389.5 X51.602 Y147.212 E2094.88751
G1 F1394.4 X51.247 Y147.123 E2094.89788
G1 X50.932 Y147.001 E2094.90745
G1 X50.655 Y146.838 E2094.91656
G1 X50.376 Y146.628 E2094.92646
G1 X50.131 Y146.371 E2094.93652
G1 F1404.3 X49.9 Y146.066 E2094.94728
G1 F1409.3 X49.725 Y145.703 E2094.95858
G1 F1394.4 X49.607 Y145.31 E2094.97021
G1 F1399.3 X49.555 Y144.89 E2094.98216
G1 X49.578 Y144.462 E2094.99426
G1 F1396.8 X49.664 Y144.066 E2095.00573
G1 F1394.4 X49.827 Y143.683 E2095.01752
G1 F1389.5 X50.031 Y143.348 E2095.02868
G1 X50.267 Y143.074 E2095.03896
G1 F1391.9 X50.536 Y142.839 E2095.0491
G1 F1389.5 X50.804 Y142.666 E2095.05817
G1 F1391.9 X51.095 Y142.525 E2095.06735
G1 X51.452 Y142.419 E2095.07792
G1 F1394.4 X51.813 Y142.359 E2095.08829
G1 F1409.3 X52.203 Y142.359 E2095.09923
G1 X52.613 Y142.43 E2095.11089
G1 F1404.3 X53.01 Y142.57 E2095.12274
G1 X53.376 Y142.779 E2095.1346
G1 X53.707 Y143.044 E2095.14653
G1 F1406.7 X53.969 Y143.343 E2095.1577
G1 F1404.3 X54.183 Y143.697 E2095.16933
G1 F1391.9 X54.319 Y144.034 E2095.17965
G1 F1389.5 X54.411 Y144.39 E2095.19011
G1 F1401.8 X54.446 Y144.796 E2095.20159
G1 F1404.3 X54.412 Y145.2 E2095.213
G1 F1399.3 X54.297 Y145.634 E2095.22568
G1 X54.092 Y146.066 E2095.23918
G1 X53.823 Y146.431 E2095.25199
G1 X53.523 Y146.713 E2095.26361
G1 F1396.8 X53.172 Y146.946 E2095.27553
G1 X52.785 Y147.115 E2095.28748
G1 X52.391 Y147.211 E2095.29895
G1 F1387 X51.974 Y147.24 E2095.31086
G0 F9000 X52.25 Y146.661
G1 F1409.3 X52.498 Y146.612 E2095.31794
G1 X52.83 Y146.487 E2095.32789
G1 X53.101 Y146.324 E2095.33676
G1 F1411.8 X53.333 Y146.128 E2095.34526
G1 F1409.3 X53.585 Y145.81 E2095.35663
G1 F1406.7 X53.746 Y145.497 E2095.36652
G1 X53.849 Y145.137 E2095.37704
G1 F1404.3 X53.881 Y144.777 E2095.38721
G1 F1409.3 X53.842 Y144.405 E2095.39769
G1 F1414.3 X53.61 Y143.786 E2095.41616
G1 F1409.3 X53.31 Y143.446 E2095.42888
G1 F1404.3 X53.053 Y143.242 E2095.43811
G1 X52.779 Y143.086 E2095.44698
G1 X52.478 Y142.978 E2095.45598
G1 F1409.3 X52.025 Y142.898 E2095.46888
G1 F1414.3 X51.395 Y143.007 E2095.48674
G1 F1406.7 X50.934 Y143.243 E2095.50129
G1 F1404.3 X50.538 Y143.607 E2095.51642
G1 F1409.3 X50.265 Y144.071 E2095.53152
G1 X50.176 Y144.336 E2095.53935
G1 X50.126 Y144.636 E2095.54788
G1 F1414.3 X50.126 Y144.977 E2095.55741
G1 F1411.8 X50.182 Y145.281 E2095.56606
G1 F1409.3 X50.34 Y145.728 E2095.57935
G1 X50.75 Y146.205 E2095.59699
G1 F1394.4 X50.971 Y146.364 E2095.6047
G1 X51.23 Y146.522 E2095.6133
G1 F1404.3 X51.677 Y146.653 E2095.62641
G1 F1389.5 X51.982 Y146.666 E2095.63509
G1 X52.25 Y146.661 E2095.64271
G1 F1500 E2093.64271
G0 F9000 X167.974 Y147.24
G1 F1500 E2095.64271
G1 F1389.5 X167.602 Y147.212 E2095.65332
G1 F1394.4 X167.247 Y147.123 E2095.66369
G1 X166.932 Y147.001 E2095.67326
G1 X166.655 Y146.838 E2095.68237
G1 X166.376 Y146.628 E2095.69227
G1 X166.131 Y146.371 E2095.70233
G1 F1404.3 X165.9 Y146.066 E2095.7131
G1 F1409.3 X165.725 Y145.703 E2095.72439
G1 F1394.4 X165.607 Y145.31 E2095.73602
G1 F1399.3 X165.555 Y144.89 E2095.74797
G1 X165.578 Y144.462 E2095.76008
G1 F1396.8 X165.664 Y144.066 E2095.77154
G1 F1394.4 X165.827 Y143.683 E2095.78333
G1 F1389.5 X166.031 Y143.348 E2095.79449
G1 X166.267 Y143.074 E2095.80477
G1 F1394.4 X166.535 Y142.839 E2095.81487
G1 X166.804 Y142.665 E2095.82395
G1 F1391.9 X167.095 Y142.526 E2095.83311
G1 F1389.5 X167.452 Y142.419 E2095.8437
G1 F1394.4 X167.813 Y142.359 E2095.85407
G1 F1404.3 X168.203 Y142.361 E2095.86505
G1 F1409.3 X168.614 Y142.43 E2095.87673
G1 F1406.7 X169.01 Y142.57 E2095.88853
G1 F1404.3 X169.376 Y142.779 E2095.90039
G1 X169.707 Y143.044 E2095.91232
G1 F1406.7 X169.969 Y143.343 E2095.92349
G1 F1404.3 X170.183 Y143.697 E2095.93513
G1 F1391.9 X170.319 Y144.034 E2095.94544
G1 F1389.5 X170.411 Y144.39 E2095.9559
G1 F1401.8 X170.446 Y144.796 E2095.96739
G1 F1404.3 X170.412 Y145.2 E2095.97879
G1 F1399.3 X170.297 Y145.634 E2095.99147
G1 X170.092 Y146.066 E2096.00498
G1 X169.823 Y146.431 E2096.01778
G1 X169.523 Y146.713 E2096.02941
G1 F1396.8 X169.172 Y146.946 E2096.04132
G1 X168.785 Y147.115 E2096.05327
G1 X168.391 Y147.211 E2096.06474
G1 F1387 X167.974 Y147.24 E2096.07665
G0 F9000 X167.677 Y146.653
G1 F1389.5 X167.982 Y146.666 E2096.08533
G1 X168.25 Y146.661 E2096.09295
G1 F1409.3 X168.498 Y146.612 E2096.10004
G1 X168.83 Y146.487 E2096.10999
G1 X169.101 Y146.324 E2096.11885
G1 F1406.7 X169.361 Y146.099 E2096.12851
G1 F1404.3 X169.585 Y145.81 E2096.1388
G1 F1406.7 X169.746 Y145.497 E2096.14869
G1 X169.849 Y145.137 E2096.1592
G1 F1404.3 X169.881 Y144.777 E2096.16937
G1 F1409.3 X169.842 Y144.405 E2096.17986
G1 F1414.3 X169.61 Y143.786 E2096.19833
G1 F1409.3 X169.31 Y143.446 E2096.21104
G1 F1404.3 X169.053 Y143.242 E2096.22028
G1 X168.779 Y143.086 E2096.22915
G1 F1409.3 X168.344 Y142.932 E2096.24209
G1 X167.873 Y142.92 E2096.2553
G1 F1404.3 X167.391 Y143.013 E2096.26911
G1 F1399.3 X166.934 Y143.24 E2096.28352
G1 F1404.3 X166.538 Y143.607 E2096.29871
G1 F1409.3 X166.265 Y144.071 E2096.3138
G1 X166.176 Y144.336 E2096.32164
G1 X166.126 Y144.636 E2096.33017
G1 F1414.3 X166.126 Y144.977 E2096.3397
G1 F1411.8 X166.182 Y145.281 E2096.34835
G1 F1409.3 X166.34 Y145.728 E2096.36164
G1 X166.75 Y146.205 E2096.37928
G1 F1394.4 X166.971 Y146.364 E2096.38699
G1 X167.23 Y146.522 E2096.39559
G1 F1404.3 X167.677 Y146.653 E2096.4087
G1 F1500 E2094.4087
G0 F9000 X110 Y149.341
G1 F1500 E2096.4087
G1 F1985 X79.021 Y149.339 E2097.02537
G1 F1970.1 X48.042 Y149.338 E2097.64668
G1 F1890.2 X47.493 Y149.284 E2097.65821
G1 F1756.1 X47.493 Y149.074 E2097.66294
G1 F1833.3 X47.457 Y148.8 E2097.66889
G1 F2010.2 X47.456 Y144.689 E2097.7497
G1 X47.458 Y120.531 E2098.22457
G1 F1995 X47.459 Y96.373 E2098.70305
G1 F1980 X47.461 Y72.215 E2099.18515
G1 F2000 X47.456 Y71.252 E2099.20418
G1 F1936.4 X47.513 Y70.69 E2099.2157
G1 F1787.8 X47.719 Y70.69 E2099.22026
G1 F1850.5 X47.976 Y70.657 E2099.22579
G1 F2010.2 X54.449 Y70.656 E2099.35303
G1 F2015.3 X69.58 Y70.657 E2099.6497
G1 F2005.1 X84.711 Y70.658 E2099.94788
G1 F2000 X99.842 Y70.659 E2100.24682
G1 F1989.9 X114.973 Y70.659 E2100.54726
G1 F1980 X130.104 Y70.66 E2100.84922
G1 F1975.1 X145.235 Y70.661 E2101.15193
G1 F1965.3 X160.366 Y70.662 E2101.45615
G1 F1989.9 X169.211 Y70.656 E2101.63178
G1 F1980 X171.957 Y70.664 E2101.68658
G1 F1922.3 X172.482 Y70.716 E2101.69742
G1 F1955.6 X172.543 Y71.285 E2101.70898
G1 F1989.9 X172.539 Y73.935 E2101.7616
G1 F1965.3 X172.538 Y147.783 E2103.24637
G1 F1980 X172.542 Y148.82 E2103.26707
G1 F1846.2 X172.509 Y149.078 E2103.27263
G1 F1714.3 X172.509 Y149.309 E2103.27796
G1 X172.278 Y149.309 E2103.28328
G1 F1841.9 X172.02 Y149.342 E2103.28886
G1 F2000 X165.547 Y149.343 E2103.41675
G1 X110 Y149.341 E2104.51416
G0 F9000 X110 Y148.94
G1 F1989.9 X137.773 Y148.944 E2105.06563
G1 F2000 X165.546 Y148.949 E2105.61433
G1 F1989.9 X167.752 Y148.937 E2105.65813
G1 X170.699 Y148.946 E2105.71665
G1 F1980 X171.148 Y148.931 E2105.72561
G1 F1970.1 X171.986 Y148.948 E2105.74242
G1 F1841.9 X172.115 Y148.915 E2105.74528
G1 F1846.2 X172.148 Y148.786 E2105.74813
G1 F2005.1 X172.149 Y148.268 E2105.75834
G1 F1985 X172.134 Y147.791 E2105.76784
G1 X172.149 Y147.252 E2105.77857
G1 F2010.2 X172.149 Y75.316 E2107.1926
G1 F1989.9 X172.137 Y73.937 E2107.21998
G1 F1985 X172.146 Y72.082 E2107.25691
G1 F1989.9 X172.14 Y71.828 E2107.26195
G1 F1995 X172.149 Y71.281 E2107.27279
G1 F1833.3 X172.111 Y71.103 E2107.27671
G1 F1804.1 X171.955 Y71.072 E2107.2802
G1 F1980 X169.219 Y71.048 E2107.3348
G1 F2015.3 X166.589 Y71.051 E2107.38636
G1 F1995 X166.265 Y71.06 E2107.39278
G1 X166.018 Y71.051 E2107.39768
G1 X165.58 Y71.06 E2107.40636
G1 X163.218 Y71.051 E2107.45314
G1 F1985 X160.368 Y71.066 E2107.50987
G1 F1965.3 X145.237 Y71.063 E2107.81409
G1 F1975.1 X130.106 Y71.061 E2108.1168
G1 F1980 X114.975 Y71.058 E2108.41876
G1 F1989.9 X99.844 Y71.056 E2108.7192
G1 F2000 X84.713 Y71.053 E2109.01814
G1 F2005.1 X69.582 Y71.051 E2109.31632
G1 F2015.3 X54.451 Y71.048 E2109.61299
G1 F2000 X52.244 Y71.06 E2109.6566
G1 F1995 X49.301 Y71.051 E2109.71489
G1 F1985 X48.854 Y71.066 E2109.72379
G1 F1980 X48.483 Y71.051 E2109.7312
G1 F2000 X48.01 Y71.049 E2109.74054
G1 F1850.5 X47.881 Y71.081 E2109.74338
G1 F1859.2 X47.848 Y71.248 E2109.747
G1 F2000 X47.863 Y72.211 E2109.76603
G1 X47.848 Y73.011 E2109.78184
G1 F2010.2 X47.854 Y73.38 E2109.78909
G1 X47.848 Y144.687 E2111.19075
G1 F2000 X47.86 Y146.059 E2111.21786
G1 X47.851 Y147.898 E2111.25419
G1 F1989.9 X47.863 Y148.165 E2111.2595
G1 X47.849 Y148.766 E2111.27144
G1 F1833.3 X47.885 Y148.903 E2111.27449
G1 F1820.7 X48.043 Y148.934 E2111.27798
G1 F1989.9 X50.781 Y148.949 E2111.33235
G1 F2005.1 X53.407 Y148.946 E2111.3841
G1 F1989.9 X53.731 Y148.937 E2111.39054
G1 X53.978 Y148.946 E2111.39544
G1 X54.415 Y148.937 E2111.40412
G1 X56.778 Y148.949 E2111.45104
G1 F1980 X59.629 Y148.931 E2111.50794
G1 F1960.4 X84.815 Y148.936 E2112.01558
G1 F1980 X110.001 Y148.94 E2112.51819
G1 F1500 E2110.51819
G0 F9000 X167.677 Y79.653
G1 F1500 E2112.51819
G1 F1389.5 X167.982 Y79.666 E2112.52688
G1 X168.25 Y79.661 E2112.5345
G1 F1409.3 X168.498 Y79.612 E2112.54159
G1 X168.83 Y79.487 E2112.55153
G1 X169.101 Y79.324 E2112.5604
G1 F1411.8 X169.333 Y79.128 E2112.5689
G1 F1409.3 X169.585 Y78.81 E2112.58028
G1 F1406.7 X169.746 Y78.497 E2112.59016
G1 X169.849 Y78.137 E2112.60068
G1 F1404.3 X169.881 Y77.777 E2112.61085
G1 F1409.3 X169.842 Y77.405 E2112.62134
G1 F1414.3 X169.61 Y76.786 E2112.63981
G1 F1409.3 X169.31 Y76.446 E2112.65252
G1 F1404.3 X169.053 Y76.242 E2112.66175
G1 X168.779 Y76.086 E2112.67062
G1 F1409.3 X168.344 Y75.932 E2112.68356
G1 X167.873 Y75.92 E2112.69677
G1 F1404.3 X167.393 Y76.013 E2112.71053
G1 F1399.3 X166.944 Y76.234 E2112.72466
G1 F1404.3 X166.538 Y76.607 E2112.74018
G1 F1409.3 X166.265 Y77.071 E2112.75527
G1 X166.176 Y77.336 E2112.76311
G1 X166.126 Y77.636 E2112.77164
G1 X166.129 Y77.99 E2112.78156
G1 X166.174 Y78.253 E2112.78904
G1 X166.339 Y78.728 E2112.80314
G1 X166.75 Y79.205 E2112.8208
G1 F1394.4 X166.971 Y79.364 E2112.82851
G1 X167.23 Y79.522 E2112.83711
G1 F1404.3 X167.677 Y79.653 E2112.85021
G0 F9000 X167.974 Y80.24
G1 F1389.5 X167.602 Y80.212 E2112.86082
G1 F1394.4 X167.247 Y80.123 E2112.87119
G1 X166.932 Y80.001 E2112.88077
G1 X166.655 Y79.838 E2112.88987
G1 X166.376 Y79.628 E2112.89977
G1 X166.131 Y79.371 E2112.90983
G1 F1404.3 X165.9 Y79.066 E2112.9206
G1 F1409.3 X165.725 Y78.703 E2112.9319
G1 F1394.4 X165.607 Y78.31 E2112.94352
G1 X165.556 Y77.89 E2112.95551
G1 F1399.3 X165.578 Y77.462 E2112.96762
G1 F1396.8 X165.664 Y77.066 E2112.97908
G1 F1394.4 X165.827 Y76.683 E2112.99087
G1 F1389.5 X166.031 Y76.348 E2113.00203
G1 X166.267 Y76.074 E2113.01231
G1 F1391.9 X166.536 Y75.839 E2113.02245
G1 F1389.5 X166.804 Y75.666 E2113.03152
G1 X167.095 Y75.526 E2113.04071
G1 X167.452 Y75.419 E2113.0513
G1 F1394.4 X167.813 Y75.359 E2113.06167
G1 F1404.3 X168.203 Y75.361 E2113.07265
G1 F1409.3 X168.614 Y75.43 E2113.08433
G1 F1406.7 X169.01 Y75.57 E2113.09613
G1 F1404.3 X169.376 Y75.779 E2113.10799
G1 X169.707 Y76.044 E2113.11992
G1 F1406.7 X169.969 Y76.343 E2113.13109
G1 F1404.3 X170.183 Y76.697 E2113.14273
G1 F1391.9 X170.319 Y77.034 E2113.15304
G1 F1389.5 X170.411 Y77.39 E2113.1635
G1 F1401.8 X170.446 Y77.796 E2113.17499
G1 F1404.3 X170.412 Y78.2 E2113.18639
G1 F1399.3 X170.297 Y78.634 E2113.19907
G1 X170.092 Y79.066 E2113.21258
G1 X169.823 Y79.431 E2113.22538
G1 X169.523 Y79.713 E2113.237
G1 F1396.8 X169.172 Y79.946 E2113.24892
G1 X168.785 Y80.115 E2113.26087
G1 X168.391 Y80.211 E2113.27234
G1 F1387 X167.974 Y80.24 E2113.28425
G1 F1500 E2111.28425
;MESH:NONMESH
G0 F300 Z2.08
G0 F9000 X51.996 Y79.446
;TIME_ELAPSED:6885.229846
;LAYER:11
;TYPE:WALL-INNER
;MESH:SmartKiln_Fondo.stl
G1 F1500 E2113.28425
G1 F1850.5 X51.573 Y79.403 E2113.29635
G1 F1867.9 X51.142 Y79.209 E2113.30968
G1 F1876.8 X50.775 Y78.923 E2113.32274
G1 F1850.5 X50.595 Y78.648 E2113.3321
G1 X50.433 Y78.352 E2113.34171
G1 F1867.9 X50.348 Y77.848 E2113.35612
G1 F1859.2 X50.368 Y77.585 E2113.3636
G1 F1850.5 X50.458 Y77.171 E2113.37566
G1 F1859.2 X50.758 Y76.691 E2113.3917
G1 F1863.5 X51.18 Y76.344 E2113.40715
G1 F1872.3 X51.688 Y76.166 E2113.42229
G1 F1876.8 X52.142 Y76.153 E2113.43504
G1 F1859.2 X52.404 Y76.209 E2113.44264
G1 F1854.8 X52.776 Y76.326 E2113.45371
G1 F1876.8 X53.214 Y76.672 E2113.46938
G1 F1867.9 X53.446 Y76.996 E2113.48062
G1 X53.62 Y77.462 E2113.49465
G1 F1876.8 X53.652 Y77.796 E2113.50407
G1 F1854.8 X53.618 Y78.056 E2113.51152
G1 F1850.5 X53.548 Y78.37 E2113.52068
G1 F1867.9 X53.407 Y78.663 E2113.52985
G1 F1850.5 X53.224 Y78.89 E2113.53815
G1 F1846.2 X53.02 Y79.095 E2113.5464
G1 F1859.2 X52.691 Y79.31 E2113.55754
G1 X52.245 Y79.428 E2113.57061
G1 F1850.5 X51.996 Y79.446 E2113.57772
G0 F9000 X51.976 Y79.872
G1 F1850.5 X52.332 Y79.845 E2113.58788
G1 X52.665 Y79.761 E2113.59766
G1 X52.995 Y79.62 E2113.60788
G1 F1859.2 X53.292 Y79.422 E2113.61799
G1 F1846.2 X53.542 Y79.182 E2113.62788
G1 F1850.5 X53.773 Y78.876 E2113.6388
G1 F1867.9 X53.949 Y78.507 E2113.65033
G1 F1850.5 X54.042 Y78.133 E2113.6613
G1 F1854.8 X54.074 Y77.796 E2113.67092
G1 F1867.9 X54.045 Y77.45 E2113.68071
G1 F1850.5 X53.968 Y77.151 E2113.6895
G1 F1846.2 X53.852 Y76.866 E2113.69828
G1 F1854.8 X53.667 Y76.564 E2113.70834
G1 F1859.2 X53.449 Y76.313 E2113.71776
G1 F1850.5 X53.167 Y76.087 E2113.72805
G1 F1859.2 X52.856 Y75.909 E2113.73821
G1 F1850.5 X52.52 Y75.793 E2113.74833
G1 F1859.2 X52.171 Y75.731 E2113.75837
G1 X51.841 Y75.732 E2113.76772
G1 X51.534 Y75.776 E2113.77651
G1 X51.229 Y75.872 E2113.78557
G1 X50.984 Y75.986 E2113.79323
G1 F1863.5 X50.759 Y76.135 E2113.80086
G1 F1859.2 X50.528 Y76.334 E2113.8095
G1 X50.332 Y76.566 E2113.81811
G1 F1854.8 X50.153 Y76.858 E2113.82783
G1 F1859.2 X50.022 Y77.171 E2113.83745
G1 F1850.5 X49.947 Y77.512 E2113.84739
G1 F1859.2 X49.926 Y77.877 E2113.85775
G1 F1854.8 X49.972 Y78.234 E2113.86797
G1 F1850.5 X50.069 Y78.568 E2113.87788
G1 F1846.2 X50.223 Y78.87 E2113.88755
G1 F1850.5 X50.411 Y79.134 E2113.89678
G1 F1859.2 X50.624 Y79.349 E2113.90535
G1 F1854.8 X50.859 Y79.531 E2113.9138
G1 X51.095 Y79.664 E2113.92149
G1 F1850.5 X51.359 Y79.773 E2113.92962
G1 X51.663 Y79.844 E2113.93851
G1 X51.976 Y79.872 E2113.94746
G0 F9000 X51.974 Y80.307
;TYPE:WALL-OUTER
G1 F1800 X52.4 Y80.274 E2113.95996
G1 X52.805 Y80.174 E2113.97217
G1 X53.202 Y80.001 E2113.98485
G1 X53.562 Y79.762 E2113.9975
G1 X53.87 Y79.473 E2114.00986
G1 X54.146 Y79.098 E2114.02349
G1 X54.356 Y78.656 E2114.03781
G1 X54.474 Y78.206 E2114.05143
G1 X54.507 Y77.796 E2114.06346
G1 X54.474 Y77.38 E2114.07568
G1 X54.382 Y77.014 E2114.08672
G1 X54.239 Y76.669 E2114.09766
G1 X54.017 Y76.307 E2114.11008
G1 X53.75 Y76 E2114.12199
G1 X53.411 Y75.727 E2114.13473
G1 X53.036 Y75.514 E2114.14736
G1 X52.628 Y75.37 E2114.16002
G1 X52.208 Y75.3 E2114.17248
G1 X51.809 Y75.297 E2114.18416
G1 X51.438 Y75.355 E2114.19515
G1 X51.072 Y75.466 E2114.20634
G1 X50.773 Y75.609 E2114.21605
G1 X50.497 Y75.789 E2114.22569
G1 X50.221 Y76.028 E2114.23638
G1 X49.979 Y76.31 E2114.24725
G1 X49.765 Y76.661 E2114.25928
G1 X49.607 Y77.039 E2114.27128
G1 X49.515 Y77.454 E2114.28372
G1 X49.493 Y77.892 E2114.29655
G1 X49.545 Y78.323 E2114.30926
G1 X49.666 Y78.727 E2114.3216
G1 X49.849 Y79.097 E2114.33369
G1 X50.081 Y79.413 E2114.34516
G1 X50.335 Y79.675 E2114.35584
G1 X50.619 Y79.892 E2114.3663
G1 X50.905 Y80.057 E2114.37596
G1 X51.227 Y80.186 E2114.38612
G1 X51.592 Y80.274 E2114.39711
G1 X51.974 Y80.307 E2114.40833
G0 F9000 X52.098 Y79.016
G1 F1800 X51.692 Y78.978 E2114.42026
G1 X51.342 Y78.826 E2114.43143
G1 X51.058 Y78.575 E2114.44253
G1 X50.85 Y78.221 E2114.45454
G1 X50.772 Y77.772 E2114.46788
G1 X50.868 Y77.339 E2114.48086
G1 X51.088 Y76.985 E2114.49306
G1 X51.367 Y76.751 E2114.50372
G1 X51.733 Y76.606 E2114.51524
G1 X52.145 Y76.586 E2114.52732
G1 X52.569 Y76.713 E2114.54027
G1 X52.919 Y76.995 E2114.55343
G1 X53.044 Y77.172 E2114.55977
G1 X53.19 Y77.538 E2114.5713
G1 X53.22 Y77.814 E2114.57943
G1 X53.138 Y78.237 E2114.59204
G1 X53.018 Y78.471 E2114.59974
G1 X52.734 Y78.77 E2114.61181
G1 X52.52 Y78.903 E2114.61918
G1 X52.098 Y79.016 E2114.63197
G1 F1500 E2112.63197
G0 F9000 X51.996 Y146.446
;TYPE:WALL-INNER
G1 F1500 E2114.63197
G1 F1850.5 X51.573 Y146.403 E2114.64407
G1 F1867.9 X51.142 Y146.209 E2114.6574
G1 F1876.8 X50.775 Y145.923 E2114.67046
G1 F1850.5 X50.595 Y145.648 E2114.67982
G1 X50.433 Y145.352 E2114.68943
G1 F1867.9 X50.333 Y144.77 E2114.70608
G1 F1859.2 X50.454 Y144.181 E2114.72312
G1 X50.758 Y143.692 E2114.73944
G1 F1867.9 X51.18 Y143.344 E2114.75487
G1 F1872.3 X51.688 Y143.166 E2114.77001
G1 F1876.8 X52.143 Y143.153 E2114.78279
G1 F1859.2 X52.403 Y143.207 E2114.79032
G1 X52.727 Y143.31 E2114.79995
G1 F1872.3 X53.061 Y143.528 E2114.81117
G1 F1867.9 X53.428 Y143.949 E2114.82693
G1 X53.62 Y144.462 E2114.84238
G1 F1876.8 X53.652 Y144.796 E2114.85179
G1 F1854.8 X53.618 Y145.056 E2114.85924
G1 F1850.5 X53.548 Y145.37 E2114.8684
G1 F1867.9 X53.379 Y145.721 E2114.87939
G1 X53.021 Y146.096 E2114.89401
G1 X52.687 Y146.312 E2114.90523
G1 F1863.5 X52.239 Y146.429 E2114.91832
G1 F1854.8 X51.996 Y146.446 E2114.92524
G0 F9000 X51.976 Y146.872
G1 F1850.5 X52.332 Y146.845 E2114.9354
G1 X52.665 Y146.761 E2114.94518
G1 X52.995 Y146.62 E2114.9554
G1 F1863.5 X53.293 Y146.423 E2114.9655
G1 F1850.5 X53.542 Y146.182 E2114.97536
G1 X53.773 Y145.876 E2114.98628
G1 F1867.9 X53.949 Y145.507 E2114.99781
G1 F1850.5 X54.042 Y145.133 E2115.00878
G1 F1854.8 X54.074 Y144.796 E2115.0184
G1 F1867.9 X54.045 Y144.45 E2115.02819
G1 F1850.5 X53.968 Y144.151 E2115.03698
G1 F1846.2 X53.852 Y143.866 E2115.04576
G1 F1841.9 X53.665 Y143.565 E2115.0559
G1 F1837.6 X53.448 Y143.314 E2115.06541
G1 F1850.5 X53.168 Y143.086 E2115.07569
G1 F1859.2 X52.856 Y142.909 E2115.08586
G1 F1850.5 X52.52 Y142.793 E2115.09598
G1 F1859.2 X52.171 Y142.731 E2115.10602
G1 X51.841 Y142.732 E2115.11537
G1 X51.534 Y142.776 E2115.12416
G1 X51.229 Y142.872 E2115.13322
G1 X50.984 Y142.986 E2115.14088
G1 F1863.5 X50.759 Y143.135 E2115.14851
G1 F1859.2 X50.528 Y143.334 E2115.15715
G1 X50.331 Y143.567 E2115.1658
G1 F1850.5 X50.155 Y143.852 E2115.17533
G1 X50.019 Y144.18 E2115.18544
G1 X49.947 Y144.51 E2115.19506
G1 F1859.2 X49.925 Y144.877 E2115.20548
G1 F1854.8 X49.972 Y145.234 E2115.2157
G1 F1850.5 X50.069 Y145.568 E2115.22561
G1 F1846.2 X50.223 Y145.87 E2115.23528
G1 F1850.5 X50.411 Y146.134 E2115.24451
G1 F1859.2 X50.624 Y146.349 E2115.25308
G1 F1854.8 X50.859 Y146.531 E2115.26153
G1 X51.095 Y146.664 E2115.26922
G1 F1850.5 X51.359 Y146.773 E2115.27735
G1 X51.663 Y146.844 E2115.28624
G1 X51.976 Y146.872 E2115.29519
G0 F9000 X51.974 Y147.307
;TYPE:WALL-OUTER
G1 F1800 X52.4 Y147.274 E2115.30769
G1 X52.805 Y147.174 E2115.3199
G1 X53.202 Y147.001 E2115.33258
G1 X53.562 Y146.763 E2115.34521
G1 X53.87 Y146.473 E2115.35759
G1 X54.146 Y146.098 E2115.37122
G1 X54.356 Y145.656 E2115.38554
G1 X54.474 Y145.206 E2115.39916
G1 X54.507 Y144.796 E2115.4112
G1 X54.474 Y144.38 E2115.42341
G1 X54.382 Y144.014 E2115.43446
G1 X54.239 Y143.669 E2115.44539
G1 X54.017 Y143.307 E2115.45782
G1 X53.75 Y143 E2115.46973
G1 X53.412 Y142.727 E2115.48244
G1 X53.036 Y142.514 E2115.49509
G1 X52.629 Y142.37 E2115.50773
G1 X52.208 Y142.3 E2115.52022
G1 X51.809 Y142.297 E2115.5319
G1 X51.438 Y142.355 E2115.54289
G1 X51.072 Y142.466 E2115.55408
G1 X50.773 Y142.609 E2115.56378
G1 X50.497 Y142.789 E2115.57343
G1 X50.221 Y143.028 E2115.58411
G1 X49.979 Y143.311 E2115.59501
G1 X49.769 Y143.653 E2115.60676
G1 X49.603 Y144.048 E2115.6193
G1 X49.515 Y144.453 E2115.63143
G1 X49.493 Y144.892 E2115.6443
G1 X49.545 Y145.323 E2115.657
G1 X49.666 Y145.727 E2115.66935
G1 X49.849 Y146.097 E2115.68143
G1 X50.081 Y146.413 E2115.6929
G1 X50.335 Y146.675 E2115.70358
G1 X50.619 Y146.892 E2115.71404
G1 X50.905 Y147.057 E2115.72371
G1 X51.227 Y147.186 E2115.73386
G1 X51.592 Y147.274 E2115.74485
G1 X51.974 Y147.307 E2115.75607
G0 F9000 X52.094 Y146.016
G1 F1800 X51.69 Y145.981 E2115.76794
G1 X51.342 Y145.826 E2115.77909
G1 X51.058 Y145.575 E2115.79018
G1 X50.85 Y145.221 E2115.8022
G1 X50.772 Y144.777 E2115.8154
G1 X50.864 Y144.34 E2115.82847
G1 X51.088 Y143.985 E2115.84075
G1 X51.367 Y143.751 E2115.85141
G1 X51.733 Y143.606 E2115.86293
G1 X52.149 Y143.586 E2115.87512
G1 X52.533 Y143.703 E2115.88687
G1 X52.754 Y143.84 E2115.89448
G1 X53.044 Y144.172 E2115.90739
G1 X53.19 Y144.538 E2115.91892
G1 X53.22 Y144.814 E2115.92704
G1 X53.138 Y145.237 E2115.93966
G1 X53.022 Y145.469 E2115.94725
G1 X52.715 Y145.788 E2115.96021
G1 X52.52 Y145.903 E2115.96683
G1 X52.094 Y146.016 E2115.97973
G1 F1500 E2113.97973
G0 F9000 X167.976 Y146.872
;TYPE:WALL-INNER
G1 F1500 E2115.97973
G1 F1850.5 X168.332 Y146.845 E2115.9899
G1 X168.665 Y146.761 E2115.99967
G1 X168.995 Y146.62 E2116.00989
G1 F1863.5 X169.293 Y146.423 E2116.01999
G1 F1850.5 X169.542 Y146.182 E2116.02986
G1 X169.773 Y145.876 E2116.04077
G1 F1867.9 X169.949 Y145.507 E2116.0523
G1 F1850.5 X170.042 Y145.133 E2116.06327
G1 F1854.8 X170.074 Y144.796 E2116.07289
G1 F1867.9 X170.045 Y144.45 E2116.08268
G1 F1850.5 X169.968 Y144.151 E2116.09147
G1 F1846.2 X169.852 Y143.866 E2116.10025
G1 F1854.8 X169.667 Y143.564 E2116.11031
G1 F1859.2 X169.449 Y143.313 E2116.11974
G1 F1850.5 X169.166 Y143.087 E2116.13005
G1 F1859.2 X168.856 Y142.908 E2116.14019
G1 X168.52 Y142.793 E2116.15025
G1 X168.171 Y142.731 E2116.1603
G1 X167.841 Y142.732 E2116.16965
G1 X167.534 Y142.776 E2116.17844
G1 X167.229 Y142.872 E2116.1875
G1 X166.984 Y142.986 E2116.19516
G1 F1863.5 X166.759 Y143.135 E2116.20279
G1 F1859.2 X166.528 Y143.334 E2116.21143
G1 X166.332 Y143.566 E2116.22003
G1 F1854.8 X166.153 Y143.858 E2116.22976
G1 F1859.2 X166.022 Y144.171 E2116.23938
G1 F1850.5 X165.947 Y144.512 E2116.24932
G1 F1859.2 X165.925 Y144.877 E2116.25968
G1 F1854.8 X165.972 Y145.234 E2116.26991
G1 F1850.5 X166.069 Y145.568 E2116.27981
G1 F1846.2 X166.223 Y145.87 E2116.28948
G1 F1850.5 X166.411 Y146.134 E2116.29871
G1 F1859.2 X166.624 Y146.349 E2116.30729
G1 F1854.8 X166.859 Y146.531 E2116.31573
G1 X167.095 Y146.664 E2116.32342
G1 F1850.5 X167.359 Y146.773 E2116.33156
G1 X167.663 Y146.844 E2116.34044
G1 X167.976 Y146.872 E2116.34939
G0 F9000 X167.996 Y146.446
G1 F1850.5 X167.573 Y146.403 E2116.3615
G1 F1867.9 X167.142 Y146.209 E2116.37483
G1 F1876.8 X166.775 Y145.923 E2116.38789
G1 F1850.5 X166.595 Y145.648 E2116.39725
G1 X166.433 Y145.352 E2116.40685
G1 F1867.9 X166.331 Y144.76 E2116.4238
G1 X166.457 Y144.172 E2116.44076
G1 F1859.2 X166.758 Y143.691 E2116.45684
G1 F1863.5 X167.18 Y143.344 E2116.47228
G1 F1872.3 X167.688 Y143.166 E2116.48743
G1 F1876.8 X168.143 Y143.153 E2116.5002
G1 F1859.2 X168.406 Y143.207 E2116.50781
G1 X168.676 Y143.291 E2116.51583
G1 F1863.5 X168.913 Y143.431 E2116.52361
G1 F1859.2 X169.215 Y143.673 E2116.53457
G1 F1863.5 X169.446 Y143.996 E2116.5458
G1 F1867.9 X169.62 Y144.462 E2116.55983
G1 F1876.8 X169.652 Y144.796 E2116.56925
G1 F1854.8 X169.618 Y145.056 E2116.5767
G1 F1850.5 X169.548 Y145.37 E2116.58586
G1 F1867.9 X169.379 Y145.721 E2116.59684
G1 X169.021 Y146.096 E2116.61147
G1 X168.687 Y146.312 E2116.62269
G1 F1863.5 X168.239 Y146.429 E2116.63578
G1 F1854.8 X167.996 Y146.446 E2116.6427
G0 F9000 X168.094 Y146.016
;TYPE:WALL-OUTER
G1 F1800 X167.69 Y145.981 E2116.65456
G1 X167.342 Y145.826 E2116.66571
G1 X167.058 Y145.575 E2116.67681
G1 X166.85 Y145.221 E2116.68883
G1 X166.772 Y144.776 E2116.70205
G1 X166.868 Y144.339 E2116.71514
G1 X167.088 Y143.985 E2116.72734
G1 X167.367 Y143.751 E2116.738
G1 X167.733 Y143.606 E2116.74952
G1 X168.149 Y143.586 E2116.76171
G1 X168.564 Y143.708 E2116.77437
G1 X168.919 Y143.995 E2116.78774
G1 X169.044 Y144.172 E2116.79408
G1 X169.19 Y144.538 E2116.80561
G1 X169.22 Y144.814 E2116.81374
G1 X169.138 Y145.237 E2116.82635
G1 X169.022 Y145.469 E2116.83394
G1 X168.715 Y145.788 E2116.8469
G1 X168.52 Y145.903 E2116.85352
G1 X168.094 Y146.016 E2116.86642
G0 F9000 X167.974 Y147.307
G1 F1800 X168.4 Y147.274 E2116.87893
G1 X168.805 Y147.174 E2116.89114
G1 X169.202 Y147.001 E2116.90381
G1 X169.562 Y146.763 E2116.91645
G1 X169.87 Y146.473 E2116.92883
G1 X170.146 Y146.098 E2116.94246
G1 X170.356 Y145.656 E2116.95678
G1 X170.474 Y145.206 E2116.9704
G1 X170.507 Y144.796 E2116.98243
G1 X170.474 Y144.38 E2116.99465
G1 X170.382 Y144.014 E2117.00569
G1 X170.239 Y143.669 E2117.01662
G1 X170.017 Y143.307 E2117.02905
G1 X169.75 Y143 E2117.04096
G1 X169.411 Y142.727 E2117.0537
G1 X169.036 Y142.514 E2117.06632
G1 X168.629 Y142.37 E2117.07896
G1 X168.208 Y142.3 E2117.09145
G1 X167.809 Y142.297 E2117.10313
G1 X167.438 Y142.355 E2117.11412
G1 X167.072 Y142.466 E2117.12532
G1 X166.773 Y142.609 E2117.13502
G1 X166.497 Y142.789 E2117.14466
G1 X166.221 Y143.028 E2117.15535
G1 X165.979 Y143.31 E2117.16622
G1 X165.765 Y143.661 E2117.17826
G1 X165.607 Y144.039 E2117.19025
G1 X165.515 Y144.454 E2117.20269
G1 X165.493 Y144.892 E2117.21552
G1 X165.545 Y145.323 E2117.22823
G1 X165.666 Y145.727 E2117.24057
G1 X165.849 Y146.097 E2117.25266
G1 X166.081 Y146.413 E2117.26413
G1 X166.335 Y146.675 E2117.27481
G1 X166.619 Y146.892 E2117.28527
G1 X166.905 Y147.057 E2117.29494
G1 X167.227 Y147.186 E2117.30509
G1 X167.592 Y147.274 E2117.31608
G1 X167.974 Y147.307 E2117.3273
G1 F1500 E2115.3273
G0 F9000 X110 Y149.352
G1 F1500 E2117.3273
G1 F2106.4 X78.996 Y149.351 E2118.10276
G1 F2095.2 X47.992 Y149.35 E2118.88235
G1 F2010.2 X47.479 Y149.299 E2118.89586
G1 F1867.9 X47.479 Y149.102 E2118.90141
G1 F1950.7 X47.445 Y148.844 E2118.90844
G1 F2117.6 X47.448 Y148.455 E2118.91812
G1 F2106.4 X47.447 Y71.195 E2120.85052
G1 F2030.8 X47.499 Y70.677 E2120.86402
G1 F1894.7 X47.694 Y70.677 E2120.86945
G1 F1975.1 X47.945 Y70.644 E2120.8762
G1 F2140.5 X52.322 Y70.645 E2120.98393
G1 F2134.8 X67.283 Y70.646 E2121.35315
G1 F2129 X82.244 Y70.646 E2121.72337
G1 F2117.6 X97.205 Y70.647 E2122.09558
G1 F2112 X112.166 Y70.648 E2122.46878
G1 F2100.8 X127.127 Y70.649 E2122.84397
G1 F2095.2 X142.088 Y70.65 E2123.22016
G1 F2084.2 X157.049 Y70.65 E2123.59834
G1 F2078.7 X172.01 Y70.651 E2123.97752
G1 F2051.8 X172.498 Y70.7 E2123.99011
G1 F2095.2 X172.556 Y71.224 E2124.00337
G1 F2123.3 X172.551 Y71.56 E2124.01171
G1 F2100.8 X172.552 Y97.328 E2124.65792
G1 F2112 X172.553 Y123.096 E2125.3007
G1 F2123.3 X172.554 Y148.864 E2125.94006
G1 F1970.1 X172.524 Y149.324 E2125.95239
G1 F1960.4 X172.064 Y149.354 E2125.96478
G1 F2123.3 X167.674 Y149.354 E2126.0737
G1 F2117.6 X110 Y149.352 E2127.50855
G0 F9000 X110 Y148.976
G1 F2123.3 X167.673 Y148.982 E2128.93954
G1 F2117.6 X169.563 Y148.973 E2128.98656
G1 F2106.4 X171.263 Y148.979 E2129.02908
G1 X171.524 Y148.97 E2129.03561
G1 X172.032 Y148.984 E2129.04832
G1 F1960.4 X172.154 Y148.954 E2129.0517
G1 F1970.1 X172.184 Y148.832 E2129.05505
G1 F2112 X172.173 Y148.242 E2129.06978
G1 X172.182 Y147.862 E2129.07926
G1 F2129 X172.182 Y73.94 E2130.9085
G1 F2112 X172.173 Y71.56 E2130.96787
G1 F2123.3 X172.188 Y71.224 E2130.97621
G1 F2051.8 X172.146 Y71.035 E2130.98118
G1 F2041.2 X170.551 Y71.015 E2131.02235
G1 F2129 X170.061 Y71.021 E2131.03448
G1 F2134.8 X168.206 Y71.012 E2131.08026
G1 F2123.3 X165.288 Y71.027 E2131.15266
G1 F2100.8 X142.695 Y71.025 E2131.71925
G1 F2106.4 X120.102 Y71.022 E2132.28434
G1 F2117.6 X97.509 Y71.02 E2132.84642
G1 F2129 X74.916 Y71.017 E2133.4055
G1 F2134.8 X52.323 Y71.015 E2133.96307
G1 F2117.6 X48.477 Y71.027 E2134.05875
G1 X47.976 Y71.01 E2134.07123
G1 F1975.1 X47.851 Y71.043 E2134.07467
G1 F1960.4 X47.821 Y71.194 E2134.07881
G1 F2106.4 X47.824 Y71.758 E2134.09292
G1 F2123.3 X47.815 Y72.138 E2134.10235
G1 F2140.5 X47.815 Y146.058 E2135.92171
G1 F2117.6 X47.824 Y148.451 E2135.98124
G1 X47.813 Y148.812 E2135.99023
G1 F1950.7 X47.847 Y148.941 E2135.99383
G1 F1936.4 X47.994 Y148.97 E2135.99791
G1 F2106.4 X49.446 Y148.982 E2136.03422
G1 F2117.6 X49.939 Y148.976 E2136.04649
G1 F2123.3 X51.79 Y148.985 E2136.09242
G1 F2112 X54.708 Y148.97 E2136.16521
G1 F2095.2 X82.354 Y148.973 E2136.86036
G1 F2112 X110 Y148.976 E2137.54999
G1 F1500 E2135.54999
G0 F9000 X110 Y148.129
G0 X167.867 Y81.187
G0 X167.976 Y79.872
;TYPE:WALL-INNER
G1 F1500 E2137.54999
G1 F1850.5 X168.332 Y79.845 E2137.56015
G1 X168.665 Y79.761 E2137.56993
G1 X168.995 Y79.62 E2137.58015
G1 F1863.5 X169.293 Y79.423 E2137.59025
G1 F1850.5 X169.542 Y79.182 E2137.60011
G1 X169.773 Y78.876 E2137.61103
G1 F1867.9 X169.949 Y78.507 E2137.62256
G1 F1854.8 X170.043 Y78.133 E2137.63351
G1 F1859.2 X170.074 Y77.796 E2137.6431
G1 F1854.8 X170.042 Y77.451 E2137.65295
G1 F1850.5 X169.971 Y77.15 E2137.66175
G1 F1854.8 X169.851 Y76.866 E2137.67051
G1 F1850.5 X169.667 Y76.564 E2137.68058
G1 F1854.8 X169.449 Y76.313 E2137.69002
G1 F1850.5 X169.167 Y76.087 E2137.70031
G1 F1859.2 X168.856 Y75.909 E2137.71046
G1 F1850.5 X168.52 Y75.793 E2137.72058
G1 F1859.2 X168.171 Y75.731 E2137.73063
G1 X167.841 Y75.732 E2137.73998
G1 X167.534 Y75.776 E2137.74877
G1 X167.229 Y75.872 E2137.75783
G1 X166.984 Y75.986 E2137.76549
G1 F1863.5 X166.759 Y76.135 E2137.77311
G1 F1859.2 X166.528 Y76.334 E2137.78176
G1 X166.331 Y76.567 E2137.7904
G1 F1850.5 X166.155 Y76.852 E2137.79994
G1 X166.019 Y77.18 E2137.81005
G1 X165.947 Y77.51 E2137.81966
G1 F1859.2 X165.925 Y77.877 E2137.83008
G1 F1854.8 X165.972 Y78.234 E2137.84031
G1 F1850.5 X166.069 Y78.568 E2137.85021
G1 F1846.2 X166.223 Y78.87 E2137.85989
G1 F1850.5 X166.411 Y79.134 E2137.86911
G1 F1859.2 X166.624 Y79.349 E2137.87769
G1 F1854.8 X166.859 Y79.531 E2137.88613
G1 X167.095 Y79.664 E2137.89383
G1 F1850.5 X167.359 Y79.773 E2137.90196
G1 X167.663 Y79.844 E2137.91085
G1 X167.976 Y79.872 E2137.91979
G0 F9000 X167.996 Y79.446
G1 F1850.5 X167.573 Y79.403 E2137.9319
G1 F1867.9 X167.142 Y79.209 E2137.94523
G1 F1876.8 X166.775 Y78.923 E2137.95829
G1 F1850.5 X166.595 Y78.648 E2137.96765
G1 X166.433 Y78.352 E2137.97726
G1 F1867.9 X166.333 Y77.77 E2137.99391
G1 F1859.2 X166.454 Y77.181 E2138.01095
G1 X166.758 Y76.692 E2138.02727
G1 F1867.9 X167.18 Y76.344 E2138.04269
G1 F1872.3 X167.688 Y76.166 E2138.05784
G1 F1876.8 X168.142 Y76.153 E2138.07059
G1 F1859.2 X168.404 Y76.209 E2138.07818
G1 F1850.5 X168.776 Y76.326 E2138.08928
G1 F1863.5 X169.25 Y76.7 E2138.10635
G1 F1867.9 X169.553 Y77.201 E2138.12287
G1 F1876.8 X169.666 Y77.843 E2138.14117
G1 X169.548 Y78.37 E2138.15633
G1 F1872.3 X169.381 Y78.716 E2138.16714
G1 X169.003 Y79.12 E2138.18271
G1 X168.651 Y79.322 E2138.19413
G1 F1867.9 X168.239 Y79.429 E2138.20613
G1 F1854.8 X167.996 Y79.446 E2138.21305
G0 F9000 X168.094 Y79.016
;TYPE:WALL-OUTER
G1 F1800 X167.69 Y78.981 E2138.22492
G1 X167.342 Y78.826 E2138.23607
G1 X167.058 Y78.575 E2138.24716
G1 X166.85 Y78.221 E2138.25918
G1 X166.772 Y77.777 E2138.27237
G1 X166.864 Y77.34 E2138.28545
G1 X167.088 Y76.985 E2138.29773
G1 X167.367 Y76.751 E2138.30839
G1 X167.733 Y76.606 E2138.31991
G1 X168.145 Y76.586 E2138.33198
G1 X168.569 Y76.713 E2138.34494
G1 X168.919 Y76.995 E2138.3581
G1 X169.14 Y77.359 E2138.37056
G1 X169.221 Y77.798 E2138.38362
G1 X169.138 Y78.237 E2138.3967
G1 X169.018 Y78.471 E2138.4044
G1 X168.734 Y78.773 E2138.41653
G1 X168.52 Y78.903 E2138.42386
G1 X168.094 Y79.016 E2138.43676
G0 F9000 X167.974 Y80.307
G1 F1800 X168.4 Y80.274 E2138.44927
G1 X168.805 Y80.174 E2138.46148
G1 X169.202 Y80.001 E2138.47415
G1 X169.562 Y79.763 E2138.48678
G1 X169.87 Y79.473 E2138.49916
G1 X170.146 Y79.098 E2138.51279
G1 X170.356 Y78.656 E2138.52712
G1 X170.474 Y78.206 E2138.54073
G1 X170.507 Y77.796 E2138.55277
G1 X170.474 Y77.38 E2138.56499
G1 X170.382 Y77.014 E2138.57603
G1 X170.239 Y76.668 E2138.58699
G1 X170.017 Y76.307 E2138.59939
G1 X169.75 Y76 E2138.6113
G1 X169.411 Y75.727 E2138.62404
G1 X169.036 Y75.514 E2138.63666
G1 X168.628 Y75.37 E2138.64933
G1 X168.208 Y75.3 E2138.66179
G1 X167.809 Y75.297 E2138.67347
G1 X167.438 Y75.355 E2138.68446
G1 X167.072 Y75.466 E2138.69565
G1 X166.773 Y75.609 E2138.70535
G1 X166.497 Y75.789 E2138.715
G1 X166.221 Y76.028 E2138.72568
G1 X165.979 Y76.311 E2138.73658
G1 X165.769 Y76.653 E2138.74833
G1 X165.603 Y77.048 E2138.76087
G1 X165.515 Y77.453 E2138.773
G1 X165.493 Y77.892 E2138.78587
G1 X165.545 Y78.323 E2138.79857
G1 X165.666 Y78.727 E2138.81092
G1 X165.849 Y79.097 E2138.823
G1 X166.081 Y79.413 E2138.83447
G1 X166.335 Y79.675 E2138.84515
G1 X166.619 Y79.892 E2138.85561
G1 X166.905 Y80.057 E2138.86528
G1 X167.227 Y80.186 E2138.87543
G1 X167.592 Y80.274 E2138.88642
G1 X167.974 Y80.307 E2138.89764
G1 F1500 E2136.89764
;MESH:NONMESH
G0 F300 Z2.28
G0 F9000 X51.845 Y79.456
;TIME_ELAPSED:6921.828151
;LAYER:12
;TYPE:WALL-INNER
;MESH:SmartKiln_Fondo.stl
G1 F1500 E2138.89764
G1 F1867.9 X51.337 Y79.322 E2138.91616
G1 X50.862 Y79.007 E2138.93626
G1 F1863.5 X50.548 Y78.606 E2138.95426
G1 X50.354 Y78.047 E2138.97517
G1 F1872.3 X50.368 Y77.5 E2138.99441
G1 F1876.8 X50.485 Y77.125 E2139.0082
G1 F1867.9 X50.758 Y76.692 E2139.02624
G1 X51.142 Y76.375 E2139.0438
G1 F1872.3 X51.586 Y76.2 E2139.06059
G1 F1859.2 X51.869 Y76.162 E2139.0707
G1 X52.142 Y76.153 E2139.08037
G1 X52.404 Y76.209 E2139.08987
G1 F1850.5 X52.739 Y76.314 E2139.10236
G1 F1867.9 X53.066 Y76.536 E2139.11629
G1 F1859.2 X53.42 Y76.936 E2139.13521
G1 X53.616 Y77.426 E2139.15391
G1 F1867.9 X53.652 Y77.798 E2139.16708
G1 F1854.8 X53.617 Y78.06 E2139.17647
G1 F1850.5 X53.549 Y78.369 E2139.18773
G1 F1867.9 X53.407 Y78.663 E2139.19924
G1 F1850.5 X53.224 Y78.89 E2139.20962
G1 F1846.2 X53.02 Y79.095 E2139.21993
G1 X52.797 Y79.233 E2139.22929
G1 X52.431 Y79.404 E2139.2437
G1 F1859.2 X51.845 Y79.456 E2139.26454
G0 F9000 X51.976 Y79.873
G1 F1850.5 X52.332 Y79.844 E2139.27725
G1 X52.666 Y79.762 E2139.28949
G1 F1846.2 X52.993 Y79.617 E2139.30225
G1 X53.292 Y79.422 E2139.31498
G1 X53.542 Y79.182 E2139.32734
G1 F1850.5 X53.773 Y78.876 E2139.34099
G1 F1867.9 X53.949 Y78.507 E2139.3554
G1 F1850.5 X54.042 Y78.136 E2139.36901
G1 F1854.8 X54.074 Y77.799 E2139.38103
G1 F1867.9 X54.045 Y77.452 E2139.39331
G1 F1854.8 X53.964 Y77.144 E2139.40462
G1 F1850.5 X53.847 Y76.856 E2139.41568
G1 F1846.2 X53.666 Y76.565 E2139.4279
G1 F1833.3 X53.447 Y76.314 E2139.43987
G1 F1846.2 X53.168 Y76.086 E2139.45272
G1 F1863.5 X52.856 Y75.909 E2139.4654
G1 F1850.5 X52.52 Y75.793 E2139.47805
G1 F1859.2 X52.171 Y75.731 E2139.49061
G1 X51.841 Y75.732 E2139.50229
G1 X51.535 Y75.776 E2139.51325
G1 X51.23 Y75.873 E2139.52458
G1 X50.984 Y75.986 E2139.53417
G1 F1863.5 X50.759 Y76.135 E2139.54371
G1 F1859.2 X50.528 Y76.334 E2139.55451
G1 X50.331 Y76.567 E2139.56532
G1 F1854.8 X50.155 Y76.852 E2139.57721
G1 F1859.2 X50.017 Y77.18 E2139.58981
G1 X49.943 Y77.514 E2139.60193
G1 F1850.5 X49.929 Y77.875 E2139.61479
G1 X49.969 Y78.234 E2139.62764
G1 F1841.9 X50.073 Y78.566 E2139.64008
G1 F1846.2 X50.22 Y78.872 E2139.65219
G1 F1850.5 X50.413 Y79.132 E2139.66372
G1 X50.623 Y79.351 E2139.67451
G1 F1859.2 X50.86 Y79.531 E2139.68506
G1 F1854.8 X51.093 Y79.668 E2139.69465
G1 F1859.2 X51.359 Y79.77 E2139.70474
G1 X51.662 Y79.846 E2139.71581
G1 X51.976 Y79.873 E2139.72697
G0 F9000 X51.974 Y80.307
;TYPE:WALL-OUTER
G1 F1800 X52.401 Y80.274 E2139.74264
G1 X52.805 Y80.174 E2139.75787
G1 X53.202 Y80.001 E2139.77371
G1 X53.562 Y79.762 E2139.78952
G1 X53.87 Y79.473 E2139.80497
G1 X54.146 Y79.098 E2139.82201
G1 X54.356 Y78.656 E2139.83991
G1 X54.474 Y78.21 E2139.85679
G1 X54.507 Y77.799 E2139.87188
G1 X54.474 Y77.381 E2139.88722
G1 X54.382 Y77.021 E2139.90081
G1 X54.235 Y76.66 E2139.91507
G1 X54.018 Y76.307 E2139.93023
G1 X53.75 Y75.999 E2139.94517
G1 X53.412 Y75.727 E2139.96104
G1 X53.036 Y75.514 E2139.97685
G1 X52.628 Y75.37 E2139.99268
G1 X52.208 Y75.3 E2140.00826
G1 X51.809 Y75.297 E2140.02286
G1 X51.438 Y75.355 E2140.0366
G1 X51.072 Y75.466 E2140.05059
G1 X50.773 Y75.609 E2140.06272
G1 X50.497 Y75.789 E2140.07477
G1 X50.221 Y76.028 E2140.08813
G1 X49.979 Y76.311 E2140.10175
G1 X49.769 Y76.653 E2140.11644
G1 X49.603 Y77.048 E2140.13211
G1 X49.512 Y77.457 E2140.14744
G1 X49.493 Y77.891 E2140.16334
G1 X49.544 Y78.323 E2140.17925
G1 X49.666 Y78.727 E2140.19469
G1 X49.849 Y79.097 E2140.20979
G1 X50.081 Y79.413 E2140.22413
G1 X50.335 Y79.675 E2140.23749
G1 X50.619 Y79.892 E2140.25056
G1 X50.905 Y80.057 E2140.26264
G1 X51.227 Y80.185 E2140.27532
G1 X51.592 Y80.274 E2140.28906
G1 X51.974 Y80.307 E2140.30309
G0 F9000 X51.881 Y79.016
G1 F1800 X51.51 Y78.917 E2140.31714
G1 X51.199 Y78.719 E2140.33063
G1 X50.938 Y78.402 E2140.34565
G1 X50.793 Y77.979 E2140.36201
G1 X50.805 Y77.544 E2140.37793
G1 X50.869 Y77.334 E2140.38597
G1 X51.088 Y76.985 E2140.40104
G1 X51.367 Y76.751 E2140.41436
G1 X51.741 Y76.606 E2140.42904
G1 X52.145 Y76.586 E2140.44384
G1 X52.542 Y76.705 E2140.459
G1 X52.754 Y76.844 E2140.46827
G1 X53.044 Y77.172 E2140.48429
G1 X53.19 Y77.529 E2140.4984
G1 X53.221 Y77.794 E2140.50817
G1 X53.142 Y78.225 E2140.5242
G1 X53.018 Y78.471 E2140.53428
G1 X52.71 Y78.788 E2140.55045
G1 X52.309 Y78.978 E2140.56668
G1 X51.881 Y79.016 E2140.5824
G1 F1500 E2138.5824
G0 F9000 X51.845 Y146.456
;TYPE:WALL-INNER
G1 F1500 E2140.5824
G1 F1867.9 X51.337 Y146.322 E2140.60092
G1 X50.862 Y146.007 E2140.62102
G1 X50.582 Y145.649 E2140.63704
G1 F1863.5 X50.462 Y145.405 E2140.64665
G1 F1850.5 X50.397 Y145.156 E2140.65581
G1 X50.351 Y144.846 E2140.66696
G1 X50.37 Y144.586 E2140.67624
G1 F1841.9 X50.459 Y144.174 E2140.69131
G1 F1850.5 X50.751 Y143.698 E2140.71118
G1 F1859.2 X51.142 Y143.375 E2140.72915
G1 F1872.3 X51.586 Y143.2 E2140.74593
G1 F1859.2 X51.869 Y143.162 E2140.75605
G1 X52.142 Y143.153 E2140.76572
G1 X52.404 Y143.209 E2140.77521
G1 F1850.5 X52.739 Y143.314 E2140.78771
G1 F1867.9 X53.066 Y143.536 E2140.80164
G1 F1859.2 X53.42 Y143.936 E2140.82056
G1 X53.616 Y144.426 E2140.83926
G1 F1867.9 X53.652 Y144.798 E2140.85243
G1 F1854.8 X53.617 Y145.06 E2140.86182
G1 F1850.5 X53.549 Y145.369 E2140.87308
G1 F1867.9 X53.407 Y145.663 E2140.88459
G1 F1850.5 X53.224 Y145.89 E2140.89497
G1 F1846.2 X53.02 Y146.095 E2140.90528
G1 X52.797 Y146.233 E2140.91464
G1 X52.431 Y146.404 E2140.92905
G1 F1859.2 X51.845 Y146.456 E2140.94989
G0 F9000 X51.976 Y146.873
G1 F1850.5 X52.332 Y146.844 E2140.9626
G1 X52.666 Y146.762 E2140.97484
G1 F1846.2 X52.993 Y146.617 E2140.9876
G1 X53.292 Y146.422 E2141.00033
G1 X53.542 Y146.182 E2141.01269
G1 F1850.5 X53.773 Y145.876 E2141.02634
G1 F1867.9 X53.949 Y145.507 E2141.04075
G1 F1850.5 X54.042 Y145.136 E2141.05436
G1 F1854.8 X54.074 Y144.799 E2141.06638
G1 F1867.9 X54.045 Y144.452 E2141.07866
G1 F1854.8 X53.964 Y144.144 E2141.08997
G1 F1850.5 X53.847 Y143.856 E2141.10103
G1 F1846.2 X53.666 Y143.565 E2141.11325
G1 F1833.3 X53.447 Y143.314 E2141.12522
G1 F1846.2 X53.168 Y143.086 E2141.13807
G1 F1863.5 X52.856 Y142.909 E2141.15075
G1 F1850.5 X52.52 Y142.793 E2141.1634
G1 F1859.2 X52.171 Y142.731 E2141.17596
G1 X51.841 Y142.732 E2141.18764
G1 X51.535 Y142.776 E2141.1986
G1 X51.23 Y142.873 E2141.20993
G1 X50.984 Y142.986 E2141.21952
G1 F1863.5 X50.759 Y143.135 E2141.22906
G1 F1859.2 X50.528 Y143.334 E2141.23986
G1 X50.331 Y143.567 E2141.25067
G1 F1850.5 X50.156 Y143.852 E2141.26257
G1 X50.019 Y144.18 E2141.27522
G1 F1841.9 X49.945 Y144.514 E2141.28745
G1 F1850.5 X49.926 Y144.875 E2141.30032
G1 X49.972 Y145.234 E2141.3132
G1 X50.069 Y145.568 E2141.32557
G1 F1863.5 X50.22 Y145.872 E2141.33757
G1 F1850.5 X50.413 Y146.132 E2141.34909
G1 X50.623 Y146.351 E2141.35989
G1 F1859.2 X50.86 Y146.531 E2141.37043
G1 F1854.8 X51.093 Y146.668 E2141.38003
G1 F1859.2 X51.359 Y146.77 E2141.39012
G1 X51.662 Y146.846 E2141.40119
G1 X51.976 Y146.873 E2141.41235
G0 F9000 X51.974 Y147.307
;TYPE:WALL-OUTER
G1 F1800 X52.401 Y147.274 E2141.42802
G1 X52.805 Y147.174 E2141.44324
G1 X53.202 Y147.001 E2141.45909
G1 X53.562 Y146.762 E2141.4749
G1 X53.87 Y146.473 E2141.49035
G1 X54.146 Y146.098 E2141.50739
G1 X54.356 Y145.656 E2141.52529
G1 X54.474 Y145.21 E2141.54217
G1 X54.507 Y144.799 E2141.55725
G1 X54.474 Y144.381 E2141.57259
G1 X54.382 Y144.021 E2141.58619
G1 X54.235 Y143.66 E2141.60045
G1 X54.018 Y143.307 E2141.61561
G1 X53.75 Y142.999 E2141.63055
G1 X53.412 Y142.727 E2141.64642
G1 X53.036 Y142.514 E2141.66223
G1 X52.628 Y142.37 E2141.67806
G1 X52.208 Y142.3 E2141.69364
G1 X51.809 Y142.297 E2141.70824
G1 X51.438 Y142.355 E2141.72197
G1 X51.072 Y142.466 E2141.73597
G1 X50.773 Y142.609 E2141.74809
G1 X50.497 Y142.789 E2141.76015
G1 X50.221 Y143.028 E2141.77351
G1 X49.979 Y143.311 E2141.78713
G1 X49.769 Y143.653 E2141.80181
G1 X49.603 Y144.048 E2141.81749
G1 X49.511 Y144.457 E2141.83283
G1 X49.493 Y144.891 E2141.84872
G1 X49.544 Y145.323 E2141.86463
G1 X49.666 Y145.727 E2141.88007
G1 X49.849 Y146.097 E2141.89517
G1 X50.081 Y146.413 E2141.90952
G1 X50.335 Y146.675 E2141.92287
G1 X50.619 Y146.892 E2141.93594
G1 X50.905 Y147.057 E2141.94802
G1 X51.227 Y147.185 E2141.9607
G1 X51.592 Y147.274 E2141.97445
G1 X51.974 Y147.307 E2141.98847
G0 F9000 X51.881 Y146.016
G1 F1800 X51.51 Y145.917 E2142.00252
G1 X51.199 Y145.719 E2142.01601
G1 X50.958 Y145.435 E2142.02964
G1 X50.849 Y145.208 E2142.03885
G1 X50.776 Y144.771 E2142.05506
G1 X50.873 Y144.334 E2142.07144
G1 X51.088 Y143.985 E2142.08644
G1 X51.367 Y143.751 E2142.09976
G1 X51.741 Y143.606 E2142.11443
G1 X52.145 Y143.586 E2142.12923
G1 X52.542 Y143.705 E2142.1444
G1 X52.754 Y143.844 E2142.15367
G1 X53.044 Y144.172 E2142.16969
G1 X53.19 Y144.529 E2142.1838
G1 X53.221 Y144.794 E2142.19356
G1 X53.142 Y145.225 E2142.20959
G1 X53.018 Y145.471 E2142.21967
G1 X52.71 Y145.788 E2142.23584
G1 X52.309 Y145.978 E2142.25208
G1 X51.881 Y146.016 E2142.2678
G1 F1500 E2140.2678
G0 F9000 X167.845 Y146.456
;TYPE:WALL-INNER
G1 F1500 E2142.2678
G1 F1867.9 X167.337 Y146.322 E2142.28632
G1 X166.862 Y146.007 E2142.30641
G1 X166.582 Y145.649 E2142.32244
G1 F1863.5 X166.462 Y145.405 E2142.33205
G1 F1850.5 X166.397 Y145.156 E2142.34121
G1 X166.351 Y144.846 E2142.35236
G1 X166.37 Y144.586 E2142.36164
G1 F1841.9 X166.46 Y144.172 E2142.37678
G1 F1850.5 X166.751 Y143.698 E2142.39658
G1 F1859.2 X167.142 Y143.375 E2142.41454
G1 F1872.3 X167.586 Y143.2 E2142.43133
G1 F1859.2 X167.869 Y143.162 E2142.44144
G1 X168.142 Y143.153 E2142.45112
G1 X168.404 Y143.209 E2142.46061
G1 F1850.5 X168.739 Y143.314 E2142.4731
G1 F1867.9 X169.066 Y143.536 E2142.48704
G1 F1859.2 X169.42 Y143.936 E2142.50596
G1 X169.616 Y144.426 E2142.52465
G1 F1867.9 X169.652 Y144.798 E2142.53783
G1 F1854.8 X169.617 Y145.06 E2142.54721
G1 F1850.5 X169.549 Y145.369 E2142.55847
G1 F1867.9 X169.407 Y145.663 E2142.56998
G1 F1850.5 X169.224 Y145.89 E2142.58036
G1 F1846.2 X169.02 Y146.095 E2142.59068
G1 X168.797 Y146.233 E2142.60003
G1 X168.431 Y146.404 E2142.61444
G1 F1859.2 X167.845 Y146.456 E2142.63528
G0 F9000 X167.976 Y146.873
G1 F1850.5 X168.332 Y146.844 E2142.64799
G1 X168.666 Y146.762 E2142.66023
G1 F1846.2 X168.993 Y146.617 E2142.67299
G1 X169.292 Y146.422 E2142.68573
G1 X169.542 Y146.182 E2142.69809
G1 F1850.5 X169.773 Y145.876 E2142.71173
G1 F1867.9 X169.949 Y145.507 E2142.72615
G1 F1850.5 X170.042 Y145.136 E2142.73976
G1 F1854.8 X170.074 Y144.799 E2142.75178
G1 F1867.9 X170.045 Y144.452 E2142.76405
G1 F1854.8 X169.964 Y144.144 E2142.77536
G1 F1850.5 X169.847 Y143.856 E2142.78642
G1 F1846.2 X169.666 Y143.565 E2142.79865
G1 F1833.3 X169.447 Y143.314 E2142.81061
G1 F1846.2 X169.168 Y143.086 E2142.82347
G1 F1863.5 X168.856 Y142.909 E2142.83614
G1 F1850.5 X168.52 Y142.793 E2142.84879
G1 F1859.2 X168.171 Y142.731 E2142.86135
G1 X167.841 Y142.732 E2142.87304
G1 X167.535 Y142.776 E2142.88399
G1 X167.23 Y142.873 E2142.89533
G1 X166.984 Y142.986 E2142.90492
G1 F1863.5 X166.759 Y143.135 E2142.91445
G1 F1859.2 X166.528 Y143.334 E2142.92525
G1 X166.331 Y143.567 E2142.93606
G1 F1850.5 X166.156 Y143.852 E2142.94796
G1 X166.019 Y144.18 E2142.96061
G1 F1841.9 X165.945 Y144.514 E2142.97284
G1 F1850.5 X165.926 Y144.875 E2142.98571
G1 X165.972 Y145.234 E2142.99859
G1 X166.069 Y145.568 E2143.01097
G1 F1863.5 X166.22 Y145.872 E2143.02296
G1 F1850.5 X166.413 Y146.132 E2143.03449
G1 X166.623 Y146.351 E2143.04528
G1 F1859.2 X166.86 Y146.531 E2143.05583
G1 F1854.8 X167.093 Y146.668 E2143.06542
G1 F1859.2 X167.359 Y146.77 E2143.07551
G1 X167.662 Y146.846 E2143.08658
G1 X167.976 Y146.873 E2143.09774
G0 F9000 X167.974 Y147.307
;TYPE:WALL-OUTER
G1 F1800 X168.401 Y147.274 E2143.11341
G1 X168.805 Y147.174 E2143.12864
G1 X169.202 Y147.001 E2143.14448
G1 X169.562 Y146.762 E2143.16029
G1 X169.87 Y146.473 E2143.17574
G1 X170.146 Y146.098 E2143.19278
G1 X170.356 Y145.656 E2143.21068
G1 X170.474 Y145.21 E2143.22756
G1 X170.507 Y144.799 E2143.24265
G1 X170.474 Y144.381 E2143.25799
G1 X170.382 Y144.021 E2143.27158
G1 X170.235 Y143.66 E2143.28584
G1 X170.018 Y143.307 E2143.301
G1 X169.75 Y142.999 E2143.31594
G1 X169.412 Y142.727 E2143.33181
G1 X169.036 Y142.514 E2143.34762
G1 X168.628 Y142.37 E2143.36345
G1 X168.208 Y142.3 E2143.37903
G1 X167.809 Y142.297 E2143.39363
G1 X167.438 Y142.355 E2143.40737
G1 X167.072 Y142.466 E2143.42136
G1 X166.773 Y142.609 E2143.43349
G1 X166.497 Y142.789 E2143.44554
G1 X166.221 Y143.028 E2143.4589
G1 X165.979 Y143.311 E2143.47252
G1 X165.769 Y143.653 E2143.48721
G1 X165.603 Y144.048 E2143.50288
G1 X165.511 Y144.457 E2143.51822
G1 X165.493 Y144.891 E2143.53411
G1 X165.544 Y145.323 E2143.55003
G1 X165.666 Y145.727 E2143.56547
G1 X165.849 Y146.097 E2143.58057
G1 X166.081 Y146.413 E2143.59491
G1 X166.335 Y146.675 E2143.60826
G1 X166.619 Y146.892 E2143.62134
G1 X166.905 Y147.057 E2143.63342
G1 X167.227 Y147.185 E2143.6461
G1 X167.592 Y147.274 E2143.65984
G1 X167.974 Y147.307 E2143.67387
G0 F9000 X167.881 Y146.016
G1 F1800 X167.51 Y145.917 E2143.68792
G1 X167.199 Y145.719 E2143.70141
G1 X166.958 Y145.435 E2143.71503
G1 X166.849 Y145.208 E2143.72425
G1 X166.776 Y144.771 E2143.74046
G1 X166.873 Y144.334 E2143.75683
G1 X167.088 Y143.985 E2143.77183
G1 X167.367 Y143.751 E2143.78515
G1 X167.741 Y143.606 E2143.79983
G1 X168.145 Y143.586 E2143.81463
G1 X168.542 Y143.705 E2143.82979
G1 X168.754 Y143.844 E2143.83907
G1 X169.044 Y144.172 E2143.85508
G1 X169.19 Y144.529 E2143.86919
G1 X169.221 Y144.794 E2143.87896
G1 X169.142 Y145.225 E2143.89499
G1 X169.018 Y145.471 E2143.90507
G1 X168.71 Y145.788 E2143.92124
G1 X168.309 Y145.978 E2143.93747
G1 X167.881 Y146.016 E2143.95319
G1 F1500 E2141.95319
G0 F9000 X110 Y149.367
G1 F1500 E2143.95319
G1 F2289 X47.948 Y149.367 E2145.73843
G1 F2200 X47.462 Y149.317 E2145.75305
G1 F2193.9 X47.433 Y148.907 E2145.76539
G1 F2289 X47.432 Y110.031 E2146.88385
G1 F2295.7 X47.432 Y71.155 E2147.99909
G1 F2200 X47.485 Y70.663 E2148.0139
G1 F2181.8 X47.888 Y70.635 E2148.02609
G1 F2262.9 X72.72 Y70.634 E2148.74877
G1 F2269.3 X97.552 Y70.634 E2149.46938
G1 F2275.9 X122.384 Y70.633 E2150.18793
G1 F2289 X147.216 Y70.633 E2150.90234
G1 F2295.7 X172.048 Y70.632 E2151.6147
G1 F2250 X172.519 Y70.681 E2151.62856
G1 F2243.6 X172.567 Y71.148 E2151.64233
G1 F2282.4 X172.566 Y148.908 E2153.88596
G1 F2106.4 X172.538 Y149.338 E2153.89943
G1 F2100.8 X172.108 Y149.366 E2153.91294
G1 F2275.9 X110 Y149.367 E2155.71011
G0 F9000 X110 Y149.02
G1 F2275.9 X172.078 Y149.02 E2157.50642
G1 F2100.8 X172.192 Y148.992 E2157.5101
G1 F2106.4 X172.22 Y148.878 E2157.51377
G1 F2282.4 X172.221 Y71.148 E2159.75653
G1 F2112 X172.192 Y71.006 E2159.76105
G1 F2117.6 X172.048 Y70.976 E2159.76562
G1 F2295.7 X147.222 Y70.977 E2160.4778
G1 F2289 X122.396 Y70.979 E2161.19205
G1 F2275.9 X97.57 Y70.98 E2161.91042
G1 F2269.3 X72.744 Y70.982 E2162.63086
G1 F2262.9 X47.918 Y70.983 E2163.35336
G1 F2095.2 X47.806 Y71.01 E2163.35698
G1 F2112 X47.776 Y71.156 E2163.36163
G1 F2295.7 X47.776 Y110.017 E2164.47643
G1 F2289 X47.777 Y148.878 E2165.59446
G1 F2106.4 X47.806 Y148.992 E2165.59814
G1 F2112 X47.948 Y149.021 E2165.60266
G1 F2289 X110 Y149.02 E2167.38789
G1 F1500 E2165.38789
G0 F9000 X110 Y148.184
G0 X167.867 Y81.187
G0 X167.976 Y79.873
;TYPE:WALL-INNER
G1 F1500 E2167.38789
G1 F1850.5 X168.332 Y79.844 E2167.40061
G1 X168.666 Y79.762 E2167.41284
G1 X168.993 Y79.618 E2167.42556
G1 X169.293 Y79.423 E2167.43829
G1 X169.542 Y79.182 E2167.45063
G1 X169.773 Y78.876 E2167.46427
G1 X169.944 Y78.505 E2167.47881
G1 X170.046 Y78.137 E2167.4924
G1 X170.069 Y77.799 E2167.50446
G1 X170.046 Y77.452 E2167.51683
G1 F1859.2 X169.969 Y77.157 E2167.52763
G1 X169.848 Y76.857 E2167.53909
G1 F1854.8 X169.666 Y76.565 E2167.55131
G1 F1841.9 X169.447 Y76.314 E2167.56322
G1 F1854.8 X169.153 Y76.077 E2167.57663
G1 F1867.9 X168.856 Y75.909 E2167.58866
G1 F1850.5 X168.52 Y75.793 E2167.60131
G1 F1859.2 X168.171 Y75.731 E2167.61386
G1 X167.841 Y75.732 E2167.62555
G1 X167.535 Y75.776 E2167.6365
G1 X167.23 Y75.873 E2167.64784
G1 X166.984 Y75.986 E2167.65743
G1 F1863.5 X166.759 Y76.135 E2167.66696
G1 F1859.2 X166.528 Y76.334 E2167.67776
G1 X166.331 Y76.567 E2167.68857
G1 F1850.5 X166.156 Y76.852 E2167.70047
G1 X166.019 Y77.18 E2167.71312
G1 F1841.9 X165.945 Y77.514 E2167.72536
G1 F1850.5 X165.926 Y77.875 E2167.73822
G1 X165.972 Y78.234 E2167.7511
G1 X166.069 Y78.568 E2167.76348
G1 F1863.5 X166.22 Y78.872 E2167.77548
G1 F1850.5 X166.413 Y79.132 E2167.787
G1 X166.623 Y79.351 E2167.7978
G1 F1859.2 X166.86 Y79.531 E2167.80834
G1 F1854.8 X167.093 Y79.668 E2167.81794
G1 F1859.2 X167.359 Y79.77 E2167.82803
G1 X167.662 Y79.846 E2167.83909
G1 X167.976 Y79.873 E2167.85026
G0 F9000 X167.845 Y79.456
G1 F1867.9 X167.337 Y79.322 E2167.86878
G1 X166.862 Y79.007 E2167.88887
G1 X166.582 Y78.649 E2167.9049
G1 F1863.5 X166.462 Y78.405 E2167.9145
G1 F1850.5 X166.397 Y78.156 E2167.92366
G1 X166.351 Y77.846 E2167.93482
G1 X166.37 Y77.586 E2167.94409
G1 F1841.9 X166.46 Y77.172 E2167.95924
G1 F1850.5 X166.751 Y76.698 E2167.97904
G1 F1859.2 X167.142 Y76.375 E2167.997
G1 F1872.3 X167.586 Y76.2 E2168.01379
G1 F1859.2 X167.869 Y76.162 E2168.0239
G1 X168.142 Y76.153 E2168.03358
G1 X168.404 Y76.209 E2168.04307
G1 X168.737 Y76.314 E2168.05544
G1 F1876.8 X169.071 Y76.535 E2168.06949
G1 F1867.9 X169.427 Y76.945 E2168.08863
G1 X169.625 Y77.454 E2168.10789
G1 X169.643 Y77.969 E2168.12605
G1 F1872.3 X169.596 Y78.224 E2168.13517
G1 F1867.9 X169.386 Y78.711 E2168.15387
G1 X168.972 Y79.153 E2168.17522
G1 X168.431 Y79.404 E2168.19625
G1 F1859.2 X167.845 Y79.456 E2168.21709
G0 F9000 X167.881 Y79.016
;TYPE:WALL-OUTER
G1 F1800 X167.51 Y78.917 E2168.23114
G1 X167.199 Y78.719 E2168.24463
G1 X166.958 Y78.435 E2168.25825
G1 X166.849 Y78.208 E2168.26747
G1 X166.776 Y77.771 E2168.28368
G1 X166.873 Y77.334 E2168.30005
G1 X167.088 Y76.985 E2168.31505
G1 X167.367 Y76.751 E2168.32837
G1 X167.741 Y76.606 E2168.34305
G1 X168.145 Y76.586 E2168.35785
G1 X168.542 Y76.705 E2168.37301
G1 X168.754 Y76.84 E2168.38221
G1 X169.048 Y77.172 E2168.39843
G1 X169.194 Y77.541 E2168.41295
G1 X169.2 Y78.025 E2168.43066
G1 X169.018 Y78.471 E2168.44828
G1 X168.715 Y78.793 E2168.46446
G1 X168.309 Y78.978 E2168.48078
G1 X167.881 Y79.016 E2168.4965
G0 F9000 X167.974 Y80.307
G1 F1800 X168.401 Y80.274 E2168.51217
G1 X168.805 Y80.174 E2168.5274
G1 X169.202 Y80.002 E2168.54323
G1 X169.562 Y79.763 E2168.55904
G1 X169.87 Y79.473 E2168.57451
G1 X170.146 Y79.098 E2168.59155
G1 X170.356 Y78.656 E2168.60945
G1 X170.474 Y78.21 E2168.62633
G1 X170.507 Y77.799 E2168.64142
G1 X170.474 Y77.381 E2168.65676
G1 X170.382 Y77.021 E2168.67035
G1 X170.235 Y76.66 E2168.68461
G1 X170.018 Y76.307 E2168.69977
G1 X169.75 Y76 E2168.71468
G1 X169.411 Y75.727 E2168.73061
G1 X169.036 Y75.514 E2168.74638
G1 X168.628 Y75.37 E2168.76221
G1 X168.208 Y75.3 E2168.77779
G1 X167.809 Y75.297 E2168.79239
G1 X167.438 Y75.355 E2168.80613
G1 X167.072 Y75.466 E2168.82012
G1 X166.773 Y75.609 E2168.83225
G1 X166.497 Y75.789 E2168.8443
G1 X166.221 Y76.028 E2168.85766
G1 X165.979 Y76.311 E2168.87128
G1 X165.769 Y76.653 E2168.88597
G1 X165.603 Y77.048 E2168.90164
G1 X165.511 Y77.457 E2168.91698
G1 X165.493 Y77.891 E2168.93287
G1 X165.544 Y78.323 E2168.94879
G1 X165.666 Y78.727 E2168.96423
G1 X165.849 Y79.097 E2168.97933
G1 X166.081 Y79.413 E2168.99367
G1 X166.335 Y79.675 E2169.00702
G1 X166.619 Y79.892 E2169.0201
G1 X166.905 Y80.057 E2169.03218
G1 X167.227 Y80.185 E2169.04486
G1 X167.592 Y80.274 E2169.0586
G1 X167.974 Y80.307 E2169.07263
G1 F1500 E2167.07263
;MESH:NONMESH
G0 F300 Z2.48
G0 F9000 X51.996 Y79.446
;TIME_ELAPSED:6956.787613
;LAYER:13
;TYPE:WALL-INNER
;MESH:SmartKiln_Fondo.stl
G1 F1500 E2169.07263
G1 F1854.8 X51.569 Y79.404 E2169.08786
G1 F1867.9 X51.142 Y79.209 E2169.10441
G1 F1876.8 X50.775 Y78.923 E2169.12074
G1 F1850.5 X50.595 Y78.648 E2169.13244
G1 F1846.2 X50.462 Y78.405 E2169.14232
G1 F1850.5 X50.397 Y78.156 E2169.15148
G1 X50.351 Y77.846 E2169.16263
G1 X50.37 Y77.586 E2169.17191
G1 F1841.9 X50.46 Y77.172 E2169.18706
G1 F1850.5 X50.751 Y76.698 E2169.20685
G1 F1859.2 X51.142 Y76.375 E2169.22481
G1 F1872.3 X51.586 Y76.2 E2169.2416
G1 F1859.2 X51.869 Y76.162 E2169.25171
G1 X52.142 Y76.153 E2169.26139
G1 X52.404 Y76.209 E2169.27088
G1 X52.737 Y76.314 E2169.28325
G1 F1876.8 X53.071 Y76.535 E2169.2973
G1 F1867.9 X53.427 Y76.945 E2169.31645
G1 X53.625 Y77.454 E2169.3357
G1 X53.643 Y77.969 E2169.35387
G1 F1872.3 X53.596 Y78.224 E2169.36299
G1 F1867.9 X53.407 Y78.663 E2169.37984
G1 F1850.5 X53.224 Y78.89 E2169.39022
G1 F1846.2 X53.02 Y79.095 E2169.40053
G1 F1859.2 X52.697 Y79.309 E2169.41426
G1 X52.239 Y79.429 E2169.43103
G1 F1854.8 X51.996 Y79.446 E2169.43968
G0 F9000 X51.976 Y79.872
G1 F1850.5 X52.332 Y79.845 E2169.45238
G1 X52.665 Y79.761 E2169.4646
G1 F1859.2 X52.995 Y79.62 E2169.47732
G1 X53.292 Y79.422 E2169.48996
G1 F1846.2 X53.542 Y79.182 E2169.50232
G1 F1850.5 X53.773 Y78.876 E2169.51597
G1 X53.944 Y78.505 E2169.5305
G1 X54.046 Y78.137 E2169.5441
G1 X54.069 Y77.799 E2169.55615
G1 X54.046 Y77.452 E2169.56853
G1 F1859.2 X53.969 Y77.157 E2169.57933
G1 X53.848 Y76.857 E2169.59079
G1 F1854.8 X53.666 Y76.565 E2169.603
G1 F1841.9 X53.447 Y76.314 E2169.61491
G1 F1854.8 X53.153 Y76.077 E2169.62832
G1 F1867.9 X52.856 Y75.909 E2169.64035
G1 F1850.5 X52.52 Y75.793 E2169.653
G1 F1859.2 X52.171 Y75.731 E2169.66556
G1 X51.841 Y75.732 E2169.67725
G1 X51.535 Y75.776 E2169.6882
G1 X51.23 Y75.873 E2169.69953
G1 X50.984 Y75.986 E2169.70912
G1 F1863.5 X50.759 Y76.135 E2169.71866
G1 F1859.2 X50.528 Y76.334 E2169.72946
G1 X50.331 Y76.567 E2169.74027
G1 F1850.5 X50.156 Y76.852 E2169.75217
G1 X50.019 Y77.18 E2169.76482
G1 F1841.9 X49.945 Y77.514 E2169.77705
G1 F1850.5 X49.926 Y77.875 E2169.78992
G1 X49.972 Y78.234 E2169.8028
G1 X50.069 Y78.568 E2169.81518
G1 F1846.2 X50.223 Y78.87 E2169.82727
G1 F1850.5 X50.411 Y79.134 E2169.8388
G1 F1859.2 X50.624 Y79.349 E2169.84952
G1 F1854.8 X50.859 Y79.531 E2169.86008
G1 F1859.2 X51.094 Y79.665 E2169.86966
G1 F1854.8 X51.359 Y79.773 E2169.87982
G1 F1859.2 X51.663 Y79.844 E2169.89088
G1 F1850.5 X51.976 Y79.872 E2169.90206
G0 F9000 X51.974 Y80.307
;TYPE:WALL-OUTER
G1 F1800 X52.4 Y80.274 E2169.91769
G1 X52.805 Y80.174 E2169.93295
G1 X53.202 Y80.001 E2169.9488
G1 X53.562 Y79.762 E2169.96461
G1 X53.87 Y79.473 E2169.98006
G1 X54.146 Y79.098 E2169.9971
G1 X54.356 Y78.656 E2170.015
G1 X54.474 Y78.21 E2170.03188
G1 X54.507 Y77.799 E2170.04696
G1 X54.474 Y77.381 E2170.0623
G1 X54.382 Y77.021 E2170.0759
G1 X54.235 Y76.66 E2170.09016
G1 X54.018 Y76.307 E2170.10532
G1 X53.75 Y76 E2170.12023
G1 X53.411 Y75.727 E2170.13615
G1 X53.036 Y75.514 E2170.15193
G1 X52.628 Y75.37 E2170.16776
G1 X52.208 Y75.3 E2170.18334
G1 X51.809 Y75.297 E2170.19794
G1 X51.438 Y75.355 E2170.21168
G1 X51.072 Y75.466 E2170.22567
G1 X50.773 Y75.609 E2170.23779
G1 X50.497 Y75.789 E2170.24985
G1 X50.221 Y76.028 E2170.26321
G1 X49.979 Y76.311 E2170.27683
G1 X49.769 Y76.653 E2170.29151
G1 X49.603 Y77.048 E2170.30719
G1 X49.511 Y77.457 E2170.32253
G1 X49.493 Y77.891 E2170.33842
G1 X49.544 Y78.323 E2170.35433
G1 X49.666 Y78.727 E2170.36977
G1 X49.849 Y79.097 E2170.38488
G1 X50.081 Y79.413 E2170.39922
G1 X50.335 Y79.675 E2170.41257
G1 X50.619 Y79.892 E2170.42565
G1 X50.905 Y80.057 E2170.43773
G1 X51.227 Y80.185 E2170.4504
G1 X51.592 Y80.274 E2170.46415
G1 X51.974 Y80.307 E2170.47818
G0 F9000 X52.094 Y79.016
G1 F1800 X51.681 Y78.981 E2170.49334
G1 X51.342 Y78.826 E2170.50698
G1 X51.058 Y78.575 E2170.52085
G1 X50.849 Y78.208 E2170.5363
G1 X50.776 Y77.771 E2170.55251
G1 X50.873 Y77.334 E2170.56888
G1 X51.088 Y76.985 E2170.58388
G1 X51.367 Y76.751 E2170.5972
G1 X51.741 Y76.606 E2170.61188
G1 X52.145 Y76.586 E2170.62668
G1 X52.537 Y76.703 E2170.64165
G1 X52.754 Y76.84 E2170.65103
G1 X53.048 Y77.172 E2170.66726
G1 X53.194 Y77.541 E2170.68178
G1 X53.2 Y78.025 E2170.69949
G1 X53.018 Y78.471 E2170.71711
G1 X52.734 Y78.77 E2170.7322
G1 X52.517 Y78.907 E2170.74159
G1 X52.094 Y79.016 E2170.75757
G1 F1500 E2168.75757
G0 F9000 X51.996 Y146.446
;TYPE:WALL-INNER
G1 F1500 E2170.75757
G1 F1854.8 X51.569 Y146.404 E2170.7728
G1 F1867.9 X51.142 Y146.209 E2170.78935
G1 F1876.8 X50.775 Y145.923 E2170.80568
G1 F1850.5 X50.595 Y145.648 E2170.81737
G1 F1846.2 X50.462 Y145.405 E2170.82726
G1 F1850.5 X50.397 Y145.156 E2170.83641
G1 X50.351 Y144.846 E2170.84757
G1 X50.37 Y144.586 E2170.85685
G1 F1841.9 X50.46 Y144.173 E2170.87196
G1 F1850.5 X50.75 Y143.698 E2170.89176
G1 F1859.2 X51.142 Y143.375 E2170.90976
G1 F1872.3 X51.586 Y143.2 E2170.92654
G1 F1859.2 X51.869 Y143.162 E2170.93666
G1 X52.142 Y143.153 E2170.94633
G1 X52.404 Y143.209 E2170.95582
G1 X52.737 Y143.314 E2170.96819
G1 F1876.8 X53.071 Y143.535 E2170.98224
G1 F1867.9 X53.427 Y143.945 E2171.00139
G1 X53.625 Y144.454 E2171.02064
G1 X53.643 Y144.969 E2171.03881
G1 F1872.3 X53.596 Y145.224 E2171.04793
G1 F1867.9 X53.407 Y145.663 E2171.06478
G1 F1850.5 X53.224 Y145.89 E2171.07516
G1 F1846.2 X53.02 Y146.095 E2171.08547
G1 F1859.2 X52.697 Y146.309 E2171.0992
G1 X52.239 Y146.429 E2171.11597
G1 F1854.8 X51.996 Y146.446 E2171.12462
G0 F9000 X51.976 Y146.872
G1 F1850.5 X52.332 Y146.845 E2171.13732
G1 X52.665 Y146.761 E2171.14955
G1 F1859.2 X52.995 Y146.62 E2171.16226
G1 X53.292 Y146.422 E2171.1749
G1 F1846.2 X53.542 Y146.182 E2171.18726
G1 F1850.5 X53.773 Y145.876 E2171.20091
G1 X53.944 Y145.505 E2171.21545
G1 X54.046 Y145.137 E2171.22904
G1 X54.069 Y144.799 E2171.24109
G1 X54.046 Y144.452 E2171.25347
G1 F1859.2 X53.969 Y144.157 E2171.26427
G1 X53.848 Y143.857 E2171.27573
G1 F1854.8 X53.666 Y143.565 E2171.28794
G1 F1841.9 X53.447 Y143.314 E2171.29986
G1 F1854.8 X53.153 Y143.077 E2171.31326
G1 F1867.9 X52.856 Y142.909 E2171.32529
G1 F1850.5 X52.52 Y142.793 E2171.33794
G1 F1859.2 X52.171 Y142.731 E2171.3505
G1 X51.841 Y142.732 E2171.36219
G1 X51.535 Y142.776 E2171.37314
G1 X51.23 Y142.873 E2171.38448
G1 X50.984 Y142.986 E2171.39407
G1 F1863.5 X50.759 Y143.135 E2171.4036
G1 F1859.2 X50.528 Y143.334 E2171.4144
G1 X50.331 Y143.567 E2171.42521
G1 F1850.5 X50.156 Y143.852 E2171.43711
G1 X50.019 Y144.18 E2171.44976
G1 F1841.9 X49.945 Y144.514 E2171.46199
G1 F1850.5 X49.926 Y144.875 E2171.47486
G1 X49.972 Y145.234 E2171.48774
G1 X50.069 Y145.568 E2171.50012
G1 F1846.2 X50.223 Y145.87 E2171.51221
G1 F1850.5 X50.411 Y146.134 E2171.52374
G1 F1859.2 X50.624 Y146.349 E2171.53446
G1 F1854.8 X50.859 Y146.531 E2171.54502
G1 F1859.2 X51.094 Y146.665 E2171.5546
G1 F1854.8 X51.359 Y146.773 E2171.56476
G1 F1859.2 X51.663 Y146.844 E2171.57582
G1 F1850.5 X51.976 Y146.872 E2171.587
G0 F9000 X51.974 Y147.307
;TYPE:WALL-OUTER
G1 F1800 X52.4 Y147.274 E2171.60263
G1 X52.805 Y147.174 E2171.6179
G1 X53.202 Y147.001 E2171.63374
G1 X53.562 Y146.762 E2171.64955
G1 X53.87 Y146.473 E2171.665
G1 X54.146 Y146.098 E2171.68204
G1 X54.356 Y145.656 E2171.69994
G1 X54.474 Y145.21 E2171.71682
G1 X54.507 Y144.799 E2171.73191
G1 X54.474 Y144.381 E2171.74725
G1 X54.382 Y144.021 E2171.76084
G1 X54.235 Y143.66 E2171.7751
G1 X54.018 Y143.307 E2171.79026
G1 X53.75 Y143 E2171.80517
G1 X53.411 Y142.727 E2171.8211
G1 X53.036 Y142.514 E2171.83687
G1 X52.628 Y142.37 E2171.8527
G1 X52.208 Y142.3 E2171.86828
G1 X51.809 Y142.297 E2171.88288
G1 X51.438 Y142.355 E2171.89662
G1 X51.072 Y142.466 E2171.91061
G1 X50.773 Y142.609 E2171.92274
G1 X50.497 Y142.789 E2171.93479
G1 X50.221 Y143.028 E2171.94815
G1 X49.979 Y143.311 E2171.96177
G1 X49.769 Y143.653 E2171.97646
G1 X49.603 Y144.048 E2171.99213
G1 X49.511 Y144.457 E2172.00747
G1 X49.493 Y144.891 E2172.02336
G1 X49.544 Y145.323 E2172.03928
G1 X49.666 Y145.727 E2172.05472
G1 X49.849 Y146.097 E2172.06982
G1 X50.081 Y146.413 E2172.08416
G1 X50.335 Y146.675 E2172.09751
G1 X50.619 Y146.892 E2172.11059
G1 X50.905 Y147.057 E2172.12267
G1 X51.227 Y147.185 E2172.13535
G1 X51.592 Y147.274 E2172.14909
G1 X51.974 Y147.307 E2172.16312
G0 F9000 X52.094 Y146.016
G1 F1800 X51.681 Y145.981 E2172.17828
G1 X51.342 Y145.826 E2172.19192
G1 X51.058 Y145.575 E2172.20579
G1 X50.849 Y145.208 E2172.22124
G1 X50.776 Y144.771 E2172.23745
G1 X50.873 Y144.334 E2172.25383
G1 X51.088 Y143.985 E2172.26882
G1 X51.367 Y143.751 E2172.28215
G1 X51.741 Y143.606 E2172.29682
G1 X52.145 Y143.586 E2172.31162
G1 X52.542 Y143.705 E2172.32678
G1 X52.754 Y143.84 E2172.33598
G1 X53.048 Y144.172 E2172.3522
G1 X53.194 Y144.541 E2172.36672
G1 X53.2 Y145.025 E2172.38443
G1 X53.018 Y145.471 E2172.40205
G1 X52.734 Y145.77 E2172.41714
G1 X52.517 Y145.907 E2172.42653
G1 X52.094 Y146.016 E2172.44251
G1 F1500 E2170.44251
G0 F9000 X167.976 Y146.872
;TYPE:WALL-INNER
G1 F1500 E2172.44251
G1 F1850.5 X168.332 Y146.845 E2172.45522
G1 X168.665 Y146.761 E2172.46744
G1 F1859.2 X168.995 Y146.62 E2172.48015
G1 X169.292 Y146.422 E2172.4928
G1 F1846.2 X169.542 Y146.182 E2172.50516
G1 F1850.5 X169.773 Y145.876 E2172.5188
G1 X169.944 Y145.505 E2172.53334
G1 X170.046 Y145.137 E2172.54693
G1 X170.069 Y144.799 E2172.55899
G1 X170.046 Y144.452 E2172.57136
G1 F1859.2 X169.969 Y144.157 E2172.58216
G1 X169.848 Y143.857 E2172.59362
G1 F1854.8 X169.666 Y143.565 E2172.60584
G1 F1841.9 X169.447 Y143.314 E2172.61775
G1 F1854.8 X169.153 Y143.077 E2172.63116
G1 F1867.9 X168.856 Y142.909 E2172.64319
G1 F1850.5 X168.52 Y142.793 E2172.65584
G1 F1859.2 X168.171 Y142.731 E2172.66839
G1 X167.841 Y142.732 E2172.68008
G1 X167.535 Y142.776 E2172.69103
G1 X167.23 Y142.873 E2172.70237
G1 X166.984 Y142.986 E2172.71196
G1 F1863.5 X166.759 Y143.135 E2172.7215
G1 F1859.2 X166.528 Y143.334 E2172.7323
G1 X166.331 Y143.567 E2172.7431
G1 F1850.5 X166.156 Y143.852 E2172.75501
G1 X166.019 Y144.18 E2172.76766
G1 F1841.9 X165.945 Y144.514 E2172.77989
G1 F1850.5 X165.926 Y144.875 E2172.79275
G1 X165.972 Y145.234 E2172.80563
G1 X166.069 Y145.568 E2172.81801
G1 F1846.2 X166.223 Y145.87 E2172.8301
G1 F1850.5 X166.411 Y146.134 E2172.84164
G1 F1859.2 X166.624 Y146.349 E2172.85236
G1 F1854.8 X166.859 Y146.531 E2172.86291
G1 F1859.2 X167.094 Y146.665 E2172.87249
G1 F1854.8 X167.359 Y146.773 E2172.88265
G1 F1859.2 X167.663 Y146.844 E2172.89371
G1 F1850.5 X167.976 Y146.872 E2172.9049
G0 F9000 X167.996 Y146.446
G1 F1854.8 X167.569 Y146.404 E2172.92013
G1 F1867.9 X167.142 Y146.209 E2172.93668
G1 F1876.8 X166.775 Y145.923 E2172.95301
G1 F1850.5 X166.595 Y145.648 E2172.9647
G1 F1846.2 X166.462 Y145.405 E2172.97458
G1 F1850.5 X166.397 Y145.156 E2172.98374
G1 X166.351 Y144.846 E2172.9949
G1 X166.37 Y144.586 E2173.00417
G1 F1841.9 X166.46 Y144.172 E2173.01932
G1 F1850.5 X166.751 Y143.698 E2173.03912
G1 F1859.2 X167.142 Y143.375 E2173.05708
G1 F1872.3 X167.586 Y143.2 E2173.07387
G1 F1859.2 X167.869 Y143.162 E2173.08398
G1 X168.142 Y143.153 E2173.09366
G1 X168.404 Y143.209 E2173.10315
G1 X168.737 Y143.314 E2173.11552
G1 F1876.8 X169.071 Y143.535 E2173.12957
G1 F1867.9 X169.427 Y143.945 E2173.14871
G1 X169.625 Y144.454 E2173.16797
G1 X169.643 Y144.969 E2173.18613
G1 F1872.3 X169.596 Y145.224 E2173.19525
G1 F1867.9 X169.407 Y145.663 E2173.21211
G1 F1850.5 X169.224 Y145.89 E2173.22248
G1 F1846.2 X169.02 Y146.095 E2173.2328
G1 F1859.2 X168.697 Y146.309 E2173.24652
G1 X168.239 Y146.429 E2173.26329
G1 F1854.8 X167.996 Y146.446 E2173.27194
G0 F9000 X168.094 Y146.016
;TYPE:WALL-OUTER
G1 F1800 X167.681 Y145.981 E2173.28711
G1 X167.342 Y145.826 E2173.30074
G1 X167.058 Y145.575 E2173.31461
G1 X166.849 Y145.208 E2173.33006
G1 X166.776 Y144.771 E2173.34627
G1 X166.873 Y144.334 E2173.36265
G1 X167.088 Y143.985 E2173.37765
G1 X167.367 Y143.751 E2173.39097
G1 X167.741 Y143.606 E2173.40565
G1 X168.145 Y143.586 E2173.42044
G1 X168.542 Y143.705 E2173.43561
G1 X168.754 Y143.84 E2173.4448
G1 X169.048 Y144.172 E2173.46103
G1 X169.194 Y144.541 E2173.47555
G1 X169.2 Y145.025 E2173.49326
G1 X169.018 Y145.471 E2173.51088
G1 X168.734 Y145.77 E2173.52597
G1 X168.517 Y145.907 E2173.53536
G1 X168.094 Y146.016 E2173.55134
G0 F9000 X167.974 Y147.307
G1 F1800 X168.4 Y147.274 E2173.56697
G1 X168.805 Y147.174 E2173.58223
G1 X169.202 Y147.001 E2173.59808
G1 X169.562 Y146.762 E2173.61388
G1 X169.87 Y146.473 E2173.62934
G1 X170.146 Y146.098 E2173.64637
G1 X170.356 Y145.656 E2173.66428
G1 X170.474 Y145.21 E2173.68115
G1 X170.507 Y144.799 E2173.69624
G1 X170.474 Y144.381 E2173.71158
G1 X170.382 Y144.021 E2173.72518
G1 X170.235 Y143.66 E2173.73944
G1 X170.018 Y143.307 E2173.7546
G1 X169.75 Y143 E2173.76951
G1 X169.411 Y142.727 E2173.78543
G1 X169.036 Y142.514 E2173.80121
G1 X168.628 Y142.37 E2173.81704
G1 X168.208 Y142.3 E2173.83262
G1 X167.809 Y142.297 E2173.84721
G1 X167.438 Y142.355 E2173.86095
G1 X167.072 Y142.466 E2173.87495
G1 X166.773 Y142.609 E2173.88707
G1 X166.497 Y142.789 E2173.89913
G1 X166.221 Y143.028 E2173.91248
G1 X165.979 Y143.311 E2173.92611
G1 X165.769 Y143.653 E2173.94079
G1 X165.603 Y144.048 E2173.95647
G1 X165.511 Y144.457 E2173.9718
G1 X165.493 Y144.891 E2173.9877
G1 X165.544 Y145.323 E2174.00361
G1 X165.666 Y145.727 E2174.01905
G1 X165.849 Y146.097 E2174.03415
G1 X166.081 Y146.413 E2174.0485
G1 X166.335 Y146.675 E2174.06185
G1 X166.619 Y146.892 E2174.07492
G1 X166.905 Y147.057 E2174.087
G1 X167.227 Y147.185 E2174.09968
G1 X167.592 Y147.274 E2174.11343
G1 X167.974 Y147.307 E2174.12745
G1 F1500 E2172.12745
G0 F9000 X110 Y149.367
G1 F1500 E2174.12745
G1 F2289 X47.948 Y149.367 E2175.91269
G1 F2200 X47.462 Y149.317 E2175.92732
G1 F2193.9 X47.433 Y148.907 E2175.93965
G1 F2289 X47.432 Y110.027 E2177.05823
G1 F2295.7 X47.432 Y71.147 E2178.17358
G1 F2212.3 X47.482 Y70.661 E2178.18812
G1 F2200 X47.889 Y70.633 E2178.20033
G1 F2289 X109.969 Y70.632 E2179.98638
G1 F2295.7 X172.049 Y70.632 E2181.76726
G1 F2250 X172.519 Y70.681 E2181.78109
G1 F2243.6 X172.567 Y71.148 E2181.79487
G1 F2282.4 X172.566 Y148.908 E2184.03849
G1 F2106.4 X172.538 Y149.338 E2184.05196
G1 F2100.8 X172.108 Y149.366 E2184.06547
G1 F2275.9 X110 Y149.367 E2185.86265
G0 F9000 X110 Y149.02
G1 F2275.9 X172.078 Y149.02 E2187.65895
G1 F2100.8 X172.192 Y148.992 E2187.66263
G1 F2106.4 X172.22 Y148.878 E2187.6663
G1 F2282.4 X172.221 Y71.148 E2189.90906
G1 F2112 X172.192 Y71.006 E2189.91358
G1 F2117.6 X172.048 Y70.976 E2189.91815
G1 F2295.7 X109.983 Y70.976 E2191.6986
G1 F2289 X47.918 Y70.977 E2193.48422
G1 F2112 X47.805 Y71.005 E2193.48785
G1 F2117.6 X47.776 Y71.148 E2193.49238
G1 F2295.7 X47.776 Y110.013 E2194.6073
G1 F2289 X47.777 Y148.878 E2195.72545
G1 F2106.4 X47.806 Y148.992 E2195.72912
G1 F2112 X47.948 Y149.021 E2195.73364
G1 F2289 X110 Y149.02 E2197.51888
G1 F1500 E2195.51888
G0 F9000 X110 Y148.185
G0 X167.867 Y81.187
G0 X167.976 Y79.872
;TYPE:WALL-INNER
G1 F1500 E2197.51888
G1 F1850.5 X168.332 Y79.845 E2197.53159
G1 X168.665 Y79.761 E2197.54381
G1 F1859.2 X168.995 Y79.62 E2197.55652
G1 X169.292 Y79.422 E2197.56916
G1 F1846.2 X169.542 Y79.182 E2197.58152
G1 F1850.5 X169.773 Y78.876 E2197.59517
G1 X169.944 Y78.505 E2197.60971
G1 X170.046 Y78.137 E2197.6233
G1 X170.069 Y77.799 E2197.63535
G1 X170.046 Y77.452 E2197.64773
G1 F1859.2 X169.969 Y77.157 E2197.65853
G1 X169.848 Y76.857 E2197.66999
G1 F1854.8 X169.666 Y76.565 E2197.68221
G1 F1841.9 X169.447 Y76.314 E2197.69412
G1 F1854.8 X169.153 Y76.077 E2197.70752
G1 F1867.9 X168.856 Y75.909 E2197.71955
G1 F1850.5 X168.52 Y75.793 E2197.7322
G1 F1859.2 X168.171 Y75.731 E2197.74476
G1 X167.841 Y75.732 E2197.75645
G1 X167.535 Y75.776 E2197.7674
G1 X167.23 Y75.873 E2197.77874
G1 X166.984 Y75.986 E2197.78833
G1 F1863.5 X166.759 Y76.135 E2197.79786
G1 F1859.2 X166.528 Y76.334 E2197.80866
G1 X166.331 Y76.567 E2197.81947
G1 F1850.5 X166.156 Y76.852 E2197.83137
G1 X166.019 Y77.18 E2197.84402
G1 F1841.9 X165.945 Y77.514 E2197.85625
G1 F1850.5 X165.926 Y77.875 E2197.86912
G1 X165.972 Y78.234 E2197.882
G1 X166.069 Y78.568 E2197.89438
G1 F1846.2 X166.223 Y78.87 E2197.90647
G1 F1850.5 X166.411 Y79.134 E2197.918
G1 F1859.2 X166.624 Y79.349 E2197.92872
G1 F1854.8 X166.859 Y79.531 E2197.93928
G1 F1859.2 X167.094 Y79.665 E2197.94886
G1 F1854.8 X167.359 Y79.773 E2197.95902
G1 F1859.2 X167.663 Y79.844 E2197.97008
G1 F1850.5 X167.976 Y79.872 E2197.98126
G0 F9000 X167.996 Y79.446
G1 F1854.8 X167.569 Y79.404 E2197.9965
G1 F1867.9 X167.142 Y79.209 E2198.01305
G1 F1876.8 X166.775 Y78.923 E2198.02937
G1 F1850.5 X166.595 Y78.648 E2198.04107
G1 F1846.2 X166.462 Y78.405 E2198.05095
G1 F1850.5 X166.397 Y78.156 E2198.06011
G1 X166.351 Y77.846 E2198.07126
G1 X166.37 Y77.586 E2198.08054
G1 F1841.9 X166.46 Y77.172 E2198.09569
G1 F1850.5 X166.751 Y76.698 E2198.11548
G1 F1859.2 X167.142 Y76.375 E2198.13345
G1 F1872.3 X167.586 Y76.2 E2198.15023
G1 F1859.2 X167.869 Y76.162 E2198.16035
G1 X168.142 Y76.153 E2198.17002
G1 X168.404 Y76.209 E2198.17951
G1 X168.737 Y76.314 E2198.19188
G1 F1876.8 X169.071 Y76.535 E2198.20593
G1 F1867.9 X169.427 Y76.945 E2198.22508
G1 X169.625 Y77.454 E2198.24433
G1 X169.643 Y77.969 E2198.2625
G1 F1872.3 X169.596 Y78.224 E2198.27162
G1 F1867.9 X169.407 Y78.663 E2198.28847
G1 F1850.5 X169.224 Y78.89 E2198.29885
G1 F1846.2 X169.02 Y79.095 E2198.30916
G1 F1859.2 X168.697 Y79.309 E2198.32289
G1 X168.239 Y79.429 E2198.33966
G1 F1854.8 X167.996 Y79.446 E2198.34831
G0 F9000 X168.094 Y79.016
;TYPE:WALL-OUTER
G1 F1800 X167.681 Y78.981 E2198.36347
G1 X167.342 Y78.826 E2198.37711
G1 X167.058 Y78.575 E2198.39098
G1 X166.849 Y78.208 E2198.40643
G1 X166.776 Y77.771 E2198.42264
G1 X166.873 Y77.334 E2198.43902
G1 X167.088 Y76.985 E2198.45401
G1 X167.367 Y76.751 E2198.46734
G1 X167.741 Y76.606 E2198.48201
G1 X168.145 Y76.586 E2198.49681
G1 X168.542 Y76.705 E2198.51197
G1 X168.754 Y76.84 E2198.52117
G1 X169.048 Y77.172 E2198.53739
G1 X169.194 Y77.541 E2198.55191
G1 X169.2 Y78.025 E2198.56962
G1 X169.018 Y78.471 E2198.58725
G1 X168.734 Y78.77 E2198.60233
G1 X168.517 Y78.907 E2198.61172
G1 X168.094 Y79.016 E2198.6277
G0 F9000 X167.974 Y80.307
G1 F1800 X168.4 Y80.274 E2198.64334
G1 X168.805 Y80.174 E2198.6586
G1 X169.202 Y80.001 E2198.67444
G1 X169.562 Y79.762 E2198.69025
G1 X169.87 Y79.473 E2198.7057
G1 X170.146 Y79.098 E2198.72274
G1 X170.356 Y78.656 E2198.74064
G1 X170.474 Y78.21 E2198.75752
G1 X170.507 Y77.799 E2198.77261
G1 X170.474 Y77.381 E2198.78795
G1 X170.382 Y77.021 E2198.80154
G1 X170.235 Y76.66 E2198.8158
G1 X170.018 Y76.307 E2198.83096
G1 X169.75 Y76 E2198.84587
G1 X169.411 Y75.727 E2198.8618
G1 X169.036 Y75.514 E2198.87757
G1 X168.628 Y75.37 E2198.8934
G1 X168.208 Y75.3 E2198.90898
G1 X167.809 Y75.297 E2198.92358
G1 X167.438 Y75.355 E2198.93732
G1 X167.072 Y75.466 E2198.95131
G1 X166.773 Y75.609 E2198.96344
G1 X166.497 Y75.789 E2198.97549
G1 X166.221 Y76.028 E2198.98885
G1 X165.979 Y76.311 E2199.00247
G1 X165.769 Y76.653 E2199.01716
G1 X165.603 Y77.048 E2199.03283
G1 X165.511 Y77.457 E2199.04817
G1 X165.493 Y77.891 E2199.06406
G1 X165.544 Y78.323 E2199.07998
G1 X165.666 Y78.727 E2199.09542
G1 X165.849 Y79.097 E2199.11052
G1 X166.081 Y79.413 E2199.12486
G1 X166.335 Y79.675 E2199.13821
G1 X166.619 Y79.892 E2199.15129
G1 X166.905 Y80.057 E2199.16337
G1 X167.227 Y80.185 E2199.17605
G1 X167.592 Y80.274 E2199.18979
G1 X167.974 Y80.307 E2199.20382
G1 F1500 E2197.20382
;MESH:NONMESH
G0 F300 Z2.68
G0 F9000 X51.996 Y79.446
;TIME_ELAPSED:6991.707690
;LAYER:14
;TYPE:WALL-INNER
;MESH:SmartKiln_Fondo.stl
G1 F1500 E2199.20382
G1 F1854.8 X51.569 Y79.404 E2199.21905
G1 F1867.9 X51.142 Y79.209 E2199.2356
G1 F1876.8 X50.775 Y78.923 E2199.25193
G1 F1850.5 X50.595 Y78.648 E2199.26363
G1 F1846.2 X50.462 Y78.405 E2199.27351
G1 F1850.5 X50.397 Y78.156 E2199.28267
G1 X50.351 Y77.846 E2199.29382
G1 X50.37 Y77.586 E2199.3031
G1 F1841.9 X50.46 Y77.172 E2199.31825
G1 F1850.5 X50.751 Y76.698 E2199.33804
G1 F1859.2 X51.142 Y76.375 E2199.356
G1 F1872.3 X51.586 Y76.2 E2199.37279
G1 F1859.2 X51.869 Y76.162 E2199.3829
G1 X52.142 Y76.153 E2199.39258
G1 X52.404 Y76.209 E2199.40207
G1 X52.737 Y76.314 E2199.41444
G1 F1876.8 X53.071 Y76.535 E2199.42849
G1 F1867.9 X53.427 Y76.945 E2199.44764
G1 X53.621 Y77.444 E2199.46651
G1 F1872.3 X53.652 Y77.796 E2199.47894
G1 F1854.8 X53.618 Y78.058 E2199.48832
G1 F1850.5 X53.556 Y78.339 E2199.49856
G1 F1867.9 X53.407 Y78.663 E2199.51113
G1 F1850.5 X53.224 Y78.89 E2199.52151
G1 F1846.2 X53.02 Y79.095 E2199.53183
G1 F1859.2 X52.697 Y79.309 E2199.54555
G1 X52.239 Y79.429 E2199.56232
G1 F1854.8 X51.996 Y79.446 E2199.57097
G0 F9000 X51.976 Y79.872
G1 F1850.5 X52.332 Y79.845 E2199.58368
G1 X52.665 Y79.761 E2199.5959
G1 F1859.2 X52.995 Y79.62 E2199.60861
G1 X53.292 Y79.422 E2199.62125
G1 F1846.2 X53.542 Y79.182 E2199.63362
G1 F1850.5 X53.773 Y78.876 E2199.64726
G1 F1867.9 X53.948 Y78.506 E2199.66169
G1 F1850.5 X54.042 Y78.137 E2199.67524
G1 F1854.8 X54.074 Y77.796 E2199.6874
G1 F1872.3 X54.046 Y77.452 E2199.69954
G1 F1859.2 X53.969 Y77.157 E2199.71034
G1 X53.848 Y76.857 E2199.7218
G1 F1854.8 X53.666 Y76.565 E2199.73402
G1 F1841.9 X53.447 Y76.314 E2199.74593
G1 F1854.8 X53.153 Y76.077 E2199.75934
G1 F1867.9 X52.856 Y75.909 E2199.77137
G1 F1850.5 X52.52 Y75.793 E2199.78402
G1 F1859.2 X52.171 Y75.731 E2199.79657
G1 X51.841 Y75.732 E2199.80826
G1 X51.535 Y75.776 E2199.81921
G1 X51.23 Y75.873 E2199.83055
G1 X50.984 Y75.986 E2199.84014
G1 F1863.5 X50.759 Y76.135 E2199.84967
G1 F1859.2 X50.528 Y76.334 E2199.86047
G1 X50.331 Y76.567 E2199.87128
G1 F1850.5 X50.156 Y76.852 E2199.88318
G1 X50.019 Y77.18 E2199.89583
G1 F1841.9 X49.945 Y77.514 E2199.90807
G1 F1850.5 X49.926 Y77.875 E2199.92093
G1 X49.972 Y78.234 E2199.93381
G1 X50.069 Y78.568 E2199.94619
G1 F1846.2 X50.223 Y78.87 E2199.95828
G1 F1850.5 X50.411 Y79.134 E2199.96982
G1 F1859.2 X50.624 Y79.349 E2199.98054
G1 F1854.8 X50.859 Y79.531 E2199.99109
G1 F1859.2 X51.094 Y79.665 E2200.00067
G1 F1854.8 X51.359 Y79.773 E2200.01083
G1 F1859.2 X51.663 Y79.844 E2200.02189
G1 F1850.5 X51.976 Y79.872 E2200.03307
G0 F9000 X51.974 Y80.307
;TYPE:WALL-OUTER
G1 F1800 X52.4 Y80.274 E2200.04871
G1 X52.805 Y80.174 E2200.06397
G1 X53.202 Y80.001 E2200.07981
G1 X53.562 Y79.762 E2200.09562
G1 X53.87 Y79.473 E2200.11107
G1 X54.146 Y79.098 E2200.12811
G1 X54.356 Y78.655 E2200.14605
G1 X54.474 Y78.21 E2200.16289
G1 X54.507 Y77.796 E2200.17808
G1 X54.474 Y77.381 E2200.19332
G1 X54.382 Y77.021 E2200.20691
G1 X54.235 Y76.66 E2200.22117
G1 X54.018 Y76.307 E2200.23633
G1 X53.75 Y76 E2200.25124
G1 X53.411 Y75.727 E2200.26716
G1 X53.036 Y75.514 E2200.28294
G1 X52.628 Y75.37 E2200.29877
G1 X52.208 Y75.3 E2200.31435
G1 X51.809 Y75.297 E2200.32895
G1 X51.438 Y75.355 E2200.34269
G1 X51.072 Y75.466 E2200.35668
G1 X50.773 Y75.609 E2200.36881
G1 X50.497 Y75.789 E2200.38086
G1 X50.221 Y76.028 E2200.39422
G1 X49.979 Y76.311 E2200.40784
G1 X49.769 Y76.653 E2200.42253
G1 X49.603 Y77.048 E2200.4382
G1 X49.511 Y77.457 E2200.45354
G1 X49.493 Y77.891 E2200.46943
G1 X49.544 Y78.323 E2200.48535
G1 X49.666 Y78.727 E2200.50079
G1 X49.849 Y79.097 E2200.51589
G1 X50.081 Y79.413 E2200.53023
G1 X50.335 Y79.675 E2200.54358
G1 X50.619 Y79.892 E2200.55666
G1 X50.905 Y80.057 E2200.56874
G1 X51.227 Y80.185 E2200.58142
G1 X51.592 Y80.274 E2200.59516
G1 X51.974 Y80.307 E2200.60919
G0 F9000 X52.094 Y79.016
G1 F1800 X51.681 Y78.981 E2200.62435
G1 X51.342 Y78.826 E2200.63799
G1 X51.058 Y78.575 E2200.65186
G1 X50.849 Y78.208 E2200.66731
G1 X50.776 Y77.771 E2200.68352
G1 X50.873 Y77.334 E2200.6999
G1 X51.088 Y76.985 E2200.71489
G1 X51.367 Y76.751 E2200.72822
G1 X51.741 Y76.606 E2200.74289
G1 X52.145 Y76.586 E2200.75769
G1 X52.542 Y76.705 E2200.77285
G1 X52.754 Y76.84 E2200.78205
G1 X53.048 Y77.172 E2200.79827
G1 X53.194 Y77.541 E2200.81279
G1 X53.22 Y77.814 E2200.82283
G1 X53.138 Y78.229 E2200.8383
G1 X53.018 Y78.471 E2200.84818
G1 X52.734 Y78.77 E2200.86327
G1 X52.517 Y78.907 E2200.87266
G1 X52.094 Y79.016 E2200.88864
G1 F1500 E2198.88864
G0 F9000 X51.996 Y146.446
;TYPE:WALL-INNER
G1 F1500 E2200.88864
G1 F1854.8 X51.569 Y146.404 E2200.90388
G1 F1867.9 X51.142 Y146.209 E2200.92043
G1 F1876.8 X50.775 Y145.923 E2200.93675
G1 F1850.5 X50.595 Y145.648 E2200.94845
G1 F1846.2 X50.462 Y145.405 E2200.95833
G1 F1850.5 X50.397 Y145.156 E2200.96749
G1 X50.351 Y144.846 E2200.97864
G1 X50.37 Y144.586 E2200.98792
G1 F1841.9 X50.46 Y144.172 E2201.00307
G1 F1850.5 X50.751 Y143.698 E2201.02286
G1 F1859.2 X51.142 Y143.375 E2201.04083
G1 F1872.3 X51.586 Y143.2 E2201.05761
G1 F1859.2 X51.869 Y143.162 E2201.06773
G1 X52.142 Y143.153 E2201.0774
G1 X52.404 Y143.209 E2201.08689
G1 X52.737 Y143.314 E2201.09926
G1 F1876.8 X53.071 Y143.535 E2201.11331
G1 F1867.9 X53.427 Y143.945 E2201.13246
G1 X53.621 Y144.444 E2201.15133
G1 F1872.3 X53.652 Y144.796 E2201.16376
G1 F1854.8 X53.618 Y145.058 E2201.17314
G1 F1850.5 X53.556 Y145.339 E2201.18338
G1 F1867.9 X53.407 Y145.663 E2201.19596
G1 F1850.5 X53.224 Y145.89 E2201.20633
G1 F1846.2 X53.02 Y146.095 E2201.21665
G1 F1859.2 X52.697 Y146.309 E2201.23037
G1 X52.239 Y146.429 E2201.24714
G1 F1854.8 X51.996 Y146.446 E2201.25579
G0 F9000 X51.976 Y146.872
G1 F1850.5 X52.332 Y146.845 E2201.2685
G1 X52.665 Y146.761 E2201.28072
G1 F1859.2 X52.995 Y146.62 E2201.29343
G1 X53.292 Y146.422 E2201.30608
G1 F1846.2 X53.542 Y146.182 E2201.31844
G1 F1850.5 X53.773 Y145.876 E2201.33208
G1 F1867.9 X53.948 Y145.506 E2201.34651
G1 F1850.5 X54.042 Y145.137 E2201.36007
G1 F1854.8 X54.074 Y144.796 E2201.37223
G1 F1872.3 X54.046 Y144.452 E2201.38437
G1 F1859.2 X53.969 Y144.157 E2201.39516
G1 X53.848 Y143.857 E2201.40662
G1 F1854.8 X53.666 Y143.565 E2201.41884
G1 F1841.9 X53.447 Y143.314 E2201.43075
G1 F1854.8 X53.153 Y143.077 E2201.44416
G1 F1867.9 X52.856 Y142.909 E2201.45619
G1 F1850.5 X52.52 Y142.793 E2201.46884
G1 F1859.2 X52.171 Y142.731 E2201.48139
G1 X51.841 Y142.732 E2201.49308
G1 X51.535 Y142.776 E2201.50403
G1 X51.23 Y142.873 E2201.51537
G1 X50.984 Y142.986 E2201.52496
G1 F1863.5 X50.759 Y143.135 E2201.5345
G1 F1859.2 X50.528 Y143.334 E2201.5453
G1 X50.331 Y143.567 E2201.5561
G1 F1850.5 X50.156 Y143.852 E2201.56801
G1 X50.019 Y144.18 E2201.58066
G1 F1841.9 X49.945 Y144.514 E2201.59289
G1 F1850.5 X49.926 Y144.875 E2201.60575
G1 X49.972 Y145.234 E2201.61863
G1 X50.069 Y145.568 E2201.63101
G1 F1846.2 X50.223 Y145.87 E2201.6431
G1 F1850.5 X50.411 Y146.134 E2201.65464
G1 F1859.2 X50.624 Y146.349 E2201.66536
G1 F1854.8 X50.859 Y146.531 E2201.67591
G1 F1859.2 X51.094 Y146.665 E2201.6855
G1 F1854.8 X51.359 Y146.773 E2201.69566
G1 F1859.2 X51.663 Y146.844 E2201.70671
G1 F1850.5 X51.976 Y146.872 E2201.7179
G0 F9000 X51.974 Y147.307
;TYPE:WALL-OUTER
G1 F1800 X52.4 Y147.274 E2201.73353
G1 X52.805 Y147.174 E2201.74879
G1 X53.202 Y147.001 E2201.76464
G1 X53.562 Y146.762 E2201.78045
G1 X53.87 Y146.473 E2201.7959
G1 X54.146 Y146.098 E2201.81293
G1 X54.356 Y145.655 E2201.83087
G1 X54.474 Y145.21 E2201.84771
G1 X54.507 Y144.796 E2201.86291
G1 X54.474 Y144.381 E2201.87814
G1 X54.382 Y144.021 E2201.89173
G1 X54.235 Y143.66 E2201.90599
G1 X54.018 Y143.307 E2201.92115
G1 X53.75 Y143 E2201.93606
G1 X53.411 Y142.727 E2201.95199
G1 X53.036 Y142.514 E2201.96777
G1 X52.628 Y142.37 E2201.9836
G1 X52.208 Y142.3 E2201.99917
G1 X51.809 Y142.297 E2202.01377
G1 X51.438 Y142.355 E2202.02751
G1 X51.072 Y142.466 E2202.0415
G1 X50.773 Y142.609 E2202.05363
G1 X50.497 Y142.789 E2202.06568
G1 X50.221 Y143.028 E2202.07904
G1 X49.979 Y143.311 E2202.09267
G1 X49.769 Y143.653 E2202.10735
G1 X49.603 Y144.048 E2202.12302
G1 X49.511 Y144.457 E2202.13836
G1 X49.493 Y144.891 E2202.15425
G1 X49.544 Y145.323 E2202.17017
G1 X49.666 Y145.727 E2202.18561
G1 X49.849 Y146.097 E2202.20071
G1 X50.081 Y146.413 E2202.21505
G1 X50.335 Y146.675 E2202.2284
G1 X50.619 Y146.892 E2202.24148
G1 X50.905 Y147.057 E2202.25356
G1 X51.227 Y147.185 E2202.26624
G1 X51.592 Y147.274 E2202.27998
G1 X51.974 Y147.307 E2202.29401
G0 F9000 X52.094 Y146.016
G1 F1800 X51.681 Y145.981 E2202.30918
G1 X51.342 Y145.826 E2202.32281
G1 X51.058 Y145.575 E2202.33668
G1 X50.849 Y145.208 E2202.35213
G1 X50.776 Y144.771 E2202.36834
G1 X50.873 Y144.334 E2202.38472
G1 X51.088 Y143.985 E2202.39972
G1 X51.367 Y143.751 E2202.41304
G1 X51.741 Y143.606 E2202.42771
G1 X52.145 Y143.586 E2202.44251
G1 X52.542 Y143.705 E2202.45768
G1 X52.754 Y143.84 E2202.46687
G1 X53.048 Y144.172 E2202.4831
G1 X53.194 Y144.541 E2202.49761
G1 X53.22 Y144.814 E2202.50765
G1 X53.138 Y145.229 E2202.52312
G1 X53.018 Y145.471 E2202.53301
G1 X52.734 Y145.77 E2202.54809
G1 X52.517 Y145.907 E2202.55748
G1 X52.094 Y146.016 E2202.57347
G1 F1500 E2200.57347
G0 F9000 X167.976 Y146.872
;TYPE:WALL-INNER
G1 F1500 E2202.57347
G1 F1850.5 X168.332 Y146.845 E2202.58617
G1 X168.665 Y146.761 E2202.59839
G1 F1859.2 X168.995 Y146.62 E2202.6111
G1 X169.292 Y146.422 E2202.62375
G1 F1846.2 X169.542 Y146.182 E2202.63611
G1 F1850.5 X169.773 Y145.876 E2202.64976
G1 F1867.9 X169.948 Y145.506 E2202.66419
G1 F1850.5 X170.042 Y145.137 E2202.67774
G1 F1854.8 X170.074 Y144.796 E2202.6899
G1 F1872.3 X170.046 Y144.452 E2202.70204
G1 F1859.2 X169.969 Y144.157 E2202.71284
G1 X169.848 Y143.857 E2202.72429
G1 F1854.8 X169.666 Y143.565 E2202.73651
G1 F1841.9 X169.447 Y143.314 E2202.74842
G1 F1854.8 X169.153 Y143.077 E2202.76183
G1 F1867.9 X168.856 Y142.909 E2202.77386
G1 F1850.5 X168.52 Y142.793 E2202.78651
G1 F1859.2 X168.171 Y142.731 E2202.79907
G1 X167.841 Y142.732 E2202.81075
G1 X167.535 Y142.776 E2202.82171
G1 X167.23 Y142.873 E2202.83304
G1 X166.984 Y142.986 E2202.84263
G1 F1863.5 X166.759 Y143.135 E2202.85217
G1 F1859.2 X166.528 Y143.334 E2202.86297
G1 X166.331 Y143.567 E2202.87378
G1 F1850.5 X166.156 Y143.852 E2202.88568
G1 X166.019 Y144.18 E2202.89833
G1 F1841.9 X165.945 Y144.514 E2202.91056
G1 F1850.5 X165.926 Y144.875 E2202.92343
G1 X165.972 Y145.234 E2202.93631
G1 X166.069 Y145.568 E2202.94868
G1 F1846.2 X166.223 Y145.87 E2202.96078
G1 F1850.5 X166.411 Y146.134 E2202.97231
G1 F1859.2 X166.624 Y146.349 E2202.98303
G1 F1854.8 X166.859 Y146.531 E2202.99358
G1 F1859.2 X167.094 Y146.665 E2203.00317
G1 F1854.8 X167.359 Y146.773 E2203.01333
G1 F1859.2 X167.663 Y146.844 E2203.02439
G1 F1850.5 X167.976 Y146.872 E2203.03557
G0 F9000 X167.996 Y146.446
G1 F1854.8 X167.569 Y146.404 E2203.0508
G1 F1867.9 X167.142 Y146.209 E2203.06735
G1 F1876.8 X166.775 Y145.923 E2203.08368
G1 F1850.5 X166.595 Y145.648 E2203.09538
G1 F1846.2 X166.462 Y145.405 E2203.10526
G1 F1850.5 X166.397 Y145.156 E2203.11442
G1 X166.351 Y144.846 E2203.12557
G1 X166.37 Y144.586 E2203.13485
G1 F1841.9 X166.46 Y144.172 E2203.14999
G1 F1850.5 X166.751 Y143.698 E2203.16979
G1 F1859.2 X167.142 Y143.375 E2203.18775
G1 F1872.3 X167.586 Y143.2 E2203.20454
G1 F1859.2 X167.869 Y143.162 E2203.21465
G1 X168.142 Y143.153 E2203.22433
G1 X168.404 Y143.209 E2203.23382
G1 X168.737 Y143.314 E2203.24619
G1 F1876.8 X169.071 Y143.535 E2203.26024
G1 F1867.9 X169.427 Y143.945 E2203.27938
G1 X169.621 Y144.444 E2203.29826
G1 F1872.3 X169.652 Y144.796 E2203.31069
G1 F1854.8 X169.618 Y145.058 E2203.32007
G1 F1850.5 X169.556 Y145.339 E2203.33031
G1 F1867.9 X169.407 Y145.663 E2203.34288
G1 F1850.5 X169.224 Y145.89 E2203.35326
G1 F1846.2 X169.02 Y146.095 E2203.36358
G1 F1859.2 X168.697 Y146.309 E2203.3773
G1 X168.239 Y146.429 E2203.39407
G1 F1854.8 X167.996 Y146.446 E2203.40272
G0 F9000 X168.094 Y146.016
;TYPE:WALL-OUTER
G1 F1800 X167.681 Y145.981 E2203.41788
G1 X167.342 Y145.826 E2203.43152
G1 X167.058 Y145.575 E2203.44539
G1 X166.849 Y145.208 E2203.46084
G1 X166.776 Y144.771 E2203.47705
G1 X166.873 Y144.334 E2203.49343
G1 X167.088 Y143.985 E2203.50842
G1 X167.367 Y143.751 E2203.52175
G1 X167.741 Y143.606 E2203.53642
G1 X168.145 Y143.586 E2203.55122
G1 X168.542 Y143.705 E2203.56638
G1 X168.754 Y143.84 E2203.57558
G1 X169.048 Y144.172 E2203.5918
G1 X169.194 Y144.541 E2203.60632
G1 X169.22 Y144.814 E2203.61636
G1 X169.138 Y145.229 E2203.63183
G1 X169.018 Y145.471 E2203.64172
G1 X168.734 Y145.77 E2203.6568
G1 X168.517 Y145.907 E2203.66619
G1 X168.094 Y146.016 E2203.68217
G0 F9000 X167.974 Y147.307
G1 F1800 X168.4 Y147.274 E2203.69781
G1 X168.805 Y147.174 E2203.71307
G1 X169.202 Y147.001 E2203.72891
G1 X169.562 Y146.762 E2203.74472
G1 X169.87 Y146.473 E2203.76017
G1 X170.146 Y146.098 E2203.77721
G1 X170.356 Y145.655 E2203.79515
G1 X170.474 Y145.21 E2203.81199
G1 X170.507 Y144.796 E2203.82718
G1 X170.474 Y144.381 E2203.84242
G1 X170.382 Y144.021 E2203.85601
G1 X170.235 Y143.66 E2203.87027
G1 X170.018 Y143.307 E2203.88543
G1 X169.75 Y143 E2203.90034
G1 X169.411 Y142.727 E2203.91626
G1 X169.036 Y142.514 E2203.93204
G1 X168.628 Y142.37 E2203.94787
G1 X168.208 Y142.3 E2203.96345
G1 X167.809 Y142.297 E2203.97805
G1 X167.438 Y142.355 E2203.99179
G1 X167.072 Y142.466 E2204.00578
G1 X166.773 Y142.609 E2204.01791
G1 X166.497 Y142.789 E2204.02996
G1 X166.221 Y143.028 E2204.04332
G1 X165.979 Y143.311 E2204.05694
G1 X165.769 Y143.653 E2204.07162
G1 X165.603 Y144.048 E2204.0873
G1 X165.511 Y144.457 E2204.10264
G1 X165.493 Y144.891 E2204.11853
G1 X165.544 Y145.323 E2204.13445
G1 X165.666 Y145.727 E2204.14989
G1 X165.849 Y146.097 E2204.16499
G1 X166.081 Y146.413 E2204.17933
G1 X166.335 Y146.675 E2204.19268
G1 X166.619 Y146.892 E2204.20576
G1 X166.905 Y147.057 E2204.21784
G1 X167.227 Y147.185 E2204.23051
G1 X167.592 Y147.274 E2204.24426
G1 X167.974 Y147.307 E2204.25829
G1 F1500 E2202.25829
G0 F9000 X110 Y149.367
G1 F1500 E2204.25829
G1 F2289 X47.948 Y149.367 E2206.04352
G1 F2200 X47.462 Y149.317 E2206.05815
G1 F2193.9 X47.433 Y148.907 E2206.07049
G1 F2289 X47.432 Y110.027 E2207.18907
G1 F2295.7 X47.432 Y71.147 E2208.30441
G1 F2212.3 X47.482 Y70.661 E2208.31895
G1 F2200 X47.889 Y70.633 E2208.33117
G1 F2289 X109.969 Y70.632 E2210.11721
G1 F2295.7 X172.049 Y70.632 E2211.89809
G1 F2250 X172.519 Y70.681 E2211.91192
G1 F2243.6 X172.567 Y71.148 E2211.9257
G1 F2282.4 X172.566 Y148.908 E2214.16932
G1 F2106.4 X172.538 Y149.338 E2214.1828
G1 F2100.8 X172.108 Y149.366 E2214.1963
G1 F2275.9 X110 Y149.367 E2215.99348
G0 F9000 X110 Y149.02
G1 F2275.9 X172.078 Y149.02 E2217.78979
G1 F2100.8 X172.192 Y148.992 E2217.79347
G1 F2106.4 X172.22 Y148.878 E2217.79714
G1 F2282.4 X172.221 Y71.148 E2220.0399
G1 F2112 X172.192 Y71.006 E2220.04441
G1 F2117.6 X172.048 Y70.976 E2220.04899
G1 F2295.7 X109.983 Y70.976 E2221.82944
G1 F2289 X47.918 Y70.977 E2223.61505
G1 F2112 X47.805 Y71.005 E2223.61868
G1 F2117.6 X47.776 Y71.148 E2223.62322
G1 F2295.7 X47.776 Y110.013 E2224.73813
G1 F2289 X47.777 Y148.878 E2225.85628
G1 F2106.4 X47.806 Y148.992 E2225.85996
G1 F2112 X47.948 Y149.021 E2225.86448
G1 F2289 X110 Y149.02 E2227.64971
G1 F1500 E2225.64971
G0 F9000 X110 Y148.185
G0 X167.867 Y81.187
G0 X167.976 Y79.872
;TYPE:WALL-INNER
G1 F1500 E2227.64971
G1 F1850.5 X168.332 Y79.845 E2227.66242
G1 X168.665 Y79.761 E2227.67464
G1 F1859.2 X168.995 Y79.62 E2227.68735
G1 X169.292 Y79.422 E2227.7
G1 F1846.2 X169.542 Y79.182 E2227.71236
G1 F1850.5 X169.773 Y78.876 E2227.726
G1 F1867.9 X169.948 Y78.506 E2227.74043
G1 F1850.5 X170.042 Y78.137 E2227.75399
G1 F1854.8 X170.074 Y77.796 E2227.76615
G1 F1872.3 X170.046 Y77.452 E2227.77829
G1 F1859.2 X169.969 Y77.157 E2227.78908
G1 X169.848 Y76.857 E2227.80054
G1 F1854.8 X169.666 Y76.565 E2227.81276
G1 F1841.9 X169.447 Y76.314 E2227.82467
G1 F1854.8 X169.153 Y76.077 E2227.83808
G1 F1867.9 X168.856 Y75.909 E2227.85011
G1 F1850.5 X168.52 Y75.793 E2227.86276
G1 F1859.2 X168.171 Y75.731 E2227.87531
G1 X167.841 Y75.732 E2227.887
G1 X167.535 Y75.776 E2227.89795
G1 X167.23 Y75.873 E2227.90929
G1 X166.984 Y75.986 E2227.91888
G1 F1863.5 X166.759 Y76.135 E2227.92842
G1 F1859.2 X166.528 Y76.334 E2227.93922
G1 X166.331 Y76.567 E2227.95002
G1 F1850.5 X166.156 Y76.852 E2227.96193
G1 X166.019 Y77.18 E2227.97458
G1 F1841.9 X165.945 Y77.514 E2227.98681
G1 F1850.5 X165.926 Y77.875 E2227.99967
G1 X165.972 Y78.234 E2228.01255
G1 X166.069 Y78.568 E2228.02493
G1 F1846.2 X166.223 Y78.87 E2228.03702
G1 F1850.5 X166.411 Y79.134 E2228.04856
G1 F1859.2 X166.624 Y79.349 E2228.05928
G1 F1854.8 X166.859 Y79.531 E2228.06983
G1 F1859.2 X167.094 Y79.665 E2228.07941
G1 F1854.8 X167.359 Y79.773 E2228.08958
G1 F1859.2 X167.663 Y79.844 E2228.10063
G1 F1850.5 X167.976 Y79.872 E2228.11182
G0 F9000 X167.996 Y79.446
G1 F1854.8 X167.569 Y79.404 E2228.12705
G1 F1867.9 X167.142 Y79.209 E2228.1436
G1 F1876.8 X166.775 Y78.923 E2228.15993
G1 F1850.5 X166.595 Y78.648 E2228.17162
G1 F1846.2 X166.462 Y78.405 E2228.18151
G1 F1850.5 X166.397 Y78.156 E2228.19066
G1 X166.351 Y77.846 E2228.20182
G1 X166.37 Y77.586 E2228.21109
G1 F1841.9 X166.46 Y77.172 E2228.22624
G1 F1850.5 X166.751 Y76.698 E2228.24604
G1 F1859.2 X167.142 Y76.375 E2228.264
G1 F1872.3 X167.586 Y76.2 E2228.28079
G1 F1859.2 X167.869 Y76.162 E2228.2909
G1 X168.142 Y76.153 E2228.30058
G1 X168.404 Y76.209 E2228.31007
G1 X168.737 Y76.314 E2228.32244
G1 F1876.8 X169.071 Y76.535 E2228.33649
G1 F1867.9 X169.427 Y76.945 E2228.35563
G1 X169.621 Y77.444 E2228.37451
G1 F1872.3 X169.652 Y77.796 E2228.38694
G1 F1854.8 X169.618 Y78.058 E2228.39632
G1 F1850.5 X169.556 Y78.339 E2228.40656
G1 F1867.9 X169.407 Y78.663 E2228.41913
G1 F1850.5 X169.224 Y78.89 E2228.42951
G1 F1846.2 X169.02 Y79.095 E2228.43982
G1 F1859.2 X168.697 Y79.309 E2228.45355
G1 X168.244 Y79.428 E2228.47014
G1 F1850.5 X167.996 Y79.446 E2228.47899
G0 F9000 X168.094 Y79.016
;TYPE:WALL-OUTER
G1 F1800 X167.681 Y78.981 E2228.49415
G1 X167.342 Y78.826 E2228.50779
G1 X167.058 Y78.575 E2228.52166
G1 X166.849 Y78.208 E2228.53711
G1 X166.776 Y77.771 E2228.55332
G1 X166.873 Y77.334 E2228.5697
G1 X167.088 Y76.985 E2228.58469
G1 X167.367 Y76.751 E2228.59801
G1 X167.741 Y76.606 E2228.61269
G1 X168.145 Y76.586 E2228.62749
G1 X168.542 Y76.705 E2228.64265
G1 X168.754 Y76.84 E2228.65185
G1 X169.048 Y77.172 E2228.66807
G1 X169.194 Y77.541 E2228.68259
G1 X169.22 Y77.814 E2228.69262
G1 X169.138 Y78.229 E2228.7081
G1 X169.018 Y78.471 E2228.71798
G1 X168.734 Y78.77 E2228.73307
G1 X168.517 Y78.907 E2228.74246
G1 X168.094 Y79.016 E2228.75844
G0 F9000 X167.974 Y80.307
G1 F1800 X168.4 Y80.274 E2228.77407
G1 X168.805 Y80.174 E2228.78934
G1 X169.202 Y80.001 E2228.80518
G1 X169.562 Y79.762 E2228.82099
G1 X169.87 Y79.473 E2228.83644
G1 X170.146 Y79.098 E2228.85348
G1 X170.356 Y78.655 E2228.87141
G1 X170.474 Y78.21 E2228.88826
G1 X170.507 Y77.796 E2228.90345
G1 X170.474 Y77.381 E2228.91868
G1 X170.382 Y77.021 E2228.93228
G1 X170.235 Y76.66 E2228.94654
G1 X170.018 Y76.307 E2228.9617
G1 X169.75 Y76 E2228.97661
G1 X169.411 Y75.727 E2228.99253
G1 X169.036 Y75.514 E2229.00831
G1 X168.628 Y75.37 E2229.02414
G1 X168.208 Y75.3 E2229.03972
G1 X167.809 Y75.297 E2229.05432
G1 X167.438 Y75.355 E2229.06806
G1 X167.072 Y75.466 E2229.08205
G1 X166.773 Y75.609 E2229.09417
G1 X166.497 Y75.789 E2229.10623
G1 X166.221 Y76.028 E2229.11959
G1 X165.979 Y76.311 E2229.13321
G1 X165.769 Y76.653 E2229.14789
G1 X165.603 Y77.048 E2229.16357
G1 X165.511 Y77.457 E2229.17891
G1 X165.493 Y77.891 E2229.1948
G1 X165.544 Y78.323 E2229.21071
G1 X165.666 Y78.727 E2229.22615
G1 X165.849 Y79.097 E2229.24126
G1 X166.081 Y79.413 E2229.2556
G1 X166.335 Y79.675 E2229.26895
G1 X166.619 Y79.892 E2229.28203
G1 X166.905 Y80.057 E2229.29411
G1 X167.227 Y80.185 E2229.30678
G1 X167.592 Y80.274 E2229.32053
G1 X167.974 Y80.307 E2229.33456
G1 F1500 E2227.33456
;MESH:NONMESH
G0 F300 Z2.88
G0 F9000 X51.996 Y79.446
;TIME_ELAPSED:7026.616921
;LAYER:15
;note -- min layer time used
;TYPE:WALL-INNER
;MESH:SmartKiln_Fondo.stl
G1 F1500 E2229.33456
G1 F1599.1 X51.569 Y79.404 E2229.34979
G1 F1610.5 X51.142 Y79.209 E2229.36634
G1 F1618.1 X50.775 Y78.923 E2229.38267
G1 F1595.4 X50.595 Y78.648 E2229.39436
G1 F1591.7 X50.462 Y78.405 E2229.40424
G1 F1595.4 X50.397 Y78.156 E2229.4134
G1 X50.351 Y77.846 E2229.42456
G1 X50.37 Y77.586 E2229.43383
G1 F1588 X50.46 Y77.172 E2229.44898
G1 F1595.4 X50.751 Y76.698 E2229.46878
G1 F1602.9 X51.142 Y76.375 E2229.48674
G1 F1614.3 X51.586 Y76.2 E2229.50353
G1 F1602.9 X51.869 Y76.162 E2229.51364
G1 X52.142 Y76.153 E2229.52332
G1 X52.404 Y76.209 E2229.53281
G1 X52.737 Y76.314 E2229.54517
G1 F1618.1 X53.071 Y76.535 E2229.55923
G1 F1610.5 X53.427 Y76.945 E2229.57837
G1 X53.621 Y77.444 E2229.59725
G1 F1614.3 X53.652 Y77.796 E2229.60968
G1 F1599.1 X53.618 Y78.058 E2229.61906
G1 F1595.4 X53.556 Y78.339 E2229.6293
G1 F1610.5 X53.407 Y78.663 E2229.64187
G1 F1595.4 X53.224 Y78.89 E2229.65225
G1 F1591.7 X53.02 Y79.095 E2229.66256
G1 F1602.9 X52.697 Y79.309 E2229.67629
G1 X52.239 Y79.429 E2229.69306
G1 F1599.1 X51.996 Y79.446 E2229.70171
G0 F9000 X51.976 Y79.872
G1 F1595.4 X52.332 Y79.845 E2229.71441
G1 X52.665 Y79.761 E2229.72664
G1 F1602.9 X52.995 Y79.62 E2229.73935
G1 X53.292 Y79.422 E2229.75199
G1 F1591.7 X53.542 Y79.182 E2229.76435
G1 F1595.4 X53.773 Y78.876 E2229.778
G1 F1610.5 X53.948 Y78.506 E2229.79243
G1 F1595.4 X54.042 Y78.137 E2229.80598
G1 F1599.1 X54.074 Y77.796 E2229.81814
G1 F1614.3 X54.046 Y77.452 E2229.83028
G1 F1602.9 X53.969 Y77.157 E2229.84108
G1 X53.848 Y76.857 E2229.85254
G1 F1599.1 X53.666 Y76.565 E2229.86475
G1 F1588 X53.447 Y76.314 E2229.87666
G1 F1599.1 X53.153 Y76.077 E2229.89007
G1 F1610.5 X52.856 Y75.909 E2229.9021
G1 F1595.4 X52.52 Y75.793 E2229.91475
G1 F1602.9 X52.171 Y75.731 E2229.92731
G1 X51.841 Y75.732 E2229.939
G1 X51.535 Y75.776 E2229.94995
G1 X51.23 Y75.873 E2229.96128
G1 X50.984 Y75.986 E2229.97087
G1 F1606.7 X50.759 Y76.135 E2229.98041
G1 F1602.9 X50.528 Y76.334 E2229.99121
G1 X50.331 Y76.567 E2230.00202
G1 F1595.4 X50.156 Y76.852 E2230.01392
G1 X50.019 Y77.18 E2230.02657
G1 F1588 X49.945 Y77.514 E2230.0388
G1 F1595.4 X49.926 Y77.875 E2230.05167
G1 X49.972 Y78.234 E2230.06455
G1 X50.069 Y78.568 E2230.07693
G1 F1591.7 X50.223 Y78.87 E2230.08902
G1 F1595.4 X50.411 Y79.134 E2230.10055
G1 F1602.9 X50.624 Y79.349 E2230.11127
G1 F1599.1 X50.859 Y79.531 E2230.12183
G1 F1602.9 X51.094 Y79.665 E2230.13141
G1 F1599.1 X51.359 Y79.773 E2230.14157
G1 F1602.9 X51.663 Y79.844 E2230.15263
G1 F1595.4 X51.976 Y79.872 E2230.16381
G0 F9000 X51.974 Y80.307
;TYPE:WALL-OUTER
G1 F1551.9 X52.4 Y80.274 E2230.17944
G1 X52.805 Y80.174 E2230.19471
G1 X53.202 Y80.001 E2230.21055
G1 X53.562 Y79.762 E2230.22636
G1 X53.87 Y79.473 E2230.24181
G1 X54.146 Y79.098 E2230.25885
G1 X54.356 Y78.655 E2230.27678
G1 X54.474 Y78.21 E2230.29363
G1 X54.507 Y77.796 E2230.30882
G1 X54.474 Y77.381 E2230.32405
G1 X54.382 Y77.021 E2230.33765
G1 X54.235 Y76.66 E2230.35191
G1 X54.018 Y76.307 E2230.36707
G1 X53.75 Y76 E2230.38198
G1 X53.411 Y75.727 E2230.3979
G1 X53.036 Y75.514 E2230.41368
G1 X52.628 Y75.37 E2230.42951
G1 X52.208 Y75.3 E2230.44509
G1 X51.809 Y75.297 E2230.45969
G1 X51.438 Y75.355 E2230.47342
G1 X51.072 Y75.466 E2230.48742
G1 X50.773 Y75.609 E2230.49954
G1 X50.497 Y75.789 E2230.5116
G1 X50.221 Y76.028 E2230.52496
G1 X49.979 Y76.311 E2230.53858
G1 X49.769 Y76.653 E2230.55326
G1 X49.603 Y77.048 E2230.56894
G1 X49.511 Y77.457 E2230.58428
G1 X49.493 Y77.891 E2230.60017
G1 X49.544 Y78.323 E2230.61608
G1 X49.666 Y78.727 E2230.63152
G1 X49.849 Y79.097 E2230.64662
G1 X50.081 Y79.413 E2230.66097
G1 X50.335 Y79.675 E2230.67432
G1 X50.619 Y79.892 E2230.68739
G1 X50.905 Y80.057 E2230.69947
G1 X51.227 Y80.185 E2230.71215
G1 X51.592 Y80.274 E2230.7259
G1 X51.974 Y80.307 E2230.73993
G0 F9000 X52.094 Y79.016
G1 F1551.9 X51.681 Y78.981 E2230.75509
G1 X51.342 Y78.826 E2230.76873
G1 X51.058 Y78.575 E2230.78259
G1 X50.849 Y78.208 E2230.79805
G1 X50.776 Y77.771 E2230.81426
G1 X50.873 Y77.334 E2230.83063
G1 X51.088 Y76.985 E2230.84563
G1 X51.367 Y76.751 E2230.85895
G1 X51.741 Y76.606 E2230.87363
G1 X52.145 Y76.586 E2230.88843
G1 X52.542 Y76.705 E2230.90359
G1 X52.754 Y76.84 E2230.91279
G1 X53.048 Y77.172 E2230.92901
G1 X53.194 Y77.541 E2230.94353
G1 X53.22 Y77.814 E2230.95356
G1 X53.138 Y78.229 E2230.96904
G1 X53.018 Y78.471 E2230.97892
G1 X52.734 Y78.77 E2230.99401
G1 X52.517 Y78.907 E2231.0034
G1 X52.094 Y79.016 E2231.01938
G1 F1500 E2229.01938
G0 F9000 X51.996 Y146.446
;TYPE:WALL-INNER
G1 F1500 E2231.01938
G1 F1599.1 X51.569 Y146.404 E2231.03461
G1 F1610.5 X51.142 Y146.209 E2231.05116
G1 F1618.1 X50.775 Y145.923 E2231.06749
G1 F1595.4 X50.595 Y145.648 E2231.07919
G1 F1591.7 X50.462 Y145.405 E2231.08907
G1 F1595.4 X50.397 Y145.156 E2231.09823
G1 X50.351 Y144.846 E2231.10938
G1 X50.37 Y144.586 E2231.11866
G1 F1588 X50.46 Y144.172 E2231.1338
G1 F1595.4 X50.751 Y143.698 E2231.1536
G1 F1602.9 X51.142 Y143.375 E2231.17156
G1 F1614.3 X51.586 Y143.2 E2231.18835
G1 F1602.9 X51.869 Y143.162 E2231.19846
G1 X52.142 Y143.153 E2231.20814
G1 X52.404 Y143.209 E2231.21763
G1 X52.737 Y143.314 E2231.23
G1 F1618.1 X53.071 Y143.535 E2231.24405
G1 F1610.5 X53.427 Y143.945 E2231.26319
G1 X53.621 Y144.444 E2231.28207
G1 F1614.3 X53.652 Y144.796 E2231.2945
G1 F1599.1 X53.618 Y145.058 E2231.30388
G1 F1595.4 X53.556 Y145.339 E2231.31412
G1 F1610.5 X53.407 Y145.663 E2231.32669
G1 F1595.4 X53.224 Y145.89 E2231.33707
G1 F1591.7 X53.02 Y146.095 E2231.34739
G1 F1602.9 X52.697 Y146.309 E2231.36111
G1 X52.239 Y146.429 E2231.37788
G1 F1599.1 X51.996 Y146.446 E2231.38653
G0 F9000 X51.976 Y146.872
G1 F1595.4 X52.332 Y146.845 E2231.39924
G1 X52.665 Y146.761 E2231.41146
G1 F1602.9 X52.995 Y146.62 E2231.42417
G1 X53.292 Y146.422 E2231.43681
G1 F1591.7 X53.542 Y146.182 E2231.44918
G1 F1595.4 X53.773 Y145.876 E2231.46282
G1 F1610.5 X53.948 Y145.506 E2231.47725
G1 F1595.4 X54.042 Y145.137 E2231.4908
G1 F1599.1 X54.074 Y144.796 E2231.50296
G1 F1614.3 X54.046 Y144.452 E2231.5151
G1 F1602.9 X53.969 Y144.157 E2231.5259
G1 X53.848 Y143.857 E2231.53736
G1 F1599.1 X53.666 Y143.565 E2231.54958
G1 F1588 X53.447 Y143.314 E2231.56149
G1 F1599.1 X53.153 Y143.077 E2231.57489
G1 F1610.5 X52.856 Y142.909 E2231.58692
G1 F1595.4 X52.52 Y142.793 E2231.59957
G1 F1602.9 X52.171 Y142.731 E2231.61213
G1 X51.841 Y142.732 E2231.62382
G1 X51.535 Y142.776 E2231.63477
G1 X51.23 Y142.873 E2231.64611
G1 X50.984 Y142.986 E2231.6557
G1 F1606.7 X50.759 Y143.135 E2231.66523
G1 F1602.9 X50.528 Y143.334 E2231.67603
G1 X50.331 Y143.567 E2231.68684
G1 F1595.4 X50.156 Y143.852 E2231.69874
G1 X50.019 Y144.18 E2231.71139
G1 F1588 X49.945 Y144.514 E2231.72363
G1 F1595.4 X49.926 Y144.875 E2231.73649
G1 X49.972 Y145.234 E2231.74937
G1 X50.069 Y145.568 E2231.76175
G1 F1591.7 X50.223 Y145.87 E2231.77384
G1 F1595.4 X50.411 Y146.134 E2231.78538
G1 F1602.9 X50.624 Y146.349 E2231.7961
G1 F1599.1 X50.859 Y146.531 E2231.80665
G1 F1602.9 X51.094 Y146.665 E2231.81623
G1 F1599.1 X51.359 Y146.773 E2231.82639
G1 F1602.9 X51.663 Y146.844 E2231.83745
G1 F1595.4 X51.976 Y146.872 E2231.84863
G0 F9000 X51.974 Y147.307
;TYPE:WALL-OUTER
G1 F1551.9 X52.4 Y147.274 E2231.86427
G1 X52.805 Y147.174 E2231.87953
G1 X53.202 Y147.001 E2231.89537
G1 X53.562 Y146.762 E2231.91118
G1 X53.87 Y146.473 E2231.92663
G1 X54.146 Y146.098 E2231.94367
G1 X54.356 Y145.655 E2231.96161
G1 X54.474 Y145.21 E2231.97845
G1 X54.507 Y144.796 E2231.99364
G1 X54.474 Y144.381 E2232.00887
G1 X54.382 Y144.021 E2232.02247
G1 X54.235 Y143.66 E2232.03673
G1 X54.018 Y143.307 E2232.05189
G1 X53.75 Y143 E2232.0668
G1 X53.411 Y142.727 E2232.08272
G1 X53.036 Y142.514 E2232.0985
G1 X52.628 Y142.37 E2232.11433
G1 X52.208 Y142.3 E2232.12991
G1 X51.809 Y142.297 E2232.14451
G1 X51.438 Y142.355 E2232.15825
G1 X51.072 Y142.466 E2232.17224
G1 X50.773 Y142.609 E2232.18437
G1 X50.497 Y142.789 E2232.19642
G1 X50.221 Y143.028 E2232.20978
G1 X49.979 Y143.311 E2232.2234
G1 X49.769 Y143.653 E2232.23808
G1 X49.603 Y144.048 E2232.25376
G1 X49.511 Y144.457 E2232.2691
G1 X49.493 Y144.891 E2232.28499
G1 X49.544 Y145.323 E2232.30091
G1 X49.666 Y145.727 E2232.31635
G1 X49.849 Y146.097 E2232.33145
G1 X50.081 Y146.413 E2232.34579
G1 X50.335 Y146.675 E2232.35914
G1 X50.619 Y146.892 E2232.37222
G1 X50.905 Y147.057 E2232.3843
G1 X51.227 Y147.185 E2232.39697
G1 X51.592 Y147.274 E2232.41072
G1 X51.974 Y147.307 E2232.42475
G0 F9000 X52.094 Y146.016
G1 F1551.9 X51.681 Y145.981 E2232.43991
G1 X51.342 Y145.826 E2232.45355
G1 X51.058 Y145.575 E2232.46742
G1 X50.849 Y145.208 E2232.48287
G1 X50.776 Y144.771 E2232.49908
G1 X50.873 Y144.334 E2232.51546
G1 X51.088 Y143.985 E2232.53045
G1 X51.367 Y143.751 E2232.54377
G1 X51.741 Y143.606 E2232.55845
G1 X52.145 Y143.586 E2232.57325
G1 X52.542 Y143.705 E2232.58841
G1 X52.754 Y143.84 E2232.59761
G1 X53.048 Y144.172 E2232.61383
G1 X53.194 Y144.541 E2232.62835
G1 X53.22 Y144.814 E2232.63838
G1 X53.138 Y145.229 E2232.65386
G1 X53.018 Y145.471 E2232.66374
G1 X52.734 Y145.77 E2232.67883
G1 X52.517 Y145.907 E2232.68822
G1 X52.094 Y146.016 E2232.7042
G1 F1500 E2230.7042
G0 F9000 X167.976 Y146.872
;TYPE:WALL-INNER
G1 F1500 E2232.7042
G1 F1595.4 X168.332 Y146.845 E2232.71691
G1 X168.665 Y146.761 E2232.72913
G1 F1602.9 X168.995 Y146.62 E2232.74184
G1 X169.292 Y146.422 E2232.75448
G1 F1591.7 X169.542 Y146.182 E2232.76685
G1 F1595.4 X169.773 Y145.876 E2232.78049
G1 F1610.5 X169.948 Y145.506 E2232.79492
G1 F1595.4 X170.042 Y145.137 E2232.80847
G1 F1599.1 X170.074 Y144.796 E2232.82063
G1 F1614.3 X170.046 Y144.452 E2232.83277
G1 F1602.9 X169.969 Y144.157 E2232.84357
G1 X169.848 Y143.857 E2232.85503
G1 F1599.1 X169.666 Y143.565 E2232.86725
G1 F1588 X169.447 Y143.314 E2232.87916
G1 F1599.1 X169.153 Y143.077 E2232.89257
G1 F1610.5 X168.856 Y142.909 E2232.9046
G1 F1595.4 X168.52 Y142.793 E2232.91725
G1 F1602.9 X168.171 Y142.731 E2232.9298
G1 X167.841 Y142.732 E2232.94149
G1 X167.535 Y142.776 E2232.95244
G1 X167.23 Y142.873 E2232.96378
G1 X166.984 Y142.986 E2232.97337
G1 F1606.7 X166.759 Y143.135 E2232.9829
G1 F1602.9 X166.528 Y143.334 E2232.9937
G1 X166.331 Y143.567 E2233.00451
G1 F1595.4 X166.156 Y143.852 E2233.01641
G1 X166.019 Y144.18 E2233.02907
G1 F1588 X165.945 Y144.514 E2233.0413
G1 F1595.4 X165.926 Y144.875 E2233.05416
G1 X165.972 Y145.234 E2233.06704
G1 X166.069 Y145.568 E2233.07942
G1 F1591.7 X166.223 Y145.87 E2233.09151
G1 F1595.4 X166.411 Y146.134 E2233.10305
G1 F1602.9 X166.624 Y146.349 E2233.11377
G1 F1599.1 X166.859 Y146.531 E2233.12432
G1 F1602.9 X167.094 Y146.665 E2233.1339
G1 F1599.1 X167.359 Y146.773 E2233.14406
G1 F1602.9 X167.663 Y146.844 E2233.15512
G1 F1595.4 X167.976 Y146.872 E2233.1663
G0 F9000 X167.996 Y146.446
G1 F1599.1 X167.569 Y146.404 E2233.18154
G1 F1610.5 X167.142 Y146.209 E2233.19809
G1 F1618.1 X166.775 Y145.923 E2233.21441
G1 F1595.4 X166.595 Y145.648 E2233.22611
G1 F1591.7 X166.462 Y145.405 E2233.23599
G1 F1595.4 X166.397 Y145.156 E2233.24515
G1 X166.351 Y144.846 E2233.25631
G1 X166.37 Y144.586 E2233.26558
G1 F1588 X166.46 Y144.172 E2233.28073
G1 F1595.4 X166.751 Y143.698 E2233.30053
G1 F1602.9 X167.142 Y143.375 E2233.31849
G1 F1614.3 X167.586 Y143.2 E2233.33528
G1 F1602.9 X167.869 Y143.162 E2233.34539
G1 X168.142 Y143.153 E2233.35507
G1 X168.404 Y143.209 E2233.36456
G1 X168.737 Y143.314 E2233.37692
G1 F1618.1 X169.071 Y143.535 E2233.39098
G1 F1610.5 X169.427 Y143.945 E2233.41012
G1 X169.621 Y144.444 E2233.429
G1 F1614.3 X169.652 Y144.796 E2233.44142
G1 F1599.1 X169.618 Y145.058 E2233.4508
G1 F1595.4 X169.556 Y145.339 E2233.46105
G1 F1610.5 X169.407 Y145.663 E2233.47362
G1 F1595.4 X169.224 Y145.89 E2233.484
G1 F1591.7 X169.02 Y146.095 E2233.49431
G1 F1602.9 X168.697 Y146.309 E2233.50804
G1 X168.239 Y146.429 E2233.52481
G1 F1599.1 X167.996 Y146.446 E2233.53346
G0 F9000 X168.094 Y146.016
;TYPE:WALL-OUTER
G1 F1551.9 X167.681 Y145.981 E2233.54862
G1 X167.342 Y145.826 E2233.56226
G1 X167.058 Y145.575 E2233.57612
G1 X166.849 Y145.208 E2233.59158
G1 X166.776 Y144.771 E2233.60779
G1 X166.873 Y144.334 E2233.62416
G1 X167.087 Y143.981 E2233.63927
G1 X167.367 Y143.751 E2233.65252
G1 X167.741 Y143.606 E2233.6672
G1 X168.145 Y143.586 E2233.682
G1 X168.542 Y143.705 E2233.69716
G1 X168.754 Y143.84 E2233.70636
G1 X169.048 Y144.172 E2233.72258
G1 X169.194 Y144.541 E2233.7371
G1 X169.22 Y144.814 E2233.74713
G1 X169.138 Y145.229 E2233.76261
G1 X169.018 Y145.471 E2233.77249
G1 X168.734 Y145.77 E2233.78758
G1 X168.517 Y145.907 E2233.79697
G1 X168.094 Y146.016 E2233.81295
G0 F9000 X167.974 Y147.307
G1 F1551.9 X168.4 Y147.274 E2233.82858
G1 X168.805 Y147.174 E2233.84385
G1 X169.202 Y147.001 E2233.85969
G1 X169.562 Y146.762 E2233.8755
G1 X169.87 Y146.473 E2233.89095
G1 X170.146 Y146.098 E2233.90799
G1 X170.356 Y145.655 E2233.92592
G1 X170.474 Y145.21 E2233.94277
G1 X170.507 Y144.796 E2233.95796
G1 X170.474 Y144.381 E2233.97319
G1 X170.382 Y144.021 E2233.98679
G1 X170.235 Y143.66 E2234.00105
G1 X170.018 Y143.307 E2234.01621
G1 X169.75 Y143 E2234.03112
G1 X169.411 Y142.727 E2234.04704
G1 X169.036 Y142.514 E2234.06282
G1 X168.628 Y142.37 E2234.07865
G1 X168.208 Y142.3 E2234.09423
G1 X167.809 Y142.297 E2234.10883
G1 X167.438 Y142.355 E2234.12256
G1 X167.072 Y142.466 E2234.13656
G1 X166.773 Y142.609 E2234.14868
G1 X166.497 Y142.789 E2234.16074
G1 X166.221 Y143.028 E2234.1741
G1 X165.979 Y143.311 E2234.18772
G1 X165.769 Y143.653 E2234.2024
G1 X165.603 Y144.048 E2234.21808
G1 X165.511 Y144.457 E2234.23342
G1 X165.493 Y144.891 E2234.24931
G1 X165.544 Y145.323 E2234.26522
G1 X165.666 Y145.727 E2234.28066
G1 X165.849 Y146.097 E2234.29576
G1 X166.081 Y146.413 E2234.31011
G1 X166.335 Y146.675 E2234.32346
G1 X166.619 Y146.892 E2234.33653
G1 X166.905 Y147.057 E2234.34861
G1 X167.227 Y147.185 E2234.36129
G1 X167.592 Y147.274 E2234.37504
G1 X167.974 Y147.307 E2234.38906
G1 F1500 E2232.38906
G0 F9000 X167.901 Y148.19
G0 X166.958 Y148.033
G0 X166.125 Y147.632
G0 X165.4 Y146.984
G0 X165.091 Y146.552
G0 X164.843 Y146.054
G0 X164.677 Y145.506
G0 X164.619 Y145.036
G0 X167.867 Y81.187
G0 X167.976 Y79.872
;TYPE:WALL-INNER
G1 F1500 E2234.38906
G1 F1595.4 X168.332 Y79.845 E2234.40177
G1 X168.665 Y79.761 E2234.41399
G1 F1602.9 X168.995 Y79.62 E2234.4267
G1 X169.292 Y79.422 E2234.43935
G1 F1591.7 X169.542 Y79.182 E2234.45171
G1 F1595.4 X169.773 Y78.876 E2234.46535
G1 F1610.5 X169.948 Y78.506 E2234.47978
G1 F1595.4 X170.042 Y78.137 E2234.49334
G1 F1599.1 X170.074 Y77.796 E2234.5055
G1 F1614.3 X170.046 Y77.452 E2234.51764
G1 F1602.9 X169.969 Y77.157 E2234.52844
G1 X169.848 Y76.857 E2234.53989
G1 F1599.1 X169.666 Y76.565 E2234.55211
G1 F1588 X169.447 Y76.314 E2234.56402
G1 F1599.1 X169.153 Y76.077 E2234.57743
G1 F1610.5 X168.856 Y75.909 E2234.58946
G1 F1595.4 X168.52 Y75.793 E2234.60211
G1 F1602.9 X168.171 Y75.731 E2234.61466
G1 X167.841 Y75.732 E2234.62635
G1 X167.535 Y75.776 E2234.6373
G1 X167.23 Y75.873 E2234.64864
G1 X166.984 Y75.986 E2234.65823
G1 F1606.7 X166.759 Y76.135 E2234.66777
G1 F1602.9 X166.528 Y76.334 E2234.67857
G1 X166.331 Y76.567 E2234.68938
G1 F1595.4 X166.156 Y76.852 E2234.70128
G1 X166.019 Y77.18 E2234.71393
G1 F1588 X165.945 Y77.514 E2234.72616
G1 F1595.4 X165.926 Y77.875 E2234.73903
G1 X165.972 Y78.234 E2234.75191
G1 X166.069 Y78.568 E2234.76428
G1 F1591.7 X166.223 Y78.87 E2234.77638
G1 F1595.4 X166.411 Y79.134 E2234.78791
G1 F1602.9 X166.624 Y79.349 E2234.79863
G1 F1599.1 X166.859 Y79.531 E2234.80918
G1 F1602.9 X167.094 Y79.665 E2234.81877
G1 F1599.1 X167.359 Y79.773 E2234.82893
G1 F1602.9 X167.663 Y79.844 E2234.83998
G1 F1595.4 X167.976 Y79.872 E2234.85117
G0 F9000 X167.996 Y79.446
G1 F1599.1 X167.569 Y79.404 E2234.8664
G1 F1610.5 X167.142 Y79.209 E2234.88295
G1 F1618.1 X166.775 Y78.923 E2234.89928
G1 F1595.4 X166.595 Y78.648 E2234.91097
G1 F1591.7 X166.462 Y78.405 E2234.92086
G1 F1595.4 X166.397 Y78.156 E2234.93001
G1 X166.351 Y77.846 E2234.94117
G1 X166.37 Y77.586 E2234.95045
G1 F1588 X166.46 Y77.172 E2234.96559
G1 F1595.4 X166.751 Y76.698 E2234.98539
G1 F1602.9 X167.142 Y76.375 E2235.00335
G1 F1614.3 X167.586 Y76.2 E2235.02014
G1 F1602.9 X167.869 Y76.162 E2235.03025
G1 X168.142 Y76.153 E2235.03993
G1 X168.404 Y76.209 E2235.04942
G1 X168.737 Y76.314 E2235.06179
G1 F1618.1 X169.071 Y76.535 E2235.07584
G1 F1610.5 X169.427 Y76.945 E2235.09498
G1 X169.621 Y77.444 E2235.11386
G1 F1614.3 X169.652 Y77.796 E2235.12629
G1 F1599.1 X169.618 Y78.058 E2235.13567
G1 F1595.4 X169.556 Y78.339 E2235.14591
G1 F1610.5 X169.407 Y78.663 E2235.15848
G1 F1595.4 X169.224 Y78.89 E2235.16886
G1 F1591.7 X169.02 Y79.095 E2235.17917
G1 F1602.9 X168.697 Y79.309 E2235.1929
G1 X168.239 Y79.429 E2235.20967
G1 F1599.1 X167.996 Y79.446 E2235.21832
G0 F9000 X168.094 Y79.016
;TYPE:WALL-OUTER
G1 F1551.9 X167.681 Y78.981 E2235.23348
G1 X167.342 Y78.826 E2235.24712
G1 X167.058 Y78.575 E2235.26099
G1 X166.849 Y78.208 E2235.27644
G1 X166.776 Y77.771 E2235.29265
G1 X166.873 Y77.334 E2235.30903
G1 X167.088 Y76.985 E2235.32402
G1 X167.367 Y76.751 E2235.33735
G1 X167.741 Y76.606 E2235.35202
G1 X168.145 Y76.586 E2235.36682
G1 X168.542 Y76.705 E2235.38198
G1 X168.754 Y76.84 E2235.39118
G1 X169.048 Y77.172 E2235.4074
G1 X169.194 Y77.541 E2235.42192
G1 X169.22 Y77.814 E2235.43196
G1 X169.138 Y78.229 E2235.44743
G1 X169.018 Y78.471 E2235.45732
G1 X168.734 Y78.77 E2235.4724
G1 X168.517 Y78.907 E2235.48179
G1 X168.094 Y79.016 E2235.49777
G0 F9000 X167.974 Y80.307
G1 F1551.9 X168.4 Y80.274 E2235.51341
G1 X168.805 Y80.174 E2235.52867
G1 X169.202 Y80.001 E2235.54451
G1 X169.562 Y79.762 E2235.56032
G1 X169.87 Y79.473 E2235.57577
G1 X170.146 Y79.098 E2235.59281
G1 X170.356 Y78.655 E2235.61075
G1 X170.474 Y78.21 E2235.62759
G1 X170.507 Y77.796 E2235.64278
G1 X170.474 Y77.381 E2235.65801
G1 X170.382 Y77.021 E2235.67161
G1 X170.235 Y76.66 E2235.68587
G1 X170.018 Y76.307 E2235.70103
G1 X169.75 Y76 E2235.71594
G1 X169.411 Y75.727 E2235.73186
G1 X169.036 Y75.514 E2235.74764
G1 X168.628 Y75.37 E2235.76347
G1 X168.208 Y75.3 E2235.77905
G1 X167.809 Y75.297 E2235.79365
G1 X167.438 Y75.355 E2235.80739
G1 X167.072 Y75.466 E2235.82138
G1 X166.773 Y75.609 E2235.83351
G1 X166.497 Y75.789 E2235.84556
G1 X166.221 Y76.028 E2235.85892
G1 X165.979 Y76.311 E2235.87254
G1 X165.769 Y76.653 E2235.88722
G1 X165.603 Y77.048 E2235.9029
G1 X165.511 Y77.457 E2235.91824
G1 X165.493 Y77.891 E2235.93413
G1 X165.544 Y78.323 E2235.95004
G1 X165.666 Y78.727 E2235.96548
G1 X165.849 Y79.097 E2235.98059
G1 X166.081 Y79.413 E2235.99493
G1 X166.335 Y79.675 E2236.00828
G1 X166.619 Y79.892 E2236.02136
G1 X166.905 Y80.057 E2236.03344
G1 X167.227 Y80.185 E2236.04611
G1 X167.592 Y80.274 E2236.05986
G1 X167.974 Y80.307 E2236.07389
G1 F1500 E2234.07389
;MESH:NONMESH
G0 F300 Z3.08
G0 F9000 X51.996 Y79.446
;TIME_ELAPSED:7039.575902
;LAYER:16
;note -- min layer time used
;TYPE:WALL-INNER
;MESH:SmartKiln_Fondo.stl
G1 F1500 E2236.07389
G1 F1599.1 X51.569 Y79.404 E2236.08912
G1 F1610.5 X51.142 Y79.209 E2236.10567
G1 F1618.1 X50.775 Y78.923 E2236.122
G1 F1595.4 X50.595 Y78.648 E2236.13369
G1 F1591.7 X50.462 Y78.405 E2236.14358
G1 F1595.4 X50.397 Y78.156 E2236.15273
G1 X50.351 Y77.846 E2236.16389
G1 X50.37 Y77.586 E2236.17317
G1 F1588 X50.46 Y77.172 E2236.18831
G1 F1595.4 X50.751 Y76.698 E2236.20811
G1 F1602.9 X51.142 Y76.375 E2236.22607
G1 F1614.3 X51.586 Y76.2 E2236.24286
G1 F1602.9 X51.869 Y76.162 E2236.25297
G1 X52.142 Y76.153 E2236.26265
G1 X52.404 Y76.209 E2236.27214
G1 X52.737 Y76.314 E2236.28451
G1 F1618.1 X53.071 Y76.535 E2236.29856
G1 F1610.5 X53.427 Y76.945 E2236.3177
G1 X53.621 Y77.444 E2236.33658
G1 F1614.3 X53.652 Y77.796 E2236.34901
G1 F1599.1 X53.618 Y78.058 E2236.35839
G1 F1595.4 X53.556 Y78.339 E2236.36863
G1 F1610.5 X53.407 Y78.663 E2236.3812
G1 F1595.4 X53.224 Y78.89 E2236.39158
G1 F1591.7 X53.02 Y79.095 E2236.40189
G1 F1602.9 X52.697 Y79.309 E2236.41562
G1 X52.239 Y79.429 E2236.43239
G1 F1599.1 X51.996 Y79.446 E2236.44104
G0 F9000 X51.976 Y79.872
G1 F1595.4 X52.332 Y79.845 E2236.45374
G1 X52.665 Y79.761 E2236.46597
G1 F1602.9 X52.995 Y79.62 E2236.47868
G1 X53.292 Y79.422 E2236.49132
G1 F1591.7 X53.542 Y79.182 E2236.50368
G1 F1595.4 X53.773 Y78.876 E2236.51733
G1 F1610.5 X53.948 Y78.506 E2236.53176
G1 F1595.4 X54.042 Y78.137 E2236.54531
G1 F1599.1 X54.074 Y77.796 E2236.55747
G1 F1614.3 X54.046 Y77.452 E2236.56961
G1 F1602.9 X53.969 Y77.157 E2236.58041
G1 X53.848 Y76.857 E2236.59187
G1 F1599.1 X53.666 Y76.565 E2236.60408
G1 F1588 X53.447 Y76.314 E2236.61599
G1 F1599.1 X53.153 Y76.077 E2236.6294
G1 F1610.5 X52.856 Y75.909 E2236.64143
G1 F1595.4 X52.52 Y75.793 E2236.65408
G1 F1602.9 X52.171 Y75.731 E2236.66664
G1 X51.841 Y75.732 E2236.67833
G1 X51.535 Y75.776 E2236.68928
G1 X51.23 Y75.873 E2236.70062
G1 X50.984 Y75.986 E2236.7102
G1 F1606.7 X50.759 Y76.135 E2236.71974
G1 F1602.9 X50.528 Y76.334 E2236.73054
G1 X50.331 Y76.567 E2236.74135
G1 F1595.4 X50.156 Y76.852 E2236.75325
G1 X50.019 Y77.18 E2236.7659
G1 F1588 X49.945 Y77.514 E2236.77813
G1 F1595.4 X49.926 Y77.875 E2236.791
G1 X49.972 Y78.234 E2236.80388
G1 X50.069 Y78.568 E2236.81626
G1 F1591.7 X50.223 Y78.87 E2236.82835
G1 F1595.4 X50.411 Y79.134 E2236.83988
G1 F1602.9 X50.624 Y79.349 E2236.8506
G1 F1599.1 X50.859 Y79.531 E2236.86116
G1 F1602.9 X51.094 Y79.665 E2236.87074
G1 F1599.1 X51.359 Y79.773 E2236.8809
G1 F1602.9 X51.663 Y79.844 E2236.89196
G1 F1595.4 X51.976 Y79.872 E2236.90314
G0 F9000 X51.974 Y80.307
;TYPE:WALL-OUTER
G1 F1551.9 X52.4 Y80.274 E2236.91877
G1 X52.805 Y80.174 E2236.93404
G1 X53.202 Y80.001 E2236.94988
G1 X53.562 Y79.762 E2236.96569
G1 X53.87 Y79.473 E2236.98114
G1 X54.146 Y79.098 E2236.99818
G1 X54.356 Y78.655 E2237.01611
G1 X54.474 Y78.21 E2237.03296
G1 X54.507 Y77.796 E2237.04815
G1 X54.474 Y77.381 E2237.06338
G1 X54.382 Y77.021 E2237.07698
G1 X54.235 Y76.66 E2237.09124
G1 X54.018 Y76.307 E2237.1064
G1 X53.75 Y76 E2237.12131
G1 X53.411 Y75.727 E2237.13723
G1 X53.036 Y75.514 E2237.15301
G1 X52.628 Y75.37 E2237.16884
G1 X52.208 Y75.3 E2237.18442
G1 X51.809 Y75.297 E2237.19902
G1 X51.438 Y75.355 E2237.21276
G1 X51.072 Y75.466 E2237.22675
G1 X50.773 Y75.609 E2237.23887
G1 X50.497 Y75.789 E2237.25093
G1 X50.221 Y76.028 E2237.26429
G1 X49.979 Y76.311 E2237.27791
G1 X49.769 Y76.653 E2237.29259
G1 X49.603 Y77.048 E2237.30827
G1 X49.511 Y77.457 E2237.32361
G1 X49.493 Y77.891 E2237.3395
G1 X49.544 Y78.323 E2237.35541
G1 X49.666 Y78.727 E2237.37085
G1 X49.849 Y79.097 E2237.38596
G1 X50.081 Y79.413 E2237.4003
G1 X50.335 Y79.675 E2237.41365
G1 X50.619 Y79.892 E2237.42673
G1 X50.905 Y80.057 E2237.43881
G1 X51.227 Y80.185 E2237.45148
G1 X51.592 Y80.274 E2237.46523
G1 X51.974 Y80.307 E2237.47926
G0 F9000 X52.094 Y79.016
G1 F1551.9 X51.681 Y78.981 E2237.49442
G1 X51.342 Y78.826 E2237.50806
G1 X51.058 Y78.575 E2237.52192
G1 X50.849 Y78.208 E2237.53738
G1 X50.776 Y77.771 E2237.55359
G1 X50.873 Y77.334 E2237.56996
G1 X51.088 Y76.985 E2237.58496
G1 X51.367 Y76.751 E2237.59828
G1 X51.741 Y76.606 E2237.61296
G1 X52.145 Y76.586 E2237.62776
G1 X52.542 Y76.705 E2237.64292
G1 X52.754 Y76.84 E2237.65212
G1 X53.048 Y77.172 E2237.66834
G1 X53.194 Y77.541 E2237.68286
G1 X53.22 Y77.814 E2237.69289
G1 X53.138 Y78.229 E2237.70837
G1 X53.018 Y78.471 E2237.71825
G1 X52.734 Y78.77 E2237.73334
G1 X52.517 Y78.907 E2237.74273
G1 X52.094 Y79.016 E2237.75871
G1 F1500 E2235.75871
G0 F9000 X51.996 Y146.446
;TYPE:WALL-INNER
G1 F1500 E2237.75871
G1 F1599.1 X51.569 Y146.404 E2237.77394
G1 F1610.5 X51.142 Y146.209 E2237.79049
G1 F1618.1 X50.775 Y145.923 E2237.80682
G1 F1595.4 X50.595 Y145.648 E2237.81852
G1 F1591.7 X50.462 Y145.405 E2237.8284
G1 F1595.4 X50.397 Y145.156 E2237.83756
G1 X50.351 Y144.846 E2237.84871
G1 X50.37 Y144.586 E2237.85799
G1 F1588 X50.46 Y144.172 E2237.87314
G1 F1595.4 X50.751 Y143.698 E2237.89293
G1 F1602.9 X51.142 Y143.375 E2237.91089
G1 F1614.3 X51.586 Y143.2 E2237.92768
G1 F1602.9 X51.869 Y143.162 E2237.93779
G1 X52.142 Y143.153 E2237.94747
G1 X52.404 Y143.209 E2237.95696
G1 X52.737 Y143.314 E2237.96933
G1 F1618.1 X53.071 Y143.535 E2237.98338
G1 F1610.5 X53.427 Y143.945 E2238.00253
G1 X53.621 Y144.444 E2238.0214
G1 F1614.3 X53.652 Y144.796 E2238.03383
G1 F1599.1 X53.618 Y145.058 E2238.04321
G1 F1595.4 X53.556 Y145.339 E2238.05345
G1 F1610.5 X53.407 Y145.663 E2238.06602
G1 F1595.4 X53.224 Y145.89 E2238.0764
G1 F1591.7 X53.02 Y146.095 E2238.08672
G1 F1602.9 X52.697 Y146.309 E2238.10044
G1 X52.239 Y146.429 E2238.11721
G1 F1599.1 X51.996 Y146.446 E2238.12586
G0 F9000 X51.976 Y146.872
G1 F1595.4 X52.332 Y146.845 E2238.13857
G1 X52.665 Y146.761 E2238.15079
G1 F1602.9 X52.995 Y146.62 E2238.1635
G1 X53.292 Y146.422 E2238.17614
G1 F1591.7 X53.542 Y146.182 E2238.18851
G1 F1595.4 X53.773 Y145.876 E2238.20215
G1 F1610.5 X53.948 Y145.506 E2238.21658
G1 F1595.4 X54.042 Y145.137 E2238.23013
G1 F1599.1 X54.074 Y144.796 E2238.24229
G1 F1614.3 X54.046 Y144.452 E2238.25443
G1 F1602.9 X53.969 Y144.157 E2238.26523
G1 X53.848 Y143.857 E2238.27669
G1 F1599.1 X53.666 Y143.565 E2238.28891
G1 F1588 X53.447 Y143.314 E2238.30082
G1 F1599.1 X53.153 Y143.077 E2238.31423
G1 F1610.5 X52.856 Y142.909 E2238.32626
G1 F1595.4 X52.52 Y142.793 E2238.33891
G1 F1602.9 X52.171 Y142.731 E2238.35146
G1 X51.841 Y142.732 E2238.36315
G1 X51.535 Y142.776 E2238.3741
G1 X51.23 Y142.873 E2238.38544
G1 X50.984 Y142.986 E2238.39503
G1 F1606.7 X50.759 Y143.135 E2238.40456
G1 F1602.9 X50.528 Y143.334 E2238.41536
G1 X50.331 Y143.567 E2238.42617
G1 F1595.4 X50.156 Y143.852 E2238.43807
G1 X50.019 Y144.18 E2238.45072
G1 F1588 X49.945 Y144.514 E2238.46296
G1 F1595.4 X49.926 Y144.875 E2238.47582
G1 X49.972 Y145.234 E2238.4887
G1 X50.069 Y145.568 E2238.50108
G1 F1591.7 X50.223 Y145.87 E2238.51317
G1 F1595.4 X50.411 Y146.134 E2238.52471
G1 F1602.9 X50.624 Y146.349 E2238.53543
G1 F1599.1 X50.859 Y146.531 E2238.54598
G1 F1602.9 X51.094 Y146.665 E2238.55556
G1 F1599.1 X51.359 Y146.773 E2238.56572
G1 F1602.9 X51.663 Y146.844 E2238.57678
G1 F1595.4 X51.976 Y146.872 E2238.58796
G0 F9000 X51.974 Y147.307
;TYPE:WALL-OUTER
G1 F1551.9 X52.4 Y147.274 E2238.6036
G1 X52.805 Y147.174 E2238.61886
G1 X53.202 Y147.001 E2238.6347
G1 X53.562 Y146.762 E2238.65051
G1 X53.87 Y146.473 E2238.66596
G1 X54.146 Y146.098 E2238.683
G1 X54.356 Y145.655 E2238.70094
G1 X54.474 Y145.21 E2238.71778
G1 X54.507 Y144.796 E2238.73297
G1 X54.474 Y144.381 E2238.74821
G1 X54.382 Y144.021 E2238.7618
G1 X54.235 Y143.66 E2238.77606
G1 X54.018 Y143.307 E2238.79122
G1 X53.75 Y143 E2238.80613
G1 X53.411 Y142.727 E2238.82205
G1 X53.036 Y142.514 E2238.83783
G1 X52.628 Y142.37 E2238.85366
G1 X52.208 Y142.3 E2238.86924
G1 X51.809 Y142.297 E2238.88384
G1 X51.438 Y142.355 E2238.89758
G1 X51.072 Y142.466 E2238.91157
G1 X50.773 Y142.609 E2238.9237
G1 X50.497 Y142.789 E2238.93575
G1 X50.221 Y143.028 E2238.94911
G1 X49.979 Y143.311 E2238.96273
G1 X49.769 Y143.653 E2238.97742
G1 X49.603 Y144.048 E2238.99309
G1 X49.511 Y144.457 E2239.00843
G1 X49.493 Y144.891 E2239.02432
G1 X49.544 Y145.323 E2239.04024
G1 X49.666 Y145.727 E2239.05568
G1 X49.849 Y146.097 E2239.07078
G1 X50.081 Y146.413 E2239.08512
G1 X50.335 Y146.675 E2239.09847
G1 X50.619 Y146.892 E2239.11155
G1 X50.905 Y147.057 E2239.12363
G1 X51.227 Y147.185 E2239.13631
G1 X51.592 Y147.274 E2239.15005
G1 X51.974 Y147.307 E2239.16408
G0 F9000 X52.094 Y146.016
G1 F1551.9 X51.681 Y145.981 E2239.17924
G1 X51.342 Y145.826 E2239.19288
G1 X51.066 Y145.585 E2239.20629
G1 X50.849 Y145.208 E2239.2222
G1 X50.776 Y144.771 E2239.23841
G1 X50.873 Y144.334 E2239.25479
G1 X51.088 Y143.985 E2239.26978
G1 X51.367 Y143.751 E2239.28311
G1 X51.741 Y143.606 E2239.29778
G1 X52.145 Y143.586 E2239.31258
G1 X52.542 Y143.705 E2239.32775
G1 X52.754 Y143.84 E2239.33694
G1 X53.048 Y144.172 E2239.35317
G1 X53.194 Y144.541 E2239.36768
G1 X53.22 Y144.814 E2239.37772
G1 X53.138 Y145.229 E2239.39319
G1 X53.018 Y145.471 E2239.40308
G1 X52.734 Y145.77 E2239.41816
G1 X52.517 Y145.907 E2239.42755
G1 X52.094 Y146.016 E2239.44353
G1 F1500 E2237.44353
G0 F9000 X167.976 Y146.872
;TYPE:WALL-INNER
G1 F1500 E2239.44353
G1 F1595.4 X168.332 Y146.845 E2239.45624
G1 X168.665 Y146.761 E2239.46846
G1 F1602.9 X168.995 Y146.62 E2239.48117
G1 X169.292 Y146.422 E2239.49382
G1 F1591.7 X169.542 Y146.182 E2239.50618
G1 F1595.4 X169.773 Y145.876 E2239.51982
G1 F1610.5 X169.948 Y145.506 E2239.53425
G1 F1595.4 X170.042 Y145.137 E2239.54781
G1 F1599.1 X170.074 Y144.796 E2239.55997
G1 F1614.3 X170.046 Y144.452 E2239.57211
G1 F1602.9 X169.969 Y144.157 E2239.58291
G1 X169.848 Y143.857 E2239.59436
G1 F1599.1 X169.666 Y143.565 E2239.60658
G1 F1588 X169.447 Y143.314 E2239.61849
G1 F1599.1 X169.153 Y143.077 E2239.6319
G1 F1610.5 X168.856 Y142.909 E2239.64393
G1 F1595.4 X168.52 Y142.793 E2239.65658
G1 F1602.9 X168.171 Y142.731 E2239.66913
G1 X167.841 Y142.732 E2239.68082
G1 X167.535 Y142.776 E2239.69177
G1 X167.23 Y142.873 E2239.70311
G1 X166.984 Y142.986 E2239.7127
G1 F1606.7 X166.759 Y143.135 E2239.72224
G1 F1602.9 X166.528 Y143.334 E2239.73304
G1 X166.331 Y143.567 E2239.74385
G1 F1595.4 X166.156 Y143.852 E2239.75575
G1 X166.019 Y144.18 E2239.7684
G1 F1588 X165.945 Y144.514 E2239.78063
G1 F1595.4 X165.926 Y144.875 E2239.79349
G1 X165.972 Y145.234 E2239.80638
G1 X166.069 Y145.568 E2239.81875
G1 F1591.7 X166.223 Y145.87 E2239.83085
G1 F1595.4 X166.411 Y146.134 E2239.84238
G1 F1602.9 X166.624 Y146.349 E2239.8531
G1 F1599.1 X166.859 Y146.531 E2239.86365
G1 F1602.9 X167.094 Y146.665 E2239.87324
G1 F1599.1 X167.359 Y146.773 E2239.8834
G1 F1602.9 X167.663 Y146.844 E2239.89445
G1 F1595.4 X167.976 Y146.872 E2239.90564
G0 F9000 X167.996 Y146.446
G1 F1599.1 X167.569 Y146.404 E2239.92087
G1 F1610.5 X167.142 Y146.209 E2239.93742
G1 F1618.1 X166.775 Y145.923 E2239.95375
G1 F1595.4 X166.595 Y145.648 E2239.96544
G1 F1591.7 X166.462 Y145.405 E2239.97533
G1 F1595.4 X166.397 Y145.156 E2239.98448
G1 X166.351 Y144.846 E2239.99564
G1 X166.37 Y144.586 E2240.00492
G1 F1588 X166.46 Y144.172 E2240.02006
G1 F1595.4 X166.751 Y143.698 E2240.03986
G1 F1602.9 X167.142 Y143.375 E2240.05782
G1 F1614.3 X167.586 Y143.2 E2240.07461
G1 F1602.9 X167.869 Y143.162 E2240.08472
G1 X168.142 Y143.153 E2240.0944
G1 X168.404 Y143.209 E2240.10389
G1 X168.737 Y143.314 E2240.11626
G1 F1618.1 X169.071 Y143.535 E2240.13031
G1 F1610.5 X169.427 Y143.945 E2240.14945
G1 X169.621 Y144.444 E2240.16833
G1 F1614.3 X169.652 Y144.796 E2240.18076
G1 F1599.1 X169.618 Y145.058 E2240.19014
G1 F1595.4 X169.556 Y145.339 E2240.20038
G1 F1610.5 X169.407 Y145.663 E2240.21295
G1 F1595.4 X169.224 Y145.89 E2240.22333
G1 F1591.7 X169.02 Y146.095 E2240.23364
G1 F1602.9 X168.697 Y146.309 E2240.24737
G1 X168.239 Y146.429 E2240.26414
G1 F1599.1 X167.996 Y146.446 E2240.27279
G0 F9000 X168.094 Y146.016
;TYPE:WALL-OUTER
G1 F1551.9 X167.681 Y145.981 E2240.28795
G1 X167.342 Y145.826 E2240.30159
G1 X167.058 Y145.575 E2240.31546
G1 X166.849 Y145.208 E2240.33091
G1 X166.776 Y144.771 E2240.34712
G1 X166.873 Y144.334 E2240.3635
G1 X167.088 Y143.985 E2240.37849
G1 X167.367 Y143.751 E2240.39182
G1 X167.741 Y143.606 E2240.40649
G1 X168.145 Y143.586 E2240.42129
G1 X168.542 Y143.705 E2240.43645
G1 X168.754 Y143.84 E2240.44565
G1 X169.048 Y144.172 E2240.46187
G1 X169.194 Y144.541 E2240.47639
G1 X169.22 Y144.814 E2240.48643
G1 X169.138 Y145.229 E2240.5019
G1 X169.018 Y145.471 E2240.51178
G1 X168.734 Y145.77 E2240.52687
G1 X168.517 Y145.907 E2240.53626
G1 X168.094 Y146.016 E2240.55224
G0 F9000 X167.974 Y147.307
G1 F1551.9 X168.4 Y147.274 E2240.56787
G1 X168.805 Y147.174 E2240.58314
G1 X169.202 Y147.001 E2240.59898
G1 X169.562 Y146.762 E2240.61479
G1 X169.87 Y146.473 E2240.63024
G1 X170.146 Y146.098 E2240.64728
G1 X170.356 Y145.655 E2240.66521
G1 X170.474 Y145.21 E2240.68206
G1 X170.507 Y144.796 E2240.69725
G1 X170.474 Y144.381 E2240.71248
G1 X170.382 Y144.021 E2240.72608
G1 X170.235 Y143.66 E2240.74034
G1 X170.018 Y143.307 E2240.7555
G1 X169.75 Y143 E2240.77041
G1 X169.411 Y142.727 E2240.78633
G1 X169.036 Y142.514 E2240.80211
G1 X168.628 Y142.37 E2240.81794
G1 X168.208 Y142.3 E2240.83352
G1 X167.809 Y142.297 E2240.84812
G1 X167.438 Y142.355 E2240.86186
G1 X167.072 Y142.466 E2240.87585
G1 X166.773 Y142.609 E2240.88797
G1 X166.497 Y142.789 E2240.90003
G1 X166.221 Y143.028 E2240.91339
G1 X165.979 Y143.311 E2240.92701
G1 X165.769 Y143.653 E2240.94169
G1 X165.603 Y144.048 E2240.95737
G1 X165.511 Y144.457 E2240.97271
G1 X165.493 Y144.891 E2240.9886
G1 X165.544 Y145.323 E2241.00451
G1 X165.666 Y145.727 E2241.01995
G1 X165.849 Y146.097 E2241.03506
G1 X166.081 Y146.413 E2241.0494
G1 X166.335 Y146.675 E2241.06275
G1 X166.619 Y146.892 E2241.07583
G1 X166.905 Y147.057 E2241.08791
G1 X167.227 Y147.185 E2241.10058
G1 X167.592 Y147.274 E2241.11433
G1 X167.974 Y147.307 E2241.12836
G1 F1500 E2239.12836
G0 F9000 X167.901 Y148.19
G0 X166.958 Y148.033
G0 X166.125 Y147.632
G0 X165.4 Y146.984
G0 X165.091 Y146.552
G0 X164.843 Y146.054
G0 X164.677 Y145.506
G0 X164.619 Y145.036
G0 X167.867 Y81.187
G0 X167.976 Y79.872
;TYPE:WALL-INNER
G1 F1500 E2241.12836
G1 F1595.4 X168.332 Y79.845 E2241.14106
G1 X168.665 Y79.761 E2241.15328
G1 F1602.9 X168.995 Y79.62 E2241.166
G1 X169.292 Y79.422 E2241.17864
G1 F1591.7 X169.542 Y79.182 E2241.191
G1 F1595.4 X169.773 Y78.876 E2241.20465
G1 F1610.5 X169.948 Y78.506 E2241.21908
G1 F1595.4 X170.042 Y78.137 E2241.23263
G1 F1599.1 X170.074 Y77.796 E2241.24479
G1 F1614.3 X170.046 Y77.452 E2241.25693
G1 F1602.9 X169.969 Y77.157 E2241.26773
G1 X169.848 Y76.857 E2241.27919
G1 F1599.1 X169.666 Y76.565 E2241.2914
G1 F1588 X169.447 Y76.314 E2241.30331
G1 F1599.1 X169.153 Y76.077 E2241.31672
G1 F1610.5 X168.856 Y75.909 E2241.32875
G1 F1595.4 X168.52 Y75.793 E2241.3414
G1 F1602.9 X168.171 Y75.731 E2241.35396
G1 X167.841 Y75.732 E2241.36565
G1 X167.535 Y75.776 E2241.3766
G1 X167.23 Y75.873 E2241.38793
G1 X166.984 Y75.986 E2241.39752
G1 F1606.7 X166.759 Y76.135 E2241.40706
G1 F1602.9 X166.528 Y76.334 E2241.41786
G1 X166.331 Y76.567 E2241.42867
G1 F1595.4 X166.156 Y76.852 E2241.44057
G1 X166.019 Y77.18 E2241.45322
G1 F1588 X165.945 Y77.514 E2241.46545
G1 F1595.4 X165.926 Y77.875 E2241.47832
G1 X165.972 Y78.234 E2241.4912
G1 X166.069 Y78.568 E2241.50358
G1 F1591.7 X166.223 Y78.87 E2241.51567
G1 F1595.4 X166.411 Y79.134 E2241.5272
G1 F1602.9 X166.624 Y79.349 E2241.53792
G1 F1599.1 X166.859 Y79.531 E2241.54848
G1 F1602.9 X167.094 Y79.665 E2241.55806
G1 F1599.1 X167.359 Y79.773 E2241.56822
G1 F1602.9 X167.663 Y79.844 E2241.57928
G1 F1595.4 X167.976 Y79.872 E2241.59046
G0 F9000 X167.996 Y79.446
G1 F1599.1 X167.569 Y79.404 E2241.60569
G1 F1610.5 X167.142 Y79.209 E2241.62224
G1 F1618.1 X166.775 Y78.923 E2241.63857
G1 F1595.4 X166.595 Y78.648 E2241.65027
G1 F1591.7 X166.462 Y78.405 E2241.66015
G1 F1595.4 X166.397 Y78.156 E2241.66931
G1 X166.351 Y77.846 E2241.68046
G1 X166.37 Y77.586 E2241.68974
G1 F1588 X166.46 Y77.172 E2241.70489
G1 F1595.4 X166.751 Y76.698 E2241.72468
G1 F1602.9 X167.142 Y76.375 E2241.74265
G1 F1614.3 X167.586 Y76.2 E2241.75943
G1 F1602.9 X167.869 Y76.162 E2241.76955
G1 X168.142 Y76.153 E2241.77922
G1 X168.404 Y76.209 E2241.78871
G1 X168.737 Y76.314 E2241.80108
G1 F1618.1 X169.071 Y76.535 E2241.81513
G1 F1610.5 X169.427 Y76.945 E2241.83428
G1 X169.621 Y77.444 E2241.85315
G1 F1614.3 X169.652 Y77.796 E2241.86558
G1 F1599.1 X169.618 Y78.058 E2241.87496
G1 F1595.4 X169.556 Y78.339 E2241.8852
G1 F1610.5 X169.407 Y78.663 E2241.89777
G1 F1595.4 X169.224 Y78.89 E2241.90815
G1 F1591.7 X169.02 Y79.095 E2241.91847
G1 F1602.9 X168.697 Y79.309 E2241.93219
G1 X168.239 Y79.429 E2241.94896
G1 F1599.1 X167.996 Y79.446 E2241.95761
G0 F9000 X168.094 Y79.016
;TYPE:WALL-OUTER
G1 F1551.9 X167.681 Y78.981 E2241.97278
G1 X167.342 Y78.826 E2241.98641
G1 X167.058 Y78.575 E2242.00028
G1 X166.849 Y78.208 E2242.01573
G1 X166.776 Y77.771 E2242.03194
G1 X166.873 Y77.334 E2242.04832
G1 X167.088 Y76.985 E2242.06332
G1 X167.367 Y76.751 E2242.07664
G1 X167.741 Y76.606 E2242.09131
G1 X168.145 Y76.586 E2242.10611
G1 X168.542 Y76.705 E2242.12128
G1 X168.754 Y76.84 E2242.13047
G1 X169.048 Y77.172 E2242.1467
G1 X169.194 Y77.541 E2242.16121
G1 X169.22 Y77.814 E2242.17125
G1 X169.138 Y78.229 E2242.18672
G1 X169.018 Y78.471 E2242.19661
G1 X168.734 Y78.77 E2242.21169
G1 X168.517 Y78.907 E2242.22108
G1 X168.094 Y79.016 E2242.23707
G0 F9000 X167.974 Y80.307
G1 F1551.9 X168.4 Y80.274 E2242.2527
G1 X168.805 Y80.174 E2242.26796
G1 X169.202 Y80.001 E2242.2838
G1 X169.562 Y79.762 E2242.29961
G1 X169.87 Y79.473 E2242.31507
G1 X170.146 Y79.098 E2242.3321
G1 X170.356 Y78.655 E2242.35004
G1 X170.474 Y78.21 E2242.36688
G1 X170.507 Y77.796 E2242.38208
G1 X170.474 Y77.381 E2242.39731
G1 X170.382 Y77.021 E2242.4109
G1 X170.235 Y76.66 E2242.42516
G1 X170.018 Y76.307 E2242.44032
G1 X169.75 Y76 E2242.45523
G1 X169.411 Y75.727 E2242.47116
G1 X169.036 Y75.514 E2242.48693
G1 X168.628 Y75.37 E2242.50276
G1 X168.208 Y75.3 E2242.51834
G1 X167.809 Y75.297 E2242.53294
G1 X167.438 Y75.355 E2242.54668
G1 X167.072 Y75.466 E2242.56067
G1 X166.773 Y75.609 E2242.5728
G1 X166.497 Y75.789 E2242.58485
G1 X166.221 Y76.028 E2242.59821
G1 X165.979 Y76.311 E2242.61183
G1 X165.769 Y76.653 E2242.62652
G1 X165.603 Y77.048 E2242.64219
G1 X165.511 Y77.457 E2242.65753
G1 X165.493 Y77.891 E2242.67342
G1 X165.544 Y78.323 E2242.68934
G1 X165.666 Y78.727 E2242.70478
G1 X165.849 Y79.097 E2242.71988
G1 X166.081 Y79.413 E2242.73422
G1 X166.335 Y79.675 E2242.74757
G1 X166.619 Y79.892 E2242.76065
G1 X166.905 Y80.057 E2242.77273
G1 X167.227 Y80.185 E2242.78541
G1 X167.592 Y80.274 E2242.79915
G1 X167.974 Y80.307 E2242.81318
G1 F1500 E2240.81318
;MESH:NONMESH
G0 F300 Z3.28
G0 F9000 X51.996 Y79.446
;TIME_ELAPSED:7052.534880
;LAYER:17
;note -- min layer time used
;TYPE:WALL-INNER
;MESH:SmartKiln_Fondo.stl
G1 F1500 E2242.81318
G1 F1599.1 X51.569 Y79.404 E2242.82841
G1 F1610.5 X51.142 Y79.209 E2242.84496
G1 F1618.1 X50.775 Y78.923 E2242.86129
G1 F1595.4 X50.595 Y78.648 E2242.87299
G1 F1591.7 X50.462 Y78.405 E2242.88287
G1 F1595.4 X50.397 Y78.156 E2242.89203
G1 X50.351 Y77.846 E2242.90318
G1 X50.37 Y77.586 E2242.91246
G1 F1588 X50.46 Y77.172 E2242.92761
G1 F1595.4 X50.751 Y76.698 E2242.9474
G1 F1602.9 X51.142 Y76.375 E2242.96536
G1 F1614.3 X51.586 Y76.2 E2242.98215
G1 F1602.9 X51.869 Y76.162 E2242.99226
G1 X52.142 Y76.153 E2243.00194
G1 X52.404 Y76.209 E2243.01143
G1 X52.737 Y76.314 E2243.0238
G1 F1618.1 X53.071 Y76.535 E2243.03785
G1 F1610.5 X53.427 Y76.945 E2243.05699
G1 X53.621 Y77.444 E2243.07587
G1 F1614.3 X53.652 Y77.796 E2243.0883
G1 F1599.1 X53.618 Y78.058 E2243.09768
G1 F1595.4 X53.556 Y78.339 E2243.10792
G1 F1610.5 X53.407 Y78.663 E2243.12049
G1 F1595.4 X53.224 Y78.89 E2243.13087
G1 F1591.7 X53.02 Y79.095 E2243.14119
G1 F1602.9 X52.697 Y79.309 E2243.15491
G1 X52.239 Y79.429 E2243.17168
G1 F1599.1 X51.996 Y79.446 E2243.18033
G0 F9000 X51.976 Y79.872
G1 F1595.4 X52.332 Y79.845 E2243.19304
G1 X52.665 Y79.761 E2243.20526
G1 F1602.9 X52.995 Y79.62 E2243.21797
G1 X53.292 Y79.422 E2243.23061
G1 F1591.7 X53.542 Y79.182 E2243.24298
G1 F1595.4 X53.773 Y78.876 E2243.25662
G1 F1610.5 X53.948 Y78.506 E2243.27105
G1 F1595.4 X54.042 Y78.137 E2243.2846
G1 F1599.1 X54.074 Y77.796 E2243.29676
G1 F1614.3 X54.046 Y77.452 E2243.3089
G1 F1602.9 X53.969 Y77.157 E2243.3197
G1 X53.848 Y76.857 E2243.33116
G1 F1599.1 X53.666 Y76.565 E2243.34338
G1 F1588 X53.447 Y76.314 E2243.35529
G1 F1599.1 X53.153 Y76.077 E2243.36869
G1 F1610.5 X52.856 Y75.909 E2243.38072
G1 F1595.4 X52.52 Y75.793 E2243.39338
G1 F1602.9 X52.171 Y75.731 E2243.40593
G1 X51.841 Y75.732 E2243.41762
G1 X51.535 Y75.776 E2243.42857
G1 X51.23 Y75.873 E2243.43991
G1 X50.984 Y75.986 E2243.4495
G1 F1606.7 X50.759 Y76.135 E2243.45903
G1 F1602.9 X50.528 Y76.334 E2243.46983
G1 X50.331 Y76.567 E2243.48064
G1 F1595.4 X50.156 Y76.852 E2243.49254
G1 X50.019 Y77.18 E2243.50519
G1 F1588 X49.945 Y77.514 E2243.51743
G1 F1595.4 X49.926 Y77.875 E2243.53029
G1 X49.972 Y78.234 E2243.54317
G1 X50.069 Y78.568 E2243.55555
G1 F1591.7 X50.223 Y78.87 E2243.56764
G1 F1595.4 X50.411 Y79.134 E2243.57918
G1 F1602.9 X50.624 Y79.349 E2243.5899
G1 F1599.1 X50.859 Y79.531 E2243.60045
G1 F1602.9 X51.094 Y79.665 E2243.61003
G1 F1599.1 X51.359 Y79.773 E2243.62019
G1 F1602.9 X51.663 Y79.844 E2243.63125
G1 F1595.4 X51.976 Y79.872 E2243.64243
G0 F9000 X51.974 Y80.307
;TYPE:WALL-OUTER
G1 F1551.9 X52.4 Y80.274 E2243.65807
G1 X52.805 Y80.174 E2243.67333
G1 X53.202 Y80.001 E2243.68917
G1 X53.562 Y79.762 E2243.70498
G1 X53.87 Y79.473 E2243.72043
G1 X54.146 Y79.098 E2243.73747
G1 X54.356 Y78.655 E2243.75541
G1 X54.474 Y78.21 E2243.77225
G1 X54.507 Y77.796 E2243.78744
G1 X54.474 Y77.381 E2243.80268
G1 X54.382 Y77.021 E2243.81627
G1 X54.235 Y76.66 E2243.83053
G1 X54.018 Y76.307 E2243.84569
G1 X53.75 Y76 E2243.8606
G1 X53.411 Y75.727 E2243.87652
G1 X53.036 Y75.514 E2243.8923
G1 X52.628 Y75.37 E2243.90813
G1 X52.208 Y75.3 E2243.92371
G1 X51.809 Y75.297 E2243.93831
G1 X51.438 Y75.355 E2243.95205
G1 X51.072 Y75.466 E2243.96604
G1 X50.773 Y75.609 E2243.97817
G1 X50.497 Y75.789 E2243.99022
G1 X50.221 Y76.028 E2244.00358
G1 X49.979 Y76.311 E2244.0172
G1 X49.769 Y76.653 E2244.03189
G1 X49.603 Y77.048 E2244.04756
G1 X49.511 Y77.457 E2244.0629
G1 X49.493 Y77.891 E2244.07879
G1 X49.544 Y78.323 E2244.09471
G1 X49.666 Y78.727 E2244.11015
G1 X49.849 Y79.097 E2244.12525
G1 X50.081 Y79.413 E2244.13959
G1 X50.335 Y79.675 E2244.15294
G1 X50.619 Y79.892 E2244.16602
G1 X50.905 Y80.057 E2244.1781
G1 X51.227 Y80.185 E2244.19078
G1 X51.592 Y80.274 E2244.20452
G1 X51.974 Y80.307 E2244.21855
G0 F9000 X52.094 Y79.016
G1 F1551.9 X51.681 Y78.981 E2244.23371
G1 X51.342 Y78.826 E2244.24735
G1 X51.058 Y78.575 E2244.26122
G1 X50.849 Y78.208 E2244.27667
G1 X50.776 Y77.771 E2244.29288
G1 X50.873 Y77.334 E2244.30926
G1 X51.088 Y76.985 E2244.32425
G1 X51.367 Y76.751 E2244.33758
G1 X51.741 Y76.606 E2244.35225
G1 X52.145 Y76.586 E2244.36705
G1 X52.542 Y76.705 E2244.38221
G1 X52.754 Y76.84 E2244.39141
G1 X53.048 Y77.172 E2244.40763
G1 X53.194 Y77.541 E2244.42215
G1 X53.22 Y77.814 E2244.43218
G1 X53.138 Y78.229 E2244.44766
G1 X53.018 Y78.471 E2244.45754
G1 X52.734 Y78.77 E2244.47263
G1 X52.517 Y78.907 E2244.48202
G1 X52.094 Y79.016 E2244.498
G1 F1500 E2242.498
G0 F9000 X51.996 Y146.446
;TYPE:WALL-INNER
G1 F1500 E2244.498
G1 F1599.1 X51.569 Y146.404 E2244.51324
G1 F1610.5 X51.142 Y146.209 E2244.52979
G1 F1618.1 X50.775 Y145.923 E2244.54611
G1 F1595.4 X50.595 Y145.648 E2244.55781
G1 F1591.7 X50.462 Y145.405 E2244.56769
G1 F1595.4 X50.397 Y145.156 E2244.57685
G1 X50.351 Y144.846 E2244.588
G1 X50.37 Y144.586 E2244.59728
G1 F1588 X50.46 Y144.172 E2244.61243
G1 F1595.4 X50.751 Y143.698 E2244.63222
G1 F1602.9 X51.142 Y143.375 E2244.65019
G1 F1614.3 X51.586 Y143.2 E2244.66697
G1 F1602.9 X51.869 Y143.162 E2244.67709
G1 X52.142 Y143.153 E2244.68676
G1 X52.404 Y143.209 E2244.69625
G1 X52.737 Y143.314 E2244.70862
G1 F1618.1 X53.071 Y143.535 E2244.72267
G1 F1610.5 X53.427 Y143.945 E2244.74182
G1 X53.621 Y144.444 E2244.76069
G1 F1614.3 X53.652 Y144.796 E2244.77312
G1 F1599.1 X53.618 Y145.058 E2244.7825
G1 F1595.4 X53.556 Y145.339 E2244.79274
G1 F1610.5 X53.407 Y145.663 E2244.80532
G1 F1595.4 X53.224 Y145.89 E2244.81569
G1 F1591.7 X53.02 Y146.095 E2244.82601
G1 F1602.9 X52.697 Y146.309 E2244.83973
G1 X52.239 Y146.429 E2244.8565
G1 F1599.1 X51.996 Y146.446 E2244.86515
G0 F9000 X51.976 Y146.872
G1 F1595.4 X52.332 Y146.845 E2244.87786
G1 X52.665 Y146.761 E2244.89008
G1 F1602.9 X52.995 Y146.62 E2244.90279
G1 X53.292 Y146.422 E2244.91544
G1 F1591.7 X53.542 Y146.182 E2244.9278
G1 F1595.4 X53.773 Y145.876 E2244.94144
G1 F1610.5 X53.948 Y145.506 E2244.95587
G1 F1595.4 X54.042 Y145.137 E2244.96943
G1 F1599.1 X54.074 Y144.796 E2244.98159
G1 F1614.3 X54.046 Y144.452 E2244.99372
G1 F1602.9 X53.969 Y144.157 E2245.00452
G1 X53.848 Y143.857 E2245.01598
G1 F1599.1 X53.666 Y143.565 E2245.0282
G1 F1588 X53.447 Y143.314 E2245.04011
G1 F1599.1 X53.153 Y143.077 E2245.05352
G1 F1610.5 X52.856 Y142.909 E2245.06555
G1 F1595.4 X52.52 Y142.793 E2245.0782
G1 F1602.9 X52.171 Y142.731 E2245.09075
G1 X51.841 Y142.732 E2245.10244
G1 X51.535 Y142.776 E2245.11339
G1 X51.23 Y142.873 E2245.12473
G1 X50.984 Y142.986 E2245.13432
G1 F1606.7 X50.759 Y143.135 E2245.14386
G1 F1602.9 X50.528 Y143.334 E2245.15466
G1 X50.331 Y143.567 E2245.16546
G1 F1595.4 X50.156 Y143.852 E2245.17737
G1 X50.019 Y144.18 E2245.19002
G1 F1588 X49.945 Y144.514 E2245.20225
G1 F1595.4 X49.926 Y144.875 E2245.21511
G1 X49.972 Y145.234 E2245.22799
G1 X50.069 Y145.568 E2245.24037
G1 F1591.7 X50.223 Y145.87 E2245.25246
G1 F1595.4 X50.411 Y146.134 E2245.264
G1 F1602.9 X50.624 Y146.349 E2245.27472
G1 F1599.1 X50.859 Y146.531 E2245.28527
G1 F1602.9 X51.094 Y146.665 E2245.29485
G1 F1599.1 X51.359 Y146.773 E2245.30502
G1 F1602.9 X51.663 Y146.844 E2245.31607
G1 F1595.4 X51.976 Y146.872 E2245.32726
G0 F9000 X51.974 Y147.307
;TYPE:WALL-OUTER
G1 F1551.9 X52.4 Y147.274 E2245.34289
G1 X52.805 Y147.174 E2245.35815
G1 X53.202 Y147.001 E2245.374
G1 X53.562 Y146.762 E2245.3898
G1 X53.87 Y146.473 E2245.40526
G1 X54.146 Y146.098 E2245.42229
G1 X54.356 Y145.655 E2245.44023
G1 X54.474 Y145.21 E2245.45707
G1 X54.507 Y144.796 E2245.47227
G1 X54.474 Y144.381 E2245.4875
G1 X54.382 Y144.021 E2245.50109
G1 X54.235 Y143.66 E2245.51535
G1 X54.018 Y143.307 E2245.53051
G1 X53.75 Y143 E2245.54542
G1 X53.411 Y142.727 E2245.56135
G1 X53.036 Y142.514 E2245.57713
G1 X52.628 Y142.37 E2245.59296
G1 X52.208 Y142.3 E2245.60853
G1 X51.809 Y142.297 E2245.62313
G1 X51.438 Y142.355 E2245.63687
G1 X51.072 Y142.466 E2245.65086
G1 X50.773 Y142.609 E2245.66299
G1 X50.497 Y142.789 E2245.67504
G1 X50.221 Y143.028 E2245.6884
G1 X49.979 Y143.311 E2245.70203
G1 X49.769 Y143.653 E2245.71671
G1 X49.603 Y144.048 E2245.73238
G1 X49.511 Y144.457 E2245.74772
G1 X49.493 Y144.891 E2245.76361
G1 X49.544 Y145.323 E2245.77953
G1 X49.666 Y145.727 E2245.79497
G1 X49.849 Y146.097 E2245.81007
G1 X50.081 Y146.413 E2245.82441
G1 X50.335 Y146.675 E2245.83776
G1 X50.619 Y146.892 E2245.85084
G1 X50.905 Y147.057 E2245.86292
G1 X51.227 Y147.185 E2245.8756
G1 X51.592 Y147.274 E2245.88934
G1 X51.974 Y147.307 E2245.90337
G0 F9000 X52.094 Y146.016
G1 F1551.9 X51.681 Y145.981 E2245.91854
G1 X51.342 Y145.826 E2245.93217
G1 X51.058 Y145.575 E2245.94604
G1 X50.849 Y145.208 E2245.96149
G1 X50.776 Y144.771 E2245.9777
G1 X50.873 Y144.334 E2245.99408
G1 X51.088 Y143.985 E2246.00908
G1 X51.367 Y143.751 E2246.0224
G1 X51.741 Y143.606 E2246.03707
G1 X52.145 Y143.586 E2246.05187
G1 X52.542 Y143.705 E2246.06704
G1 X52.754 Y143.84 E2246.07623
G1 X53.048 Y144.172 E2246.09246
G1 X53.194 Y144.541 E2246.10697
G1 X53.22 Y144.814 E2246.11701
G1 X53.138 Y145.229 E2246.13248
G1 X53.018 Y145.471 E2246.14237
G1 X52.734 Y145.77 E2246.15745
G1 X52.517 Y145.907 E2246.16684
G1 X52.094 Y146.016 E2246.18282
G1 F1500 E2244.18282
G0 F9000 X167.976 Y146.872
;TYPE:WALL-INNER
G1 F1500 E2246.18282
G1 F1595.4 X168.332 Y146.845 E2246.19553
G1 X168.665 Y146.761 E2246.20775
G1 F1602.9 X168.995 Y146.62 E2246.22046
G1 X169.292 Y146.422 E2246.23311
G1 F1591.7 X169.542 Y146.182 E2246.24547
G1 F1595.4 X169.773 Y145.876 E2246.25912
G1 F1610.5 X169.948 Y145.506 E2246.27355
G1 F1595.4 X170.042 Y145.137 E2246.2871
G1 F1599.1 X170.074 Y144.796 E2246.29926
G1 F1614.3 X170.046 Y144.452 E2246.3114
G1 F1602.9 X169.969 Y144.157 E2246.3222
G1 X169.848 Y143.857 E2246.33365
G1 F1599.1 X169.666 Y143.565 E2246.34587
G1 F1588 X169.447 Y143.314 E2246.35778
G1 F1599.1 X169.153 Y143.077 E2246.37119
G1 F1610.5 X168.856 Y142.909 E2246.38322
G1 F1595.4 X168.52 Y142.793 E2246.39587
G1 F1602.9 X168.171 Y142.731 E2246.40843
G1 X167.841 Y142.732 E2246.42011
G1 X167.535 Y142.776 E2246.43107
G1 X167.23 Y142.873 E2246.4424
G1 X166.984 Y142.986 E2246.45199
G1 F1606.7 X166.759 Y143.135 E2246.46153
G1 F1602.9 X166.528 Y143.334 E2246.47233
G1 X166.331 Y143.567 E2246.48314
G1 F1595.4 X166.156 Y143.852 E2246.49504
G1 X166.019 Y144.18 E2246.50769
G1 F1588 X165.945 Y144.514 E2246.51992
G1 F1595.4 X165.926 Y144.875 E2246.53279
G1 X165.972 Y145.234 E2246.54567
G1 X166.069 Y145.568 E2246.55804
G1 F1591.7 X166.223 Y145.87 E2246.57014
G1 F1595.4 X166.411 Y146.134 E2246.58167
G1 F1602.9 X166.624 Y146.349 E2246.59239
G1 F1599.1 X166.859 Y146.531 E2246.60294
G1 F1602.9 X167.094 Y146.665 E2246.61253
G1 F1599.1 X167.359 Y146.773 E2246.62269
G1 F1602.9 X167.663 Y146.844 E2246.63374
G1 F1595.4 X167.976 Y146.872 E2246.64493
G0 F9000 X167.996 Y146.446
G1 F1599.1 X167.569 Y146.404 E2246.66016
G1 F1610.5 X167.142 Y146.209 E2246.67671
G1 F1618.1 X166.775 Y145.923 E2246.69304
G1 F1595.4 X166.595 Y145.648 E2246.70474
G1 F1591.7 X166.462 Y145.405 E2246.71462
G1 F1595.4 X166.397 Y145.156 E2246.72378
G1 X166.351 Y144.846 E2246.73493
G1 X166.37 Y144.586 E2246.74421
G1 F1588 X166.46 Y144.172 E2246.75935
G1 F1595.4 X166.751 Y143.698 E2246.77915
G1 F1602.9 X167.142 Y143.375 E2246.79711
G1 F1614.3 X167.586 Y143.2 E2246.8139
G1 F1602.9 X167.869 Y143.162 E2246.82401
G1 X168.142 Y143.153 E2246.83369
G1 X168.404 Y143.209 E2246.84318
G1 X168.737 Y143.314 E2246.85555
G1 F1618.1 X169.071 Y143.535 E2246.8696
G1 F1610.5 X169.427 Y143.945 E2246.88874
G1 X169.621 Y144.444 E2246.90762
G1 F1614.3 X169.652 Y144.796 E2246.92005
G1 F1599.1 X169.618 Y145.058 E2246.92943
G1 F1595.4 X169.556 Y145.339 E2246.93967
G1 F1610.5 X169.407 Y145.663 E2246.95224
G1 F1595.4 X169.224 Y145.89 E2246.96262
G1 F1591.7 X169.02 Y146.095 E2246.97294
G1 F1602.9 X168.697 Y146.309 E2246.98666
G1 X168.239 Y146.429 E2247.00343
G1 F1599.1 X167.996 Y146.446 E2247.01208
G0 F9000 X168.094 Y146.016
;TYPE:WALL-OUTER
G1 F1551.9 X167.681 Y145.981 E2247.02724
G1 X167.342 Y145.826 E2247.04088
G1 X167.058 Y145.575 E2247.05475
G1 X166.849 Y145.208 E2247.0702
G1 X166.776 Y144.771 E2247.08641
G1 X166.873 Y144.334 E2247.10279
G1 X167.088 Y143.985 E2247.11778
G1 X167.367 Y143.751 E2247.13111
G1 X167.741 Y143.606 E2247.14578
G1 X168.145 Y143.586 E2247.16058
G1 X168.542 Y143.705 E2247.17574
G1 X168.754 Y143.84 E2247.18494
G1 X169.048 Y144.172 E2247.20116
G1 X169.194 Y144.541 E2247.21568
G1 X169.22 Y144.814 E2247.22572
G1 X169.138 Y145.229 E2247.24119
G1 X169.018 Y145.471 E2247.25108
G1 X168.734 Y145.77 E2247.26616
G1 X168.517 Y145.907 E2247.27555
G1 X168.094 Y146.016 E2247.29153
G0 F9000 X167.974 Y147.307
G1 F1551.9 X168.4 Y147.274 E2247.30717
G1 X168.805 Y147.174 E2247.32243
G1 X169.202 Y147.001 E2247.33827
G1 X169.562 Y146.762 E2247.35408
G1 X169.87 Y146.473 E2247.36953
G1 X170.146 Y146.098 E2247.38657
G1 X170.356 Y145.655 E2247.40451
G1 X170.474 Y145.21 E2247.42135
G1 X170.507 Y144.796 E2247.43654
G1 X170.474 Y144.381 E2247.45177
G1 X170.382 Y144.021 E2247.46537
G1 X170.235 Y143.66 E2247.47963
G1 X170.018 Y143.307 E2247.49479
G1 X169.75 Y143 E2247.5097
G1 X169.411 Y142.727 E2247.52562
G1 X169.036 Y142.514 E2247.5414
G1 X168.628 Y142.37 E2247.55723
G1 X168.208 Y142.3 E2247.57281
G1 X167.809 Y142.297 E2247.58741
G1 X167.438 Y142.355 E2247.60115
G1 X167.072 Y142.466 E2247.61514
G1 X166.773 Y142.609 E2247.62727
G1 X166.497 Y142.789 E2247.63932
G1 X166.221 Y143.028 E2247.65268
G1 X165.979 Y143.311 E2247.6663
G1 X165.769 Y143.653 E2247.68098
G1 X165.603 Y144.048 E2247.69666
G1 X165.511 Y144.457 E2247.712
G1 X165.493 Y144.891 E2247.72789
G1 X165.544 Y145.323 E2247.74381
G1 X165.666 Y145.727 E2247.75925
G1 X165.849 Y146.097 E2247.77435
G1 X166.081 Y146.413 E2247.78869
G1 X166.335 Y146.675 E2247.80204
G1 X166.619 Y146.892 E2247.81512
G1 X166.905 Y147.057 E2247.8272
G1 X167.227 Y147.185 E2247.83987
G1 X167.592 Y147.274 E2247.85362
G1 X167.974 Y147.307 E2247.86765
G1 F1500 E2245.86765
G0 F9000 X167.901 Y148.19
G0 X166.958 Y148.033
G0 X166.125 Y147.632
G0 X165.4 Y146.984
G0 X165.091 Y146.552
G0 X164.843 Y146.054
G0 X164.677 Y145.506
G0 X164.619 Y145.036
G0 X167.867 Y81.187
G0 X167.976 Y79.872
;TYPE:WALL-INNER
G1 F1500 E2247.86765
G1 F1595.4 X168.332 Y79.845 E2247.88035
G1 X168.665 Y79.761 E2247.89258
G1 F1602.9 X168.995 Y79.62 E2247.90529
G1 X169.292 Y79.422 E2247.91793
G1 F1591.7 X169.542 Y79.182 E2247.93029
G1 F1595.4 X169.773 Y78.876 E2247.94394
G1 F1610.5 X169.948 Y78.506 E2247.95837
G1 F1595.4 X170.042 Y78.137 E2247.97192
G1 F1599.1 X170.074 Y77.796 E2247.98408
G1 F1614.3 X170.046 Y77.452 E2247.99622
G1 F1602.9 X169.969 Y77.157 E2248.00702
G1 X169.848 Y76.857 E2248.01848
G1 F1599.1 X169.666 Y76.565 E2248.03069
G1 F1588 X169.447 Y76.314 E2248.0426
G1 F1599.1 X169.153 Y76.077 E2248.05601
G1 F1610.5 X168.856 Y75.909 E2248.06804
G1 F1595.4 X168.52 Y75.793 E2248.08069
G1 F1602.9 X168.171 Y75.731 E2248.09325
G1 X167.841 Y75.732 E2248.10494
G1 X167.535 Y75.776 E2248.11589
G1 X167.23 Y75.873 E2248.12722
G1 X166.984 Y75.986 E2248.13681
G1 F1606.7 X166.759 Y76.135 E2248.14635
G1 F1602.9 X166.528 Y76.334 E2248.15715
G1 X166.331 Y76.567 E2248.16796
G1 F1595.4 X166.156 Y76.852 E2248.17986
G1 X166.019 Y77.18 E2248.19251
G1 F1588 X165.945 Y77.514 E2248.20474
G1 F1595.4 X165.926 Y77.875 E2248.21761
G1 X165.972 Y78.234 E2248.23049
G1 X166.069 Y78.568 E2248.24287
G1 F1591.7 X166.223 Y78.87 E2248.25496
G1 F1595.4 X166.411 Y79.134 E2248.26649
G1 F1602.9 X166.624 Y79.349 E2248.27721
G1 F1599.1 X166.859 Y79.531 E2248.28777
G1 F1602.9 X167.094 Y79.665 E2248.29735
G1 F1599.1 X167.359 Y79.773 E2248.30751
G1 F1602.9 X167.663 Y79.844 E2248.31857
G1 F1595.4 X167.976 Y79.872 E2248.32975
G0 F9000 X167.996 Y79.446
G1 F1599.1 X167.569 Y79.404 E2248.34498
G1 F1610.5 X167.142 Y79.209 E2248.36153
G1 F1618.1 X166.775 Y78.923 E2248.37786
G1 F1595.4 X166.595 Y78.648 E2248.38956
G1 F1591.7 X166.462 Y78.405 E2248.39944
G1 F1595.4 X166.397 Y78.156 E2248.4086
G1 X166.351 Y77.846 E2248.41975
G1 X166.37 Y77.586 E2248.42903
G1 F1588 X166.46 Y77.172 E2248.44418
G1 F1595.4 X166.751 Y76.698 E2248.46397
G1 F1602.9 X167.142 Y76.375 E2248.48194
G1 F1614.3 X167.586 Y76.2 E2248.49872
G1 F1602.9 X167.869 Y76.162 E2248.50884
G1 X168.142 Y76.153 E2248.51851
G1 X168.404 Y76.209 E2248.528
G1 X168.737 Y76.314 E2248.54037
G1 F1618.1 X169.071 Y76.535 E2248.55442
G1 F1610.5 X169.427 Y76.945 E2248.57357
G1 X169.621 Y77.444 E2248.59244
G1 F1614.3 X169.652 Y77.796 E2248.60487
G1 F1599.1 X169.618 Y78.058 E2248.61425
G1 F1595.4 X169.556 Y78.339 E2248.62449
G1 F1610.5 X169.407 Y78.663 E2248.63706
G1 F1595.4 X169.224 Y78.89 E2248.64744
G1 F1591.7 X169.02 Y79.095 E2248.65776
G1 F1602.9 X168.697 Y79.309 E2248.67148
G1 X168.239 Y79.429 E2248.68825
G1 F1599.1 X167.996 Y79.446 E2248.6969
G0 F9000 X168.094 Y79.016
;TYPE:WALL-OUTER
G1 F1551.9 X167.681 Y78.981 E2248.71207
G1 X167.342 Y78.826 E2248.7257
G1 X167.058 Y78.575 E2248.73957
G1 X166.849 Y78.208 E2248.75502
G1 X166.776 Y77.771 E2248.77123
G1 X166.873 Y77.334 E2248.78761
G1 X167.088 Y76.985 E2248.80261
G1 X167.367 Y76.751 E2248.81593
G1 X167.741 Y76.606 E2248.8306
G1 X168.145 Y76.586 E2248.8454
G1 X168.542 Y76.705 E2248.86057
G1 X168.754 Y76.84 E2248.86976
G1 X169.048 Y77.172 E2248.88599
G1 X169.194 Y77.541 E2248.90051
G1 X169.22 Y77.814 E2248.91054
G1 X169.138 Y78.229 E2248.92602
G1 X169.018 Y78.471 E2248.9359
G1 X168.734 Y78.77 E2248.95099
G1 X168.517 Y78.907 E2248.96037
G1 X168.094 Y79.016 E2248.97636
G0 F9000 X167.974 Y80.307
G1 F1551.9 X168.4 Y80.274 E2248.99199
G1 X168.805 Y80.174 E2249.00725
G1 X169.202 Y80.001 E2249.02309
G1 X169.562 Y79.762 E2249.0389
G1 X169.87 Y79.473 E2249.05436
G1 X170.146 Y79.098 E2249.07139
G1 X170.356 Y78.655 E2249.08933
G1 X170.474 Y78.21 E2249.10617
G1 X170.507 Y77.796 E2249.12137
G1 X170.474 Y77.381 E2249.1366
G1 X170.382 Y77.021 E2249.15019
G1 X170.235 Y76.66 E2249.16445
G1 X170.018 Y76.307 E2249.17961
G1 X169.75 Y76 E2249.19452
G1 X169.411 Y75.727 E2249.21045
G1 X169.036 Y75.514 E2249.22622
G1 X168.628 Y75.37 E2249.24205
G1 X168.208 Y75.3 E2249.25763
G1 X167.809 Y75.297 E2249.27223
G1 X167.438 Y75.355 E2249.28597
G1 X167.072 Y75.466 E2249.29996
G1 X166.773 Y75.609 E2249.31209
G1 X166.497 Y75.789 E2249.32414
G1 X166.221 Y76.028 E2249.3375
G1 X165.979 Y76.311 E2249.35112
G1 X165.769 Y76.653 E2249.36581
G1 X165.603 Y77.048 E2249.38148
G1 X165.511 Y77.457 E2249.39682
G1 X165.493 Y77.891 E2249.41271
G1 X165.544 Y78.323 E2249.42863
G1 X165.666 Y78.727 E2249.44407
G1 X165.849 Y79.097 E2249.45917
G1 X166.081 Y79.413 E2249.47351
G1 X166.335 Y79.675 E2249.48686
G1 X166.619 Y79.892 E2249.49994
G1 X166.905 Y80.057 E2249.51202
G1 X167.227 Y80.185 E2249.5247
G1 X167.592 Y80.274 E2249.53844
G1 X167.974 Y80.307 E2249.55247
G1 F1500 E2247.55247
;MESH:NONMESH
G0 F300 Z3.48
G0 F9000 X51.996 Y79.446
;TIME_ELAPSED:7065.493857
;LAYER:18
;note -- min layer time used
;TYPE:WALL-INNER
;MESH:SmartKiln_Fondo.stl
G1 F1500 E2249.55247
G1 F1599.2 X51.569 Y79.404 E2249.5677
G1 F1610.5 X51.142 Y79.209 E2249.58425
G1 F1618.1 X50.775 Y78.923 E2249.60058
G1 F1595.4 X50.595 Y78.648 E2249.61228
G1 F1591.7 X50.462 Y78.405 E2249.62216
G1 F1595.4 X50.397 Y78.156 E2249.63132
G1 X50.351 Y77.846 E2249.64247
G1 X50.37 Y77.586 E2249.65175
G1 F1588 X50.46 Y77.172 E2249.6669
G1 F1595.4 X50.751 Y76.698 E2249.68669
G1 F1602.9 X51.142 Y76.375 E2249.70465
G1 F1614.3 X51.586 Y76.2 E2249.72144
G1 F1602.9 X51.869 Y76.162 E2249.73156
G1 X52.142 Y76.153 E2249.74123
G1 X52.404 Y76.209 E2249.75072
G1 X52.737 Y76.314 E2249.76309
G1 F1618.1 X53.071 Y76.535 E2249.77714
G1 F1610.5 X53.427 Y76.945 E2249.79629
G1 X53.621 Y77.444 E2249.81516
G1 F1614.3 X53.652 Y77.796 E2249.82759
G1 F1599.2 X53.618 Y78.058 E2249.83697
G1 F1595.4 X53.556 Y78.339 E2249.84721
G1 F1610.5 X53.407 Y78.663 E2249.85978
G1 F1595.4 X53.224 Y78.89 E2249.87016
G1 F1591.7 X53.02 Y79.095 E2249.88048
G1 F1602.9 X52.697 Y79.309 E2249.8942
G1 X52.239 Y79.429 E2249.91097
G1 F1599.2 X51.996 Y79.446 E2249.91962
G0 F9000 X51.976 Y79.872
G1 F1595.4 X52.332 Y79.845 E2249.93233
G1 X52.665 Y79.761 E2249.94455
G1 F1602.9 X52.995 Y79.62 E2249.95726
G1 X53.292 Y79.422 E2249.9699
G1 F1591.7 X53.542 Y79.182 E2249.98227
G1 F1595.4 X53.773 Y78.876 E2249.99591
G1 F1610.5 X53.948 Y78.506 E2250.01034
G1 F1595.4 X54.042 Y78.137 E2250.02389
G1 F1599.2 X54.074 Y77.796 E2250.03605
G1 F1614.3 X54.046 Y77.452 E2250.04819
G1 F1602.9 X53.969 Y77.157 E2250.05899
G1 X53.848 Y76.857 E2250.07045
G1 F1599.2 X53.666 Y76.565 E2250.08267
G1 F1588 X53.447 Y76.314 E2250.09458
G1 F1599.2 X53.153 Y76.077 E2250.10799
G1 F1610.5 X52.856 Y75.909 E2250.12002
G1 F1595.4 X52.52 Y75.793 E2250.13267
G1 F1602.9 X52.171 Y75.731 E2250.14522
G1 X51.841 Y75.732 E2250.15691
G1 X51.535 Y75.776 E2250.16786
G1 X51.23 Y75.873 E2250.1792
G1 X50.984 Y75.986 E2250.18879
G1 F1606.7 X50.759 Y76.135 E2250.19832
G1 F1602.9 X50.528 Y76.334 E2250.20912
G1 X50.331 Y76.567 E2250.21993
G1 F1595.4 X50.156 Y76.852 E2250.23183
G1 X50.019 Y77.18 E2250.24448
G1 F1588 X49.945 Y77.514 E2250.25672
G1 F1595.4 X49.926 Y77.875 E2250.26958
G1 X49.972 Y78.234 E2250.28246
G1 X50.069 Y78.568 E2250.29484
G1 F1591.7 X50.223 Y78.87 E2250.30693
G1 F1595.4 X50.411 Y79.134 E2250.31847
G1 F1602.9 X50.624 Y79.349 E2250.32919
G1 F1599.2 X50.859 Y79.531 E2250.33974
G1 F1602.9 X51.094 Y79.665 E2250.34932
G1 F1599.2 X51.359 Y79.773 E2250.35948
G1 F1602.9 X51.663 Y79.844 E2250.37054
G1 F1595.4 X51.976 Y79.872 E2250.38172
G0 F9000 X51.974 Y80.307
;TYPE:WALL-OUTER
G1 F1551.9 X52.4 Y80.274 E2250.39736
G1 X52.805 Y80.174 E2250.41262
G1 X53.202 Y80.001 E2250.42846
G1 X53.562 Y79.762 E2250.44427
G1 X53.87 Y79.473 E2250.45973
G1 X54.146 Y79.098 E2250.47676
G1 X54.356 Y78.655 E2250.4947
G1 X54.474 Y78.21 E2250.51154
G1 X54.507 Y77.796 E2250.52674
G1 X54.474 Y77.381 E2250.54197
G1 X54.382 Y77.021 E2250.55556
G1 X54.235 Y76.66 E2250.56982
G1 X54.018 Y76.307 E2250.58498
G1 X53.75 Y76 E2250.59989
G1 X53.411 Y75.727 E2250.61582
G1 X53.036 Y75.514 E2250.63159
G1 X52.628 Y75.37 E2250.64742
G1 X52.208 Y75.3 E2250.663
G1 X51.809 Y75.297 E2250.6776
G1 X51.438 Y75.355 E2250.69134
G1 X51.072 Y75.466 E2250.70533
G1 X50.773 Y75.609 E2250.71746
G1 X50.497 Y75.789 E2250.72951
G1 X50.221 Y76.028 E2250.74287
G1 X49.979 Y76.311 E2250.75649
G1 X49.769 Y76.653 E2250.77118
G1 X49.603 Y77.048 E2250.78685
G1 X49.511 Y77.457 E2250.80219
G1 X49.493 Y77.891 E2250.81808
G1 X49.544 Y78.323 E2250.834
G1 X49.666 Y78.727 E2250.84944
G1 X49.849 Y79.097 E2250.86454
G1 X50.081 Y79.413 E2250.87888
G1 X50.335 Y79.675 E2250.89223
G1 X50.619 Y79.892 E2250.90531
G1 X50.905 Y80.057 E2250.91739
G1 X51.227 Y80.185 E2250.93007
G1 X51.592 Y80.274 E2250.94381
G1 X51.974 Y80.307 E2250.95784
G0 F9000 X52.094 Y79.016
G1 F1551.9 X51.681 Y78.981 E2250.973
G1 X51.342 Y78.826 E2250.98664
G1 X51.058 Y78.575 E2251.00051
G1 X50.849 Y78.208 E2251.01596
G1 X50.776 Y77.771 E2251.03217
G1 X50.873 Y77.334 E2251.04855
G1 X51.088 Y76.985 E2251.06354
G1 X51.367 Y76.751 E2251.07687
G1 X51.741 Y76.606 E2251.09154
G1 X52.145 Y76.586 E2251.10634
G1 X52.542 Y76.705 E2251.1215
G1 X52.754 Y76.84 E2251.1307
G1 X53.048 Y77.172 E2251.14692
G1 X53.194 Y77.541 E2251.16144
G1 X53.22 Y77.814 E2251.17148
G1 X53.138 Y78.229 E2251.18695
G1 X53.018 Y78.471 E2251.19683
G1 X52.734 Y78.77 E2251.21192
G1 X52.517 Y78.907 E2251.22131
G1 X52.094 Y79.016 E2251.23729
G1 F1500 E2249.23729
G0 F9000 X51.996 Y146.446
;TYPE:WALL-INNER
G1 F1500 E2251.23729
G1 F1599.2 X51.569 Y146.404 E2251.25253
G1 F1610.5 X51.142 Y146.209 E2251.26908
G1 F1618.1 X50.775 Y145.923 E2251.2854
G1 F1595.4 X50.595 Y145.648 E2251.2971
G1 F1591.7 X50.462 Y145.405 E2251.30698
G1 F1595.4 X50.397 Y145.156 E2251.31614
G1 X50.351 Y144.846 E2251.32729
G1 X50.37 Y144.586 E2251.33657
G1 F1588 X50.46 Y144.172 E2251.35172
G1 F1595.4 X50.751 Y143.698 E2251.37151
G1 F1602.9 X51.142 Y143.375 E2251.38948
G1 F1614.3 X51.586 Y143.2 E2251.40626
G1 F1602.9 X51.869 Y143.162 E2251.41638
G1 X52.142 Y143.153 E2251.42605
G1 X52.404 Y143.209 E2251.43554
G1 X52.737 Y143.314 E2251.44791
G1 F1618.1 X53.071 Y143.535 E2251.46196
G1 F1610.5 X53.427 Y143.945 E2251.48111
G1 X53.621 Y144.444 E2251.49998
G1 F1614.3 X53.652 Y144.796 E2251.51241
G1 F1599.2 X53.618 Y145.058 E2251.52179
G1 F1595.4 X53.556 Y145.339 E2251.53203
G1 F1610.5 X53.407 Y145.663 E2251.54461
G1 F1595.4 X53.224 Y145.89 E2251.55498
G1 F1591.7 X53.02 Y146.095 E2251.5653
G1 F1602.9 X52.697 Y146.309 E2251.57902
G1 X52.239 Y146.429 E2251.5958
G1 F1599.2 X51.996 Y146.446 E2251.60444
G0 F9000 X51.976 Y146.872
G1 F1595.4 X52.332 Y146.845 E2251.61715
G1 X52.665 Y146.761 E2251.62937
G1 F1602.9 X52.995 Y146.62 E2251.64208
G1 X53.292 Y146.422 E2251.65473
G1 F1591.7 X53.542 Y146.182 E2251.66709
G1 F1595.4 X53.773 Y145.876 E2251.68073
G1 F1610.5 X53.948 Y145.506 E2251.69516
G1 F1595.4 X54.042 Y145.137 E2251.70872
G1 F1599.2 X54.074 Y144.796 E2251.72088
G1 F1614.3 X54.046 Y144.452 E2251.73302
G1 F1602.9 X53.969 Y144.157 E2251.74382
G1 X53.848 Y143.857 E2251.75527
G1 F1599.2 X53.666 Y143.565 E2251.76749
G1 F1588 X53.447 Y143.314 E2251.7794
G1 F1599.2 X53.153 Y143.077 E2251.79281
G1 F1610.5 X52.856 Y142.909 E2251.80484
G1 F1595.4 X52.52 Y142.793 E2251.81749
G1 F1602.9 X52.171 Y142.731 E2251.83004
G1 X51.841 Y142.732 E2251.84173
G1 X51.535 Y142.776 E2251.85268
G1 X51.23 Y142.873 E2251.86402
G1 X50.984 Y142.986 E2251.87361
G1 F1606.7 X50.759 Y143.135 E2251.88315
G1 F1602.9 X50.528 Y143.334 E2251.89395
G1 X50.331 Y143.567 E2251.90476
G1 F1595.4 X50.156 Y143.852 E2251.91666
G1 X50.019 Y144.18 E2251.92931
G1 F1588 X49.945 Y144.514 E2251.94154
G1 F1595.4 X49.926 Y144.875 E2251.9544
G1 X49.972 Y145.234 E2251.96728
G1 X50.069 Y145.568 E2251.97966
G1 F1591.7 X50.223 Y145.87 E2251.99176
G1 F1595.4 X50.411 Y146.134 E2252.00329
G1 F1602.9 X50.624 Y146.349 E2252.01401
G1 F1599.2 X50.859 Y146.531 E2252.02456
G1 F1602.9 X51.094 Y146.665 E2252.03415
G1 F1599.2 X51.359 Y146.773 E2252.04431
G1 F1602.9 X51.663 Y146.844 E2252.05536
G1 F1595.4 X51.976 Y146.872 E2252.06655
G0 F9000 X51.974 Y147.307
;TYPE:WALL-OUTER
G1 F1551.9 X52.4 Y147.274 E2252.08218
G1 X52.805 Y147.174 E2252.09744
G1 X53.202 Y147.001 E2252.11329
G1 X53.562 Y146.762 E2252.1291
G1 X53.87 Y146.473 E2252.14455
G1 X54.146 Y146.098 E2252.16158
G1 X54.356 Y145.655 E2252.17952
G1 X54.474 Y145.21 E2252.19636
G1 X54.507 Y144.796 E2252.21156
G1 X54.474 Y144.381 E2252.22679
G1 X54.382 Y144.021 E2252.24038
G1 X54.235 Y143.66 E2252.25464
G1 X54.018 Y143.307 E2252.2698
G1 X53.75 Y143 E2252.28471
G1 X53.411 Y142.727 E2252.30064
G1 X53.036 Y142.514 E2252.31642
G1 X52.628 Y142.37 E2252.33225
G1 X52.208 Y142.3 E2252.34782
G1 X51.809 Y142.297 E2252.36242
G1 X51.438 Y142.355 E2252.37616
G1 X51.072 Y142.466 E2252.39015
G1 X50.773 Y142.609 E2252.40228
G1 X50.497 Y142.789 E2252.41433
G1 X50.221 Y143.028 E2252.42769
G1 X49.979 Y143.311 E2252.44132
G1 X49.769 Y143.653 E2252.456
G1 X49.603 Y144.048 E2252.47167
G1 X49.511 Y144.457 E2252.48701
G1 X49.493 Y144.891 E2252.5029
G1 X49.544 Y145.323 E2252.51882
G1 X49.666 Y145.727 E2252.53426
G1 X49.849 Y146.097 E2252.54936
G1 X50.081 Y146.413 E2252.5637
G1 X50.335 Y146.675 E2252.57705
G1 X50.619 Y146.892 E2252.59013
G1 X50.905 Y147.057 E2252.60221
G1 X51.227 Y147.185 E2252.61489
G1 X51.592 Y147.274 E2252.62863
G1 X51.974 Y147.307 E2252.64266
G0 F9000 X52.094 Y146.016
G1 F1551.9 X51.681 Y145.981 E2252.65783
G1 X51.342 Y145.826 E2252.67146
G1 X51.058 Y145.575 E2252.68533
G1 X50.849 Y145.208 E2252.70078
G1 X50.776 Y144.771 E2252.71699
G1 X50.873 Y144.334 E2252.73337
G1 X51.088 Y143.985 E2252.74837
G1 X51.367 Y143.751 E2252.76169
G1 X51.741 Y143.606 E2252.77636
G1 X52.145 Y143.586 E2252.79116
G1 X52.542 Y143.705 E2252.80633
G1 X52.754 Y143.84 E2252.81552
G1 X53.048 Y144.172 E2252.83175
G1 X53.194 Y144.541 E2252.84627
G1 X53.22 Y144.814 E2252.8563
G1 X53.138 Y145.229 E2252.87178
G1 X53.018 Y145.471 E2252.88166
G1 X52.734 Y145.77 E2252.89675
G1 X52.517 Y145.907 E2252.90613
G1 X52.094 Y146.016 E2252.92212
G1 F1500 E2250.92212
G0 F9000 X167.976 Y146.872
;TYPE:WALL-INNER
G1 F1500 E2252.92212
G1 F1595.4 X168.332 Y146.845 E2252.93482
G1 X168.665 Y146.761 E2252.94704
G1 F1602.9 X168.995 Y146.62 E2252.95976
G1 X169.292 Y146.422 E2252.9724
G1 F1591.7 X169.542 Y146.182 E2252.98476
G1 F1595.4 X169.773 Y145.876 E2252.99841
G1 F1610.5 X169.948 Y145.506 E2253.01284
G1 F1595.4 X170.042 Y145.137 E2253.02639
G1 F1599.2 X170.074 Y144.796 E2253.03855
G1 F1614.3 X170.046 Y144.452 E2253.05069
G1 F1602.9 X169.969 Y144.157 E2253.06149
G1 X169.848 Y143.857 E2253.07295
G1 F1599.2 X169.666 Y143.565 E2253.08516
G1 F1588 X169.447 Y143.314 E2253.09707
G1 F1599.2 X169.153 Y143.077 E2253.11048
G1 F1610.5 X168.856 Y142.909 E2253.12251
G1 F1595.4 X168.52 Y142.793 E2253.13516
G1 F1602.9 X168.171 Y142.731 E2253.14772
G1 X167.841 Y142.732 E2253.15941
G1 X167.535 Y142.776 E2253.17036
G1 X167.23 Y142.873 E2253.18169
G1 X166.984 Y142.986 E2253.19128
G1 F1606.7 X166.759 Y143.135 E2253.20082
G1 F1602.9 X166.528 Y143.334 E2253.21162
G1 X166.331 Y143.567 E2253.22243
G1 F1595.4 X166.156 Y143.852 E2253.23433
G1 X166.019 Y144.18 E2253.24698
G1 F1588 X165.945 Y144.514 E2253.25921
G1 F1595.4 X165.926 Y144.875 E2253.27208
G1 X165.972 Y145.234 E2253.28496
G1 X166.069 Y145.568 E2253.29733
G1 F1591.7 X166.223 Y145.87 E2253.30943
G1 F1595.4 X166.411 Y146.134 E2253.32096
G1 F1602.9 X166.624 Y146.349 E2253.33168
G1 F1599.2 X166.859 Y146.531 E2253.34223
G1 F1602.9 X167.094 Y146.665 E2253.35182
G1 F1599.2 X167.359 Y146.773 E2253.36198
G1 F1602.9 X167.663 Y146.844 E2253.37304
G1 F1595.4 X167.976 Y146.872 E2253.38422
G0 F9000 X167.996 Y146.446
G1 F1599.2 X167.569 Y146.404 E2253.39945
G1 F1610.5 X167.142 Y146.209 E2253.416
G1 F1618.1 X166.775 Y145.923 E2253.43233
G1 F1595.4 X166.595 Y145.648 E2253.44403
G1 F1591.7 X166.462 Y145.405 E2253.45391
G1 F1595.4 X166.397 Y145.156 E2253.46307
G1 X166.351 Y144.846 E2253.47422
G1 X166.37 Y144.586 E2253.4835
G1 F1588 X166.46 Y144.172 E2253.49864
G1 F1595.4 X166.751 Y143.698 E2253.51844
G1 F1602.9 X167.142 Y143.375 E2253.5364
G1 F1614.3 X167.586 Y143.2 E2253.55319
G1 F1602.9 X167.869 Y143.162 E2253.5633
G1 X168.142 Y143.153 E2253.57298
G1 X168.404 Y143.209 E2253.58247
G1 X168.737 Y143.314 E2253.59484
G1 F1618.1 X169.071 Y143.535 E2253.60889
G1 F1610.5 X169.427 Y143.945 E2253.62803
G1 X169.621 Y144.444 E2253.64691
G1 F1614.3 X169.652 Y144.796 E2253.65934
G1 F1599.2 X169.618 Y145.058 E2253.66872
G1 F1595.4 X169.556 Y145.339 E2253.67896
G1 F1610.5 X169.407 Y145.663 E2253.69153
G1 F1595.4 X169.224 Y145.89 E2253.70191
G1 F1591.7 X169.02 Y146.095 E2253.71223
G1 F1602.9 X168.697 Y146.309 E2253.72595
G1 X168.239 Y146.429 E2253.74272
G1 F1599.2 X167.996 Y146.446 E2253.75137
G0 F9000 X168.094 Y146.016
;TYPE:WALL-OUTER
G1 F1551.9 X167.681 Y145.981 E2253.76653
G1 X167.342 Y145.826 E2253.78017
G1 X167.058 Y145.575 E2253.79404
G1 X166.849 Y145.208 E2253.80949
G1 X166.776 Y144.771 E2253.8257
G1 X166.873 Y144.334 E2253.84208
G1 X167.088 Y143.985 E2253.85707
G1 X167.367 Y143.751 E2253.8704
G1 X167.741 Y143.606 E2253.88507
G1 X168.145 Y143.586 E2253.89987
G1 X168.542 Y143.705 E2253.91503
G1 X168.754 Y143.84 E2253.92423
G1 X169.048 Y144.172 E2253.94045
G1 X169.194 Y144.541 E2253.95497
G1 X169.22 Y144.814 E2253.96501
G1 X169.138 Y145.229 E2253.98048
G1 X169.018 Y145.471 E2253.99037
G1 X168.734 Y145.77 E2254.00545
G1 X168.517 Y145.907 E2254.01484
G1 X168.094 Y146.016 E2254.03082
G0 F9000 X167.974 Y147.307
G1 F1551.9 X168.4 Y147.274 E2254.04646
G1 X168.805 Y147.174 E2254.06172
G1 X169.202 Y147.001 E2254.07756
G1 X169.562 Y146.762 E2254.09337
G1 X169.87 Y146.473 E2254.10882
G1 X170.146 Y146.098 E2254.12586
G1 X170.356 Y145.655 E2254.1438
G1 X170.474 Y145.21 E2254.16064
G1 X170.507 Y144.796 E2254.17583
G1 X170.474 Y144.381 E2254.19107
G1 X170.382 Y144.021 E2254.20466
G1 X170.235 Y143.66 E2254.21892
G1 X170.018 Y143.307 E2254.23408
G1 X169.75 Y143 E2254.24899
G1 X169.411 Y142.727 E2254.26491
G1 X169.036 Y142.514 E2254.28069
G1 X168.628 Y142.37 E2254.29652
G1 X168.208 Y142.3 E2254.3121
G1 X167.809 Y142.297 E2254.3267
G1 X167.438 Y142.355 E2254.34044
G1 X167.072 Y142.466 E2254.35443
G1 X166.773 Y142.609 E2254.36656
G1 X166.497 Y142.789 E2254.37861
G1 X166.221 Y143.028 E2254.39197
G1 X165.979 Y143.311 E2254.40559
G1 X165.769 Y143.653 E2254.42028
G1 X165.603 Y144.048 E2254.43595
G1 X165.511 Y144.457 E2254.45129
G1 X165.493 Y144.891 E2254.46718
G1 X165.544 Y145.323 E2254.4831
G1 X165.666 Y145.727 E2254.49854
G1 X165.849 Y146.097 E2254.51364
G1 X166.081 Y146.413 E2254.52798
G1 X166.335 Y146.675 E2254.54133
G1 X166.619 Y146.892 E2254.55441
G1 X166.905 Y147.057 E2254.56649
G1 X167.227 Y147.185 E2254.57917
G1 X167.592 Y147.274 E2254.59291
G1 X167.974 Y147.307 E2254.60694
G1 F1500 E2252.60694
G0 F9000 X167.901 Y148.19
G0 X166.958 Y148.033
G0 X166.125 Y147.632
G0 X165.4 Y146.984
G0 X165.091 Y146.552
G0 X164.843 Y146.054
G0 X164.677 Y145.506
G0 X164.619 Y145.036
G0 X167.867 Y81.187
G0 X167.976 Y79.872
;TYPE:WALL-INNER
G1 F1500 E2254.60694
G1 F1595.4 X168.332 Y79.845 E2254.61964
G1 X168.665 Y79.761 E2254.63187
G1 F1602.9 X168.995 Y79.62 E2254.64458
G1 X169.292 Y79.422 E2254.65722
G1 F1591.7 X169.542 Y79.182 E2254.66958
G1 F1595.4 X169.773 Y78.876 E2254.68323
G1 F1610.5 X169.948 Y78.506 E2254.69766
G1 F1595.4 X170.042 Y78.137 E2254.71121
G1 F1599.2 X170.074 Y77.796 E2254.72337
G1 F1614.3 X170.046 Y77.452 E2254.73551
G1 F1602.9 X169.969 Y77.157 E2254.74631
G1 X169.848 Y76.857 E2254.75777
G1 F1599.2 X169.666 Y76.565 E2254.76998
G1 F1588 X169.447 Y76.314 E2254.78189
G1 F1599.2 X169.153 Y76.077 E2254.7953
G1 F1610.5 X168.856 Y75.909 E2254.80733
G1 F1595.4 X168.52 Y75.793 E2254.81998
G1 F1602.9 X168.171 Y75.731 E2254.83254
G1 X167.841 Y75.732 E2254.84423
G1 X167.535 Y75.776 E2254.85518
G1 X167.23 Y75.873 E2254.86652
G1 X166.984 Y75.986 E2254.8761
G1 F1606.7 X166.759 Y76.135 E2254.88564
G1 F1602.9 X166.528 Y76.334 E2254.89644
G1 X166.331 Y76.567 E2254.90725
G1 F1595.4 X166.156 Y76.852 E2254.91915
G1 X166.019 Y77.18 E2254.9318
G1 F1588 X165.945 Y77.514 E2254.94403
G1 F1595.4 X165.926 Y77.875 E2254.9569
G1 X165.972 Y78.234 E2254.96978
G1 X166.069 Y78.568 E2254.98216
G1 F1591.7 X166.223 Y78.87 E2254.99425
G1 F1595.4 X166.411 Y79.134 E2255.00578
G1 F1602.9 X166.624 Y79.349 E2255.0165
G1 F1599.2 X166.859 Y79.531 E2255.02706
G1 F1602.9 X167.094 Y79.665 E2255.03664
G1 F1599.2 X167.359 Y79.773 E2255.0468
G1 F1602.9 X167.663 Y79.844 E2255.05786
G1 F1595.4 X167.976 Y79.872 E2255.06904
G0 F9000 X167.996 Y79.446
G1 F1599.2 X167.569 Y79.404 E2255.08428
G1 F1610.5 X167.142 Y79.209 E2255.10083
G1 F1618.1 X166.775 Y78.923 E2255.11715
G1 F1595.4 X166.595 Y78.648 E2255.12885
G1 F1591.7 X166.462 Y78.405 E2255.13873
G1 F1595.4 X166.397 Y78.156 E2255.14789
G1 X166.351 Y77.846 E2255.15904
G1 X166.37 Y77.586 E2255.16832
G1 F1588 X166.46 Y77.172 E2255.18347
G1 F1595.4 X166.751 Y76.698 E2255.20326
G1 F1602.9 X167.142 Y76.375 E2255.22123
G1 F1610.5 X167.666 Y76.168 E2255.24109
G1 F1618.1 X168.142 Y76.153 E2255.2578
G1 F1602.9 X168.404 Y76.209 E2255.26729
G1 X168.737 Y76.314 E2255.27966
G1 F1618.1 X169.071 Y76.535 E2255.29371
G1 F1610.5 X169.427 Y76.945 E2255.31286
G1 X169.621 Y77.444 E2255.33173
G1 F1614.3 X169.652 Y77.796 E2255.34416
G1 F1599.2 X169.618 Y78.058 E2255.35354
G1 F1595.4 X169.556 Y78.339 E2255.36378
G1 F1610.5 X169.407 Y78.663 E2255.37635
G1 F1595.4 X169.224 Y78.89 E2255.38673
G1 F1591.7 X169.02 Y79.095 E2255.39705
G1 F1602.9 X168.697 Y79.309 E2255.41077
G1 X168.239 Y79.429 E2255.42754
G1 F1599.2 X167.996 Y79.446 E2255.43619
G0 F9000 X168.094 Y79.016
;TYPE:WALL-OUTER
G1 F1551.9 X167.681 Y78.981 E2255.45136
G1 X167.342 Y78.826 E2255.46499
G1 X167.058 Y78.575 E2255.47886
G1 X166.849 Y78.208 E2255.49431
G1 X166.776 Y77.771 E2255.51052
G1 X166.873 Y77.334 E2255.5269
G1 X167.088 Y76.985 E2255.5419
G1 X167.367 Y76.751 E2255.55522
G1 X167.741 Y76.606 E2255.56989
G1 X168.145 Y76.586 E2255.58469
G1 X168.542 Y76.705 E2255.59986
G1 X168.754 Y76.84 E2255.60905
G1 X169.048 Y77.172 E2255.62528
G1 X169.194 Y77.541 E2255.63979
G1 X169.22 Y77.814 E2255.64983
G1 X169.138 Y78.229 E2255.6653
G1 X169.018 Y78.471 E2255.67519
G1 X168.734 Y78.77 E2255.69027
G1 X168.517 Y78.907 E2255.69966
G1 X168.094 Y79.016 E2255.71564
G0 F9000 X167.974 Y80.307
G1 F1551.9 X168.4 Y80.274 E2255.73128
G1 X168.805 Y80.174 E2255.74654
G1 X169.202 Y80.001 E2255.76238
G1 X169.562 Y79.762 E2255.77819
G1 X169.87 Y79.473 E2255.79365
G1 X170.146 Y79.098 E2255.81068
G1 X170.356 Y78.655 E2255.82862
G1 X170.474 Y78.21 E2255.84546
G1 X170.507 Y77.796 E2255.86066
G1 X170.474 Y77.381 E2255.87589
G1 X170.382 Y77.021 E2255.88948
G1 X170.235 Y76.66 E2255.90374
G1 X170.018 Y76.307 E2255.9189
G1 X169.75 Y76 E2255.93381
G1 X169.411 Y75.727 E2255.94974
G1 X169.036 Y75.514 E2255.96551
G1 X168.628 Y75.37 E2255.98134
G1 X168.208 Y75.3 E2255.99692
G1 X167.809 Y75.297 E2256.01152
G1 X167.438 Y75.355 E2256.02526
G1 X167.072 Y75.466 E2256.03925
G1 X166.773 Y75.609 E2256.05138
G1 X166.497 Y75.789 E2256.06343
G1 X166.221 Y76.028 E2256.07679
G1 X165.979 Y76.311 E2256.09041
G1 X165.769 Y76.653 E2256.1051
G1 X165.603 Y77.048 E2256.12077
G1 X165.511 Y77.457 E2256.13611
G1 X165.493 Y77.891 E2256.152
G1 X165.544 Y78.323 E2256.16792
G1 X165.666 Y78.727 E2256.18336
G1 X165.849 Y79.097 E2256.19846
G1 X166.081 Y79.413 E2256.2128
G1 X166.335 Y79.675 E2256.22615
G1 X166.619 Y79.892 E2256.23923
G1 X166.905 Y80.057 E2256.25131
G1 X167.227 Y80.185 E2256.26399
G1 X167.592 Y80.274 E2256.27773
G1 X167.974 Y80.307 E2256.29176
G1 F1500 E2254.29176
;MESH:NONMESH
G0 F300 Z3.68
G0 F9000 X51.996 Y79.446
;TIME_ELAPSED:7078.452705
;LAYER:19
;note -- min layer time used
;TYPE:WALL-INNER
;MESH:SmartKiln_Fondo.stl
G1 F1500 E2256.29176
G1 F1599.1 X51.569 Y79.404 E2256.30699
G1 F1610.4 X51.142 Y79.209 E2256.32354
G1 F1618.1 X50.775 Y78.923 E2256.33987
G1 F1595.4 X50.595 Y78.648 E2256.35157
G1 F1591.7 X50.462 Y78.405 E2256.36145
G1 F1595.4 X50.397 Y78.156 E2256.37061
G1 X50.351 Y77.846 E2256.38176
G1 X50.37 Y77.586 E2256.39104
G1 F1588 X50.46 Y77.172 E2256.40619
G1 F1595.4 X50.751 Y76.698 E2256.42598
G1 F1602.9 X51.142 Y76.375 E2256.44394
G1 F1614.3 X51.586 Y76.2 E2256.46073
G1 F1602.9 X51.869 Y76.162 E2256.47084
G1 X52.142 Y76.153 E2256.48052
G1 X52.404 Y76.209 E2256.49001
G1 X52.737 Y76.314 E2256.50238
G1 F1618.1 X53.071 Y76.535 E2256.51643
G1 F1610.4 X53.427 Y76.945 E2256.53557
G1 X53.621 Y77.444 E2256.55445
G1 F1614.3 X53.652 Y77.796 E2256.56688
G1 F1599.1 X53.618 Y78.058 E2256.57626
G1 F1595.4 X53.556 Y78.339 E2256.5865
G1 F1610.4 X53.407 Y78.663 E2256.59907
G1 F1595.4 X53.224 Y78.89 E2256.60945
G1 F1591.7 X53.02 Y79.095 E2256.61977
G1 F1602.9 X52.697 Y79.309 E2256.63349
G1 X52.239 Y79.429 E2256.65026
G1 F1599.1 X51.996 Y79.446 E2256.65891
G0 F9000 X51.976 Y79.872
G1 F1595.4 X52.332 Y79.845 E2256.67162
G1 X52.665 Y79.761 E2256.68384
G1 F1602.9 X52.995 Y79.62 E2256.69655
G1 X53.292 Y79.422 E2256.70919
G1 F1591.7 X53.542 Y79.182 E2256.72156
G1 F1595.4 X53.773 Y78.876 E2256.7352
G1 F1610.4 X53.948 Y78.506 E2256.74963
G1 F1595.4 X54.042 Y78.137 E2256.76318
G1 F1599.1 X54.074 Y77.796 E2256.77534
G1 F1614.3 X54.046 Y77.452 E2256.78748
G1 F1602.9 X53.969 Y77.157 E2256.79828
G1 X53.848 Y76.857 E2256.80974
G1 F1599.1 X53.666 Y76.565 E2256.82196
G1 F1588 X53.447 Y76.314 E2256.83387
G1 F1599.1 X53.153 Y76.077 E2256.84727
G1 F1610.4 X52.856 Y75.909 E2256.8593
G1 F1595.4 X52.52 Y75.793 E2256.87195
G1 F1602.9 X52.171 Y75.731 E2256.88451
G1 X51.841 Y75.732 E2256.8962
G1 X51.535 Y75.776 E2256.90715
G1 X51.23 Y75.873 E2256.91849
G1 X50.984 Y75.986 E2256.92808
G1 F1606.7 X50.759 Y76.135 E2256.93761
G1 F1602.9 X50.528 Y76.334 E2256.94841
G1 X50.331 Y76.567 E2256.95922
G1 F1595.4 X50.156 Y76.852 E2256.97112
G1 X50.019 Y77.18 E2256.98377
G1 F1588 X49.945 Y77.514 E2256.99601
G1 F1595.4 X49.926 Y77.875 E2257.00887
G1 X49.972 Y78.234 E2257.02175
G1 X50.069 Y78.568 E2257.03413
G1 F1591.7 X50.223 Y78.87 E2257.04622
G1 F1595.4 X50.411 Y79.134 E2257.05776
G1 F1602.9 X50.624 Y79.349 E2257.06848
G1 F1599.1 X50.859 Y79.531 E2257.07903
G1 F1602.9 X51.094 Y79.665 E2257.08861
G1 F1599.1 X51.359 Y79.773 E2257.09877
G1 F1602.9 X51.663 Y79.844 E2257.10983
G1 F1595.4 X51.976 Y79.872 E2257.12101
G0 F9000 X51.974 Y80.307
;TYPE:WALL-OUTER
G1 F1551.9 X52.4 Y80.274 E2257.13665
G1 X52.805 Y80.174 E2257.15191
G1 X53.202 Y80.001 E2257.16775
G1 X53.562 Y79.762 E2257.18356
G1 X53.87 Y79.473 E2257.19901
G1 X54.146 Y79.098 E2257.21605
G1 X54.356 Y78.655 E2257.23399
G1 X54.474 Y78.21 E2257.25083
G1 X54.507 Y77.796 E2257.26602
G1 X54.474 Y77.381 E2257.28126
G1 X54.382 Y77.021 E2257.29485
G1 X54.235 Y76.66 E2257.30911
G1 X54.018 Y76.307 E2257.32427
G1 X53.75 Y76 E2257.33918
G1 X53.411 Y75.727 E2257.3551
G1 X53.036 Y75.514 E2257.37088
G1 X52.628 Y75.37 E2257.38671
G1 X52.208 Y75.3 E2257.40229
G1 X51.809 Y75.297 E2257.41689
G1 X51.438 Y75.355 E2257.43063
G1 X51.072 Y75.466 E2257.44462
G1 X50.773 Y75.609 E2257.45675
G1 X50.497 Y75.789 E2257.4688
G1 X50.221 Y76.028 E2257.48216
G1 X49.979 Y76.311 E2257.49578
G1 X49.769 Y76.653 E2257.51047
G1 X49.603 Y77.048 E2257.52614
G1 X49.511 Y77.457 E2257.54148
G1 X49.493 Y77.891 E2257.55737
G1 X49.544 Y78.323 E2257.57329
G1 X49.666 Y78.727 E2257.58873
G1 X49.849 Y79.097 E2257.60383
G1 X50.081 Y79.413 E2257.61817
G1 X50.335 Y79.675 E2257.63152
G1 X50.619 Y79.892 E2257.6446
G1 X50.905 Y80.057 E2257.65668
G1 X51.227 Y80.185 E2257.66935
G1 X51.592 Y80.274 E2257.6831
G1 X51.974 Y80.307 E2257.69713
G0 F9000 X52.094 Y79.016
G1 F1551.9 X51.681 Y78.981 E2257.71229
G1 X51.342 Y78.826 E2257.72593
G1 X51.058 Y78.575 E2257.7398
G1 X50.849 Y78.208 E2257.75525
G1 X50.776 Y77.771 E2257.77146
G1 X50.873 Y77.334 E2257.78784
G1 X51.088 Y76.985 E2257.80283
G1 X51.367 Y76.751 E2257.81616
G1 X51.741 Y76.606 E2257.83083
G1 X52.145 Y76.586 E2257.84563
G1 X52.542 Y76.705 E2257.86079
G1 X52.754 Y76.84 E2257.86999
G1 X53.048 Y77.172 E2257.88621
G1 X53.194 Y77.541 E2257.90073
G1 X53.22 Y77.814 E2257.91076
G1 X53.138 Y78.229 E2257.92624
G1 X53.018 Y78.471 E2257.93612
G1 X52.734 Y78.77 E2257.95121
G1 X52.517 Y78.907 E2257.9606
G1 X52.094 Y79.016 E2257.97658
G1 F1500 E2255.97658
G0 F9000 X51.996 Y146.446
;TYPE:WALL-INNER
G1 F1500 E2257.97658
G1 F1599.1 X51.569 Y146.404 E2257.99182
G1 F1610.4 X51.142 Y146.209 E2258.00837
G1 F1618.1 X50.775 Y145.923 E2258.02469
G1 F1595.4 X50.595 Y145.648 E2258.03639
G1 F1591.7 X50.462 Y145.405 E2258.04627
G1 F1595.4 X50.397 Y145.156 E2258.05543
G1 X50.351 Y144.846 E2258.06658
G1 X50.37 Y144.586 E2258.07586
G1 F1588 X50.46 Y144.172 E2258.09101
G1 F1595.4 X50.751 Y143.698 E2258.1108
G1 F1602.9 X51.142 Y143.375 E2258.12877
G1 F1614.3 X51.586 Y143.2 E2258.14555
G1 F1602.9 X51.869 Y143.162 E2258.15567
G1 X52.142 Y143.153 E2258.16534
G1 X52.404 Y143.209 E2258.17483
G1 X52.737 Y143.314 E2258.1872
G1 F1618.1 X53.071 Y143.535 E2258.20125
G1 F1610.4 X53.427 Y143.945 E2258.2204
G1 X53.621 Y144.444 E2258.23927
G1 F1614.3 X53.652 Y144.796 E2258.2517
G1 F1599.1 X53.618 Y145.058 E2258.26108
G1 F1595.4 X53.556 Y145.339 E2258.27132
G1 F1610.4 X53.407 Y145.663 E2258.2839
G1 F1595.4 X53.224 Y145.89 E2258.29427
G1 F1591.7 X53.02 Y146.095 E2258.30459
G1 F1602.9 X52.697 Y146.309 E2258.31831
G1 X52.239 Y146.429 E2258.33508
G1 F1599.1 X51.996 Y146.446 E2258.34373
G0 F9000 X51.976 Y146.872
G1 F1595.4 X52.332 Y146.845 E2258.35644
G1 X52.665 Y146.761 E2258.36866
G1 F1602.9 X52.995 Y146.62 E2258.38137
G1 X53.292 Y146.422 E2258.39402
G1 F1591.7 X53.542 Y146.182 E2258.40638
G1 F1595.4 X53.773 Y145.876 E2258.42002
G1 F1610.4 X53.948 Y145.506 E2258.43445
G1 F1595.4 X54.042 Y145.137 E2258.448
G1 F1599.1 X54.074 Y144.796 E2258.46017
G1 F1614.3 X54.046 Y144.452 E2258.4723
G1 F1602.9 X53.969 Y144.157 E2258.4831
G1 X53.848 Y143.857 E2258.49456
G1 F1599.1 X53.666 Y143.565 E2258.50678
G1 F1588 X53.447 Y143.314 E2258.51869
G1 F1599.1 X53.153 Y143.077 E2258.5321
G1 F1610.4 X52.856 Y142.909 E2258.54413
G1 F1595.4 X52.52 Y142.793 E2258.55678
G1 F1602.9 X52.171 Y142.731 E2258.56933
G1 X51.841 Y142.732 E2258.58102
G1 X51.535 Y142.776 E2258.59197
G1 X51.23 Y142.873 E2258.60331
G1 X50.984 Y142.986 E2258.6129
G1 F1606.7 X50.759 Y143.135 E2258.62244
G1 F1602.9 X50.528 Y143.334 E2258.63324
G1 X50.331 Y143.567 E2258.64404
G1 F1595.4 X50.156 Y143.852 E2258.65595
G1 X50.019 Y144.18 E2258.6686
G1 F1588 X49.945 Y144.514 E2258.68083
G1 F1595.4 X49.926 Y144.875 E2258.69369
G1 X49.972 Y145.234 E2258.70657
G1 X50.069 Y145.568 E2258.71895
G1 F1591.7 X50.223 Y145.87 E2258.73104
G1 F1595.4 X50.411 Y146.134 E2258.74258
G1 F1602.9 X50.624 Y146.349 E2258.7533
G1 F1599.1 X50.859 Y146.531 E2258.76385
G1 F1602.9 X51.094 Y146.665 E2258.77343
G1 F1599.1 X51.359 Y146.773 E2258.78359
G1 F1602.9 X51.663 Y146.844 E2258.79465
G1 F1595.4 X51.976 Y146.872 E2258.80584
G0 F9000 X51.974 Y147.307
;TYPE:WALL-OUTER
G1 F1551.9 X52.4 Y147.274 E2258.82147
G1 X52.805 Y147.174 E2258.83673
G1 X53.202 Y147.001 E2258.85258
G1 X53.562 Y146.762 E2258.86838
G1 X53.87 Y146.473 E2258.88384
G1 X54.146 Y146.098 E2258.90087
G1 X54.356 Y145.655 E2258.91881
G1 X54.474 Y145.21 E2258.93565
G1 X54.507 Y144.796 E2258.95085
G1 X54.474 Y144.381 E2258.96608
G1 X54.382 Y144.021 E2258.97967
G1 X54.235 Y143.66 E2258.99393
G1 X54.018 Y143.307 E2259.00909
G1 X53.75 Y143 E2259.024
G1 X53.411 Y142.727 E2259.03993
G1 X53.036 Y142.514 E2259.05571
G1 X52.628 Y142.37 E2259.07153
G1 X52.208 Y142.3 E2259.08711
G1 X51.809 Y142.297 E2259.10171
G1 X51.438 Y142.355 E2259.11545
G1 X51.072 Y142.466 E2259.12944
G1 X50.773 Y142.609 E2259.14157
G1 X50.497 Y142.789 E2259.15362
G1 X50.221 Y143.028 E2259.16698
G1 X49.979 Y143.311 E2259.1806
G1 X49.769 Y143.653 E2259.19529
G1 X49.603 Y144.048 E2259.21096
G1 X49.511 Y144.457 E2259.2263
G1 X49.493 Y144.891 E2259.24219
G1 X49.544 Y145.323 E2259.25811
G1 X49.666 Y145.727 E2259.27355
G1 X49.849 Y146.097 E2259.28865
G1 X50.081 Y146.413 E2259.30299
G1 X50.335 Y146.675 E2259.31634
G1 X50.619 Y146.892 E2259.32942
G1 X50.905 Y147.057 E2259.3415
G1 X51.227 Y147.185 E2259.35418
G1 X51.592 Y147.274 E2259.36792
G1 X51.974 Y147.307 E2259.38195
G0 F9000 X52.094 Y146.016
G1 F1551.9 X51.683 Y145.981 E2259.39704
G1 X51.342 Y145.826 E2259.41075
G1 X51.058 Y145.575 E2259.42461
G1 X50.849 Y145.208 E2259.44007
G1 X50.776 Y144.771 E2259.45627
G1 X50.873 Y144.334 E2259.47265
G1 X51.088 Y143.985 E2259.48765
G1 X51.367 Y143.751 E2259.50097
G1 X51.741 Y143.606 E2259.51565
G1 X52.145 Y143.586 E2259.53045
G1 X52.542 Y143.705 E2259.54561
G1 X52.754 Y143.84 E2259.5548
G1 X53.048 Y144.172 E2259.57103
G1 X53.194 Y144.541 E2259.58555
G1 X53.22 Y144.814 E2259.59558
G1 X53.138 Y145.229 E2259.61106
G1 X53.018 Y145.471 E2259.62094
G1 X52.734 Y145.77 E2259.63603
G1 X52.517 Y145.907 E2259.64542
G1 X52.094 Y146.016 E2259.6614
G1 F1500 E2257.6614
G0 F9000 X167.976 Y146.872
;TYPE:WALL-INNER
G1 F1500 E2259.6614
G1 F1595.4 X168.332 Y146.845 E2259.6741
G1 X168.665 Y146.761 E2259.68633
G1 F1602.9 X168.995 Y146.62 E2259.69904
G1 X169.292 Y146.422 E2259.71168
G1 F1591.7 X169.542 Y146.182 E2259.72404
G1 F1595.4 X169.773 Y145.876 E2259.73769
G1 F1610.4 X169.948 Y145.506 E2259.75212
G1 F1595.4 X170.042 Y145.137 E2259.76567
G1 F1599.1 X170.074 Y144.796 E2259.77783
G1 F1614.3 X170.046 Y144.452 E2259.78997
G1 F1602.9 X169.969 Y144.157 E2259.80077
G1 X169.848 Y143.857 E2259.81223
G1 F1599.1 X169.666 Y143.565 E2259.82444
G1 F1588 X169.447 Y143.314 E2259.83635
G1 F1599.1 X169.153 Y143.077 E2259.84976
G1 F1610.4 X168.856 Y142.909 E2259.86179
G1 F1595.4 X168.52 Y142.793 E2259.87444
G1 F1602.9 X168.171 Y142.731 E2259.887
G1 X167.841 Y142.732 E2259.89869
G1 X167.535 Y142.776 E2259.90964
G1 X167.23 Y142.873 E2259.92098
G1 X166.984 Y142.986 E2259.93056
G1 F1606.7 X166.759 Y143.135 E2259.9401
G1 F1602.9 X166.528 Y143.334 E2259.9509
G1 X166.331 Y143.567 E2259.96171
G1 F1595.4 X166.156 Y143.852 E2259.97361
G1 X166.019 Y144.18 E2259.98626
G1 F1588 X165.945 Y144.514 E2259.99849
G1 F1595.4 X165.926 Y144.875 E2260.01136
G1 X165.972 Y145.234 E2260.02424
G1 X166.069 Y145.568 E2260.03662
G1 F1591.7 X166.223 Y145.87 E2260.04871
G1 F1595.4 X166.411 Y146.134 E2260.06024
G1 F1602.9 X166.624 Y146.349 E2260.07096
G1 F1599.1 X166.859 Y146.531 E2260.08152
G1 F1602.9 X167.094 Y146.665 E2260.0911
G1 F1599.1 X167.359 Y146.773 E2260.10126
G1 F1602.9 X167.663 Y146.844 E2260.11232
G1 F1595.4 X167.976 Y146.872 E2260.1235
G0 F9000 X167.996 Y146.446
G1 F1599.1 X167.569 Y146.404 E2260.13874
G1 F1610.4 X167.142 Y146.209 E2260.15529
G1 F1618.1 X166.775 Y145.923 E2260.17161
G1 F1595.4 X166.595 Y145.648 E2260.18331
G1 F1591.7 X166.462 Y145.405 E2260.19319
G1 F1595.4 X166.397 Y145.156 E2260.20235
G1 X166.351 Y144.846 E2260.2135
G1 X166.37 Y144.586 E2260.22278
G1 F1588 X166.46 Y144.172 E2260.23793
G1 F1595.4 X166.751 Y143.698 E2260.25772
G1 F1602.9 X167.142 Y143.375 E2260.27569
G1 F1614.3 X167.586 Y143.2 E2260.29247
G1 F1602.9 X167.869 Y143.162 E2260.30259
G1 X168.142 Y143.153 E2260.31226
G1 X168.404 Y143.209 E2260.32175
G1 X168.737 Y143.314 E2260.33412
G1 F1618.1 X169.071 Y143.535 E2260.34817
G1 F1610.4 X169.427 Y143.945 E2260.36732
G1 X169.621 Y144.444 E2260.38619
G1 F1614.3 X169.652 Y144.796 E2260.39862
G1 F1599.1 X169.618 Y145.058 E2260.408
G1 F1595.4 X169.556 Y145.339 E2260.41824
G1 F1610.4 X169.407 Y145.663 E2260.43082
G1 F1595.4 X169.224 Y145.89 E2260.44119
G1 F1591.7 X169.02 Y146.095 E2260.45151
G1 F1602.9 X168.697 Y146.309 E2260.46523
G1 X168.239 Y146.429 E2260.482
G1 F1599.1 X167.996 Y146.446 E2260.49065
G0 F9000 X168.094 Y146.016
;TYPE:WALL-OUTER
G1 F1551.9 X167.681 Y145.981 E2260.50582
G1 X167.342 Y145.826 E2260.51945
G1 X167.058 Y145.575 E2260.53332
G1 X166.849 Y145.208 E2260.54877
G1 X166.776 Y144.771 E2260.56498
G1 X166.873 Y144.334 E2260.58136
G1 X167.088 Y143.985 E2260.59636
G1 X167.367 Y143.751 E2260.60968
G1 X167.741 Y143.606 E2260.62436
G1 X168.145 Y143.586 E2260.63915
G1 X168.542 Y143.705 E2260.65432
G1 X168.754 Y143.84 E2260.66351
G1 X169.048 Y144.172 E2260.67974
G1 X169.194 Y144.541 E2260.69426
G1 X169.22 Y144.814 E2260.70429
G1 X169.138 Y145.229 E2260.71977
G1 X169.018 Y145.471 E2260.72965
G1 X168.734 Y145.77 E2260.74474
G1 X168.517 Y145.907 E2260.75413
G1 X168.094 Y146.016 E2260.77011
G0 F9000 X167.974 Y147.307
G1 F1551.9 X168.4 Y147.274 E2260.78574
G1 X168.805 Y147.174 E2260.801
G1 X169.202 Y147.001 E2260.81685
G1 X169.562 Y146.762 E2260.83265
G1 X169.87 Y146.473 E2260.84811
G1 X170.146 Y146.098 E2260.86514
G1 X170.356 Y145.655 E2260.88308
G1 X170.474 Y145.21 E2260.89992
G1 X170.507 Y144.796 E2260.91512
G1 X170.474 Y144.381 E2260.93035
G1 X170.382 Y144.021 E2260.94394
G1 X170.235 Y143.66 E2260.9582
G1 X170.018 Y143.307 E2260.97336
G1 X169.75 Y143 E2260.98827
G1 X169.411 Y142.727 E2261.0042
G1 X169.036 Y142.514 E2261.01998
G1 X168.628 Y142.37 E2261.03581
G1 X168.208 Y142.3 E2261.05138
G1 X167.809 Y142.297 E2261.06598
G1 X167.438 Y142.355 E2261.07972
G1 X167.072 Y142.466 E2261.09371
G1 X166.773 Y142.609 E2261.10584
G1 X166.497 Y142.789 E2261.11789
G1 X166.221 Y143.028 E2261.13125
G1 X165.979 Y143.311 E2261.14487
G1 X165.769 Y143.653 E2261.15956
G1 X165.603 Y144.048 E2261.17523
G1 X165.511 Y144.457 E2261.19057
G1 X165.493 Y144.891 E2261.20646
G1 X165.544 Y145.323 E2261.22238
G1 X165.666 Y145.727 E2261.23782
G1 X165.849 Y146.097 E2261.25292
G1 X166.081 Y146.413 E2261.26726
G1 X166.335 Y146.675 E2261.28061
G1 X166.619 Y146.892 E2261.29369
G1 X166.905 Y147.057 E2261.30577
G1 X167.227 Y147.185 E2261.31845
G1 X167.592 Y147.274 E2261.33219
G1 X167.974 Y147.307 E2261.34622
G1 F1500 E2259.34622
G0 F9000 X167.901 Y148.19
G0 X166.958 Y148.033
G0 X166.125 Y147.632
G0 X165.4 Y146.984
G0 X165.091 Y146.552
G0 X164.843 Y146.054
G0 X164.677 Y145.506
G0 X164.619 Y145.036
G0 X167.867 Y81.187
G0 X167.976 Y79.872
;TYPE:WALL-INNER
G1 F1500 E2261.34622
G1 F1595.4 X168.332 Y79.845 E2261.35893
G1 X168.665 Y79.761 E2261.37115
G1 F1602.9 X168.995 Y79.62 E2261.38386
G1 X169.292 Y79.422 E2261.3965
G1 F1591.7 X169.542 Y79.182 E2261.40887
G1 F1595.4 X169.773 Y78.876 E2261.42251
G1 F1610.4 X169.948 Y78.506 E2261.43694
G1 F1595.4 X170.042 Y78.137 E2261.45049
G1 F1599.1 X170.074 Y77.796 E2261.46265
G1 F1614.3 X170.046 Y77.452 E2261.47479
G1 F1602.9 X169.969 Y77.157 E2261.48559
G1 X169.848 Y76.857 E2261.49705
G1 F1599.1 X169.666 Y76.565 E2261.50927
G1 F1588 X169.447 Y76.314 E2261.52118
G1 F1599.1 X169.153 Y76.077 E2261.53459
G1 F1610.4 X168.856 Y75.909 E2261.54662
G1 F1595.4 X168.52 Y75.793 E2261.55927
G1 F1602.9 X168.171 Y75.731 E2261.57182
G1 X167.841 Y75.732 E2261.58351
G1 X167.535 Y75.776 E2261.59446
G1 X167.23 Y75.873 E2261.6058
G1 X166.984 Y75.986 E2261.61539
G1 F1606.7 X166.759 Y76.135 E2261.62492
G1 F1602.9 X166.528 Y76.334 E2261.63572
G1 X166.331 Y76.567 E2261.64653
G1 F1595.4 X166.156 Y76.852 E2261.65843
G1 X166.019 Y77.18 E2261.67108
G1 F1588 X165.945 Y77.514 E2261.68332
G1 F1595.4 X165.926 Y77.875 E2261.69618
G1 X165.972 Y78.234 E2261.70906
G1 X166.069 Y78.568 E2261.72144
G1 F1591.7 X166.223 Y78.87 E2261.73353
G1 F1595.4 X166.411 Y79.134 E2261.74507
G1 F1602.9 X166.624 Y79.349 E2261.75579
G1 F1599.1 X166.859 Y79.531 E2261.76634
G1 F1602.9 X167.094 Y79.665 E2261.77592
G1 F1599.1 X167.359 Y79.773 E2261.78608
G1 F1602.9 X167.663 Y79.844 E2261.79714
G1 F1595.4 X167.976 Y79.872 E2261.80832
G0 F9000 X167.996 Y79.446
G1 F1599.1 X167.569 Y79.404 E2261.82356
G1 F1610.4 X167.142 Y79.209 E2261.84011
G1 F1618.1 X166.775 Y78.923 E2261.85643
G1 F1595.4 X166.595 Y78.648 E2261.86813
G1 F1591.7 X166.462 Y78.405 E2261.87801
G1 F1595.4 X166.397 Y78.156 E2261.88717
G1 X166.351 Y77.846 E2261.89832
G1 X166.37 Y77.586 E2261.9076
G1 F1588 X166.46 Y77.172 E2261.92275
G1 F1595.4 X166.751 Y76.698 E2261.94254
G1 F1602.9 X167.142 Y76.375 E2261.96051
G1 F1614.3 X167.586 Y76.2 E2261.97729
G1 F1602.9 X167.869 Y76.162 E2261.98741
G1 X168.142 Y76.153 E2261.99708
G1 X168.404 Y76.209 E2262.00658
G1 X168.737 Y76.314 E2262.01894
G1 F1618.1 X169.071 Y76.535 E2262.033
G1 F1610.4 X169.427 Y76.945 E2262.05214
G1 X169.621 Y77.444 E2262.07102
G1 F1614.3 X169.652 Y77.796 E2262.08344
G1 F1599.1 X169.618 Y78.058 E2262.09282
G1 F1595.4 X169.556 Y78.339 E2262.10306
G1 F1610.4 X169.407 Y78.663 E2262.11564
G1 F1595.4 X169.224 Y78.89 E2262.12601
G1 F1591.7 X169.02 Y79.095 E2262.13633
G1 F1602.9 X168.697 Y79.309 E2262.15006
G1 X168.239 Y79.429 E2262.16683
G1 F1599.1 X167.996 Y79.446 E2262.17548
G0 F9000 X168.094 Y79.016
;TYPE:WALL-OUTER
G1 F1551.9 X167.681 Y78.981 E2262.19064
G1 X167.342 Y78.826 E2262.20428
G1 X167.058 Y78.575 E2262.21814
G1 X166.849 Y78.208 E2262.2336
G1 X166.776 Y77.771 E2262.24981
G1 X166.873 Y77.334 E2262.26618
G1 X167.088 Y76.985 E2262.28118
G1 X167.367 Y76.751 E2262.2945
G1 X167.741 Y76.606 E2262.30918
G1 X168.145 Y76.586 E2262.32398
G1 X168.542 Y76.705 E2262.33914
G1 X168.754 Y76.84 E2262.34834
G1 X169.048 Y77.172 E2262.36456
G1 X169.194 Y77.541 E2262.37908
G1 X169.22 Y77.814 E2262.38911
G1 X169.138 Y78.229 E2262.40459
G1 X169.018 Y78.471 E2262.41447
G1 X168.734 Y78.77 E2262.42956
G1 X168.517 Y78.907 E2262.43895
G1 X168.094 Y79.016 E2262.45493
G0 F9000 X167.974 Y80.307
G1 F1551.9 X168.4 Y80.274 E2262.47056
G1 X168.805 Y80.174 E2262.48582
G1 X169.202 Y80.001 E2262.50167
G1 X169.562 Y79.762 E2262.51748
G1 X169.87 Y79.473 E2262.53293
G1 X170.146 Y79.098 E2262.54996
G1 X170.356 Y78.655 E2262.5679
G1 X170.474 Y78.21 E2262.58474
G1 X170.507 Y77.796 E2262.59994
G1 X170.474 Y77.381 E2262.61517
G1 X170.382 Y77.021 E2262.62877
G1 X170.235 Y76.66 E2262.64303
G1 X170.018 Y76.307 E2262.65819
G1 X169.75 Y76 E2262.6731
G1 X169.411 Y75.727 E2262.68902
G1 X169.036 Y75.514 E2262.7048
G1 X168.628 Y75.37 E2262.72063
G1 X168.208 Y75.3 E2262.73621
G1 X167.809 Y75.297 E2262.7508
G1 X167.438 Y75.355 E2262.76454
G1 X167.072 Y75.466 E2262.77854
G1 X166.773 Y75.609 E2262.79066
G1 X166.497 Y75.789 E2262.80272
G1 X166.221 Y76.028 E2262.81607
G1 X165.979 Y76.311 E2262.8297
G1 X165.769 Y76.653 E2262.84438
G1 X165.603 Y77.048 E2262.86006
G1 X165.511 Y77.457 E2262.87539
G1 X165.493 Y77.891 E2262.89129
G1 X165.544 Y78.323 E2262.9072
G1 X165.666 Y78.727 E2262.92264
G1 X165.849 Y79.097 E2262.93774
G1 X166.081 Y79.413 E2262.95209
G1 X166.335 Y79.675 E2262.96544
G1 X166.619 Y79.892 E2262.97851
G1 X166.905 Y80.057 E2262.99059
G1 X167.227 Y80.185 E2263.00327
G1 X167.592 Y80.274 E2263.01702
G1 X167.974 Y80.307 E2263.03104
G1 F1500 E2261.03104
;MESH:NONMESH
G0 F300 Z3.88
G0 F9000 X51.996 Y79.446
;TIME_ELAPSED:7091.411681
;LAYER:20
;note -- min layer time used
;TYPE:WALL-INNER
;MESH:SmartKiln_Fondo.stl
G1 F1500 E2263.03104
G1 F1599.1 X51.569 Y79.404 E2263.04628
G1 F1610.4 X51.142 Y79.209 E2263.06283
G1 F1618.1 X50.775 Y78.923 E2263.07915
G1 F1595.4 X50.595 Y78.648 E2263.09085
G1 F1591.7 X50.462 Y78.405 E2263.10073
G1 F1595.4 X50.397 Y78.156 E2263.10989
G1 X50.351 Y77.846 E2263.12104
G1 X50.37 Y77.586 E2263.13032
G1 F1588 X50.46 Y77.172 E2263.14547
G1 F1595.4 X50.751 Y76.698 E2263.16526
G1 F1602.9 X51.142 Y76.375 E2263.18323
G1 F1614.2 X51.586 Y76.2 E2263.20001
G1 F1602.9 X51.869 Y76.162 E2263.21013
G1 X52.142 Y76.153 E2263.2198
G1 X52.404 Y76.209 E2263.22929
G1 X52.737 Y76.314 E2263.24166
G1 F1618.1 X53.071 Y76.535 E2263.25572
G1 F1610.4 X53.427 Y76.945 E2263.27486
G1 X53.621 Y77.444 E2263.29373
G1 F1614.2 X53.652 Y77.796 E2263.30616
G1 F1599.1 X53.618 Y78.058 E2263.31554
G1 F1595.4 X53.556 Y78.339 E2263.32578
G1 F1610.4 X53.407 Y78.663 E2263.33836
G1 F1595.4 X53.224 Y78.89 E2263.34873
G1 F1591.7 X53.02 Y79.095 E2263.35905
G1 F1602.9 X52.697 Y79.309 E2263.37277
G1 X52.239 Y79.429 E2263.38955
G1 F1599.1 X51.996 Y79.446 E2263.39819
G0 F9000 X51.976 Y79.872
G1 F1595.4 X52.332 Y79.845 E2263.4109
G1 X52.665 Y79.761 E2263.42312
G1 F1602.9 X52.995 Y79.62 E2263.43583
G1 X53.292 Y79.422 E2263.44848
G1 F1591.7 X53.542 Y79.182 E2263.46084
G1 F1595.4 X53.773 Y78.876 E2263.47448
G1 F1610.4 X53.948 Y78.506 E2263.48891
G1 F1595.4 X54.042 Y78.137 E2263.50247
G1 F1599.1 X54.074 Y77.796 E2263.51463
G1 F1614.2 X54.046 Y77.452 E2263.52677
G1 F1602.9 X53.969 Y77.157 E2263.53757
G1 X53.848 Y76.857 E2263.54902
G1 F1599.1 X53.666 Y76.565 E2263.56124
G1 F1588 X53.447 Y76.314 E2263.57315
G1 F1599.1 X53.153 Y76.077 E2263.58656
G1 F1610.4 X52.856 Y75.909 E2263.59859
G1 F1595.4 X52.52 Y75.793 E2263.61124
G1 F1602.9 X52.171 Y75.731 E2263.6238
G1 X51.841 Y75.732 E2263.63548
G1 X51.535 Y75.776 E2263.64643
G1 X51.23 Y75.873 E2263.65777
G1 X50.984 Y75.986 E2263.66736
G1 F1606.7 X50.759 Y76.135 E2263.6769
G1 F1602.9 X50.528 Y76.334 E2263.6877
G1 X50.331 Y76.567 E2263.69851
G1 F1595.4 X50.156 Y76.852 E2263.71041
G1 X50.019 Y77.18 E2263.72306
G1 F1588 X49.945 Y77.514 E2263.73529
G1 F1595.4 X49.926 Y77.875 E2263.74816
G1 X49.972 Y78.234 E2263.76104
G1 X50.069 Y78.568 E2263.77341
G1 F1591.7 X50.223 Y78.87 E2263.78551
G1 F1595.4 X50.411 Y79.134 E2263.79704
G1 F1602.9 X50.624 Y79.349 E2263.80776
G1 F1599.1 X50.859 Y79.531 E2263.81831
G1 F1602.9 X51.094 Y79.665 E2263.8279
G1 F1599.1 X51.359 Y79.773 E2263.83806
G1 F1602.9 X51.663 Y79.844 E2263.84911
G1 F1595.4 X51.976 Y79.872 E2263.8603
G0 F9000 X51.974 Y80.307
;TYPE:WALL-OUTER
G1 F1551.9 X52.4 Y80.274 E2263.87593
G1 X52.805 Y80.174 E2263.89119
G1 X53.202 Y80.001 E2263.90704
G1 X53.562 Y79.762 E2263.92285
G1 X53.87 Y79.473 E2263.9383
G1 X54.146 Y79.098 E2263.95533
G1 X54.356 Y78.655 E2263.97327
G1 X54.474 Y78.21 E2263.99011
G1 X54.507 Y77.796 E2264.00531
G1 X54.474 Y77.381 E2264.02054
G1 X54.382 Y77.021 E2264.03413
G1 X54.235 Y76.66 E2264.04839
G1 X54.018 Y76.307 E2264.06355
G1 X53.75 Y76 E2264.07846
G1 X53.411 Y75.727 E2264.09439
G1 X53.036 Y75.514 E2264.11017
G1 X52.628 Y75.37 E2264.126
G1 X52.208 Y75.3 E2264.14157
G1 X51.809 Y75.297 E2264.15617
G1 X51.438 Y75.355 E2264.16991
G1 X51.072 Y75.466 E2264.1839
G1 X50.773 Y75.609 E2264.19603
G1 X50.497 Y75.789 E2264.20809
G1 X50.221 Y76.028 E2264.22144
G1 X49.979 Y76.311 E2264.23507
G1 X49.769 Y76.653 E2264.24975
G1 X49.603 Y77.048 E2264.26543
G1 X49.511 Y77.457 E2264.28076
G1 X49.493 Y77.891 E2264.29666
G1 X49.544 Y78.323 E2264.31257
G1 X49.666 Y78.727 E2264.32801
G1 X49.849 Y79.097 E2264.34311
G1 X50.081 Y79.413 E2264.35745
G1 X50.335 Y79.675 E2264.37081
G1 X50.619 Y79.892 E2264.38388
G1 X50.905 Y80.057 E2264.39596
G1 X51.227 Y80.185 E2264.40864
G1 X51.592 Y80.274 E2264.42238
G1 X51.974 Y80.307 E2264.43641
G0 F9000 X52.094 Y79.016
G1 F1551.9 X51.681 Y78.981 E2264.45158
G1 X51.342 Y78.826 E2264.46521
G1 X51.058 Y78.575 E2264.47908
G1 X50.849 Y78.208 E2264.49453
G1 X50.776 Y77.771 E2264.51074
G1 X50.873 Y77.334 E2264.52712
G1 X51.088 Y76.985 E2264.54212
G1 X51.367 Y76.751 E2264.55544
G1 X51.741 Y76.606 E2264.57012
G1 X52.145 Y76.586 E2264.58491
G1 X52.542 Y76.705 E2264.60008
G1 X52.754 Y76.84 E2264.60927
G1 X53.048 Y77.172 E2264.6255
G1 X53.194 Y77.541 E2264.64002
G1 X53.22 Y77.814 E2264.65005
G1 X53.138 Y78.229 E2264.66553
G1 X53.018 Y78.471 E2264.67541
G1 X52.734 Y78.77 E2264.6905
G1 X52.517 Y78.907 E2264.69988
G1 X52.094 Y79.016 E2264.71587
G1 F1500 E2262.71587
G0 F9000 X51.996 Y146.446
;TYPE:WALL-INNER
G1 F1500 E2264.71587
G1 F1599.1 X51.569 Y146.404 E2264.7311
G1 F1610.4 X51.142 Y146.209 E2264.74765
G1 F1618.1 X50.775 Y145.923 E2264.76398
G1 F1595.4 X50.595 Y145.648 E2264.77567
G1 F1591.7 X50.462 Y145.405 E2264.78555
G1 F1595.4 X50.397 Y145.156 E2264.79471
G1 X50.351 Y144.846 E2264.80587
G1 X50.37 Y144.586 E2264.81514
G1 F1588 X50.46 Y144.172 E2264.83029
G1 F1595.4 X50.751 Y143.698 E2264.85009
G1 F1602.9 X51.142 Y143.375 E2264.86805
G1 F1614.2 X51.586 Y143.2 E2264.88484
G1 F1602.9 X51.869 Y143.162 E2264.89495
G1 X52.142 Y143.153 E2264.90463
G1 X52.404 Y143.209 E2264.91412
G1 X52.737 Y143.314 E2264.92648
G1 F1618.1 X53.071 Y143.535 E2264.94054
G1 F1610.4 X53.427 Y143.945 E2264.95968
G1 X53.621 Y144.444 E2264.97856
G1 F1614.2 X53.652 Y144.796 E2264.99099
G1 F1599.1 X53.618 Y145.058 E2265.00037
G1 F1595.4 X53.556 Y145.339 E2265.01061
G1 F1610.4 X53.407 Y145.663 E2265.02318
G1 F1595.4 X53.224 Y145.89 E2265.03356
G1 F1591.7 X53.02 Y146.095 E2265.04387
G1 F1602.9 X52.697 Y146.309 E2265.0576
G1 X52.239 Y146.429 E2265.07437
G1 F1599.1 X51.996 Y146.446 E2265.08302
G0 F9000 X51.976 Y146.872
G1 F1595.4 X52.332 Y146.845 E2265.09572
G1 X52.665 Y146.761 E2265.10795
G1 F1602.9 X52.995 Y146.62 E2265.12066
G1 X53.292 Y146.422 E2265.1333
G1 F1591.7 X53.542 Y146.182 E2265.14566
G1 F1595.4 X53.773 Y145.876 E2265.15931
G1 F1610.4 X53.948 Y145.506 E2265.17374
G1 F1595.4 X54.042 Y145.137 E2265.18729
G1 F1599.1 X54.074 Y144.796 E2265.19945
G1 F1614.2 X54.046 Y144.452 E2265.21159
G1 F1602.9 X53.969 Y144.157 E2265.22239
G1 X53.848 Y143.857 E2265.23385
G1 F1599.1 X53.666 Y143.565 E2265.24606
G1 F1588 X53.447 Y143.314 E2265.25797
G1 F1599.1 X53.153 Y143.077 E2265.27138
G1 F1610.4 X52.856 Y142.909 E2265.28341
G1 F1595.4 X52.52 Y142.793 E2265.29606
G1 F1602.9 X52.171 Y142.731 E2265.30862
G1 X51.841 Y142.732 E2265.32031
G1 X51.535 Y142.776 E2265.33126
G1 X51.23 Y142.873 E2265.34259
G1 X50.984 Y142.986 E2265.35218
G1 F1606.7 X50.759 Y143.135 E2265.36172
G1 F1602.9 X50.528 Y143.334 E2265.37252
G1 X50.331 Y143.567 E2265.38333
G1 F1595.4 X50.156 Y143.852 E2265.39523
G1 X50.019 Y144.18 E2265.40788
G1 F1588 X49.945 Y144.514 E2265.42011
G1 F1595.4 X49.926 Y144.875 E2265.43298
G1 X49.972 Y145.234 E2265.44586
G1 X50.069 Y145.568 E2265.45824
G1 F1591.7 X50.223 Y145.87 E2265.47033
G1 F1595.4 X50.411 Y146.134 E2265.48186
G1 F1602.9 X50.624 Y146.349 E2265.49258
G1 F1599.1 X50.859 Y146.531 E2265.50314
G1 F1602.9 X51.094 Y146.665 E2265.51272
G1 F1599.1 X51.359 Y146.773 E2265.52288
G1 F1602.9 X51.663 Y146.844 E2265.53394
G1 F1595.4 X51.976 Y146.872 E2265.54512
G0 F9000 X51.974 Y147.307
;TYPE:WALL-OUTER
G1 F1551.9 X52.4 Y147.274 E2265.56075
G1 X52.805 Y147.174 E2265.57602
G1 X53.202 Y147.001 E2265.59186
G1 X53.562 Y146.762 E2265.60767
G1 X53.87 Y146.473 E2265.62312
G1 X54.146 Y146.098 E2265.64016
G1 X54.356 Y145.655 E2265.65809
G1 X54.474 Y145.21 E2265.67494
G1 X54.507 Y144.796 E2265.69013
G1 X54.474 Y144.381 E2265.70536
G1 X54.382 Y144.021 E2265.71896
G1 X54.235 Y143.66 E2265.73322
G1 X54.018 Y143.307 E2265.74838
G1 X53.75 Y143 E2265.76329
G1 X53.411 Y142.727 E2265.77921
G1 X53.036 Y142.514 E2265.79499
G1 X52.628 Y142.37 E2265.81082
G1 X52.208 Y142.3 E2265.8264
G1 X51.809 Y142.297 E2265.841
G1 X51.438 Y142.355 E2265.85473
G1 X51.072 Y142.466 E2265.86873
G1 X50.773 Y142.609 E2265.88085
G1 X50.497 Y142.789 E2265.89291
G1 X50.221 Y143.028 E2265.90627
G1 X49.979 Y143.311 E2265.91989
G1 X49.769 Y143.653 E2265.93457
G1 X49.603 Y144.048 E2265.95025
G1 X49.511 Y144.457 E2265.96559
G1 X49.493 Y144.891 E2265.98148
G1 X49.544 Y145.323 E2265.99739
G1 X49.666 Y145.727 E2266.01283
G1 X49.849 Y146.097 E2266.02793
G1 X50.081 Y146.413 E2266.04228
G1 X50.335 Y146.675 E2266.05563
G1 X50.619 Y146.892 E2266.0687
G1 X50.905 Y147.057 E2266.08078
G1 X51.227 Y147.185 E2266.09346
G1 X51.592 Y147.274 E2266.10721
G1 X51.974 Y147.307 E2266.12124
G0 F9000 X52.094 Y146.016
G1 F1551.9 X51.681 Y145.981 E2266.1364
G1 X51.342 Y145.826 E2266.15004
G1 X51.058 Y145.575 E2266.1639
G1 X50.849 Y145.208 E2266.17936
G1 X50.776 Y144.771 E2266.19557
G1 X50.873 Y144.334 E2266.21194
G1 X51.088 Y143.985 E2266.22694
G1 X51.367 Y143.751 E2266.24026
G1 X51.741 Y143.606 E2266.25494
G1 X52.145 Y143.586 E2266.26974
G1 X52.542 Y143.705 E2266.2849
G1 X52.754 Y143.84 E2266.2941
G1 X53.048 Y144.172 E2266.31032
G1 X53.194 Y144.541 E2266.32484
G1 X53.22 Y144.814 E2266.33487
G1 X53.138 Y145.229 E2266.35035
G1 X53.018 Y145.471 E2266.36023
G1 X52.734 Y145.77 E2266.37532
G1 X52.517 Y145.907 E2266.38471
G1 X52.094 Y146.016 E2266.40069
G1 F1500 E2264.40069
G0 F9000 X167.976 Y146.872
;TYPE:WALL-INNER
G1 F1500 E2266.40069
G1 F1595.4 X168.332 Y146.845 E2266.41339
G1 X168.665 Y146.761 E2266.42562
G1 F1602.9 X168.995 Y146.62 E2266.43833
G1 X169.292 Y146.422 E2266.45097
G1 F1591.7 X169.542 Y146.182 E2266.46333
G1 F1595.4 X169.773 Y145.876 E2266.47698
G1 F1610.4 X169.948 Y145.506 E2266.49141
G1 F1595.4 X170.042 Y145.137 E2266.50496
G1 F1599.1 X170.074 Y144.796 E2266.51712
G1 F1614.2 X170.046 Y144.452 E2266.52926
G1 F1602.9 X169.969 Y144.157 E2266.54006
G1 X169.848 Y143.857 E2266.55152
G1 F1599.1 X169.666 Y143.565 E2266.56374
G1 F1588 X169.447 Y143.314 E2266.57565
G1 F1599.1 X169.153 Y143.077 E2266.58905
G1 F1610.4 X168.856 Y142.909 E2266.60108
G1 F1595.4 X168.52 Y142.793 E2266.61373
G1 F1602.9 X168.171 Y142.731 E2266.62629
G1 X167.841 Y142.732 E2266.63798
G1 X167.535 Y142.776 E2266.64893
G1 X167.23 Y142.873 E2266.66027
G1 X166.984 Y142.986 E2266.66986
G1 F1606.7 X166.759 Y143.135 E2266.67939
G1 F1602.9 X166.528 Y143.334 E2266.69019
G1 X166.331 Y143.567 E2266.701
G1 F1595.4 X166.156 Y143.852 E2266.7129
G1 X166.019 Y144.18 E2266.72555
G1 F1588 X165.945 Y144.514 E2266.73778
G1 F1595.4 X165.926 Y144.875 E2266.75065
G1 X165.972 Y145.234 E2266.76353
G1 X166.069 Y145.568 E2266.77591
G1 F1591.7 X166.223 Y145.87 E2266.788
G1 F1595.4 X166.411 Y146.134 E2266.79953
G1 F1602.9 X166.624 Y146.349 E2266.81025
G1 F1599.1 X166.859 Y146.531 E2266.82081
G1 F1602.9 X167.094 Y146.665 E2266.83039
G1 F1599.1 X167.359 Y146.773 E2266.84055
G1 F1602.9 X167.663 Y146.844 E2266.85161
G1 F1595.4 X167.976 Y146.872 E2266.86279
G0 F9000 X167.996 Y146.446
G1 F1599.1 X167.569 Y146.404 E2266.87803
G1 F1610.4 X167.142 Y146.209 E2266.89458
G1 F1618.1 X166.775 Y145.923 E2266.9109
G1 F1595.4 X166.595 Y145.648 E2266.9226
G1 F1591.7 X166.462 Y145.405 E2266.93248
G1 F1595.4 X166.397 Y145.156 E2266.94164
G1 X166.351 Y144.846 E2266.95279
G1 X166.37 Y144.586 E2266.96207
G1 F1588 X166.46 Y144.172 E2266.97722
G1 F1595.4 X166.751 Y143.698 E2266.99701
G1 F1602.9 X167.142 Y143.375 E2267.01498
G1 F1614.2 X167.586 Y143.2 E2267.03176
G1 F1602.9 X167.869 Y143.162 E2267.04188
G1 X168.142 Y143.153 E2267.05155
G1 X168.404 Y143.209 E2267.06104
G1 X168.737 Y143.314 E2267.07341
G1 F1618.1 X169.071 Y143.535 E2267.08746
G1 F1610.4 X169.427 Y143.945 E2267.10661
G1 X169.621 Y144.444 E2267.12548
G1 F1614.2 X169.652 Y144.796 E2267.13791
G1 F1599.1 X169.618 Y145.058 E2267.14729
G1 F1595.4 X169.556 Y145.339 E2267.15753
G1 F1610.4 X169.407 Y145.663 E2267.17011
G1 F1595.4 X169.224 Y145.89 E2267.18048
G1 F1591.7 X169.02 Y146.095 E2267.1908
G1 F1602.9 X168.697 Y146.309 E2267.20452
G1 X168.239 Y146.429 E2267.22129
G1 F1599.1 X167.996 Y146.446 E2267.22994
G0 F9000 X168.094 Y146.016
;TYPE:WALL-OUTER
G1 F1551.9 X167.684 Y145.978 E2267.24501
G1 X167.342 Y145.826 E2267.2587
G1 X167.058 Y145.575 E2267.27257
G1 X166.849 Y145.208 E2267.28802
G1 X166.776 Y144.771 E2267.30423
G1 X166.873 Y144.334 E2267.32061
G1 X167.088 Y143.985 E2267.3356
G1 X167.367 Y143.751 E2267.34893
G1 X167.741 Y143.606 E2267.3636
G1 X168.145 Y143.586 E2267.3784
G1 X168.542 Y143.705 E2267.39356
G1 X168.754 Y143.84 E2267.40276
G1 X169.048 Y144.172 E2267.41898
G1 X169.194 Y144.541 E2267.4335
G1 X169.22 Y144.814 E2267.44354
G1 X169.138 Y145.229 E2267.45901
G1 X169.018 Y145.471 E2267.46889
G1 X168.734 Y145.77 E2267.48398
G1 X168.517 Y145.907 E2267.49337
G1 X168.094 Y146.016 E2267.50935
G0 F9000 X167.974 Y147.307
G1 F1551.9 X168.4 Y147.274 E2267.52498
G1 X168.805 Y147.174 E2267.54025
G1 X169.202 Y147.001 E2267.55609
G1 X169.562 Y146.762 E2267.5719
G1 X169.87 Y146.473 E2267.58735
G1 X170.146 Y146.098 E2267.60439
G1 X170.356 Y145.655 E2267.62232
G1 X170.474 Y145.21 E2267.63917
G1 X170.507 Y144.796 E2267.65436
G1 X170.474 Y144.381 E2267.66959
G1 X170.382 Y144.021 E2267.68319
G1 X170.235 Y143.66 E2267.69745
G1 X170.018 Y143.307 E2267.71261
G1 X169.75 Y143 E2267.72752
G1 X169.411 Y142.727 E2267.74344
G1 X169.036 Y142.514 E2267.75922
G1 X168.628 Y142.37 E2267.77505
G1 X168.208 Y142.3 E2267.79063
G1 X167.809 Y142.297 E2267.80523
G1 X167.438 Y142.355 E2267.81897
G1 X167.072 Y142.466 E2267.83296
G1 X166.773 Y142.609 E2267.84508
G1 X166.497 Y142.789 E2267.85714
G1 X166.221 Y143.028 E2267.8705
G1 X165.979 Y143.311 E2267.88412
G1 X165.769 Y143.653 E2267.8988
G1 X165.603 Y144.048 E2267.91448
G1 X165.511 Y144.457 E2267.92982
G1 X165.493 Y144.891 E2267.94571
G1 X165.544 Y145.323 E2267.96162
G1 X165.666 Y145.727 E2267.97706
G1 X165.849 Y146.097 E2267.99217
G1 X166.081 Y146.413 E2268.00651
G1 X166.335 Y146.675 E2268.01986
G1 X166.619 Y146.892 E2268.03294
G1 X166.905 Y147.057 E2268.04502
G1 X167.227 Y147.185 E2268.05769
G1 X167.592 Y147.274 E2268.07144
G1 X167.974 Y147.307 E2268.08547
G1 F1500 E2266.08547
G0 F9000 X167.901 Y148.19
G0 X166.958 Y148.033
G0 X166.125 Y147.632
G0 X165.4 Y146.984
G0 X165.091 Y146.552
G0 X164.843 Y146.054
G0 X164.677 Y145.506
G0 X164.619 Y145.036
G0 X167.867 Y81.187
G0 X167.976 Y79.872
;TYPE:WALL-INNER
G1 F1500 E2268.08547
G1 F1595.4 X168.332 Y79.845 E2268.09817
G1 X168.665 Y79.761 E2268.11039
G1 F1602.9 X168.995 Y79.62 E2268.12311
G1 X169.292 Y79.422 E2268.13575
G1 F1591.7 X169.542 Y79.182 E2268.14811
G1 F1595.4 X169.773 Y78.876 E2268.16176
G1 F1610.4 X169.948 Y78.506 E2268.17619
G1 F1595.4 X170.042 Y78.137 E2268.18974
G1 F1599.1 X170.074 Y77.796 E2268.2019
G1 F1614.2 X170.046 Y77.452 E2268.21404
G1 F1602.9 X169.969 Y77.157 E2268.22484
G1 X169.848 Y76.857 E2268.2363
G1 F1599.1 X169.666 Y76.565 E2268.24851
G1 F1588 X169.447 Y76.314 E2268.26042
G1 F1599.1 X169.153 Y76.077 E2268.27383
G1 F1610.4 X168.856 Y75.909 E2268.28586
G1 F1595.4 X168.52 Y75.793 E2268.29851
G1 F1602.9 X168.171 Y75.731 E2268.31107
G1 X167.841 Y75.732 E2268.32276
G1 X167.535 Y75.776 E2268.33371
G1 X167.23 Y75.873 E2268.34504
G1 X166.984 Y75.986 E2268.35463
G1 F1606.7 X166.759 Y76.135 E2268.36417
G1 F1602.9 X166.528 Y76.334 E2268.37497
G1 X166.331 Y76.567 E2268.38578
G1 F1595.4 X166.156 Y76.852 E2268.39768
G1 X166.019 Y77.18 E2268.41033
G1 F1588 X165.945 Y77.514 E2268.42256
G1 F1595.4 X165.926 Y77.875 E2268.43543
G1 X165.972 Y78.234 E2268.44831
G1 X166.069 Y78.568 E2268.46069
G1 F1591.7 X166.223 Y78.87 E2268.47278
G1 F1595.4 X166.411 Y79.134 E2268.48431
G1 F1602.9 X166.624 Y79.349 E2268.49503
G1 F1599.1 X166.859 Y79.531 E2268.50559
G1 F1602.9 X167.094 Y79.665 E2268.51517
G1 F1599.1 X167.359 Y79.773 E2268.52533
G1 F1602.9 X167.663 Y79.844 E2268.53639
G1 F1595.4 X167.976 Y79.872 E2268.54757
G0 F9000 X167.996 Y79.446
G1 F1599.1 X167.569 Y79.404 E2268.5628
G1 F1610.4 X167.142 Y79.209 E2268.57935
G1 F1618.1 X166.775 Y78.923 E2268.59568
G1 F1595.4 X166.595 Y78.648 E2268.60738
G1 F1591.7 X166.462 Y78.405 E2268.61726
G1 F1595.4 X166.397 Y78.156 E2268.62642
G1 X166.351 Y77.846 E2268.63757
G1 X166.37 Y77.586 E2268.64685
G1 F1588 X166.46 Y77.172 E2268.662
G1 F1595.4 X166.751 Y76.698 E2268.68179
G1 F1602.9 X167.142 Y76.375 E2268.69976
G1 F1614.2 X167.586 Y76.2 E2268.71654
G1 F1602.9 X167.869 Y76.162 E2268.72666
G1 X168.142 Y76.153 E2268.73633
G1 X168.404 Y76.209 E2268.74582
G1 X168.737 Y76.314 E2268.75819
G1 F1618.1 X169.071 Y76.535 E2268.77224
G1 F1610.4 X169.427 Y76.945 E2268.79139
G1 X169.621 Y77.444 E2268.81026
G1 F1614.2 X169.652 Y77.796 E2268.82269
G1 F1599.1 X169.618 Y78.058 E2268.83207
G1 F1595.4 X169.556 Y78.339 E2268.84231
G1 F1610.4 X169.407 Y78.663 E2268.85488
G1 F1595.4 X169.224 Y78.89 E2268.86526
G1 F1591.7 X169.02 Y79.095 E2268.87558
G1 F1602.9 X168.697 Y79.309 E2268.8893
G1 X168.239 Y79.429 E2268.90607
G1 F1599.1 X167.996 Y79.446 E2268.91472
G0 F9000 X168.094 Y79.016
;TYPE:WALL-OUTER
G1 F1551.9 X167.681 Y78.981 E2268.92989
G1 X167.342 Y78.826 E2268.94352
G1 X167.058 Y78.575 E2268.95739
G1 X166.849 Y78.208 E2268.97284
G1 X166.776 Y77.771 E2268.98905
G1 X166.873 Y77.334 E2269.00543
G1 X167.088 Y76.985 E2269.02043
G1 X167.367 Y76.751 E2269.03375
G1 X167.741 Y76.606 E2269.04842
G1 X168.145 Y76.586 E2269.06322
G1 X168.542 Y76.705 E2269.07839
G1 X168.754 Y76.84 E2269.08758
G1 X169.048 Y77.172 E2269.10381
G1 X169.194 Y77.541 E2269.11832
G1 X169.22 Y77.814 E2269.12836
G1 X169.138 Y78.229 E2269.14383
G1 X169.018 Y78.471 E2269.15372
G1 X168.734 Y78.77 E2269.1688
G1 X168.517 Y78.907 E2269.17819
G1 X168.094 Y79.016 E2269.19418
G0 F9000 X167.974 Y80.307
G1 F1551.9 X168.4 Y80.274 E2269.20981
G1 X168.805 Y80.174 E2269.22507
G1 X169.202 Y80.001 E2269.24091
G1 X169.562 Y79.762 E2269.25672
G1 X169.87 Y79.473 E2269.27218
G1 X170.146 Y79.098 E2269.28921
G1 X170.356 Y78.655 E2269.30715
G1 X170.474 Y78.21 E2269.32399
G1 X170.507 Y77.796 E2269.33919
G1 X170.474 Y77.381 E2269.35442
G1 X170.382 Y77.021 E2269.36801
G1 X170.235 Y76.66 E2269.38227
G1 X170.018 Y76.307 E2269.39743
G1 X169.75 Y76 E2269.41234
G1 X169.411 Y75.727 E2269.42827
G1 X169.036 Y75.514 E2269.44404
G1 X168.628 Y75.37 E2269.45987
G1 X168.208 Y75.3 E2269.47545
G1 X167.809 Y75.297 E2269.49005
G1 X167.438 Y75.355 E2269.50379
G1 X167.072 Y75.466 E2269.51778
G1 X166.773 Y75.609 E2269.52991
G1 X166.497 Y75.789 E2269.54196
G1 X166.221 Y76.028 E2269.55532
G1 X165.979 Y76.311 E2269.56894
G1 X165.769 Y76.653 E2269.58363
G1 X165.603 Y77.048 E2269.5993
G1 X165.511 Y77.457 E2269.61464
G1 X165.493 Y77.891 E2269.63053
G1 X165.544 Y78.323 E2269.64645
G1 X165.666 Y78.727 E2269.66189
G1 X165.849 Y79.097 E2269.67699
G1 X166.081 Y79.413 E2269.69133
G1 X166.335 Y79.675 E2269.70468
G1 X166.619 Y79.892 E2269.71776
G1 X166.905 Y80.057 E2269.72984
G1 X167.227 Y80.185 E2269.74252
G1 X167.592 Y80.274 E2269.75626
G1 X167.974 Y80.307 E2269.77029
G1 F1500 E2267.77029
;MESH:NONMESH
G0 F300 Z4.08
G0 F9000 X51.996 Y79.446
;TIME_ELAPSED:7104.370646
;LAYER:21
;note -- min layer time used
;TYPE:WALL-INNER
;MESH:SmartKiln_Fondo.stl
G1 F1500 E2269.77029
G1 F1599.1 X51.569 Y79.404 E2269.78552
G1 F1610.5 X51.142 Y79.209 E2269.80207
G1 F1618.1 X50.775 Y78.923 E2269.8184
G1 F1595.4 X50.595 Y78.648 E2269.8301
G1 F1591.7 X50.462 Y78.405 E2269.83998
G1 F1595.4 X50.397 Y78.156 E2269.84914
G1 X50.351 Y77.846 E2269.86029
G1 X50.37 Y77.586 E2269.86957
G1 F1588 X50.46 Y77.172 E2269.88472
G1 F1595.4 X50.751 Y76.698 E2269.90451
G1 F1602.9 X51.142 Y76.375 E2269.92247
G1 F1614.3 X51.586 Y76.2 E2269.93926
G1 F1602.9 X51.869 Y76.162 E2269.94937
G1 X52.142 Y76.153 E2269.95905
G1 X52.404 Y76.209 E2269.96854
G1 X52.737 Y76.314 E2269.98091
G1 F1618.1 X53.071 Y76.535 E2269.99496
G1 F1610.5 X53.427 Y76.945 E2270.0141
G1 X53.621 Y77.444 E2270.03298
G1 F1614.3 X53.652 Y77.796 E2270.04541
G1 F1599.1 X53.618 Y78.058 E2270.05479
G1 F1595.4 X53.556 Y78.339 E2270.06503
G1 F1610.5 X53.407 Y78.663 E2270.0776
G1 F1595.4 X53.224 Y78.89 E2270.08798
G1 F1591.7 X53.02 Y79.095 E2270.0983
G1 F1602.9 X52.697 Y79.309 E2270.11202
G1 X52.239 Y79.429 E2270.12879
G1 F1599.1 X51.996 Y79.446 E2270.13744
G0 F9000 X51.976 Y79.872
G1 F1595.4 X52.332 Y79.845 E2270.15015
G1 X52.665 Y79.761 E2270.16237
G1 F1602.9 X52.995 Y79.62 E2270.17508
G1 X53.292 Y79.422 E2270.18772
G1 F1591.7 X53.542 Y79.182 E2270.20009
G1 F1595.4 X53.773 Y78.876 E2270.21373
G1 F1610.5 X53.948 Y78.506 E2270.22816
G1 F1595.4 X54.042 Y78.137 E2270.24171
G1 F1599.1 X54.074 Y77.796 E2270.25387
G1 F1614.3 X54.046 Y77.452 E2270.26601
G1 F1602.9 X53.969 Y77.157 E2270.27681
G1 X53.848 Y76.857 E2270.28827
G1 F1599.1 X53.666 Y76.565 E2270.30049
G1 F1588 X53.447 Y76.314 E2270.3124
G1 F1599.1 X53.153 Y76.077 E2270.3258
G1 F1610.5 X52.856 Y75.909 E2270.33783
G1 F1595.4 X52.52 Y75.793 E2270.35049
G1 F1602.9 X52.171 Y75.731 E2270.36304
G1 X51.841 Y75.732 E2270.37473
G1 X51.535 Y75.776 E2270.38568
G1 X51.23 Y75.873 E2270.39702
G1 X50.984 Y75.986 E2270.40661
G1 F1606.7 X50.759 Y76.135 E2270.41614
G1 F1602.9 X50.528 Y76.334 E2270.42694
G1 X50.331 Y76.567 E2270.43775
G1 F1595.4 X50.156 Y76.852 E2270.44965
G1 X50.019 Y77.18 E2270.4623
G1 F1588 X49.945 Y77.514 E2270.47454
G1 F1595.4 X49.926 Y77.875 E2270.4874
G1 X49.972 Y78.234 E2270.50028
G1 X50.069 Y78.568 E2270.51266
G1 F1591.7 X50.223 Y78.87 E2270.52475
G1 F1595.4 X50.411 Y79.134 E2270.53629
G1 F1602.9 X50.624 Y79.349 E2270.54701
G1 F1599.1 X50.859 Y79.531 E2270.55756
G1 F1602.9 X51.094 Y79.665 E2270.56714
G1 F1599.1 X51.359 Y79.773 E2270.5773
G1 F1602.9 X51.663 Y79.844 E2270.58836
G1 F1595.4 X51.976 Y79.872 E2270.59954
G0 F9000 X51.974 Y80.307
;TYPE:WALL-OUTER
G1 F1551.9 X52.4 Y80.274 E2270.61518
G1 X52.805 Y80.174 E2270.63044
G1 X53.202 Y80.001 E2270.64628
G1 X53.562 Y79.762 E2270.66209
G1 X53.87 Y79.473 E2270.67754
G1 X54.146 Y79.098 E2270.69458
G1 X54.356 Y78.655 E2270.71252
G1 X54.474 Y78.21 E2270.72936
G1 X54.507 Y77.796 E2270.74455
G1 X54.474 Y77.381 E2270.75979
G1 X54.382 Y77.021 E2270.77338
G1 X54.235 Y76.66 E2270.78764
G1 X54.018 Y76.307 E2270.8028
G1 X53.75 Y76 E2270.81771
G1 X53.411 Y75.727 E2270.83363
G1 X53.036 Y75.514 E2270.84941
G1 X52.628 Y75.37 E2270.86524
G1 X52.208 Y75.3 E2270.88082
G1 X51.809 Y75.297 E2270.89542
G1 X51.438 Y75.355 E2270.90916
G1 X51.072 Y75.466 E2270.92315
G1 X50.773 Y75.609 E2270.93528
G1 X50.497 Y75.789 E2270.94733
G1 X50.221 Y76.028 E2270.96069
G1 X49.979 Y76.311 E2270.97431
G1 X49.769 Y76.653 E2270.989
G1 X49.603 Y77.048 E2271.00467
G1 X49.511 Y77.457 E2271.02001
G1 X49.493 Y77.891 E2271.0359
G1 X49.544 Y78.323 E2271.05182
G1 X49.666 Y78.727 E2271.06726
G1 X49.849 Y79.097 E2271.08236
G1 X50.081 Y79.413 E2271.0967
G1 X50.335 Y79.675 E2271.11005
G1 X50.619 Y79.892 E2271.12313
G1 X50.905 Y80.057 E2271.13521
G1 X51.227 Y80.185 E2271.14789
G1 X51.592 Y80.274 E2271.16163
G1 X51.974 Y80.307 E2271.17566
G0 F9000 X52.094 Y79.016
G1 F1551.9 X51.681 Y78.981 E2271.19082
G1 X51.342 Y78.826 E2271.20446
G1 X51.058 Y78.575 E2271.21833
G1 X50.849 Y78.208 E2271.23378
G1 X50.776 Y77.771 E2271.24999
G1 X50.873 Y77.334 E2271.26637
G1 X51.088 Y76.985 E2271.28136
G1 X51.367 Y76.751 E2271.29469
G1 X51.741 Y76.606 E2271.30936
G1 X52.145 Y76.586 E2271.32416
G1 X52.542 Y76.705 E2271.33932
G1 X52.754 Y76.84 E2271.34852
G1 X53.048 Y77.172 E2271.36474
G1 X53.194 Y77.541 E2271.37926
G1 X53.22 Y77.814 E2271.38929
G1 X53.138 Y78.229 E2271.40477
G1 X53.018 Y78.471 E2271.41465
G1 X52.734 Y78.77 E2271.42974
G1 X52.517 Y78.907 E2271.43913
G1 X52.094 Y79.016 E2271.45511
G1 F1500 E2269.45511
G0 F9000 X51.996 Y146.446
;TYPE:WALL-INNER
G1 F1500 E2271.45511
G1 F1599.1 X51.569 Y146.404 E2271.47035
G1 F1610.5 X51.142 Y146.209 E2271.4869
G1 F1618.1 X50.775 Y145.923 E2271.50322
G1 F1595.4 X50.595 Y145.648 E2271.51492
G1 F1591.7 X50.462 Y145.405 E2271.5248
G1 F1595.4 X50.397 Y145.156 E2271.53396
G1 X50.351 Y144.846 E2271.54511
G1 X50.37 Y144.586 E2271.55439
G1 F1588 X50.46 Y144.172 E2271.56954
G1 F1595.4 X50.751 Y143.698 E2271.58933
G1 F1602.9 X51.142 Y143.375 E2271.6073
G1 F1614.3 X51.586 Y143.2 E2271.62408
G1 F1602.9 X51.869 Y143.162 E2271.6342
G1 X52.142 Y143.153 E2271.64387
G1 X52.404 Y143.209 E2271.65336
G1 X52.737 Y143.314 E2271.66573
G1 F1618.1 X53.071 Y143.535 E2271.67978
G1 F1610.5 X53.427 Y143.945 E2271.69893
G1 X53.621 Y144.444 E2271.7178
G1 F1614.3 X53.652 Y144.796 E2271.73023
G1 F1599.1 X53.618 Y145.058 E2271.73961
G1 F1595.4 X53.556 Y145.339 E2271.74985
G1 F1610.5 X53.407 Y145.663 E2271.76243
G1 F1595.4 X53.224 Y145.89 E2271.7728
G1 F1591.7 X53.02 Y146.095 E2271.78312
G1 F1602.9 X52.697 Y146.309 E2271.79684
G1 X52.239 Y146.429 E2271.81361
G1 F1599.1 X51.996 Y146.446 E2271.82226
G0 F9000 X51.976 Y146.872
G1 F1595.4 X52.332 Y146.845 E2271.83497
G1 X52.665 Y146.761 E2271.84719
G1 F1602.9 X52.995 Y146.62 E2271.8599
G1 X53.292 Y146.422 E2271.87255
G1 F1591.7 X53.542 Y146.182 E2271.88491
G1 F1595.4 X53.773 Y145.876 E2271.89855
G1 F1610.5 X53.948 Y145.506 E2271.91298
G1 F1595.4 X54.042 Y145.137 E2271.92654
G1 F1599.1 X54.074 Y144.796 E2271.9387
G1 F1614.3 X54.046 Y144.452 E2271.95083
G1 F1602.9 X53.969 Y144.157 E2271.96163
G1 X53.848 Y143.857 E2271.97309
G1 F1599.1 X53.666 Y143.565 E2271.98531
G1 F1588 X53.447 Y143.314 E2271.99722
G1 F1599.1 X53.153 Y143.077 E2272.01063
G1 F1610.5 X52.856 Y142.909 E2272.02266
G1 F1595.4 X52.52 Y142.793 E2272.03531
G1 F1602.9 X52.171 Y142.731 E2272.04786
G1 X51.841 Y142.732 E2272.05955
G1 X51.535 Y142.776 E2272.0705
G1 X51.23 Y142.873 E2272.08184
G1 X50.984 Y142.986 E2272.09143
G1 F1606.7 X50.759 Y143.135 E2272.10097
G1 F1602.9 X50.528 Y143.334 E2272.11177
G1 X50.331 Y143.567 E2272.12257
G1 F1595.4 X50.156 Y143.852 E2272.13448
G1 X50.019 Y144.18 E2272.14713
G1 F1588 X49.945 Y144.514 E2272.15936
G1 F1595.4 X49.926 Y144.875 E2272.17222
G1 X49.972 Y145.234 E2272.1851
G1 X50.069 Y145.568 E2272.19748
G1 F1591.7 X50.223 Y145.87 E2272.20957
G1 F1595.4 X50.411 Y146.134 E2272.22111
G1 F1602.9 X50.624 Y146.349 E2272.23183
G1 F1599.1 X50.859 Y146.531 E2272.24238
G1 F1602.9 X51.094 Y146.665 E2272.25196
G1 F1599.1 X51.359 Y146.773 E2272.26213
G1 F1602.9 X51.663 Y146.844 E2272.27318
G1 F1595.4 X51.976 Y146.872 E2272.28437
G0 F9000 X51.974 Y147.307
;TYPE:WALL-OUTER
G1 F1551.9 X52.4 Y147.274 E2272.3
G1 X52.805 Y147.174 E2272.31526
G1 X53.202 Y147.001 E2272.33111
G1 X53.562 Y146.762 E2272.34691
G1 X53.87 Y146.473 E2272.36237
G1 X54.146 Y146.098 E2272.3794
G1 X54.356 Y145.655 E2272.39734
G1 X54.474 Y145.21 E2272.41418
G1 X54.507 Y144.796 E2272.42938
G1 X54.474 Y144.381 E2272.44461
G1 X54.382 Y144.021 E2272.4582
G1 X54.235 Y143.66 E2272.47246
G1 X54.018 Y143.307 E2272.48762
G1 X53.75 Y143 E2272.50253
G1 X53.411 Y142.727 E2272.51846
G1 X53.036 Y142.514 E2272.53424
G1 X52.628 Y142.37 E2272.55007
G1 X52.208 Y142.3 E2272.56564
G1 X51.809 Y142.297 E2272.58024
G1 X51.438 Y142.355 E2272.59398
G1 X51.072 Y142.466 E2272.60797
G1 X50.773 Y142.609 E2272.6201
G1 X50.497 Y142.789 E2272.63215
G1 X50.221 Y143.028 E2272.64551
G1 X49.979 Y143.311 E2272.65914
G1 X49.769 Y143.653 E2272.67382
G1 X49.603 Y144.048 E2272.68949
G1 X49.511 Y144.457 E2272.70483
G1 X49.493 Y144.891 E2272.72072
G1 X49.544 Y145.323 E2272.73664
G1 X49.666 Y145.727 E2272.75208
G1 X49.849 Y146.097 E2272.76718
G1 X50.081 Y146.413 E2272.78152
G1 X50.335 Y146.675 E2272.79487
G1 X50.619 Y146.892 E2272.80795
G1 X50.905 Y147.057 E2272.82003
G1 X51.227 Y147.185 E2272.83271
G1 X51.592 Y147.274 E2272.84645
G1 X51.974 Y147.307 E2272.86048
G0 F9000 X52.094 Y146.016
G1 F1551.9 X51.681 Y145.981 E2272.87565
G1 X51.342 Y145.826 E2272.88928
G1 X51.058 Y145.575 E2272.90315
G1 X50.849 Y145.208 E2272.9186
G1 X50.776 Y144.771 E2272.93481
G1 X50.873 Y144.334 E2272.95119
G1 X51.088 Y143.985 E2272.96619
G1 X51.367 Y143.751 E2272.97951
G1 X51.741 Y143.606 E2272.99418
G1 X52.145 Y143.586 E2273.00898
G1 X52.542 Y143.705 E2273.02415
G1 X52.754 Y143.84 E2273.03334
G1 X53.048 Y144.172 E2273.04957
G1 X53.194 Y144.541 E2273.06408
G1 X53.22 Y144.814 E2273.07412
G1 X53.138 Y145.229 E2273.08959
G1 X53.018 Y145.471 E2273.09948
G1 X52.734 Y145.77 E2273.11456
G1 X52.517 Y145.907 E2273.12395
G1 X52.094 Y146.016 E2273.13993
G1 F1500 E2271.13993
G0 F9000 X167.976 Y146.872
;TYPE:WALL-INNER
G1 F1500 E2273.13993
G1 F1595.4 X168.332 Y146.845 E2273.15264
G1 X168.665 Y146.761 E2273.16486
G1 F1602.9 X168.995 Y146.62 E2273.17757
G1 X169.292 Y146.422 E2273.19022
G1 F1591.7 X169.542 Y146.182 E2273.20258
G1 F1595.4 X169.773 Y145.876 E2273.21623
G1 F1610.5 X169.948 Y145.506 E2273.23066
G1 F1595.4 X170.042 Y145.137 E2273.24421
G1 F1599.1 X170.074 Y144.796 E2273.25637
G1 F1614.3 X170.046 Y144.452 E2273.26851
G1 F1602.9 X169.969 Y144.157 E2273.27931
G1 X169.848 Y143.857 E2273.29076
G1 F1599.1 X169.666 Y143.565 E2273.30298
G1 F1588 X169.447 Y143.314 E2273.31489
G1 F1599.1 X169.153 Y143.077 E2273.3283
G1 F1610.5 X168.856 Y142.909 E2273.34033
G1 F1595.4 X168.52 Y142.793 E2273.35298
G1 F1602.9 X168.171 Y142.731 E2273.36554
G1 X167.841 Y142.732 E2273.37722
G1 X167.535 Y142.776 E2273.38818
G1 X167.23 Y142.873 E2273.39951
G1 X166.984 Y142.986 E2273.4091
G1 F1606.7 X166.759 Y143.135 E2273.41864
G1 F1602.9 X166.528 Y143.334 E2273.42944
G1 X166.331 Y143.567 E2273.44025
G1 F1595.4 X166.156 Y143.852 E2273.45215
G1 X166.019 Y144.18 E2273.4648
G1 F1588 X165.945 Y144.514 E2273.47703
G1 F1595.4 X165.926 Y144.875 E2273.4899
G1 X165.972 Y145.234 E2273.50278
G1 X166.069 Y145.568 E2273.51515
G1 F1591.7 X166.223 Y145.87 E2273.52725
G1 F1595.4 X166.411 Y146.134 E2273.53878
G1 F1602.9 X166.624 Y146.349 E2273.5495
G1 F1599.1 X166.859 Y146.531 E2273.56005
G1 F1602.9 X167.094 Y146.665 E2273.56964
G1 F1599.1 X167.359 Y146.773 E2273.5798
G1 F1602.9 X167.663 Y146.844 E2273.59085
G1 F1595.4 X167.976 Y146.872 E2273.60204
G0 F9000 X167.996 Y146.446
G1 F1599.1 X167.569 Y146.404 E2273.61727
G1 F1610.5 X167.142 Y146.209 E2273.63382
G1 F1618.1 X166.775 Y145.923 E2273.65015
G1 F1595.4 X166.595 Y145.648 E2273.66185
G1 F1591.7 X166.462 Y145.405 E2273.67173
G1 F1595.4 X166.397 Y145.156 E2273.68089
G1 X166.351 Y144.846 E2273.69204
G1 X166.37 Y144.586 E2273.70132
G1 F1588 X166.46 Y144.172 E2273.71646
G1 F1595.4 X166.751 Y143.698 E2273.73626
G1 F1602.9 X167.142 Y143.375 E2273.75422
G1 F1614.3 X167.586 Y143.2 E2273.77101
G1 F1602.9 X167.869 Y143.162 E2273.78112
G1 X168.142 Y143.153 E2273.7908
G1 X168.404 Y143.209 E2273.80029
G1 X168.737 Y143.314 E2273.81266
G1 F1618.1 X169.071 Y143.535 E2273.82671
G1 F1610.5 X169.427 Y143.945 E2273.84585
G1 X169.621 Y144.444 E2273.86473
G1 F1614.3 X169.652 Y144.796 E2273.87716
G1 F1599.1 X169.618 Y145.058 E2273.88654
G1 F1595.4 X169.556 Y145.339 E2273.89678
G1 F1610.5 X169.407 Y145.663 E2273.90935
G1 F1595.4 X169.224 Y145.89 E2273.91973
G1 F1591.7 X169.02 Y146.095 E2273.93005
G1 F1602.9 X168.697 Y146.309 E2273.94377
G1 X168.239 Y146.429 E2273.96054
G1 F1599.1 X167.996 Y146.446 E2273.96919
G0 F9000 X168.094 Y146.016
;TYPE:WALL-OUTER
G1 F1551.9 X167.681 Y145.981 E2273.98435
G1 X167.342 Y145.826 E2273.99799
G1 X167.066 Y145.585 E2274.0114
G1 X166.849 Y145.208 E2274.02731
G1 X166.776 Y144.771 E2274.04352
G1 X166.873 Y144.334 E2274.0599
G1 X167.088 Y143.985 E2274.0749
G1 X167.367 Y143.751 E2274.08822
G1 X167.741 Y143.606 E2274.10289
G1 X168.145 Y143.586 E2274.11769
G1 X168.542 Y143.705 E2274.13286
G1 X168.754 Y143.84 E2274.14205
G1 X169.048 Y144.172 E2274.15828
G1 X169.194 Y144.541 E2274.17279
G1 X169.22 Y144.814 E2274.18283
G1 X169.138 Y145.229 E2274.1983
G1 X169.018 Y145.471 E2274.20819
G1 X168.734 Y145.77 E2274.22327
G1 X168.517 Y145.907 E2274.23266
G1 X168.094 Y146.016 E2274.24864
G0 F9000 X167.974 Y147.307
G1 F1551.9 X168.4 Y147.274 E2274.26428
G1 X168.805 Y147.174 E2274.27954
G1 X169.202 Y147.001 E2274.29538
G1 X169.562 Y146.762 E2274.31119
G1 X169.87 Y146.473 E2274.32665
G1 X170.146 Y146.098 E2274.34368
G1 X170.356 Y145.655 E2274.36162
G1 X170.474 Y145.21 E2274.37846
G1 X170.507 Y144.796 E2274.39366
G1 X170.474 Y144.381 E2274.40889
G1 X170.382 Y144.021 E2274.42248
G1 X170.235 Y143.66 E2274.43674
G1 X170.018 Y143.307 E2274.4519
G1 X169.75 Y143 E2274.46681
G1 X169.411 Y142.727 E2274.48274
G1 X169.036 Y142.514 E2274.49851
G1 X168.628 Y142.37 E2274.51434
G1 X168.208 Y142.3 E2274.52992
G1 X167.809 Y142.297 E2274.54452
G1 X167.438 Y142.355 E2274.55826
G1 X167.072 Y142.466 E2274.57225
G1 X166.773 Y142.609 E2274.58438
G1 X166.497 Y142.789 E2274.59643
G1 X166.221 Y143.028 E2274.60979
G1 X165.979 Y143.311 E2274.62341
G1 X165.769 Y143.653 E2274.6381
G1 X165.603 Y144.048 E2274.65377
G1 X165.511 Y144.457 E2274.66911
G1 X165.493 Y144.891 E2274.685
G1 X165.544 Y145.323 E2274.70092
G1 X165.666 Y145.727 E2274.71636
G1 X165.849 Y146.097 E2274.73146
G1 X166.081 Y146.413 E2274.7458
G1 X166.335 Y146.675 E2274.75915
G1 X166.619 Y146.892 E2274.77223
G1 X166.905 Y147.057 E2274.78431
G1 X167.227 Y147.185 E2274.79699
G1 X167.592 Y147.274 E2274.81073
G1 X167.974 Y147.307 E2274.82476
G1 F1500 E2272.82476
G0 F9000 X167.901 Y148.19
G0 X166.958 Y148.033
G0 X166.125 Y147.632
G0 X165.4 Y146.984
G0 X165.091 Y146.552
G0 X164.843 Y146.054
G0 X164.677 Y145.506
G0 X164.619 Y145.036
G0 X167.867 Y81.187
G0 X167.976 Y79.872
;TYPE:WALL-INNER
G1 F1500 E2274.82476
G1 F1595.4 X168.332 Y79.845 E2274.83746
G1 X168.665 Y79.761 E2274.84969
G1 F1602.9 X168.995 Y79.62 E2274.8624
G1 X169.292 Y79.422 E2274.87504
G1 F1591.7 X169.542 Y79.182 E2274.8874
G1 F1595.4 X169.773 Y78.876 E2274.90105
G1 F1610.5 X169.948 Y78.506 E2274.91548
G1 F1595.4 X170.042 Y78.137 E2274.92903
G1 F1599.1 X170.074 Y77.796 E2274.94119
G1 F1614.3 X170.046 Y77.452 E2274.95333
G1 F1602.9 X169.969 Y77.157 E2274.96413
G1 X169.848 Y76.857 E2274.97559
G1 F1599.1 X169.666 Y76.565 E2274.98781
G1 F1588 X169.447 Y76.314 E2274.99972
G1 F1599.1 X169.153 Y76.077 E2275.01312
G1 F1610.5 X168.856 Y75.909 E2275.02515
G1 F1595.4 X168.52 Y75.793 E2275.0378
G1 F1602.9 X168.171 Y75.731 E2275.05036
G1 X167.841 Y75.732 E2275.06205
G1 X167.535 Y75.776 E2275.073
G1 X167.23 Y75.873 E2275.08434
G1 X166.984 Y75.986 E2275.09393
G1 F1606.7 X166.759 Y76.135 E2275.10346
G1 F1602.9 X166.528 Y76.334 E2275.11426
G1 X166.331 Y76.567 E2275.12507
G1 F1595.4 X166.156 Y76.852 E2275.13697
G1 X166.019 Y77.18 E2275.14962
G1 F1588 X165.945 Y77.514 E2275.16185
G1 F1595.4 X165.926 Y77.875 E2275.17472
G1 X165.972 Y78.234 E2275.1876
G1 X166.069 Y78.568 E2275.19998
G1 F1591.7 X166.223 Y78.87 E2275.21207
G1 F1595.4 X166.411 Y79.134 E2275.2236
G1 F1602.9 X166.624 Y79.349 E2275.23432
G1 F1599.1 X166.859 Y79.531 E2275.24488
G1 F1602.9 X167.094 Y79.665 E2275.25446
G1 F1599.1 X167.359 Y79.773 E2275.26462
G1 F1602.9 X167.679 Y79.846 E2275.27625
G1 F1595.4 X167.976 Y79.872 E2275.28686
G0 F9000 X167.996 Y79.446
G1 F1599.1 X167.569 Y79.404 E2275.30209
G1 F1610.5 X167.142 Y79.209 E2275.31864
G1 F1618.1 X166.775 Y78.923 E2275.33497
G1 F1595.4 X166.595 Y78.648 E2275.34666
G1 F1591.7 X166.462 Y78.405 E2275.35655
G1 F1595.4 X166.397 Y78.156 E2275.3657
G1 X166.351 Y77.846 E2275.37686
G1 X166.37 Y77.586 E2275.38614
G1 F1588 X166.46 Y77.172 E2275.40128
G1 F1595.4 X166.751 Y76.698 E2275.42108
G1 F1602.9 X167.142 Y76.375 E2275.43904
G1 F1614.3 X167.586 Y76.2 E2275.45583
G1 F1602.9 X167.869 Y76.162 E2275.46594
G1 X168.142 Y76.153 E2275.47562
G1 X168.404 Y76.209 E2275.48511
G1 X168.737 Y76.314 E2275.49748
G1 F1618.1 X169.071 Y76.535 E2275.51153
G1 F1610.5 X169.427 Y76.945 E2275.53067
G1 X169.621 Y77.444 E2275.54955
G1 F1614.3 X169.652 Y77.796 E2275.56198
G1 F1599.1 X169.618 Y78.058 E2275.57136
G1 F1595.4 X169.556 Y78.339 E2275.5816
G1 F1610.5 X169.407 Y78.663 E2275.59417
G1 F1595.4 X169.224 Y78.89 E2275.60455
G1 F1591.7 X169.02 Y79.095 E2275.61486
G1 F1602.9 X168.697 Y79.309 E2275.62859
G1 X168.239 Y79.429 E2275.64536
G1 F1599.1 X167.996 Y79.446 E2275.65401
G0 F9000 X168.094 Y79.016
;TYPE:WALL-OUTER
G1 F1551.9 X167.681 Y78.981 E2275.66917
G1 X167.342 Y78.826 E2275.68281
G1 X167.058 Y78.575 E2275.69668
G1 X166.849 Y78.208 E2275.71213
G1 X166.776 Y77.771 E2275.72834
G1 X166.873 Y77.334 E2275.74472
G1 X167.088 Y76.985 E2275.75971
G1 X167.367 Y76.751 E2275.77304
G1 X167.741 Y76.606 E2275.78771
G1 X168.145 Y76.586 E2275.80251
G1 X168.542 Y76.705 E2275.81767
G1 X168.754 Y76.84 E2275.82687
G1 X169.048 Y77.172 E2275.84309
G1 X169.194 Y77.541 E2275.85761
G1 X169.22 Y77.814 E2275.86764
G1 X169.138 Y78.229 E2275.88312
G1 X169.018 Y78.471 E2275.893
G1 X168.734 Y78.77 E2275.90809
G1 X168.517 Y78.907 E2275.91748
G1 X168.094 Y79.016 E2275.93346
G0 F9000 X167.974 Y80.307
G1 F1551.9 X168.4 Y80.274 E2275.94909
G1 X168.805 Y80.174 E2275.96436
G1 X169.202 Y80.001 E2275.9802
G1 X169.562 Y79.762 E2275.99601
G1 X169.87 Y79.473 E2276.01146
G1 X170.146 Y79.098 E2276.0285
G1 X170.356 Y78.655 E2276.04643
G1 X170.474 Y78.21 E2276.06328
G1 X170.507 Y77.796 E2276.07847
G1 X170.474 Y77.381 E2276.0937
G1 X170.382 Y77.021 E2276.1073
G1 X170.235 Y76.66 E2276.12156
G1 X170.018 Y76.307 E2276.13672
G1 X169.75 Y76 E2276.15163
G1 X169.411 Y75.727 E2276.16755
G1 X169.036 Y75.514 E2276.18333
G1 X168.628 Y75.37 E2276.19916
G1 X168.208 Y75.3 E2276.21474
G1 X167.809 Y75.297 E2276.22934
G1 X167.438 Y75.355 E2276.24308
G1 X167.072 Y75.466 E2276.25707
G1 X166.773 Y75.609 E2276.26919
G1 X166.497 Y75.789 E2276.28125
G1 X166.221 Y76.028 E2276.29461
G1 X165.979 Y76.311 E2276.30823
G1 X165.769 Y76.653 E2276.32291
G1 X165.603 Y77.048 E2276.33859
G1 X165.511 Y77.457 E2276.35393
G1 X165.493 Y77.891 E2276.36982
G1 X165.544 Y78.323 E2276.38573
G1 X165.666 Y78.727 E2276.40117
G1 X165.849 Y79.097 E2276.41628
G1 X166.081 Y79.413 E2276.43062
G1 X166.335 Y79.675 E2276.44397
G1 X166.619 Y79.892 E2276.45705
G1 X166.905 Y80.057 E2276.46913
G1 X167.227 Y80.185 E2276.4818
G1 X167.592 Y80.274 E2276.49555
G1 X167.974 Y80.307 E2276.50958
G1 F1500 E2274.50958
;MESH:NONMESH
G0 F300 Z4.28
G0 F9000 X51.996 Y79.446
;TIME_ELAPSED:7117.329617
;LAYER:22
;note -- min layer time used
;TYPE:WALL-INNER
;MESH:SmartKiln_Fondo.stl
G1 F1500 E2276.50958
G1 F1599.1 X51.569 Y79.404 E2276.52481
G1 F1610.5 X51.142 Y79.209 E2276.54136
G1 F1618.1 X50.775 Y78.923 E2276.55769
G1 F1595.4 X50.595 Y78.648 E2276.56938
G1 F1591.7 X50.462 Y78.405 E2276.57926
G1 F1595.4 X50.397 Y78.156 E2276.58842
G1 X50.351 Y77.846 E2276.59958
G1 X50.37 Y77.586 E2276.60885
G1 F1588 X50.46 Y77.172 E2276.624
G1 F1595.4 X50.751 Y76.698 E2276.6438
G1 F1602.9 X51.142 Y76.375 E2276.66176
G1 F1614.3 X51.586 Y76.2 E2276.67855
G1 F1602.9 X51.869 Y76.162 E2276.68866
G1 X52.142 Y76.153 E2276.69834
G1 X52.404 Y76.209 E2276.70783
G1 X52.737 Y76.314 E2276.7202
G1 F1618.1 X53.071 Y76.535 E2276.73425
G1 F1610.5 X53.427 Y76.945 E2276.75339
G1 X53.621 Y77.444 E2276.77227
G1 F1614.3 X53.652 Y77.796 E2276.7847
G1 F1599.1 X53.618 Y78.058 E2276.79408
G1 F1595.4 X53.556 Y78.339 E2276.80432
G1 F1610.5 X53.407 Y78.663 E2276.81689
G1 F1595.4 X53.224 Y78.89 E2276.82727
G1 F1591.7 X53.02 Y79.095 E2276.83758
G1 F1602.9 X52.697 Y79.309 E2276.85131
G1 X52.239 Y79.429 E2276.86808
G1 F1599.1 X51.996 Y79.446 E2276.87673
G0 F9000 X51.976 Y79.872
G1 F1595.4 X52.332 Y79.845 E2276.88943
G1 X52.665 Y79.761 E2276.90166
G1 F1602.9 X52.995 Y79.62 E2276.91437
G1 X53.292 Y79.422 E2276.92701
G1 F1591.7 X53.542 Y79.182 E2276.93937
G1 F1595.4 X53.773 Y78.876 E2276.95302
G1 F1610.5 X53.948 Y78.506 E2276.96745
G1 F1595.4 X54.042 Y78.137 E2276.981
G1 F1599.1 X54.074 Y77.796 E2276.99316
G1 F1614.3 X54.046 Y77.452 E2277.0053
G1 F1602.9 X53.969 Y77.157 E2277.0161
G1 X53.848 Y76.857 E2277.02756
G1 F1599.1 X53.666 Y76.565 E2277.03977
G1 F1588 X53.447 Y76.314 E2277.05168
G1 F1599.1 X53.153 Y76.077 E2277.06509
G1 F1610.5 X52.856 Y75.909 E2277.07712
G1 F1595.4 X52.52 Y75.793 E2277.08977
G1 F1602.9 X52.171 Y75.731 E2277.10233
G1 X51.841 Y75.732 E2277.11402
G1 X51.535 Y75.776 E2277.12497
G1 X51.23 Y75.873 E2277.1363
G1 X50.984 Y75.986 E2277.14589
G1 F1606.7 X50.759 Y76.135 E2277.15543
G1 F1602.9 X50.528 Y76.334 E2277.16623
G1 X50.331 Y76.567 E2277.17704
G1 F1595.4 X50.156 Y76.852 E2277.18894
G1 X50.019 Y77.18 E2277.20159
G1 F1588 X49.945 Y77.514 E2277.21382
G1 F1595.4 X49.926 Y77.875 E2277.22669
G1 X49.972 Y78.234 E2277.23957
G1 X50.069 Y78.568 E2277.25195
G1 F1591.7 X50.223 Y78.87 E2277.26404
G1 F1595.4 X50.411 Y79.134 E2277.27557
G1 F1602.9 X50.624 Y79.349 E2277.28629
G1 F1599.1 X50.859 Y79.531 E2277.29685
G1 F1602.9 X51.094 Y79.665 E2277.30643
G1 F1599.1 X51.359 Y79.773 E2277.31659
G1 F1602.9 X51.663 Y79.844 E2277.32765
G1 F1595.4 X51.976 Y79.872 E2277.33883
G0 F9000 X51.974 Y80.307
;TYPE:WALL-OUTER
G1 F1551.9 X52.4 Y80.274 E2277.35446
G1 X52.805 Y80.174 E2277.36973
G1 X53.202 Y80.001 E2277.38557
G1 X53.562 Y79.762 E2277.40138
G1 X53.87 Y79.473 E2277.41683
G1 X54.146 Y79.098 E2277.43387
G1 X54.356 Y78.655 E2277.4518
G1 X54.474 Y78.21 E2277.46865
G1 X54.507 Y77.796 E2277.48384
G1 X54.474 Y77.381 E2277.49907
G1 X54.382 Y77.021 E2277.51267
G1 X54.235 Y76.66 E2277.52693
G1 X54.018 Y76.307 E2277.54209
G1 X53.75 Y76 E2277.557
G1 X53.411 Y75.727 E2277.57292
G1 X53.036 Y75.514 E2277.5887
G1 X52.628 Y75.37 E2277.60453
G1 X52.208 Y75.3 E2277.62011
G1 X51.809 Y75.297 E2277.63471
G1 X51.438 Y75.355 E2277.64844
G1 X51.072 Y75.466 E2277.66244
G1 X50.773 Y75.609 E2277.67456
G1 X50.497 Y75.789 E2277.68662
G1 X50.221 Y76.028 E2277.69998
G1 X49.979 Y76.311 E2277.7136
G1 X49.769 Y76.653 E2277.72828
G1 X49.603 Y77.048 E2277.74396
G1 X49.511 Y77.457 E2277.7593
G1 X49.493 Y77.891 E2277.77519
G1 X49.544 Y78.323 E2277.7911
G1 X49.666 Y78.727 E2277.80654
G1 X49.849 Y79.097 E2277.82165
G1 X50.081 Y79.413 E2277.83599
G1 X50.335 Y79.675 E2277.84934
G1 X50.619 Y79.892 E2277.86241
G1 X50.905 Y80.057 E2277.87449
G1 X51.227 Y80.185 E2277.88717
G1 X51.592 Y80.274 E2277.90092
G1 X51.974 Y80.307 E2277.91495
G0 F9000 X52.094 Y79.016
G1 F1551.9 X51.681 Y78.981 E2277.93011
G1 X51.342 Y78.826 E2277.94375
G1 X51.058 Y78.575 E2277.95761
G1 X50.849 Y78.208 E2277.97307
G1 X50.776 Y77.771 E2277.98928
G1 X50.873 Y77.334 E2278.00565
G1 X51.088 Y76.985 E2278.02065
G1 X51.367 Y76.751 E2278.03397
G1 X51.741 Y76.606 E2278.04865
G1 X52.145 Y76.586 E2278.06345
G1 X52.542 Y76.705 E2278.07861
G1 X52.754 Y76.84 E2278.08781
G1 X53.048 Y77.172 E2278.10403
G1 X53.194 Y77.541 E2278.11855
G1 X53.22 Y77.814 E2278.12858
G1 X53.138 Y78.229 E2278.14406
G1 X53.018 Y78.471 E2278.15394
G1 X52.734 Y78.77 E2278.16903
G1 X52.517 Y78.907 E2278.17842
G1 X52.094 Y79.016 E2278.1944
G1 F1500 E2276.1944
G0 F9000 X51.996 Y146.446
;TYPE:WALL-INNER
G1 F1500 E2278.1944
G1 F1599.1 X51.569 Y146.404 E2278.20963
G1 F1610.5 X51.142 Y146.209 E2278.22618
G1 F1618.1 X50.775 Y145.923 E2278.24251
G1 F1595.4 X50.595 Y145.648 E2278.25421
G1 F1591.7 X50.462 Y145.405 E2278.26409
G1 F1595.4 X50.397 Y145.156 E2278.27325
G1 X50.351 Y144.846 E2278.2844
G1 X50.37 Y144.586 E2278.29368
G1 F1588 X50.46 Y144.172 E2278.30883
G1 F1595.4 X50.751 Y143.698 E2278.32862
G1 F1602.9 X51.142 Y143.375 E2278.34658
G1 F1614.3 X51.586 Y143.2 E2278.36337
G1 F1602.9 X51.869 Y143.162 E2278.37348
G1 X52.142 Y143.153 E2278.38316
G1 X52.404 Y143.209 E2278.39265
G1 X52.737 Y143.314 E2278.40502
G1 F1618.1 X53.071 Y143.535 E2278.41907
G1 F1610.5 X53.427 Y143.945 E2278.43821
G1 X53.621 Y144.444 E2278.45709
G1 F1614.3 X53.652 Y144.796 E2278.46952
G1 F1599.1 X53.618 Y145.058 E2278.4789
G1 F1595.4 X53.556 Y145.339 E2278.48914
G1 F1610.5 X53.407 Y145.663 E2278.50171
G1 F1595.4 X53.224 Y145.89 E2278.51209
G1 F1591.7 X53.02 Y146.095 E2278.52241
G1 F1602.9 X52.697 Y146.309 E2278.53613
G1 X52.239 Y146.429 E2278.5529
G1 F1599.1 X51.996 Y146.446 E2278.56155
G0 F9000 X51.976 Y146.872
G1 F1595.4 X52.332 Y146.845 E2278.57426
G1 X52.665 Y146.761 E2278.58648
G1 F1602.9 X52.995 Y146.62 E2278.59919
G1 X53.292 Y146.422 E2278.61183
G1 F1591.7 X53.542 Y146.182 E2278.6242
G1 F1595.4 X53.773 Y145.876 E2278.63784
G1 F1610.5 X53.948 Y145.506 E2278.65227
G1 F1595.4 X54.042 Y145.137 E2278.66582
G1 F1599.1 X54.074 Y144.796 E2278.67798
G1 F1614.3 X54.046 Y144.452 E2278.69012
G1 F1602.9 X53.969 Y144.157 E2278.70092
G1 X53.848 Y143.857 E2278.71238
G1 F1599.1 X53.666 Y143.565 E2278.7246
G1 F1588 X53.447 Y143.314 E2278.73651
G1 F1599.1 X53.153 Y143.077 E2278.74991
G1 F1610.5 X52.856 Y142.909 E2278.76194
G1 F1595.4 X52.52 Y142.793 E2278.77459
G1 F1602.9 X52.171 Y142.731 E2278.78715
G1 X51.841 Y142.732 E2278.79884
G1 X51.535 Y142.776 E2278.80979
G1 X51.23 Y142.873 E2278.82113
G1 X50.984 Y142.986 E2278.83072
G1 F1606.7 X50.759 Y143.135 E2278.84025
G1 F1602.9 X50.528 Y143.334 E2278.85105
G1 X50.331 Y143.567 E2278.86186
G1 F1595.4 X50.156 Y143.852 E2278.87376
G1 X50.019 Y144.18 E2278.88641
G1 F1588 X49.945 Y144.514 E2278.89865
G1 F1595.4 X49.926 Y144.875 E2278.91151
G1 X49.972 Y145.234 E2278.92439
G1 X50.069 Y145.568 E2278.93677
G1 F1591.7 X50.223 Y145.87 E2278.94886
G1 F1595.4 X50.411 Y146.134 E2278.9604
G1 F1602.9 X50.624 Y146.349 E2278.97112
G1 F1599.1 X50.859 Y146.531 E2278.98167
G1 F1602.9 X51.094 Y146.665 E2278.99125
G1 F1599.1 X51.359 Y146.773 E2279.00141
G1 F1602.9 X51.663 Y146.844 E2279.01247
G1 F1595.4 X51.976 Y146.872 E2279.02365
G0 F9000 X51.974 Y147.307
;TYPE:WALL-OUTER
G1 F1551.9 X52.4 Y147.274 E2279.03929
G1 X52.805 Y147.174 E2279.05455
G1 X53.202 Y147.001 E2279.07039
G1 X53.562 Y146.762 E2279.0862
G1 X53.87 Y146.473 E2279.10165
G1 X54.146 Y146.098 E2279.11869
G1 X54.356 Y145.655 E2279.13663
G1 X54.474 Y145.21 E2279.15347
G1 X54.507 Y144.796 E2279.16866
G1 X54.474 Y144.381 E2279.1839
G1 X54.382 Y144.021 E2279.19749
G1 X54.235 Y143.66 E2279.21175
G1 X54.018 Y143.307 E2279.22691
G1 X53.75 Y143 E2279.24182
G1 X53.411 Y142.727 E2279.25774
G1 X53.036 Y142.514 E2279.27352
G1 X52.628 Y142.37 E2279.28935
G1 X52.208 Y142.3 E2279.30493
G1 X51.809 Y142.297 E2279.31953
G1 X51.438 Y142.355 E2279.33327
G1 X51.072 Y142.466 E2279.34726
G1 X50.773 Y142.609 E2279.35939
G1 X50.497 Y142.789 E2279.37144
G1 X50.221 Y143.028 E2279.3848
G1 X49.979 Y143.311 E2279.39842
G1 X49.769 Y143.653 E2279.41311
G1 X49.603 Y144.048 E2279.42878
G1 X49.511 Y144.457 E2279.44412
G1 X49.493 Y144.891 E2279.46001
G1 X49.544 Y145.323 E2279.47593
G1 X49.666 Y145.727 E2279.49137
G1 X49.849 Y146.097 E2279.50647
G1 X50.081 Y146.413 E2279.52081
G1 X50.335 Y146.675 E2279.53416
G1 X50.619 Y146.892 E2279.54724
G1 X50.905 Y147.057 E2279.55932
G1 X51.227 Y147.185 E2279.57199
G1 X51.592 Y147.274 E2279.58574
G1 X51.974 Y147.307 E2279.59977
G0 F9000 X52.094 Y146.016
G1 F1551.9 X51.681 Y145.981 E2279.61493
G1 X51.342 Y145.826 E2279.62857
G1 X51.058 Y145.575 E2279.64244
G1 X50.849 Y145.208 E2279.65789
G1 X50.776 Y144.771 E2279.6741
G1 X50.873 Y144.334 E2279.69048
G1 X51.088 Y143.985 E2279.70547
G1 X51.367 Y143.751 E2279.7188
G1 X51.741 Y143.606 E2279.73347
G1 X52.145 Y143.586 E2279.74827
G1 X52.542 Y143.705 E2279.76343
G1 X52.754 Y143.84 E2279.77263
G1 X53.048 Y144.172 E2279.78885
G1 X53.194 Y144.541 E2279.80337
G1 X53.22 Y144.814 E2279.8134
G1 X53.138 Y145.229 E2279.82888
G1 X53.018 Y145.471 E2279.83876
G1 X52.734 Y145.77 E2279.85385
G1 X52.517 Y145.907 E2279.86324
G1 X52.094 Y146.016 E2279.87922
G1 F1500 E2277.87922
G0 F9000 X167.976 Y146.872
;TYPE:WALL-INNER
G1 F1500 E2279.87922
G1 F1595.4 X168.332 Y146.845 E2279.89193
G1 X168.665 Y146.761 E2279.90415
G1 F1602.9 X168.995 Y146.62 E2279.91686
G1 X169.292 Y146.422 E2279.92951
G1 F1591.7 X169.542 Y146.182 E2279.94187
G1 F1595.4 X169.773 Y145.876 E2279.95551
G1 F1610.5 X169.948 Y145.506 E2279.96994
G1 F1595.4 X170.042 Y145.137 E2279.98349
G1 F1599.1 X170.074 Y144.796 E2279.99565
G1 F1614.3 X170.046 Y144.452 E2280.00779
G1 F1602.9 X169.969 Y144.157 E2280.01859
G1 X169.848 Y143.857 E2280.03005
G1 F1599.1 X169.666 Y143.565 E2280.04227
G1 F1588 X169.447 Y143.314 E2280.05418
G1 F1599.1 X169.153 Y143.077 E2280.06759
G1 F1610.5 X168.856 Y142.909 E2280.07962
G1 F1595.4 X168.52 Y142.793 E2280.09227
G1 F1602.9 X168.171 Y142.731 E2280.10482
G1 X167.841 Y142.732 E2280.11651
G1 X167.535 Y142.776 E2280.12746
G1 X167.23 Y142.873 E2280.1388
G1 X166.984 Y142.986 E2280.14839
G1 F1606.7 X166.759 Y143.135 E2280.15792
G1 F1602.9 X166.528 Y143.334 E2280.16873
G1 X166.331 Y143.567 E2280.17953
G1 F1595.4 X166.156 Y143.852 E2280.19144
G1 X166.019 Y144.18 E2280.20409
G1 F1588 X165.945 Y144.514 E2280.21632
G1 F1595.4 X165.926 Y144.875 E2280.22918
G1 X165.972 Y145.234 E2280.24206
G1 X166.069 Y145.568 E2280.25444
G1 F1591.7 X166.223 Y145.87 E2280.26653
G1 F1595.4 X166.411 Y146.134 E2280.27807
G1 F1602.9 X166.624 Y146.349 E2280.28879
G1 F1599.1 X166.859 Y146.531 E2280.29934
G1 F1602.9 X167.094 Y146.665 E2280.30892
G1 F1599.1 X167.359 Y146.773 E2280.31908
G1 F1602.9 X167.663 Y146.844 E2280.33014
G1 F1595.4 X167.976 Y146.872 E2280.34133
G0 F9000 X167.996 Y146.446
G1 F1599.1 X167.569 Y146.404 E2280.35656
G1 F1610.5 X167.142 Y146.209 E2280.37311
G1 F1618.1 X166.775 Y145.923 E2280.38944
G1 F1595.4 X166.595 Y145.648 E2280.40113
G1 F1591.7 X166.462 Y145.405 E2280.41101
G1 F1595.4 X166.397 Y145.156 E2280.42017
G1 X166.351 Y144.846 E2280.43133
G1 X166.37 Y144.586 E2280.4406
G1 F1588 X166.46 Y144.172 E2280.45575
G1 F1595.4 X166.751 Y143.698 E2280.47555
G1 F1602.9 X167.142 Y143.375 E2280.49351
G1 F1614.3 X167.586 Y143.2 E2280.5103
G1 F1602.9 X167.869 Y143.162 E2280.52041
G1 X168.142 Y143.153 E2280.53009
G1 X168.404 Y143.209 E2280.53958
G1 X168.737 Y143.314 E2280.55194
G1 F1618.1 X169.071 Y143.535 E2280.566
G1 F1610.5 X169.427 Y143.945 E2280.58514
G1 X169.621 Y144.444 E2280.60402
G1 F1614.3 X169.652 Y144.796 E2280.61644
G1 F1599.1 X169.618 Y145.058 E2280.62583
G1 F1595.4 X169.556 Y145.339 E2280.63607
G1 F1610.5 X169.407 Y145.663 E2280.64864
G1 F1595.4 X169.224 Y145.89 E2280.65902
G1 F1591.7 X169.02 Y146.095 E2280.66933
G1 F1602.9 X168.697 Y146.309 E2280.68306
G1 X168.239 Y146.429 E2280.69983
G1 F1599.1 X167.996 Y146.446 E2280.70848
G0 F9000 X168.094 Y146.016
;TYPE:WALL-OUTER
G1 F1551.9 X167.681 Y145.981 E2280.72364
G1 X167.342 Y145.826 E2280.73728
G1 X167.058 Y145.575 E2280.75115
G1 X166.849 Y145.208 E2280.7666
G1 X166.776 Y144.771 E2280.78281
G1 X166.873 Y144.334 E2280.79918
G1 X167.088 Y143.985 E2280.81418
G1 X167.367 Y143.751 E2280.8275
G1 X167.741 Y143.606 E2280.84218
G1 X168.145 Y143.586 E2280.85698
G1 X168.542 Y143.705 E2280.87214
G1 X168.754 Y143.84 E2280.88134
G1 X169.048 Y144.172 E2280.89756
G1 X169.194 Y144.541 E2280.91208
G1 X169.22 Y144.814 E2280.92211
G1 X169.138 Y145.229 E2280.93759
G1 X169.018 Y145.471 E2280.94747
G1 X168.734 Y145.77 E2280.96256
G1 X168.517 Y145.907 E2280.97195
G1 X168.094 Y146.016 E2280.98793
G0 F9000 X167.974 Y147.307
G1 F1551.9 X168.4 Y147.274 E2281.00356
G1 X168.805 Y147.174 E2281.01882
G1 X169.202 Y147.001 E2281.03467
G1 X169.562 Y146.762 E2281.05048
G1 X169.87 Y146.473 E2281.06593
G1 X170.146 Y146.098 E2281.08297
G1 X170.356 Y145.655 E2281.1009
G1 X170.474 Y145.21 E2281.11775
G1 X170.507 Y144.796 E2281.13294
G1 X170.474 Y144.381 E2281.14817
G1 X170.382 Y144.021 E2281.16177
G1 X170.235 Y143.66 E2281.17603
G1 X170.018 Y143.307 E2281.19119
G1 X169.75 Y143 E2281.2061
G1 X169.411 Y142.727 E2281.22202
G1 X169.036 Y142.514 E2281.2378
G1 X168.628 Y142.37 E2281.25363
G1 X168.208 Y142.3 E2281.26921
G1 X167.809 Y142.297 E2281.28381
G1 X167.438 Y142.355 E2281.29754
G1 X167.072 Y142.466 E2281.31154
G1 X166.773 Y142.609 E2281.32366
G1 X166.497 Y142.789 E2281.33572
G1 X166.221 Y143.028 E2281.34908
G1 X165.979 Y143.311 E2281.3627
G1 X165.769 Y143.653 E2281.37738
G1 X165.603 Y144.048 E2281.39306
G1 X165.511 Y144.457 E2281.4084
G1 X165.493 Y144.891 E2281.42429
G1 X165.544 Y145.323 E2281.4402
G1 X165.666 Y145.727 E2281.45564
G1 X165.849 Y146.097 E2281.47074
G1 X166.081 Y146.413 E2281.48509
G1 X166.335 Y146.675 E2281.49844
G1 X166.619 Y146.892 E2281.51151
G1 X166.905 Y147.057 E2281.52359
G1 X167.227 Y147.185 E2281.53627
G1 X167.592 Y147.274 E2281.55002
G1 X167.974 Y147.307 E2281.56404
G1 F1500 E2279.56404
G0 F9000 X167.901 Y148.19
G0 X166.958 Y148.033
G0 X166.125 Y147.632
G0 X165.4 Y146.984
G0 X165.091 Y146.552
G0 X164.843 Y146.054
G0 X164.677 Y145.506
G0 X164.619 Y145.036
G0 X167.867 Y81.187
G0 X167.976 Y79.872
;TYPE:WALL-INNER
G1 F1500 E2281.56404
G1 F1595.4 X168.332 Y79.845 E2281.57675
G1 X168.665 Y79.761 E2281.58897
G1 F1602.9 X168.995 Y79.62 E2281.60168
G1 X169.292 Y79.422 E2281.61433
G1 F1591.7 X169.542 Y79.182 E2281.62669
G1 F1595.4 X169.773 Y78.876 E2281.64033
G1 F1610.5 X169.948 Y78.506 E2281.65476
G1 F1595.4 X170.042 Y78.137 E2281.66832
G1 F1599.1 X170.074 Y77.796 E2281.68048
G1 F1614.3 X170.046 Y77.452 E2281.69262
G1 F1602.9 X169.969 Y77.157 E2281.70342
G1 X169.848 Y76.857 E2281.71487
G1 F1599.1 X169.666 Y76.565 E2281.72709
G1 F1588 X169.447 Y76.314 E2281.739
G1 F1599.1 X169.153 Y76.077 E2281.75241
G1 F1610.5 X168.856 Y75.909 E2281.76444
G1 F1595.4 X168.52 Y75.793 E2281.77709
G1 F1602.9 X168.171 Y75.731 E2281.78964
G1 X167.841 Y75.732 E2281.80133
G1 X167.535 Y75.776 E2281.81228
G1 X167.23 Y75.873 E2281.82362
G1 X166.984 Y75.986 E2281.83321
G1 F1606.7 X166.759 Y76.135 E2281.84275
G1 F1602.9 X166.528 Y76.334 E2281.85355
G1 X166.331 Y76.567 E2281.86436
G1 F1595.4 X166.156 Y76.852 E2281.87626
G1 X166.019 Y77.18 E2281.88891
G1 F1588 X165.945 Y77.514 E2281.90114
G1 F1595.4 X165.926 Y77.875 E2281.914
G1 X165.972 Y78.234 E2281.92689
G1 X166.069 Y78.568 E2281.93926
G1 F1591.7 X166.223 Y78.87 E2281.95136
G1 F1595.4 X166.411 Y79.134 E2281.96289
G1 F1602.9 X166.624 Y79.349 E2281.97361
G1 F1599.1 X166.859 Y79.531 E2281.98416
G1 F1602.9 X167.094 Y79.665 E2281.99375
G1 F1599.1 X167.359 Y79.773 E2282.00391
G1 F1602.9 X167.663 Y79.844 E2282.01496
G1 F1595.4 X167.976 Y79.872 E2282.02615
G0 F9000 X167.996 Y79.446
G1 F1599.1 X167.569 Y79.404 E2282.04138
G1 F1610.5 X167.142 Y79.209 E2282.05793
G1 F1618.1 X166.775 Y78.923 E2282.07426
G1 F1595.4 X166.595 Y78.648 E2282.08595
G1 F1591.7 X166.462 Y78.405 E2282.09584
G1 F1595.4 X166.397 Y78.156 E2282.10499
G1 X166.351 Y77.846 E2282.11615
G1 X166.37 Y77.586 E2282.12543
G1 F1588 X166.46 Y77.172 E2282.14057
G1 F1595.4 X166.751 Y76.698 E2282.16037
G1 F1602.9 X167.142 Y76.375 E2282.17833
G1 F1614.3 X167.586 Y76.2 E2282.19512
G1 F1602.9 X167.869 Y76.162 E2282.20523
G1 X168.142 Y76.153 E2282.21491
G1 X168.404 Y76.209 E2282.2244
G1 X168.737 Y76.314 E2282.23677
G1 F1618.1 X169.071 Y76.535 E2282.25082
G1 F1610.5 X169.427 Y76.945 E2282.26996
G1 X169.621 Y77.444 E2282.28884
G1 F1614.3 X169.652 Y77.796 E2282.30127
G1 F1599.1 X169.618 Y78.058 E2282.31065
G1 F1595.4 X169.556 Y78.339 E2282.32089
G1 F1610.5 X169.407 Y78.663 E2282.33346
G1 F1595.4 X169.224 Y78.89 E2282.34384
G1 F1591.7 X169.02 Y79.095 E2282.35415
G1 F1602.9 X168.697 Y79.309 E2282.36788
G1 X168.239 Y79.429 E2282.38465
G1 F1599.1 X167.996 Y79.446 E2282.3933
G0 F9000 X168.094 Y79.016
;TYPE:WALL-OUTER
G1 F1551.9 X167.681 Y78.981 E2282.40846
G1 X167.342 Y78.826 E2282.4221
G1 X167.058 Y78.575 E2282.43597
G1 X166.849 Y78.208 E2282.45142
G1 X166.776 Y77.771 E2282.46763
G1 X166.873 Y77.334 E2282.48401
G1 X167.087 Y76.981 E2282.49911
G1 X167.367 Y76.751 E2282.51237
G1 X167.741 Y76.606 E2282.52704
G1 X168.145 Y76.586 E2282.54184
G1 X168.542 Y76.705 E2282.557
G1 X168.754 Y76.84 E2282.5662
G1 X169.048 Y77.172 E2282.58242
G1 X169.194 Y77.541 E2282.59694
G1 X169.22 Y77.814 E2282.60698
G1 X169.138 Y78.229 E2282.62245
G1 X169.018 Y78.471 E2282.63234
G1 X168.734 Y78.77 E2282.64742
G1 X168.517 Y78.907 E2282.65681
G1 X168.094 Y79.016 E2282.67279
G0 F9000 X167.974 Y80.307
G1 F1551.9 X168.4 Y80.274 E2282.68843
G1 X168.805 Y80.174 E2282.70369
G1 X169.202 Y80.001 E2282.71953
G1 X169.562 Y79.762 E2282.73534
G1 X169.87 Y79.473 E2282.75079
G1 X170.146 Y79.098 E2282.76783
G1 X170.356 Y78.655 E2282.78577
G1 X170.474 Y78.21 E2282.80261
G1 X170.507 Y77.796 E2282.8178
G1 X170.474 Y77.381 E2282.83303
G1 X170.382 Y77.021 E2282.84663
G1 X170.235 Y76.66 E2282.86089
G1 X170.018 Y76.307 E2282.87605
G1 X169.75 Y76 E2282.89096
G1 X169.411 Y75.727 E2282.90688
G1 X169.036 Y75.514 E2282.92266
G1 X168.628 Y75.37 E2282.93849
G1 X168.208 Y75.3 E2282.95407
G1 X167.809 Y75.297 E2282.96867
G1 X167.438 Y75.355 E2282.98241
G1 X167.072 Y75.466 E2282.9964
G1 X166.773 Y75.609 E2283.00853
G1 X166.497 Y75.789 E2283.02058
G1 X166.221 Y76.028 E2283.03394
G1 X165.979 Y76.311 E2283.04756
G1 X165.769 Y76.653 E2283.06224
G1 X165.603 Y77.048 E2283.07792
G1 X165.511 Y77.457 E2283.09326
G1 X165.493 Y77.891 E2283.10915
G1 X165.544 Y78.323 E2283.12507
G1 X165.666 Y78.727 E2283.14051
G1 X165.849 Y79.097 E2283.15561
G1 X166.081 Y79.413 E2283.16995
G1 X166.335 Y79.675 E2283.1833
G1 X166.619 Y79.892 E2283.19638
G1 X166.905 Y80.057 E2283.20846
G1 X167.227 Y80.185 E2283.22113
G1 X167.592 Y80.274 E2283.23488
G1 X167.974 Y80.307 E2283.24891
G1 F1500 E2281.24891
;MESH:NONMESH
G0 F300 Z4.48
G0 F9000 X51.996 Y79.446
;TIME_ELAPSED:7130.288598
;LAYER:23
;note -- min layer time used
;TYPE:WALL-INNER
;MESH:SmartKiln_Fondo.stl
G1 F1500 E2283.24891
G1 F1599.1 X51.569 Y79.404 E2283.26414
G1 F1610.5 X51.142 Y79.209 E2283.28069
G1 F1618.1 X50.775 Y78.923 E2283.29702
G1 F1595.4 X50.595 Y78.648 E2283.30871
G1 F1591.7 X50.462 Y78.405 E2283.3186
G1 F1595.4 X50.397 Y78.156 E2283.32775
G1 X50.351 Y77.846 E2283.33891
G1 X50.37 Y77.586 E2283.34819
G1 F1588 X50.46 Y77.172 E2283.36333
G1 F1595.4 X50.751 Y76.698 E2283.38313
G1 F1602.9 X51.142 Y76.375 E2283.40109
G1 F1614.3 X51.586 Y76.2 E2283.41788
G1 F1602.9 X51.869 Y76.162 E2283.42799
G1 X52.142 Y76.153 E2283.43767
G1 X52.404 Y76.209 E2283.44716
G1 X52.737 Y76.314 E2283.45953
G1 F1618.1 X53.071 Y76.535 E2283.47358
G1 F1610.5 X53.427 Y76.945 E2283.49272
G1 X53.621 Y77.444 E2283.5116
G1 F1614.3 X53.652 Y77.796 E2283.52403
G1 F1599.1 X53.618 Y78.058 E2283.53341
G1 F1595.4 X53.556 Y78.339 E2283.54365
G1 F1610.5 X53.407 Y78.663 E2283.55622
G1 F1595.4 X53.224 Y78.89 E2283.5666
G1 F1591.7 X53.02 Y79.095 E2283.57691
G1 F1602.9 X52.697 Y79.309 E2283.59064
G1 X52.239 Y79.429 E2283.60741
G1 F1599.1 X51.996 Y79.446 E2283.61606
G0 F9000 X51.976 Y79.872
G1 F1595.4 X52.332 Y79.845 E2283.62876
G1 X52.665 Y79.761 E2283.64099
G1 F1602.9 X52.995 Y79.62 E2283.6537
G1 X53.292 Y79.422 E2283.66634
G1 F1591.7 X53.542 Y79.182 E2283.6787
G1 F1595.4 X53.773 Y78.876 E2283.69235
G1 F1610.5 X53.948 Y78.506 E2283.70678
G1 F1595.4 X54.042 Y78.137 E2283.72033
G1 F1599.1 X54.074 Y77.796 E2283.73249
G1 F1614.3 X54.046 Y77.452 E2283.74463
G1 F1602.9 X53.969 Y77.157 E2283.75543
G1 X53.848 Y76.857 E2283.76689
G1 F1599.1 X53.666 Y76.565 E2283.7791
G1 F1588 X53.447 Y76.314 E2283.79102
G1 F1599.1 X53.153 Y76.077 E2283.80442
G1 F1610.5 X52.856 Y75.909 E2283.81645
G1 F1595.4 X52.52 Y75.793 E2283.8291
G1 F1602.9 X52.171 Y75.731 E2283.84166
G1 X51.841 Y75.732 E2283.85335
G1 X51.535 Y75.776 E2283.8643
G1 X51.23 Y75.873 E2283.87564
G1 X50.984 Y75.986 E2283.88523
G1 F1606.7 X50.759 Y76.135 E2283.89476
G1 F1602.9 X50.528 Y76.334 E2283.90556
G1 X50.331 Y76.567 E2283.91637
G1 F1595.4 X50.156 Y76.852 E2283.92827
G1 X50.019 Y77.18 E2283.94092
G1 F1588 X49.945 Y77.514 E2283.95315
G1 F1595.4 X49.926 Y77.875 E2283.96602
G1 X49.972 Y78.234 E2283.9789
G1 X50.069 Y78.568 E2283.99128
G1 F1591.7 X50.223 Y78.87 E2284.00337
G1 F1595.4 X50.411 Y79.134 E2284.0149
G1 F1602.9 X50.624 Y79.349 E2284.02562
G1 F1599.1 X50.859 Y79.531 E2284.03618
G1 F1602.9 X51.094 Y79.665 E2284.04576
G1 F1599.1 X51.359 Y79.773 E2284.05592
G1 F1602.9 X51.663 Y79.844 E2284.06698
G1 F1595.4 X51.976 Y79.872 E2284.07816
G0 F9000 X51.974 Y80.307
;TYPE:WALL-OUTER
G1 F1551.9 X52.4 Y80.274 E2284.09379
G1 X52.805 Y80.174 E2284.10906
G1 X53.202 Y80.001 E2284.1249
G1 X53.562 Y79.762 E2284.14071
G1 X53.87 Y79.473 E2284.15616
G1 X54.146 Y79.098 E2284.1732
G1 X54.356 Y78.655 E2284.19113
G1 X54.474 Y78.21 E2284.20798
G1 X54.507 Y77.796 E2284.22317
G1 X54.474 Y77.381 E2284.2384
G1 X54.382 Y77.021 E2284.252
G1 X54.235 Y76.66 E2284.26626
G1 X54.018 Y76.307 E2284.28142
G1 X53.75 Y76 E2284.29633
G1 X53.411 Y75.727 E2284.31225
G1 X53.036 Y75.514 E2284.32803
G1 X52.628 Y75.37 E2284.34386
G1 X52.208 Y75.3 E2284.35944
G1 X51.809 Y75.297 E2284.37404
G1 X51.438 Y75.355 E2284.38778
G1 X51.072 Y75.466 E2284.40177
G1 X50.773 Y75.609 E2284.41389
G1 X50.497 Y75.789 E2284.42595
G1 X50.221 Y76.028 E2284.43931
G1 X49.979 Y76.311 E2284.45293
G1 X49.769 Y76.653 E2284.46761
G1 X49.603 Y77.048 E2284.48329
G1 X49.511 Y77.457 E2284.49863
G1 X49.493 Y77.891 E2284.51452
G1 X49.544 Y78.323 E2284.53043
G1 X49.666 Y78.727 E2284.54587
G1 X49.849 Y79.097 E2284.56098
G1 X50.081 Y79.413 E2284.57532
G1 X50.335 Y79.675 E2284.58867
G1 X50.619 Y79.892 E2284.60175
G1 X50.905 Y80.057 E2284.61383
G1 X51.227 Y80.185 E2284.6265
G1 X51.592 Y80.274 E2284.64025
G1 X51.974 Y80.307 E2284.65428
G0 F9000 X52.094 Y79.016
G1 F1551.9 X51.681 Y78.981 E2284.66944
G1 X51.342 Y78.826 E2284.68308
G1 X51.058 Y78.575 E2284.69695
G1 X50.849 Y78.208 E2284.7124
G1 X50.776 Y77.771 E2284.72861
G1 X50.873 Y77.334 E2284.74498
G1 X51.088 Y76.985 E2284.75998
G1 X51.367 Y76.751 E2284.7733
G1 X51.741 Y76.606 E2284.78798
G1 X52.145 Y76.586 E2284.80278
G1 X52.542 Y76.705 E2284.81794
G1 X52.754 Y76.84 E2284.82714
G1 X53.048 Y77.172 E2284.84336
G1 X53.194 Y77.541 E2284.85788
G1 X53.22 Y77.814 E2284.86791
G1 X53.138 Y78.229 E2284.88339
G1 X53.018 Y78.471 E2284.89327
G1 X52.734 Y78.77 E2284.90836
G1 X52.517 Y78.907 E2284.91775
G1 X52.094 Y79.016 E2284.93373
G1 F1500 E2282.93373
G0 F9000 X51.996 Y146.446
;TYPE:WALL-INNER
G1 F1500 E2284.93373
G1 F1599.1 X51.569 Y146.404 E2284.94896
G1 F1610.5 X51.142 Y146.209 E2284.96551
G1 F1618.1 X50.775 Y145.923 E2284.98184
G1 F1595.4 X50.595 Y145.648 E2284.99354
G1 F1591.7 X50.462 Y145.405 E2285.00342
G1 F1595.4 X50.397 Y145.156 E2285.01258
G1 X50.351 Y144.846 E2285.02373
G1 X50.37 Y144.586 E2285.03301
G1 F1588 X50.46 Y144.172 E2285.04816
G1 F1595.4 X50.751 Y143.698 E2285.06795
G1 F1602.9 X51.142 Y143.375 E2285.08592
G1 F1614.3 X51.586 Y143.2 E2285.1027
G1 F1602.9 X51.869 Y143.162 E2285.11282
G1 X52.142 Y143.153 E2285.12249
G1 X52.404 Y143.209 E2285.13198
G1 X52.737 Y143.314 E2285.14435
G1 F1618.1 X53.071 Y143.535 E2285.1584
G1 F1610.5 X53.427 Y143.945 E2285.17755
G1 X53.621 Y144.444 E2285.19642
G1 F1614.3 X53.652 Y144.796 E2285.20885
G1 F1599.1 X53.618 Y145.058 E2285.21823
G1 F1595.4 X53.556 Y145.339 E2285.22847
G1 F1610.5 X53.407 Y145.663 E2285.24104
G1 F1595.4 X53.224 Y145.89 E2285.25142
G1 F1591.7 X53.02 Y146.095 E2285.26174
G1 F1602.9 X52.697 Y146.309 E2285.27546
G1 X52.239 Y146.429 E2285.29223
G1 F1599.1 X51.996 Y146.446 E2285.30088
G0 F9000 X51.976 Y146.872
G1 F1595.4 X52.332 Y146.845 E2285.31359
G1 X52.665 Y146.761 E2285.32581
G1 F1602.9 X52.995 Y146.62 E2285.33852
G1 X53.292 Y146.422 E2285.35116
G1 F1591.7 X53.542 Y146.182 E2285.36353
G1 F1595.4 X53.773 Y145.876 E2285.37717
G1 F1610.5 X53.948 Y145.506 E2285.3916
G1 F1595.4 X54.042 Y145.137 E2285.40515
G1 F1599.1 X54.074 Y144.796 E2285.41731
G1 F1614.3 X54.046 Y144.452 E2285.42945
G1 F1602.9 X53.969 Y144.157 E2285.44025
G1 X53.848 Y143.857 E2285.45171
G1 F1599.1 X53.666 Y143.565 E2285.46393
G1 F1588 X53.447 Y143.314 E2285.47584
G1 F1599.1 X53.153 Y143.077 E2285.48925
G1 F1610.5 X52.856 Y142.909 E2285.50128
G1 F1595.4 X52.52 Y142.793 E2285.51393
G1 F1602.9 X52.171 Y142.731 E2285.52648
G1 X51.841 Y142.732 E2285.53817
G1 X51.535 Y142.776 E2285.54912
G1 X51.23 Y142.873 E2285.56046
G1 X50.984 Y142.986 E2285.57005
G1 F1606.7 X50.759 Y143.135 E2285.57958
G1 F1602.9 X50.528 Y143.334 E2285.59038
G1 X50.331 Y143.567 E2285.60119
G1 F1595.4 X50.156 Y143.852 E2285.61309
G1 X50.019 Y144.18 E2285.62574
G1 F1588 X49.945 Y144.514 E2285.63798
G1 F1595.4 X49.926 Y144.875 E2285.65084
G1 X49.972 Y145.234 E2285.66372
G1 X50.069 Y145.568 E2285.6761
G1 F1591.7 X50.223 Y145.87 E2285.68819
G1 F1595.4 X50.411 Y146.134 E2285.69973
G1 F1602.9 X50.624 Y146.349 E2285.71045
G1 F1599.1 X50.859 Y146.531 E2285.721
G1 F1602.9 X51.094 Y146.665 E2285.73058
G1 F1599.1 X51.359 Y146.773 E2285.74074
G1 F1602.9 X51.663 Y146.844 E2285.7518
G1 F1595.4 X51.976 Y146.872 E2285.76298
G0 F9000 X51.974 Y147.307
;TYPE:WALL-OUTER
G1 F1551.9 X52.4 Y147.274 E2285.77862
G1 X52.805 Y147.174 E2285.79388
G1 X53.202 Y147.001 E2285.80972
G1 X53.562 Y146.762 E2285.82553
G1 X53.87 Y146.473 E2285.84099
G1 X54.146 Y146.098 E2285.85802
G1 X54.356 Y145.655 E2285.87596
G1 X54.474 Y145.21 E2285.8928
G1 X54.507 Y144.796 E2285.908
G1 X54.474 Y144.381 E2285.92323
G1 X54.382 Y144.021 E2285.93682
G1 X54.235 Y143.66 E2285.95108
G1 X54.018 Y143.307 E2285.96624
G1 X53.75 Y143 E2285.98115
G1 X53.411 Y142.727 E2285.99708
G1 X53.036 Y142.514 E2286.01285
G1 X52.628 Y142.37 E2286.02868
G1 X52.208 Y142.3 E2286.04426
G1 X51.809 Y142.297 E2286.05886
G1 X51.438 Y142.355 E2286.0726
G1 X51.072 Y142.466 E2286.08659
G1 X50.773 Y142.609 E2286.09872
G1 X50.497 Y142.789 E2286.11077
G1 X50.221 Y143.028 E2286.12413
G1 X49.979 Y143.311 E2286.13775
G1 X49.769 Y143.653 E2286.15244
G1 X49.603 Y144.048 E2286.16811
G1 X49.511 Y144.457 E2286.18345
G1 X49.493 Y144.891 E2286.19934
G1 X49.544 Y145.323 E2286.21526
G1 X49.666 Y145.727 E2286.2307
G1 X49.849 Y146.097 E2286.2458
G1 X50.081 Y146.413 E2286.26014
G1 X50.335 Y146.675 E2286.27349
G1 X50.619 Y146.892 E2286.28657
G1 X50.905 Y147.057 E2286.29865
G1 X51.227 Y147.185 E2286.31133
G1 X51.592 Y147.274 E2286.32507
G1 X51.974 Y147.307 E2286.3391
G0 F9000 X52.094 Y146.016
G1 F1551.9 X51.681 Y145.981 E2286.35426
G1 X51.342 Y145.826 E2286.3679
G1 X51.058 Y145.575 E2286.38177
G1 X50.849 Y145.208 E2286.39722
G1 X50.776 Y144.771 E2286.41343
G1 X50.873 Y144.334 E2286.42981
G1 X51.088 Y143.985 E2286.4448
G1 X51.367 Y143.751 E2286.45813
G1 X51.741 Y143.606 E2286.4728
G1 X52.145 Y143.586 E2286.4876
G1 X52.542 Y143.705 E2286.50276
G1 X52.754 Y143.84 E2286.51196
G1 X53.048 Y144.172 E2286.52818
G1 X53.194 Y144.541 E2286.5427
G1 X53.22 Y144.814 E2286.55274
G1 X53.138 Y145.229 E2286.56821
G1 X53.018 Y145.471 E2286.5781
G1 X52.734 Y145.77 E2286.59318
G1 X52.517 Y145.907 E2286.60257
G1 X52.094 Y146.016 E2286.61855
G1 F1500 E2284.61855
G0 F9000 X167.976 Y146.872
;TYPE:WALL-INNER
G1 F1500 E2286.61855
G1 F1595.4 X168.332 Y146.845 E2286.63126
G1 X168.665 Y146.761 E2286.64348
G1 F1602.9 X168.995 Y146.62 E2286.65619
G1 X169.292 Y146.422 E2286.66884
G1 F1591.7 X169.542 Y146.182 E2286.6812
G1 F1595.4 X169.773 Y145.876 E2286.69484
G1 F1610.5 X169.948 Y145.506 E2286.70927
G1 F1595.4 X170.042 Y145.137 E2286.72282
G1 F1599.1 X170.074 Y144.796 E2286.73499
G1 F1614.3 X170.046 Y144.452 E2286.74712
G1 F1602.9 X169.969 Y144.157 E2286.75792
G1 X169.848 Y143.857 E2286.76938
G1 F1599.1 X169.666 Y143.565 E2286.7816
G1 F1588 X169.447 Y143.314 E2286.79351
G1 F1599.1 X169.153 Y143.077 E2286.80692
G1 F1610.5 X168.856 Y142.909 E2286.81895
G1 F1595.4 X168.52 Y142.793 E2286.8316
G1 F1602.9 X168.171 Y142.731 E2286.84415
G1 X167.841 Y142.732 E2286.85584
G1 X167.535 Y142.776 E2286.86679
G1 X167.23 Y142.873 E2286.87813
G1 X166.984 Y142.986 E2286.88772
G1 F1606.7 X166.759 Y143.135 E2286.89726
G1 F1602.9 X166.528 Y143.334 E2286.90806
G1 X166.331 Y143.567 E2286.91886
G1 F1595.4 X166.156 Y143.852 E2286.93077
G1 X166.019 Y144.18 E2286.94342
G1 F1588 X165.945 Y144.514 E2286.95565
G1 F1595.4 X165.926 Y144.875 E2286.96851
G1 X165.972 Y145.234 E2286.98139
G1 X166.069 Y145.568 E2286.99377
G1 F1591.7 X166.223 Y145.87 E2287.00586
G1 F1595.4 X166.411 Y146.134 E2287.0174
G1 F1602.9 X166.624 Y146.349 E2287.02812
G1 F1599.1 X166.859 Y146.531 E2287.03867
G1 F1602.9 X167.094 Y146.665 E2287.04825
G1 F1599.1 X167.359 Y146.773 E2287.05841
G1 F1602.9 X167.663 Y146.844 E2287.06947
G1 F1595.4 X167.976 Y146.872 E2287.08066
G0 F9000 X167.996 Y146.446
G1 F1599.1 X167.569 Y146.404 E2287.09589
G1 F1610.5 X167.142 Y146.209 E2287.11244
G1 F1618.1 X166.775 Y145.923 E2287.12877
G1 F1595.4 X166.595 Y145.648 E2287.14046
G1 F1591.7 X166.462 Y145.405 E2287.15034
G1 F1595.4 X166.397 Y145.156 E2287.1595
G1 X166.351 Y144.846 E2287.17066
G1 X166.37 Y144.586 E2287.17993
G1 F1588 X166.46 Y144.172 E2287.19508
G1 F1595.4 X166.751 Y143.698 E2287.21488
G1 F1602.9 X167.142 Y143.375 E2287.23284
G1 F1614.3 X167.586 Y143.2 E2287.24963
G1 F1602.9 X167.869 Y143.162 E2287.25974
G1 X168.142 Y143.153 E2287.26942
G1 X168.404 Y143.209 E2287.27891
G1 X168.737 Y143.314 E2287.29128
G1 F1618.1 X169.071 Y143.535 E2287.30533
G1 F1610.5 X169.427 Y143.945 E2287.32447
G1 X169.621 Y144.444 E2287.34335
G1 F1614.3 X169.652 Y144.796 E2287.35578
G1 F1599.1 X169.618 Y145.058 E2287.36516
G1 F1595.4 X169.556 Y145.339 E2287.3754
G1 F1610.5 X169.407 Y145.663 E2287.38797
G1 F1595.4 X169.224 Y145.89 E2287.39835
G1 F1591.7 X169.02 Y146.095 E2287.40866
G1 F1602.9 X168.697 Y146.309 E2287.42239
G1 X168.239 Y146.429 E2287.43916
G1 F1599.1 X167.996 Y146.446 E2287.44781
G0 F9000 X168.094 Y146.016
;TYPE:WALL-OUTER
G1 F1551.9 X167.681 Y145.981 E2287.46297
G1 X167.342 Y145.826 E2287.47661
G1 X167.058 Y145.575 E2287.49048
G1 X166.849 Y145.208 E2287.50593
G1 X166.776 Y144.771 E2287.52214
G1 X166.873 Y144.334 E2287.53852
G1 X167.088 Y143.985 E2287.55351
G1 X167.386 Y143.74 E2287.56763
G1 X167.741 Y143.606 E2287.58151
G1 X168.145 Y143.586 E2287.59631
G1 X168.542 Y143.705 E2287.61147
G1 X168.754 Y143.84 E2287.62067
G1 X169.048 Y144.172 E2287.63689
G1 X169.194 Y144.541 E2287.65141
G1 X169.22 Y144.814 E2287.66144
G1 X169.138 Y145.229 E2287.67692
G1 X169.018 Y145.471 E2287.6868
G1 X168.734 Y145.77 E2287.70189
G1 X168.517 Y145.907 E2287.71128
G1 X168.094 Y146.016 E2287.72726
G0 F9000 X167.974 Y147.307
G1 F1551.9 X168.4 Y147.274 E2287.74289
G1 X168.805 Y147.174 E2287.75815
G1 X169.202 Y147.001 E2287.774
G1 X169.562 Y146.762 E2287.78981
G1 X169.87 Y146.473 E2287.80526
G1 X170.146 Y146.098 E2287.8223
G1 X170.356 Y145.655 E2287.84023
G1 X170.474 Y145.21 E2287.85708
G1 X170.507 Y144.796 E2287.87227
G1 X170.474 Y144.381 E2287.8875
G1 X170.382 Y144.021 E2287.9011
G1 X170.235 Y143.66 E2287.91536
G1 X170.018 Y143.307 E2287.93052
G1 X169.75 Y143 E2287.94543
G1 X169.411 Y142.727 E2287.96135
G1 X169.036 Y142.514 E2287.97713
G1 X168.628 Y142.37 E2287.99296
G1 X168.208 Y142.3 E2288.00854
G1 X167.809 Y142.297 E2288.02314
G1 X167.438 Y142.355 E2288.03687
G1 X167.072 Y142.466 E2288.05087
G1 X166.773 Y142.609 E2288.06299
G1 X166.497 Y142.789 E2288.07505
G1 X166.221 Y143.028 E2288.08841
G1 X165.979 Y143.311 E2288.10203
G1 X165.769 Y143.653 E2288.11671
G1 X165.603 Y144.048 E2288.13239
G1 X165.511 Y144.457 E2288.14773
G1 X165.493 Y144.891 E2288.16362
G1 X165.544 Y145.323 E2288.17953
G1 X165.666 Y145.727 E2288.19497
G1 X165.849 Y146.097 E2288.21007
G1 X166.081 Y146.413 E2288.22442
G1 X166.335 Y146.675 E2288.23777
G1 X166.619 Y146.892 E2288.25084
G1 X166.905 Y147.057 E2288.26292
G1 X167.227 Y147.185 E2288.2756
G1 X167.592 Y147.274 E2288.28935
G1 X167.974 Y147.307 E2288.30337
G1 F1500 E2286.30337
G0 F9000 X167.901 Y148.19
G0 X166.958 Y148.033
G0 X166.125 Y147.632
G0 X165.4 Y146.984
G0 X165.091 Y146.552
G0 X164.843 Y146.054
G0 X164.677 Y145.506
G0 X164.619 Y145.036
G0 X167.867 Y81.187
G0 X167.976 Y79.872
;TYPE:WALL-INNER
G1 F1500 E2288.30337
G1 F1595.4 X168.332 Y79.845 E2288.31608
G1 X168.665 Y79.761 E2288.3283
G1 F1602.9 X168.995 Y79.62 E2288.34101
G1 X169.292 Y79.422 E2288.35366
G1 F1591.7 X169.542 Y79.182 E2288.36602
G1 F1595.4 X169.773 Y78.876 E2288.37966
G1 F1610.5 X169.948 Y78.506 E2288.39409
G1 F1595.4 X170.042 Y78.137 E2288.40765
G1 F1599.1 X170.074 Y77.796 E2288.41981
G1 F1614.3 X170.046 Y77.452 E2288.43195
G1 F1602.9 X169.969 Y77.157 E2288.44275
G1 X169.848 Y76.857 E2288.4542
G1 F1599.1 X169.666 Y76.565 E2288.46642
G1 F1588 X169.447 Y76.314 E2288.47833
G1 F1599.1 X169.153 Y76.077 E2288.49174
G1 F1610.5 X168.856 Y75.909 E2288.50377
G1 F1595.4 X168.52 Y75.793 E2288.51642
G1 F1602.9 X168.171 Y75.731 E2288.52897
G1 X167.841 Y75.732 E2288.54066
G1 X167.535 Y75.776 E2288.55161
G1 X167.23 Y75.873 E2288.56295
G1 X166.984 Y75.986 E2288.57254
G1 F1606.7 X166.759 Y76.135 E2288.58208
G1 F1602.9 X166.528 Y76.334 E2288.59288
G1 X166.331 Y76.567 E2288.60369
G1 F1595.4 X166.156 Y76.852 E2288.61559
G1 X166.019 Y77.18 E2288.62824
G1 F1588 X165.945 Y77.514 E2288.64047
G1 F1595.4 X165.926 Y77.875 E2288.65333
G1 X165.972 Y78.234 E2288.66622
G1 X166.069 Y78.568 E2288.67859
G1 F1591.7 X166.223 Y78.87 E2288.69069
G1 F1595.4 X166.411 Y79.134 E2288.70222
G1 F1602.9 X166.624 Y79.349 E2288.71294
G1 F1599.1 X166.859 Y79.531 E2288.72349
G1 F1602.9 X167.094 Y79.665 E2288.73308
G1 F1599.1 X167.359 Y79.773 E2288.74324
G1 F1602.9 X167.663 Y79.844 E2288.75429
G1 F1595.4 X167.976 Y79.872 E2288.76548
G0 F9000 X167.996 Y79.446
G1 F1599.1 X167.569 Y79.404 E2288.78071
G1 F1610.5 X167.142 Y79.209 E2288.79726
G1 F1618.1 X166.775 Y78.923 E2288.81359
G1 F1595.4 X166.595 Y78.648 E2288.82528
G1 F1591.7 X166.462 Y78.405 E2288.83517
G1 F1595.4 X166.397 Y78.156 E2288.84432
G1 X166.351 Y77.846 E2288.85548
G1 X166.37 Y77.586 E2288.86476
G1 F1588 X166.46 Y77.172 E2288.8799
G1 F1595.4 X166.751 Y76.698 E2288.8997
G1 F1602.9 X167.142 Y76.375 E2288.91766
G1 F1614.3 X167.586 Y76.2 E2288.93445
G1 F1602.9 X167.869 Y76.162 E2288.94456
G1 X168.142 Y76.153 E2288.95424
G1 X168.404 Y76.209 E2288.96373
G1 X168.737 Y76.314 E2288.9761
G1 F1618.1 X169.071 Y76.535 E2288.99015
G1 F1610.5 X169.427 Y76.945 E2289.00929
G1 X169.621 Y77.444 E2289.02817
G1 F1614.3 X169.652 Y77.796 E2289.0406
G1 F1599.1 X169.618 Y78.058 E2289.04998
G1 F1595.4 X169.556 Y78.339 E2289.06022
G1 F1610.5 X169.407 Y78.663 E2289.07279
G1 F1595.4 X169.224 Y78.89 E2289.08317
G1 F1591.7 X169.02 Y79.095 E2289.09348
G1 F1602.9 X168.697 Y79.309 E2289.10721
G1 X168.239 Y79.429 E2289.12398
G1 F1599.1 X167.996 Y79.446 E2289.13263
G0 F9000 X168.094 Y79.016
;TYPE:WALL-OUTER
G1 F1551.9 X167.681 Y78.981 E2289.14779
G1 X167.342 Y78.826 E2289.16143
G1 X167.058 Y78.575 E2289.1753
G1 X166.849 Y78.208 E2289.19075
G1 X166.776 Y77.771 E2289.20696
G1 X166.873 Y77.334 E2289.22334
G1 X167.088 Y76.985 E2289.23833
G1 X167.367 Y76.751 E2289.25166
G1 X167.741 Y76.606 E2289.26633
G1 X168.145 Y76.586 E2289.28113
G1 X168.542 Y76.705 E2289.29629
G1 X168.754 Y76.84 E2289.30549
G1 X169.048 Y77.172 E2289.32171
G1 X169.194 Y77.541 E2289.33623
G1 X169.22 Y77.814 E2289.34627
G1 X169.138 Y78.229 E2289.36174
G1 X169.018 Y78.471 E2289.37162
G1 X168.734 Y78.77 E2289.38671
G1 X168.517 Y78.907 E2289.3961
G1 X168.094 Y79.016 E2289.41208
G0 F9000 X167.974 Y80.307
G1 F1551.9 X168.4 Y80.274 E2289.42772
G1 X168.805 Y80.174 E2289.44298
G1 X169.202 Y80.001 E2289.45882
G1 X169.562 Y79.762 E2289.47463
G1 X169.87 Y79.473 E2289.49008
G1 X170.146 Y79.098 E2289.50712
G1 X170.356 Y78.655 E2289.52505
G1 X170.474 Y78.21 E2289.5419
G1 X170.507 Y77.796 E2289.55709
G1 X170.474 Y77.381 E2289.57232
G1 X170.382 Y77.021 E2289.58592
G1 X170.235 Y76.66 E2289.60018
G1 X170.018 Y76.307 E2289.61534
G1 X169.75 Y76 E2289.63025
G1 X169.411 Y75.727 E2289.64617
G1 X169.036 Y75.514 E2289.66195
G1 X168.628 Y75.37 E2289.67778
G1 X168.208 Y75.3 E2289.69336
G1 X167.809 Y75.297 E2289.70796
G1 X167.438 Y75.355 E2289.7217
G1 X167.072 Y75.466 E2289.73569
G1 X166.773 Y75.609 E2289.74781
G1 X166.497 Y75.789 E2289.75987
G1 X166.221 Y76.028 E2289.77323
G1 X165.979 Y76.311 E2289.78685
G1 X165.769 Y76.653 E2289.80153
G1 X165.603 Y77.048 E2289.81721
G1 X165.511 Y77.457 E2289.83255
G1 X165.493 Y77.891 E2289.84844
G1 X165.544 Y78.323 E2289.86435
G1 X165.666 Y78.727 E2289.87979
G1 X165.849 Y79.097 E2289.8949
G1 X166.081 Y79.413 E2289.90924
G1 X166.335 Y79.675 E2289.92259
G1 X166.619 Y79.892 E2289.93567
G1 X166.905 Y80.057 E2289.94775
G1 X167.227 Y80.185 E2289.96042
G1 X167.592 Y80.274 E2289.97417
G1 X167.974 Y80.307 E2289.9882
G1 F1500 E2287.9882
;MESH:NONMESH
G0 F300 Z4.68
G0 F9000 X51.996 Y79.446
;TIME_ELAPSED:7143.247576
;LAYER:24
;note -- min layer time used
;TYPE:WALL-INNER
;MESH:SmartKiln_Fondo.stl
G1 F1500 E2289.9882
G1 F1599.1 X51.569 Y79.404 E2290.00343
G1 F1610.5 X51.142 Y79.209 E2290.01998
G1 F1618.1 X50.775 Y78.923 E2290.03631
G1 F1595.4 X50.595 Y78.648 E2290.048
G1 F1591.7 X50.462 Y78.405 E2290.05789
G1 F1595.4 X50.397 Y78.156 E2290.06704
G1 X50.351 Y77.846 E2290.0782
G1 X50.37 Y77.586 E2290.08747
G1 F1588 X50.46 Y77.172 E2290.10262
G1 F1595.4 X50.751 Y76.698 E2290.12242
G1 F1602.9 X51.142 Y76.375 E2290.14038
G1 F1614.3 X51.586 Y76.2 E2290.15717
G1 F1602.9 X51.869 Y76.162 E2290.16728
G1 X52.142 Y76.153 E2290.17696
G1 X52.404 Y76.209 E2290.18645
G1 X52.737 Y76.314 E2290.19882
G1 F1618.1 X53.071 Y76.535 E2290.21287
G1 F1610.5 X53.427 Y76.945 E2290.23201
G1 X53.621 Y77.444 E2290.25089
G1 F1614.3 X53.652 Y77.796 E2290.26332
G1 F1599.1 X53.618 Y78.058 E2290.2727
G1 F1595.4 X53.556 Y78.339 E2290.28294
G1 F1610.5 X53.407 Y78.663 E2290.29551
G1 F1595.4 X53.224 Y78.89 E2290.30589
G1 F1591.7 X53.02 Y79.095 E2290.3162
G1 F1602.9 X52.697 Y79.309 E2290.32993
G1 X52.239 Y79.429 E2290.3467
G1 F1599.1 X51.996 Y79.446 E2290.35535
G0 F9000 X51.976 Y79.872
G1 F1595.4 X52.332 Y79.845 E2290.36805
G1 X52.665 Y79.761 E2290.38028
G1 F1602.9 X52.995 Y79.62 E2290.39299
G1 X53.292 Y79.422 E2290.40563
G1 F1591.7 X53.542 Y79.182 E2290.41799
G1 F1595.4 X53.773 Y78.876 E2290.43164
G1 F1610.5 X53.948 Y78.506 E2290.44607
G1 F1595.4 X54.042 Y78.137 E2290.45962
G1 F1599.1 X54.074 Y77.796 E2290.47178
G1 F1614.3 X54.046 Y77.452 E2290.48392
G1 F1602.9 X53.969 Y77.157 E2290.49472
G1 X53.848 Y76.857 E2290.50618
G1 F1599.1 X53.666 Y76.565 E2290.51839
G1 F1588 X53.447 Y76.314 E2290.5303
G1 F1599.1 X53.153 Y76.077 E2290.54371
G1 F1610.5 X52.856 Y75.909 E2290.55574
G1 F1595.4 X52.52 Y75.793 E2290.56839
G1 F1602.9 X52.171 Y75.731 E2290.58095
G1 X51.841 Y75.732 E2290.59264
G1 X51.535 Y75.776 E2290.60359
G1 X51.23 Y75.873 E2290.61493
G1 X50.984 Y75.986 E2290.62451
G1 F1606.7 X50.759 Y76.135 E2290.63405
G1 F1602.9 X50.528 Y76.334 E2290.64485
G1 X50.331 Y76.567 E2290.65566
G1 F1595.4 X50.156 Y76.852 E2290.66756
G1 X50.019 Y77.18 E2290.68021
G1 F1588 X49.945 Y77.514 E2290.69244
G1 F1595.4 X49.926 Y77.875 E2290.70531
G1 X49.972 Y78.234 E2290.71819
G1 X50.069 Y78.568 E2290.73057
G1 F1591.7 X50.223 Y78.87 E2290.74266
G1 F1595.4 X50.411 Y79.134 E2290.75419
G1 F1602.9 X50.624 Y79.349 E2290.76491
G1 F1599.1 X50.859 Y79.531 E2290.77547
G1 F1602.9 X51.094 Y79.665 E2290.78505
G1 F1599.1 X51.359 Y79.773 E2290.79521
G1 F1602.9 X51.663 Y79.844 E2290.80627
G1 F1595.4 X51.976 Y79.872 E2290.81745
G0 F9000 X51.974 Y80.307
;TYPE:WALL-OUTER
G1 F1551.9 X52.4 Y80.274 E2290.83308
G1 X52.805 Y80.174 E2290.84835
G1 X53.202 Y80.001 E2290.86419
G1 X53.562 Y79.762 E2290.88
G1 X53.87 Y79.473 E2290.89545
G1 X54.146 Y79.098 E2290.91249
G1 X54.356 Y78.655 E2290.93042
G1 X54.474 Y78.21 E2290.94727
G1 X54.507 Y77.796 E2290.96246
G1 X54.474 Y77.381 E2290.97769
G1 X54.382 Y77.021 E2290.99129
G1 X54.235 Y76.66 E2291.00555
G1 X54.018 Y76.307 E2291.02071
G1 X53.75 Y76 E2291.03562
G1 X53.411 Y75.727 E2291.05154
G1 X53.036 Y75.514 E2291.06732
G1 X52.628 Y75.37 E2291.08315
G1 X52.208 Y75.3 E2291.09873
G1 X51.809 Y75.297 E2291.11333
G1 X51.438 Y75.355 E2291.12707
G1 X51.072 Y75.466 E2291.14106
G1 X50.773 Y75.609 E2291.15318
G1 X50.497 Y75.789 E2291.16524
G1 X50.221 Y76.028 E2291.1786
G1 X49.979 Y76.311 E2291.19222
G1 X49.769 Y76.653 E2291.2069
G1 X49.603 Y77.048 E2291.22258
G1 X49.511 Y77.457 E2291.23792
G1 X49.493 Y77.891 E2291.25381
G1 X49.544 Y78.323 E2291.26972
G1 X49.666 Y78.727 E2291.28516
G1 X49.849 Y79.097 E2291.30027
G1 X50.081 Y79.413 E2291.31461
G1 X50.335 Y79.675 E2291.32796
G1 X50.619 Y79.892 E2291.34104
G1 X50.905 Y80.057 E2291.35312
G1 X51.227 Y80.185 E2291.36579
G1 X51.592 Y80.274 E2291.37954
G1 X51.974 Y80.307 E2291.39357
G0 F9000 X52.094 Y79.016
G1 F1551.9 X51.681 Y78.981 E2291.40873
G1 X51.342 Y78.826 E2291.42237
G1 X51.058 Y78.575 E2291.43623
G1 X50.849 Y78.208 E2291.45169
G1 X50.776 Y77.771 E2291.4679
G1 X50.873 Y77.334 E2291.48427
G1 X51.088 Y76.985 E2291.49927
G1 X51.367 Y76.751 E2291.51259
G1 X51.741 Y76.606 E2291.52727
G1 X52.145 Y76.586 E2291.54207
G1 X52.542 Y76.705 E2291.55723
G1 X52.754 Y76.84 E2291.56643
G1 X53.048 Y77.172 E2291.58265
G1 X53.194 Y77.541 E2291.59717
G1 X53.22 Y77.814 E2291.6072
G1 X53.138 Y78.229 E2291.62268
G1 X53.018 Y78.471 E2291.63256
G1 X52.734 Y78.77 E2291.64765
G1 X52.517 Y78.907 E2291.65704
G1 X52.094 Y79.016 E2291.67302
G1 F1500 E2289.67302
G0 F9000 X51.996 Y146.446
;TYPE:WALL-INNER
G1 F1500 E2291.67302
G1 F1599.1 X51.569 Y146.404 E2291.68825
G1 F1610.5 X51.142 Y146.209 E2291.7048
G1 F1618.1 X50.775 Y145.923 E2291.72113
G1 F1595.4 X50.595 Y145.648 E2291.73283
G1 F1591.7 X50.462 Y145.405 E2291.74271
G1 F1595.4 X50.397 Y145.156 E2291.75187
G1 X50.351 Y144.846 E2291.76302
G1 X50.37 Y144.586 E2291.7723
G1 F1588 X50.46 Y144.172 E2291.78745
G1 F1595.4 X50.751 Y143.698 E2291.80724
G1 F1602.9 X51.142 Y143.375 E2291.8252
G1 F1614.3 X51.586 Y143.2 E2291.84199
G1 F1602.9 X51.869 Y143.162 E2291.8521
G1 X52.142 Y143.153 E2291.86178
G1 X52.404 Y143.209 E2291.87127
G1 X52.737 Y143.314 E2291.88364
G1 F1618.1 X53.071 Y143.535 E2291.89769
G1 F1610.5 X53.427 Y143.945 E2291.91684
G1 X53.621 Y144.444 E2291.93571
G1 F1614.3 X53.652 Y144.796 E2291.94814
G1 F1599.1 X53.618 Y145.058 E2291.95752
G1 F1595.4 X53.556 Y145.339 E2291.96776
G1 F1610.5 X53.407 Y145.663 E2291.98033
G1 F1595.4 X53.224 Y145.89 E2291.99071
G1 F1591.7 X53.02 Y146.095 E2292.00103
G1 F1602.9 X52.697 Y146.309 E2292.01475
G1 X52.239 Y146.429 E2292.03152
G1 F1599.1 X51.996 Y146.446 E2292.04017
G0 F9000 X51.976 Y146.872
G1 F1595.4 X52.332 Y146.845 E2292.05288
G1 X52.665 Y146.761 E2292.0651
G1 F1602.9 X52.995 Y146.62 E2292.07781
G1 X53.292 Y146.422 E2292.09045
G1 F1591.7 X53.542 Y146.182 E2292.10282
G1 F1595.4 X53.773 Y145.876 E2292.11646
G1 F1610.5 X53.948 Y145.506 E2292.13089
G1 F1595.4 X54.042 Y145.137 E2292.14444
G1 F1599.1 X54.074 Y144.796 E2292.1566
G1 F1614.3 X54.046 Y144.452 E2292.16874
G1 F1602.9 X53.969 Y144.157 E2292.17954
G1 X53.848 Y143.857 E2292.191
G1 F1599.1 X53.666 Y143.565 E2292.20322
G1 F1588 X53.447 Y143.314 E2292.21513
G1 F1599.1 X53.153 Y143.077 E2292.22854
G1 F1610.5 X52.856 Y142.909 E2292.24057
G1 F1595.4 X52.52 Y142.793 E2292.25322
G1 F1602.9 X52.171 Y142.731 E2292.26577
G1 X51.841 Y142.732 E2292.27746
G1 X51.535 Y142.776 E2292.28841
G1 X51.23 Y142.873 E2292.29975
G1 X50.984 Y142.986 E2292.30934
G1 F1606.7 X50.759 Y143.135 E2292.31887
G1 F1602.9 X50.528 Y143.334 E2292.32967
G1 X50.331 Y143.567 E2292.34048
G1 F1595.4 X50.156 Y143.852 E2292.35238
G1 X50.019 Y144.18 E2292.36503
G1 F1588 X49.945 Y144.514 E2292.37727
G1 F1595.4 X49.926 Y144.875 E2292.39013
G1 X49.972 Y145.234 E2292.40301
G1 X50.069 Y145.568 E2292.41539
G1 F1591.7 X50.223 Y145.87 E2292.42748
G1 F1595.4 X50.411 Y146.134 E2292.43902
G1 F1602.9 X50.624 Y146.349 E2292.44974
G1 F1599.1 X50.859 Y146.531 E2292.46029
G1 F1602.9 X51.094 Y146.665 E2292.46987
G1 F1599.1 X51.359 Y146.773 E2292.48003
G1 F1602.9 X51.663 Y146.844 E2292.49109
G1 F1595.4 X51.976 Y146.872 E2292.50227
G0 F9000 X51.974 Y147.307
;TYPE:WALL-OUTER
G1 F1551.9 X52.4 Y147.274 E2292.51791
G1 X52.805 Y147.174 E2292.53317
G1 X53.202 Y147.001 E2292.54901
G1 X53.562 Y146.762 E2292.56482
G1 X53.87 Y146.473 E2292.58027
G1 X54.146 Y146.098 E2292.59731
G1 X54.356 Y145.655 E2292.61525
G1 X54.474 Y145.21 E2292.63209
G1 X54.507 Y144.796 E2292.64728
G1 X54.474 Y144.381 E2292.66252
G1 X54.382 Y144.021 E2292.67611
G1 X54.235 Y143.66 E2292.69037
G1 X54.018 Y143.307 E2292.70553
G1 X53.75 Y143 E2292.72044
G1 X53.411 Y142.727 E2292.73636
G1 X53.036 Y142.514 E2292.75214
G1 X52.628 Y142.37 E2292.76797
G1 X52.208 Y142.3 E2292.78355
G1 X51.809 Y142.297 E2292.79815
G1 X51.438 Y142.355 E2292.81189
G1 X51.072 Y142.466 E2292.82588
G1 X50.773 Y142.609 E2292.83801
G1 X50.497 Y142.789 E2292.85006
G1 X50.221 Y143.028 E2292.86342
G1 X49.979 Y143.311 E2292.87704
G1 X49.769 Y143.653 E2292.89173
G1 X49.603 Y144.048 E2292.9074
G1 X49.511 Y144.457 E2292.92274
G1 X49.493 Y144.891 E2292.93863
G1 X49.544 Y145.323 E2292.95455
G1 X49.666 Y145.727 E2292.96999
G1 X49.849 Y146.097 E2292.98509
G1 X50.081 Y146.413 E2292.99943
G1 X50.335 Y146.675 E2293.01278
G1 X50.619 Y146.892 E2293.02586
G1 X50.905 Y147.057 E2293.03794
G1 X51.227 Y147.185 E2293.05062
G1 X51.592 Y147.274 E2293.06436
G1 X51.974 Y147.307 E2293.07839
G0 F9000 X52.094 Y146.016
G1 F1551.9 X51.681 Y145.981 E2293.09355
G1 X51.342 Y145.826 E2293.10719
G1 X51.058 Y145.575 E2293.12106
G1 X50.849 Y145.208 E2293.13651
G1 X50.776 Y144.771 E2293.15272
G1 X50.873 Y144.334 E2293.1691
G1 X51.088 Y143.985 E2293.18409
G1 X51.367 Y143.751 E2293.19742
G1 X51.741 Y143.606 E2293.21209
G1 X52.145 Y143.586 E2293.22689
G1 X52.542 Y143.705 E2293.24205
G1 X52.754 Y143.84 E2293.25125
G1 X53.048 Y144.172 E2293.26747
G1 X53.194 Y144.541 E2293.28199
G1 X53.22 Y144.814 E2293.29203
G1 X53.138 Y145.229 E2293.3075
G1 X53.018 Y145.471 E2293.31738
G1 X52.734 Y145.77 E2293.33247
G1 X52.517 Y145.907 E2293.34186
G1 X52.094 Y146.016 E2293.35784
G1 F1500 E2291.35784
G0 F9000 X167.976 Y146.872
;TYPE:WALL-INNER
G1 F1500 E2293.35784
G1 F1595.4 X168.332 Y146.845 E2293.37055
G1 X168.665 Y146.761 E2293.38277
G1 F1602.9 X168.995 Y146.62 E2293.39548
G1 X169.292 Y146.422 E2293.40813
G1 F1591.7 X169.542 Y146.182 E2293.42049
G1 F1595.4 X169.773 Y145.876 E2293.43413
G1 F1610.5 X169.948 Y145.506 E2293.44856
G1 F1595.4 X170.042 Y145.137 E2293.46211
G1 F1599.1 X170.074 Y144.796 E2293.47427
G1 F1614.3 X170.046 Y144.452 E2293.48641
G1 F1602.9 X169.969 Y144.157 E2293.49721
G1 X169.848 Y143.857 E2293.50867
G1 F1599.1 X169.666 Y143.565 E2293.52089
G1 F1588 X169.447 Y143.314 E2293.5328
G1 F1599.1 X169.153 Y143.077 E2293.54621
G1 F1610.5 X168.856 Y142.909 E2293.55824
G1 F1595.4 X168.52 Y142.793 E2293.57089
G1 F1602.9 X168.171 Y142.731 E2293.58344
G1 X167.841 Y142.732 E2293.59513
G1 X167.535 Y142.776 E2293.60608
G1 X167.23 Y142.873 E2293.61742
G1 X166.984 Y142.986 E2293.62701
G1 F1606.7 X166.759 Y143.135 E2293.63655
G1 F1602.9 X166.528 Y143.334 E2293.64735
G1 X166.331 Y143.567 E2293.65815
G1 F1595.4 X166.156 Y143.852 E2293.67006
G1 X166.019 Y144.18 E2293.68271
G1 F1588 X165.945 Y144.514 E2293.69494
G1 F1595.4 X165.926 Y144.875 E2293.7078
G1 X165.972 Y145.234 E2293.72068
G1 X166.069 Y145.568 E2293.73306
G1 F1591.7 X166.223 Y145.87 E2293.74515
G1 F1595.4 X166.411 Y146.134 E2293.75669
G1 F1602.9 X166.624 Y146.349 E2293.76741
G1 F1599.1 X166.859 Y146.531 E2293.77796
G1 F1602.9 X167.094 Y146.665 E2293.78754
G1 F1599.1 X167.359 Y146.773 E2293.7977
G1 F1602.9 X167.663 Y146.844 E2293.80876
G1 F1595.4 X167.976 Y146.872 E2293.81995
G0 F9000 X167.996 Y146.446
G1 F1599.1 X167.569 Y146.404 E2293.83518
G1 F1610.5 X167.142 Y146.209 E2293.85173
G1 F1618.1 X166.775 Y145.923 E2293.86806
G1 F1595.4 X166.595 Y145.648 E2293.87975
G1 F1591.7 X166.462 Y145.405 E2293.88963
G1 F1595.4 X166.397 Y145.156 E2293.89879
G1 X166.351 Y144.846 E2293.90995
G1 X166.37 Y144.586 E2293.91922
G1 F1588 X166.46 Y144.172 E2293.93437
G1 F1595.4 X166.751 Y143.698 E2293.95417
G1 F1602.9 X167.142 Y143.375 E2293.97213
G1 F1614.3 X167.586 Y143.2 E2293.98892
G1 F1602.9 X167.869 Y143.162 E2293.99903
G1 X168.142 Y143.153 E2294.00871
G1 X168.404 Y143.209 E2294.0182
G1 X168.737 Y143.314 E2294.03056
G1 F1618.1 X169.071 Y143.535 E2294.04462
G1 F1610.5 X169.427 Y143.945 E2294.06376
G1 X169.621 Y144.444 E2294.08264
G1 F1614.3 X169.652 Y144.796 E2294.09507
G1 F1599.1 X169.618 Y145.058 E2294.10445
G1 F1595.4 X169.556 Y145.339 E2294.11469
G1 F1610.5 X169.407 Y145.663 E2294.12726
G1 F1595.4 X169.224 Y145.89 E2294.13764
G1 F1591.7 X169.02 Y146.095 E2294.14795
G1 F1602.9 X168.697 Y146.309 E2294.16168
G1 X168.239 Y146.429 E2294.17845
G1 F1599.1 X167.996 Y146.446 E2294.1871
G0 F9000 X168.094 Y146.016
;TYPE:WALL-OUTER
G1 F1551.9 X167.681 Y145.981 E2294.20226
G1 X167.342 Y145.826 E2294.2159
G1 X167.058 Y145.575 E2294.22977
G1 X166.849 Y145.208 E2294.24522
G1 X166.776 Y144.771 E2294.26143
G1 X166.873 Y144.334 E2294.2778
G1 X167.088 Y143.985 E2294.2928
G1 X167.367 Y143.751 E2294.30612
G1 X167.741 Y143.606 E2294.3208
G1 X168.145 Y143.586 E2294.3356
G1 X168.542 Y143.705 E2294.35076
G1 X168.754 Y143.84 E2294.35996
G1 X169.048 Y144.172 E2294.37618
G1 X169.194 Y144.541 E2294.3907
G1 X169.22 Y144.814 E2294.40073
G1 X169.138 Y145.229 E2294.41621
G1 X169.018 Y145.471 E2294.42609
G1 X168.734 Y145.77 E2294.44118
G1 X168.517 Y145.907 E2294.45057
G1 X168.094 Y146.016 E2294.46655
G0 F9000 X167.974 Y147.307
G1 F1551.9 X168.4 Y147.274 E2294.48218
G1 X168.805 Y147.174 E2294.49745
G1 X169.202 Y147.001 E2294.51329
G1 X169.562 Y146.762 E2294.5291
G1 X169.87 Y146.473 E2294.54455
G1 X170.146 Y146.098 E2294.56159
G1 X170.356 Y145.655 E2294.57952
G1 X170.474 Y145.21 E2294.59637
G1 X170.507 Y144.796 E2294.61156
G1 X170.474 Y144.381 E2294.62679
G1 X170.382 Y144.021 E2294.64039
G1 X170.235 Y143.66 E2294.65465
G1 X170.018 Y143.307 E2294.66981
G1 X169.75 Y143 E2294.68472
G1 X169.411 Y142.727 E2294.70064
G1 X169.036 Y142.514 E2294.71642
G1 X168.628 Y142.37 E2294.73225
G1 X168.208 Y142.3 E2294.74783
G1 X167.809 Y142.297 E2294.76243
G1 X167.438 Y142.355 E2294.77616
G1 X167.072 Y142.466 E2294.79016
G1 X166.773 Y142.609 E2294.80228
G1 X166.497 Y142.789 E2294.81434
G1 X166.221 Y143.028 E2294.8277
G1 X165.979 Y143.311 E2294.84132
G1 X165.769 Y143.653 E2294.856
G1 X165.603 Y144.048 E2294.87168
G1 X165.511 Y144.457 E2294.88702
G1 X165.493 Y144.891 E2294.90291
G1 X165.544 Y145.323 E2294.91882
G1 X165.666 Y145.727 E2294.93426
G1 X165.849 Y146.097 E2294.94936
G1 X166.081 Y146.413 E2294.96371
G1 X166.335 Y146.675 E2294.97706
G1 X166.619 Y146.892 E2294.99013
G1 X166.905 Y147.057 E2295.00221
G1 X167.227 Y147.185 E2295.01489
G1 X167.592 Y147.274 E2295.02864
G1 X167.974 Y147.307 E2295.04267
G1 F1500 E2293.04267
G0 F9000 X167.901 Y148.19
G0 X166.958 Y148.033
G0 X166.125 Y147.632
G0 X165.4 Y146.984
G0 X165.091 Y146.552
G0 X164.843 Y146.054
G0 X164.677 Y145.506
G0 X164.619 Y145.036
G0 X167.867 Y81.187
G0 X167.976 Y79.872
;TYPE:WALL-INNER
G1 F1500 E2295.04267
G1 F1595.4 X168.332 Y79.845 E2295.05537
G1 X168.665 Y79.761 E2295.06759
G1 F1602.9 X168.995 Y79.62 E2295.0803
G1 X169.292 Y79.422 E2295.09295
G1 F1591.7 X169.542 Y79.182 E2295.10531
G1 F1595.4 X169.773 Y78.876 E2295.11896
G1 F1610.5 X169.948 Y78.506 E2295.13339
G1 F1595.4 X170.042 Y78.137 E2295.14694
G1 F1599.1 X170.074 Y77.796 E2295.1591
G1 F1614.3 X170.046 Y77.452 E2295.17124
G1 F1602.9 X169.969 Y77.157 E2295.18204
G1 X169.848 Y76.857 E2295.19349
G1 F1599.1 X169.666 Y76.565 E2295.20571
G1 F1588 X169.447 Y76.314 E2295.21762
G1 F1599.1 X169.153 Y76.077 E2295.23103
G1 F1610.5 X168.856 Y75.909 E2295.24306
G1 F1595.4 X168.52 Y75.793 E2295.25571
G1 F1602.9 X168.171 Y75.731 E2295.26827
G1 X167.841 Y75.732 E2295.27995
G1 X167.535 Y75.776 E2295.29091
G1 X167.23 Y75.873 E2295.30224
G1 X166.984 Y75.986 E2295.31183
G1 F1606.7 X166.759 Y76.135 E2295.32137
G1 F1602.9 X166.528 Y76.334 E2295.33217
G1 X166.331 Y76.567 E2295.34298
G1 F1595.4 X166.156 Y76.852 E2295.35488
G1 X166.019 Y77.18 E2295.36753
G1 F1588 X165.945 Y77.514 E2295.37976
G1 F1595.4 X165.926 Y77.875 E2295.39263
G1 X165.972 Y78.234 E2295.40551
G1 X166.069 Y78.568 E2295.41788
G1 F1591.7 X166.223 Y78.87 E2295.42998
G1 F1595.4 X166.411 Y79.134 E2295.44151
G1 F1602.9 X166.624 Y79.349 E2295.45223
G1 F1599.1 X166.859 Y79.531 E2295.46278
G1 F1602.9 X167.094 Y79.665 E2295.47237
G1 F1599.1 X167.359 Y79.773 E2295.48253
G1 F1602.9 X167.663 Y79.844 E2295.49359
G1 F1595.4 X167.976 Y79.872 E2295.50477
G0 F9000 X167.996 Y79.446
G1 F1599.1 X167.569 Y79.404 E2295.52
G1 F1610.5 X167.142 Y79.209 E2295.53655
G1 F1618.1 X166.775 Y78.923 E2295.55288
G1 F1595.4 X166.595 Y78.648 E2295.56458
G1 F1591.7 X166.462 Y78.405 E2295.57446
G1 F1595.4 X166.397 Y78.156 E2295.58362
G1 X166.351 Y77.846 E2295.59477
G1 X166.37 Y77.586 E2295.60405
G1 F1588 X166.46 Y77.172 E2295.61919
G1 F1595.4 X166.751 Y76.698 E2295.63899
G1 F1602.9 X167.142 Y76.375 E2295.65695
G1 F1614.3 X167.586 Y76.2 E2295.67374
G1 F1602.9 X167.869 Y76.162 E2295.68385
G1 X168.142 Y76.153 E2295.69353
G1 X168.404 Y76.209 E2295.70302
G1 X168.737 Y76.314 E2295.71539
G1 F1618.1 X169.071 Y76.535 E2295.72944
G1 F1610.5 X169.427 Y76.945 E2295.74858
G1 X169.621 Y77.444 E2295.76746
G1 F1614.3 X169.652 Y77.796 E2295.77989
G1 F1599.1 X169.618 Y78.058 E2295.78927
G1 F1595.4 X169.556 Y78.339 E2295.79951
G1 F1610.5 X169.407 Y78.663 E2295.81208
G1 F1595.4 X169.224 Y78.89 E2295.82246
G1 F1591.7 X169.02 Y79.095 E2295.83278
G1 F1602.9 X168.697 Y79.309 E2295.8465
G1 X168.239 Y79.429 E2295.86327
G1 F1599.1 X167.996 Y79.446 E2295.87192
G0 F9000 X168.094 Y79.016
;TYPE:WALL-OUTER
G1 F1551.9 X167.681 Y78.981 E2295.88708
G1 X167.342 Y78.826 E2295.90072
G1 X167.058 Y78.575 E2295.91459
G1 X166.849 Y78.208 E2295.93004
G1 X166.776 Y77.771 E2295.94625
G1 X166.873 Y77.334 E2295.96263
G1 X167.088 Y76.985 E2295.97762
G1 X167.367 Y76.751 E2295.99095
G1 X167.741 Y76.606 E2296.00562
G1 X168.145 Y76.586 E2296.02042
G1 X168.542 Y76.705 E2296.03558
G1 X168.754 Y76.84 E2296.04478
G1 X169.048 Y77.172 E2296.061
G1 X169.194 Y77.541 E2296.07552
G1 X169.22 Y77.814 E2296.08556
G1 X169.138 Y78.229 E2296.10103
G1 X169.018 Y78.471 E2296.11092
G1 X168.734 Y78.77 E2296.126
G1 X168.517 Y78.907 E2296.13539
G1 X168.094 Y79.016 E2296.15137
G0 F9000 X167.974 Y80.307
G1 F1551.9 X168.4 Y80.274 E2296.16701
G1 X168.805 Y80.174 E2296.18227
G1 X169.202 Y80.001 E2296.19811
G1 X169.562 Y79.762 E2296.21392
G1 X169.87 Y79.473 E2296.22937
G1 X170.146 Y79.098 E2296.24641
G1 X170.356 Y78.655 E2296.26435
G1 X170.474 Y78.21 E2296.28119
G1 X170.507 Y77.796 E2296.29638
G1 X170.474 Y77.381 E2296.31161
G1 X170.382 Y77.021 E2296.32521
G1 X170.235 Y76.66 E2296.33947
G1 X170.018 Y76.307 E2296.35463
G1 X169.75 Y76 E2296.36954
G1 X169.411 Y75.727 E2296.38546
G1 X169.036 Y75.514 E2296.40124
G1 X168.628 Y75.37 E2296.41707
G1 X168.208 Y75.3 E2296.43265
G1 X167.809 Y75.297 E2296.44725
G1 X167.438 Y75.355 E2296.46099
G1 X167.072 Y75.466 E2296.47498
G1 X166.773 Y75.609 E2296.48711
G1 X166.497 Y75.789 E2296.49916
G1 X166.221 Y76.028 E2296.51252
G1 X165.979 Y76.311 E2296.52614
G1 X165.769 Y76.653 E2296.54082
G1 X165.603 Y77.048 E2296.5565
G1 X165.511 Y77.457 E2296.57184
G1 X165.493 Y77.891 E2296.58773
G1 X165.544 Y78.323 E2296.60365
G1 X165.666 Y78.727 E2296.61909
G1 X165.849 Y79.097 E2296.63419
G1 X166.081 Y79.413 E2296.64853
G1 X166.335 Y79.675 E2296.66188
G1 X166.619 Y79.892 E2296.67496
G1 X166.905 Y80.057 E2296.68704
G1 X167.227 Y80.185 E2296.69971
G1 X167.592 Y80.274 E2296.71346
G1 X167.974 Y80.307 E2296.72749
G1 F1500 E2294.72749
;MESH:NONMESH
G0 F300 Z4.88
G0 F9000 X51.996 Y79.446
;TIME_ELAPSED:7156.206553
;LAYER:25
;note -- min layer time used
;TYPE:WALL-INNER
;MESH:SmartKiln_Fondo.stl
G1 F1500 E2296.72749
G1 F1599.1 X51.569 Y79.404 E2296.74272
G1 F1610.5 X51.142 Y79.209 E2296.75927
G1 F1618.1 X50.775 Y78.923 E2296.7756
G1 F1595.4 X50.595 Y78.648 E2296.78729
G1 F1591.7 X50.462 Y78.405 E2296.79718
G1 F1595.4 X50.397 Y78.156 E2296.80633
G1 X50.351 Y77.846 E2296.81749
G1 X50.37 Y77.586 E2296.82677
G1 F1588 X50.46 Y77.172 E2296.84191
G1 F1595.4 X50.751 Y76.698 E2296.86171
G1 F1602.9 X51.142 Y76.375 E2296.87967
G1 F1614.3 X51.586 Y76.2 E2296.89646
G1 F1602.9 X51.869 Y76.162 E2296.90657
G1 X52.142 Y76.153 E2296.91625
G1 X52.404 Y76.209 E2296.92574
G1 X52.737 Y76.314 E2296.93811
G1 F1618.1 X53.071 Y76.535 E2296.95216
G1 F1610.5 X53.427 Y76.945 E2296.9713
G1 X53.621 Y77.444 E2296.99018
G1 F1614.3 X53.652 Y77.796 E2297.00261
G1 F1599.1 X53.618 Y78.058 E2297.01199
G1 F1595.4 X53.556 Y78.339 E2297.02223
G1 F1610.5 X53.407 Y78.663 E2297.0348
G1 F1595.4 X53.224 Y78.89 E2297.04518
G1 F1591.7 X53.02 Y79.095 E2297.05549
G1 F1602.9 X52.697 Y79.309 E2297.06922
G1 X52.239 Y79.429 E2297.08599
G1 F1599.1 X51.996 Y79.446 E2297.09464
G0 F9000 X51.976 Y79.872
G1 F1595.4 X52.332 Y79.845 E2297.10734
G1 X52.665 Y79.761 E2297.11957
G1 F1602.9 X52.995 Y79.62 E2297.13228
G1 X53.292 Y79.422 E2297.14492
G1 F1591.7 X53.542 Y79.182 E2297.15728
G1 F1595.4 X53.773 Y78.876 E2297.17093
G1 F1610.5 X53.948 Y78.506 E2297.18536
G1 F1595.4 X54.042 Y78.137 E2297.19891
G1 F1599.1 X54.074 Y77.796 E2297.21107
G1 F1614.3 X54.046 Y77.452 E2297.22321
G1 F1602.9 X53.969 Y77.157 E2297.23401
G1 X53.848 Y76.857 E2297.24547
G1 F1599.1 X53.666 Y76.565 E2297.25769
G1 F1588 X53.447 Y76.314 E2297.2696
G1 F1599.1 X53.153 Y76.077 E2297.283
G1 F1610.5 X52.856 Y75.909 E2297.29503
G1 F1595.4 X52.52 Y75.793 E2297.30768
G1 F1602.9 X52.171 Y75.731 E2297.32024
G1 X51.841 Y75.732 E2297.33193
G1 X51.535 Y75.776 E2297.34288
G1 X51.23 Y75.873 E2297.35422
G1 X50.984 Y75.986 E2297.36381
G1 F1606.7 X50.759 Y76.135 E2297.37334
G1 F1602.9 X50.528 Y76.334 E2297.38414
G1 X50.331 Y76.567 E2297.39495
G1 F1595.4 X50.156 Y76.852 E2297.40685
G1 X50.019 Y77.18 E2297.4195
G1 F1588 X49.945 Y77.514 E2297.43173
G1 F1595.4 X49.926 Y77.875 E2297.4446
G1 X49.972 Y78.234 E2297.45748
G1 X50.069 Y78.568 E2297.46986
G1 F1591.7 X50.223 Y78.87 E2297.48195
G1 F1595.4 X50.411 Y79.134 E2297.49348
G1 F1602.9 X50.624 Y79.349 E2297.5042
G1 F1599.1 X50.859 Y79.531 E2297.51476
G1 F1602.9 X51.094 Y79.665 E2297.52434
G1 F1599.1 X51.359 Y79.773 E2297.5345
G1 F1602.9 X51.663 Y79.844 E2297.54556
G1 F1595.4 X51.976 Y79.872 E2297.55674
G0 F9000 X51.974 Y80.307
;TYPE:WALL-OUTER
G1 F1551.9 X52.4 Y80.274 E2297.57237
G1 X52.805 Y80.174 E2297.58764
G1 X53.202 Y80.001 E2297.60348
G1 X53.562 Y79.762 E2297.61929
G1 X53.87 Y79.473 E2297.63474
G1 X54.146 Y79.098 E2297.65178
G1 X54.356 Y78.655 E2297.66971
G1 X54.474 Y78.21 E2297.68656
G1 X54.507 Y77.796 E2297.70175
G1 X54.474 Y77.381 E2297.71698
G1 X54.382 Y77.021 E2297.73058
G1 X54.235 Y76.66 E2297.74484
G1 X54.018 Y76.307 E2297.76
G1 X53.75 Y76 E2297.77491
G1 X53.411 Y75.727 E2297.79083
G1 X53.036 Y75.514 E2297.80661
G1 X52.628 Y75.37 E2297.82244
G1 X52.208 Y75.3 E2297.83802
G1 X51.809 Y75.297 E2297.85262
G1 X51.438 Y75.355 E2297.86636
G1 X51.072 Y75.466 E2297.88035
G1 X50.773 Y75.609 E2297.89247
G1 X50.497 Y75.789 E2297.90453
G1 X50.221 Y76.028 E2297.91789
G1 X49.979 Y76.311 E2297.93151
G1 X49.769 Y76.653 E2297.94619
G1 X49.603 Y77.048 E2297.96187
G1 X49.511 Y77.457 E2297.97721
G1 X49.493 Y77.891 E2297.9931
G1 X49.544 Y78.323 E2298.00901
G1 X49.666 Y78.727 E2298.02445
G1 X49.849 Y79.097 E2298.03956
G1 X50.081 Y79.413 E2298.0539
G1 X50.335 Y79.675 E2298.06725
G1 X50.619 Y79.892 E2298.08033
G1 X50.905 Y80.057 E2298.09241
G1 X51.227 Y80.185 E2298.10508
G1 X51.592 Y80.274 E2298.11883
G1 X51.974 Y80.307 E2298.13286
G0 F9000 X52.094 Y79.016
G1 F1551.9 X51.681 Y78.981 E2298.14802
G1 X51.342 Y78.826 E2298.16166
G1 X51.058 Y78.575 E2298.17553
G1 X50.849 Y78.208 E2298.19098
G1 X50.776 Y77.771 E2298.20719
G1 X50.873 Y77.334 E2298.22356
G1 X51.088 Y76.985 E2298.23856
G1 X51.367 Y76.751 E2298.25188
G1 X51.741 Y76.606 E2298.26656
G1 X52.145 Y76.586 E2298.28136
G1 X52.542 Y76.705 E2298.29652
G1 X52.754 Y76.84 E2298.30572
G1 X53.048 Y77.172 E2298.32194
G1 X53.194 Y77.541 E2298.33646
G1 X53.22 Y77.814 E2298.34649
G1 X53.138 Y78.229 E2298.36197
G1 X53.018 Y78.471 E2298.37185
G1 X52.734 Y78.77 E2298.38694
G1 X52.517 Y78.907 E2298.39633
G1 X52.094 Y79.016 E2298.41231
G1 F1500 E2296.41231
G0 F9000 X51.996 Y146.446
;TYPE:WALL-INNER
G1 F1500 E2298.41231
G1 F1599.1 X51.569 Y146.404 E2298.42754
G1 F1610.5 X51.142 Y146.209 E2298.44409
G1 F1618.1 X50.775 Y145.923 E2298.46042
G1 F1595.4 X50.595 Y145.648 E2298.47212
G1 F1591.7 X50.462 Y145.405 E2298.482
G1 F1595.4 X50.397 Y145.156 E2298.49116
G1 X50.351 Y144.846 E2298.50231
G1 X50.37 Y144.586 E2298.51159
G1 F1588 X50.46 Y144.172 E2298.52674
G1 F1595.4 X50.751 Y143.698 E2298.54653
G1 F1602.9 X51.142 Y143.375 E2298.5645
G1 F1614.3 X51.586 Y143.2 E2298.58128
G1 F1602.9 X51.869 Y143.162 E2298.5914
G1 X52.142 Y143.153 E2298.60107
G1 X52.404 Y143.209 E2298.61056
G1 X52.737 Y143.314 E2298.62293
G1 F1618.1 X53.071 Y143.535 E2298.63698
G1 F1610.5 X53.427 Y143.945 E2298.65613
G1 X53.621 Y144.444 E2298.675
G1 F1614.3 X53.652 Y144.796 E2298.68743
G1 F1599.1 X53.618 Y145.058 E2298.69681
G1 F1595.4 X53.556 Y145.339 E2298.70705
G1 F1610.5 X53.407 Y145.663 E2298.71962
G1 F1595.4 X53.224 Y145.89 E2298.73
G1 F1591.7 X53.02 Y146.095 E2298.74032
G1 F1602.9 X52.697 Y146.309 E2298.75404
G1 X52.239 Y146.429 E2298.77081
G1 F1599.1 X51.996 Y146.446 E2298.77946
G0 F9000 X51.976 Y146.872
G1 F1595.4 X52.332 Y146.845 E2298.79217
G1 X52.665 Y146.761 E2298.80439
G1 F1602.9 X52.995 Y146.62 E2298.8171
G1 X53.292 Y146.422 E2298.82975
G1 F1591.7 X53.542 Y146.182 E2298.84211
G1 F1595.4 X53.773 Y145.876 E2298.85575
G1 F1610.5 X53.948 Y145.506 E2298.87018
G1 F1595.4 X54.042 Y145.137 E2298.88373
G1 F1599.1 X54.074 Y144.796 E2298.89589
G1 F1614.3 X54.046 Y144.452 E2298.90803
G1 F1602.9 X53.969 Y144.157 E2298.91883
G1 X53.848 Y143.857 E2298.93029
G1 F1599.1 X53.666 Y143.565 E2298.94251
G1 F1588 X53.447 Y143.314 E2298.95442
G1 F1599.1 X53.153 Y143.077 E2298.96783
G1 F1610.5 X52.856 Y142.909 E2298.97986
G1 F1595.4 X52.52 Y142.793 E2298.99251
G1 F1602.9 X52.171 Y142.731 E2299.00506
G1 X51.841 Y142.732 E2299.01675
G1 X51.535 Y142.776 E2299.0277
G1 X51.23 Y142.873 E2299.03904
G1 X50.984 Y142.986 E2299.04863
G1 F1606.7 X50.759 Y143.135 E2299.05816
G1 F1602.9 X50.528 Y143.334 E2299.06896
G1 X50.331 Y143.567 E2299.07977
G1 F1595.4 X50.156 Y143.852 E2299.09167
G1 X50.019 Y144.18 E2299.10433
G1 F1588 X49.945 Y144.514 E2299.11656
G1 F1595.4 X49.926 Y144.875 E2299.12942
G1 X49.972 Y145.234 E2299.1423
G1 X50.069 Y145.568 E2299.15468
G1 F1591.7 X50.223 Y145.87 E2299.16677
G1 F1595.4 X50.411 Y146.134 E2299.17831
G1 F1602.9 X50.624 Y146.349 E2299.18903
G1 F1599.1 X50.859 Y146.531 E2299.19958
G1 F1602.9 X51.094 Y146.665 E2299.20916
G1 F1599.1 X51.359 Y146.773 E2299.21932
G1 F1602.9 X51.663 Y146.844 E2299.23038
G1 F1595.4 X51.976 Y146.872 E2299.24157
G0 F9000 X51.974 Y147.307
;TYPE:WALL-OUTER
G1 F1551.9 X52.4 Y147.274 E2299.2572
G1 X52.805 Y147.174 E2299.27246
G1 X53.202 Y147.001 E2299.2883
G1 X53.562 Y146.762 E2299.30411
G1 X53.87 Y146.473 E2299.31957
G1 X54.146 Y146.098 E2299.3366
G1 X54.356 Y145.655 E2299.35454
G1 X54.474 Y145.21 E2299.37138
G1 X54.507 Y144.796 E2299.38658
G1 X54.474 Y144.381 E2299.40181
G1 X54.382 Y144.021 E2299.4154
G1 X54.235 Y143.66 E2299.42966
G1 X54.018 Y143.307 E2299.44482
G1 X53.75 Y143 E2299.45973
G1 X53.411 Y142.727 E2299.47566
G1 X53.036 Y142.514 E2299.49143
G1 X52.628 Y142.37 E2299.50726
G1 X52.208 Y142.3 E2299.52284
G1 X51.809 Y142.297 E2299.53744
G1 X51.438 Y142.355 E2299.55118
G1 X51.072 Y142.466 E2299.56517
G1 X50.773 Y142.609 E2299.5773
G1 X50.497 Y142.789 E2299.58935
G1 X50.221 Y143.028 E2299.60271
G1 X49.979 Y143.311 E2299.61633
G1 X49.769 Y143.653 E2299.63102
G1 X49.603 Y144.048 E2299.64669
G1 X49.511 Y144.457 E2299.66203
G1 X49.493 Y144.891 E2299.67792
G1 X49.544 Y145.323 E2299.69384
G1 X49.666 Y145.727 E2299.70928
G1 X49.849 Y146.097 E2299.72438
G1 X50.081 Y146.413 E2299.73872
G1 X50.335 Y146.675 E2299.75207
G1 X50.619 Y146.892 E2299.76515
G1 X50.905 Y147.057 E2299.77723
G1 X51.227 Y147.185 E2299.78991
G1 X51.592 Y147.274 E2299.80365
G1 X51.974 Y147.307 E2299.81768
G0 F9000 X52.094 Y146.016
G1 F1551.9 X51.681 Y145.981 E2299.83284
G1 X51.342 Y145.826 E2299.84648
G1 X51.058 Y145.575 E2299.86035
G1 X50.849 Y145.208 E2299.8758
G1 X50.776 Y144.771 E2299.89201
G1 X50.873 Y144.334 E2299.90839
G1 X51.088 Y143.985 E2299.92338
G1 X51.367 Y143.751 E2299.93671
G1 X51.741 Y143.606 E2299.95138
G1 X52.145 Y143.586 E2299.96618
G1 X52.542 Y143.705 E2299.98134
G1 X52.754 Y143.84 E2299.99054
G1 X53.048 Y144.172 E2300.00676
G1 X53.194 Y144.541 E2300.02128
G1 X53.22 Y144.814 E2300.03132
G1 X53.138 Y145.229 E2300.04679
G1 X53.018 Y145.471 E2300.05668
G1 X52.734 Y145.77 E2300.07176
G1 X52.517 Y145.907 E2300.08115
G1 X52.094 Y146.016 E2300.09713
G1 F1500 E2298.09713
G0 F9000 X167.976 Y146.872
;TYPE:WALL-INNER
G1 F1500 E2300.09713
G1 F1595.4 X168.332 Y146.845 E2300.10984
G1 X168.665 Y146.761 E2300.12206
G1 F1602.9 X168.995 Y146.62 E2300.13477
G1 X169.292 Y146.422 E2300.14742
G1 F1591.7 X169.542 Y146.182 E2300.15978
G1 F1595.4 X169.773 Y145.876 E2300.17342
G1 F1610.5 X169.948 Y145.506 E2300.18785
G1 F1595.4 X170.042 Y145.137 E2300.20141
G1 F1599.1 X170.074 Y144.796 E2300.21357
G1 F1614.3 X170.046 Y144.452 E2300.2257
G1 F1602.9 X169.969 Y144.157 E2300.2365
G1 X169.848 Y143.857 E2300.24796
G1 F1599.1 X169.666 Y143.565 E2300.26018
G1 F1588 X169.447 Y143.314 E2300.27209
G1 F1599.1 X169.153 Y143.077 E2300.2855
G1 F1610.5 X168.856 Y142.909 E2300.29753
G1 F1595.4 X168.52 Y142.793 E2300.31018
G1 F1602.9 X168.171 Y142.731 E2300.32273
G1 X167.841 Y142.732 E2300.33442
G1 X167.535 Y142.776 E2300.34537
G1 X167.23 Y142.873 E2300.35671
G1 X166.984 Y142.986 E2300.3663
G1 F1606.7 X166.759 Y143.135 E2300.37584
G1 F1602.9 X166.528 Y143.334 E2300.38664
G1 X166.331 Y143.567 E2300.39744
G1 F1595.4 X166.156 Y143.852 E2300.40935
G1 X166.019 Y144.18 E2300.422
G1 F1588 X165.945 Y144.514 E2300.43423
G1 F1595.4 X165.926 Y144.875 E2300.44709
G1 X165.972 Y145.234 E2300.45997
G1 X166.069 Y145.568 E2300.47235
G1 F1591.7 X166.223 Y145.87 E2300.48444
G1 F1595.4 X166.411 Y146.134 E2300.49598
G1 F1602.9 X166.624 Y146.349 E2300.5067
G1 F1599.1 X166.859 Y146.531 E2300.51725
G1 F1602.9 X167.094 Y146.665 E2300.52683
G1 F1599.1 X167.359 Y146.773 E2300.53699
G1 F1602.9 X167.663 Y146.844 E2300.54805
G1 F1595.4 X167.976 Y146.872 E2300.55924
G0 F9000 X167.996 Y146.446
G1 F1599.1 X167.569 Y146.404 E2300.57447
G1 F1610.5 X167.142 Y146.209 E2300.59102
G1 F1618.1 X166.775 Y145.923 E2300.60735
G1 F1595.4 X166.595 Y145.648 E2300.61904
G1 F1591.7 X166.462 Y145.405 E2300.62893
G1 F1595.4 X166.397 Y145.156 E2300.63808
G1 X166.351 Y144.846 E2300.64924
G1 X166.37 Y144.586 E2300.65851
G1 F1588 X166.46 Y144.172 E2300.67366
G1 F1595.4 X166.751 Y143.698 E2300.69346
G1 F1602.9 X167.142 Y143.375 E2300.71142
G1 F1614.3 X167.586 Y143.2 E2300.72821
G1 F1602.9 X167.869 Y143.162 E2300.73832
G1 X168.142 Y143.153 E2300.748
G1 X168.404 Y143.209 E2300.75749
G1 X168.737 Y143.314 E2300.76986
G1 F1618.1 X169.071 Y143.535 E2300.78391
G1 F1610.5 X169.427 Y143.945 E2300.80305
G1 X169.621 Y144.444 E2300.82193
G1 F1614.3 X169.652 Y144.796 E2300.83436
G1 F1599.1 X169.618 Y145.058 E2300.84374
G1 F1595.4 X169.556 Y145.339 E2300.85398
G1 F1610.5 X169.407 Y145.663 E2300.86655
G1 F1595.4 X169.224 Y145.89 E2300.87693
G1 F1591.7 X169.02 Y146.095 E2300.88724
G1 F1602.9 X168.697 Y146.309 E2300.90097
G1 X168.239 Y146.429 E2300.91774
G1 F1599.1 X167.996 Y146.446 E2300.92639
G0 F9000 X168.094 Y146.016
;TYPE:WALL-OUTER
G1 F1551.9 X167.681 Y145.981 E2300.94155
G1 X167.342 Y145.826 E2300.95519
G1 X167.058 Y145.575 E2300.96906
G1 X166.849 Y145.208 E2300.98451
G1 X166.776 Y144.771 E2301.00072
G1 X166.873 Y144.334 E2301.0171
G1 X167.088 Y143.985 E2301.03209
G1 X167.367 Y143.751 E2301.04541
G1 X167.741 Y143.606 E2301.06009
G1 X168.145 Y143.586 E2301.07489
G1 X168.542 Y143.705 E2301.09005
G1 X168.754 Y143.84 E2301.09925
G1 X169.048 Y144.172 E2301.11547
G1 X169.194 Y144.541 E2301.12999
G1 X169.22 Y144.814 E2301.14002
G1 X169.138 Y145.229 E2301.1555
G1 X169.018 Y145.471 E2301.16538
G1 X168.734 Y145.77 E2301.18047
G1 X168.517 Y145.907 E2301.18986
G1 X168.094 Y146.016 E2301.20584
G0 F9000 X167.974 Y147.307
G1 F1551.9 X168.4 Y147.274 E2301.22147
G1 X168.805 Y147.174 E2301.23674
G1 X169.202 Y147.001 E2301.25258
G1 X169.562 Y146.762 E2301.26839
G1 X169.87 Y146.473 E2301.28384
G1 X170.146 Y146.098 E2301.30088
G1 X170.356 Y145.655 E2301.31881
G1 X170.474 Y145.21 E2301.33566
G1 X170.507 Y144.796 E2301.35085
G1 X170.474 Y144.381 E2301.36608
G1 X170.382 Y144.021 E2301.37968
G1 X170.235 Y143.66 E2301.39394
G1 X170.018 Y143.307 E2301.4091
G1 X169.75 Y143 E2301.42401
G1 X169.411 Y142.727 E2301.43993
G1 X169.036 Y142.514 E2301.45571
G1 X168.628 Y142.37 E2301.47154
G1 X168.208 Y142.3 E2301.48712
G1 X167.809 Y142.297 E2301.50172
G1 X167.438 Y142.355 E2301.51545
G1 X167.072 Y142.466 E2301.52945
G1 X166.773 Y142.609 E2301.54157
G1 X166.497 Y142.789 E2301.55363
G1 X166.221 Y143.028 E2301.56699
G1 X165.979 Y143.311 E2301.58061
G1 X165.769 Y143.653 E2301.59529
G1 X165.603 Y144.048 E2301.61097
G1 X165.511 Y144.457 E2301.62631
G1 X165.493 Y144.891 E2301.6422
G1 X165.544 Y145.323 E2301.65811
G1 X165.666 Y145.727 E2301.67355
G1 X165.849 Y146.097 E2301.68866
G1 X166.081 Y146.413 E2301.703
G1 X166.335 Y146.675 E2301.71635
G1 X166.619 Y146.892 E2301.72943
G1 X166.905 Y147.057 E2301.74151
G1 X167.227 Y147.185 E2301.75418
G1 X167.592 Y147.274 E2301.76793
G1 X167.974 Y147.307 E2301.78196
G1 F1500 E2299.78196
G0 F9000 X167.901 Y148.19
G0 X166.958 Y148.033
G0 X166.125 Y147.632
G0 X165.4 Y146.984
G0 X165.091 Y146.552
G0 X164.843 Y146.054
G0 X164.677 Y145.506
G0 X164.619 Y145.036
G0 X167.867 Y81.187
G0 X167.976 Y79.872
;TYPE:WALL-INNER
G1 F1500 E2301.78196
G1 F1595.4 X168.332 Y79.845 E2301.79466
G1 X168.665 Y79.761 E2301.80688
G1 F1602.9 X168.995 Y79.62 E2301.8196
G1 X169.292 Y79.422 E2301.83224
G1 F1591.7 X169.542 Y79.182 E2301.8446
G1 F1595.4 X169.773 Y78.876 E2301.85825
G1 F1610.5 X169.948 Y78.506 E2301.87268
G1 F1595.4 X170.042 Y78.137 E2301.88623
G1 F1599.1 X170.074 Y77.796 E2301.89839
G1 F1614.3 X170.046 Y77.452 E2301.91053
G1 F1602.9 X169.969 Y77.157 E2301.92133
G1 X169.848 Y76.857 E2301.93279
G1 F1599.1 X169.666 Y76.565 E2301.945
G1 F1588 X169.447 Y76.314 E2301.95691
G1 F1599.1 X169.153 Y76.077 E2301.97032
G1 F1610.5 X168.856 Y75.909 E2301.98235
G1 F1595.4 X168.52 Y75.793 E2301.995
G1 F1602.9 X168.171 Y75.731 E2302.00756
G1 X167.841 Y75.732 E2302.01925
G1 X167.535 Y75.776 E2302.0302
G1 X167.23 Y75.873 E2302.04153
G1 X166.984 Y75.986 E2302.05112
G1 F1606.7 X166.759 Y76.135 E2302.06066
G1 F1602.9 X166.528 Y76.334 E2302.07146
G1 X166.331 Y76.567 E2302.08227
G1 F1595.4 X166.156 Y76.852 E2302.09417
G1 X166.019 Y77.18 E2302.10682
G1 F1588 X165.945 Y77.514 E2302.11905
G1 F1595.4 X165.926 Y77.875 E2302.13192
G1 X165.972 Y78.234 E2302.1448
G1 X166.069 Y78.568 E2302.15717
G1 F1591.7 X166.223 Y78.87 E2302.16927
G1 F1595.4 X166.411 Y79.134 E2302.1808
G1 F1602.9 X166.624 Y79.349 E2302.19152
G1 F1599.1 X166.859 Y79.531 E2302.20207
G1 F1602.9 X167.094 Y79.665 E2302.21166
G1 F1599.1 X167.359 Y79.773 E2302.22182
G1 F1602.9 X167.663 Y79.844 E2302.23288
G1 F1595.4 X167.976 Y79.872 E2302.24406
G0 F9000 X167.996 Y79.446
G1 F1599.1 X167.569 Y79.404 E2302.25929
G1 F1610.5 X167.142 Y79.209 E2302.27584
G1 F1618.1 X166.775 Y78.923 E2302.29217
G1 F1595.4 X166.595 Y78.648 E2302.30387
G1 F1591.7 X166.462 Y78.405 E2302.31375
G1 F1595.4 X166.397 Y78.156 E2302.32291
G1 X166.351 Y77.846 E2302.33406
G1 X166.37 Y77.586 E2302.34334
G1 F1588 X166.46 Y77.172 E2302.35849
G1 F1595.4 X166.751 Y76.698 E2302.37828
G1 F1602.9 X167.142 Y76.375 E2302.39624
G1 F1614.3 X167.586 Y76.2 E2302.41303
G1 F1602.9 X167.869 Y76.162 E2302.42314
G1 X168.142 Y76.153 E2302.43282
G1 X168.404 Y76.209 E2302.44231
G1 X168.737 Y76.314 E2302.45468
G1 F1618.1 X169.071 Y76.535 E2302.46873
G1 F1610.5 X169.427 Y76.945 E2302.48787
G1 X169.621 Y77.444 E2302.50675
G1 F1614.3 X169.652 Y77.796 E2302.51918
G1 F1599.1 X169.618 Y78.058 E2302.52856
G1 F1595.4 X169.556 Y78.339 E2302.5388
G1 F1610.5 X169.407 Y78.663 E2302.55137
G1 F1595.4 X169.224 Y78.89 E2302.56175
G1 F1591.7 X169.02 Y79.095 E2302.57207
G1 F1602.9 X168.697 Y79.309 E2302.58579
G1 X168.239 Y79.429 E2302.60256
G1 F1599.1 X167.996 Y79.446 E2302.61121
G0 F9000 X168.094 Y79.016
;TYPE:WALL-OUTER
G1 F1551.9 X167.681 Y78.981 E2302.62637
G1 X167.342 Y78.826 E2302.64001
G1 X167.058 Y78.575 E2302.65388
G1 X166.849 Y78.208 E2302.66933
G1 X166.776 Y77.771 E2302.68554
G1 X166.873 Y77.334 E2302.70192
G1 X167.088 Y76.985 E2302.71691
G1 X167.367 Y76.751 E2302.73024
G1 X167.741 Y76.606 E2302.74491
G1 X168.145 Y76.586 E2302.75971
G1 X168.542 Y76.705 E2302.77488
G1 X168.754 Y76.84 E2302.78407
G1 X169.048 Y77.172 E2302.8003
G1 X169.194 Y77.541 E2302.81481
G1 X169.22 Y77.814 E2302.82485
G1 X169.138 Y78.229 E2302.84032
G1 X169.018 Y78.471 E2302.85021
G1 X168.734 Y78.77 E2302.86529
G1 X168.517 Y78.907 E2302.87468
G1 X168.094 Y79.016 E2302.89066
G0 F9000 X167.974 Y80.307
G1 F1551.9 X168.4 Y80.274 E2302.9063
G1 X168.805 Y80.174 E2302.92156
G1 X169.202 Y80.001 E2302.9374
G1 X169.562 Y79.762 E2302.95321
G1 X169.87 Y79.473 E2302.96866
G1 X170.146 Y79.098 E2302.9857
G1 X170.356 Y78.655 E2303.00364
G1 X170.474 Y78.21 E2303.02048
G1 X170.507 Y77.796 E2303.03567
G1 X170.474 Y77.381 E2303.05091
G1 X170.382 Y77.021 E2303.0645
G1 X170.235 Y76.66 E2303.07876
G1 X170.018 Y76.307 E2303.09392
G1 X169.75 Y76 E2303.10883
G1 X169.411 Y75.727 E2303.12475
G1 X169.036 Y75.514 E2303.14053
G1 X168.628 Y75.37 E2303.15636
G1 X168.208 Y75.3 E2303.17194
G1 X167.809 Y75.297 E2303.18654
G1 X167.438 Y75.355 E2303.20028
G1 X167.072 Y75.466 E2303.21427
G1 X166.773 Y75.609 E2303.2264
G1 X166.497 Y75.789 E2303.23845
G1 X166.221 Y76.028 E2303.25181
G1 X165.979 Y76.311 E2303.26543
G1 X165.769 Y76.653 E2303.28012
G1 X165.603 Y77.048 E2303.29579
G1 X165.511 Y77.457 E2303.31113
G1 X165.493 Y77.891 E2303.32702
G1 X165.544 Y78.323 E2303.34294
G1 X165.666 Y78.727 E2303.35838
G1 X165.849 Y79.097 E2303.37348
G1 X166.081 Y79.413 E2303.38782
G1 X166.335 Y79.675 E2303.40117
G1 X166.619 Y79.892 E2303.41425
G1 X166.905 Y80.057 E2303.42633
G1 X167.227 Y80.185 E2303.43901
G1 X167.592 Y80.274 E2303.45275
G1 X167.974 Y80.307 E2303.46678
G1 F1500 E2301.46678
;MESH:NONMESH
G0 F300 Z5.08
G0 F9000 X51.996 Y79.446
;TIME_ELAPSED:7169.165530
;LAYER:26
;note -- min layer time used
;TYPE:WALL-INNER
;MESH:SmartKiln_Fondo.stl
G1 F1500 E2303.46678
G1 F1599.1 X51.569 Y79.404 E2303.48201
G1 F1610.4 X51.142 Y79.209 E2303.49856
G1 F1602.9 X50.907 Y79.026 E2303.50911
G1 F1599.1 X50.708 Y78.836 E2303.51888
G1 F1610.4 X50.462 Y78.405 E2303.53638
G1 F1595.4 X50.397 Y78.156 E2303.54554
G1 X50.351 Y77.846 E2303.55669
G1 X50.37 Y77.586 E2303.56597
G1 F1588 X50.46 Y77.172 E2303.58111
G1 F1595.4 X50.751 Y76.698 E2303.60091
G1 F1602.9 X51.142 Y76.375 E2303.61887
G1 F1614.2 X51.586 Y76.2 E2303.63566
G1 F1602.9 X51.869 Y76.162 E2303.64577
G1 X52.142 Y76.153 E2303.65545
G1 X52.404 Y76.209 E2303.66494
G1 X52.737 Y76.314 E2303.67731
G1 F1618.1 X53.071 Y76.535 E2303.69136
G1 F1610.4 X53.427 Y76.945 E2303.7105
G1 X53.621 Y77.444 E2303.72938
G1 F1614.2 X53.652 Y77.796 E2303.74181
G1 F1599.1 X53.618 Y78.058 E2303.75119
G1 F1595.4 X53.556 Y78.339 E2303.76143
G1 F1610.4 X53.407 Y78.663 E2303.774
G1 F1595.4 X53.224 Y78.89 E2303.78438
G1 F1591.7 X53.02 Y79.095 E2303.7947
G1 F1602.9 X52.697 Y79.309 E2303.80842
G1 X52.239 Y79.429 E2303.82519
G1 F1599.1 X51.996 Y79.446 E2303.83384
G0 F9000 X51.976 Y79.872
G1 F1595.4 X52.332 Y79.845 E2303.84655
G1 X52.665 Y79.761 E2303.85877
G1 F1602.9 X52.995 Y79.62 E2303.87148
G1 X53.292 Y79.422 E2303.88412
G1 F1591.7 X53.542 Y79.182 E2303.89649
G1 F1595.4 X53.773 Y78.876 E2303.91013
G1 F1610.4 X53.948 Y78.506 E2303.92456
G1 F1595.4 X54.042 Y78.137 E2303.93811
G1 F1599.1 X54.074 Y77.796 E2303.95027
G1 F1614.2 X54.046 Y77.452 E2303.96241
G1 F1602.9 X53.969 Y77.157 E2303.97321
G1 X53.848 Y76.857 E2303.98467
G1 F1599.1 X53.666 Y76.565 E2303.99689
G1 F1588 X53.447 Y76.314 E2304.0088
G1 F1599.1 X53.153 Y76.077 E2304.0222
G1 F1610.4 X52.856 Y75.909 E2304.03423
G1 F1595.4 X52.52 Y75.793 E2304.04688
G1 F1602.9 X52.171 Y75.731 E2304.05944
G1 X51.841 Y75.732 E2304.07113
G1 X51.535 Y75.776 E2304.08208
G1 X51.23 Y75.873 E2304.09342
G1 X50.984 Y75.986 E2304.10301
G1 F1606.6 X50.759 Y76.135 E2304.11254
G1 F1602.9 X50.528 Y76.334 E2304.12334
G1 X50.331 Y76.567 E2304.13415
G1 F1595.4 X50.156 Y76.852 E2304.14605
G1 X50.019 Y77.18 E2304.1587
G1 F1588 X49.945 Y77.514 E2304.17094
G1 F1595.4 X49.926 Y77.875 E2304.1838
G1 X49.972 Y78.234 E2304.19668
G1 X50.069 Y78.568 E2304.20906
G1 F1591.7 X50.223 Y78.87 E2304.22115
G1 F1595.4 X50.411 Y79.134 E2304.23269
G1 F1602.9 X50.624 Y79.349 E2304.24341
G1 F1599.1 X50.859 Y79.531 E2304.25396
G1 F1602.9 X51.094 Y79.665 E2304.26354
G1 F1599.1 X51.359 Y79.773 E2304.2737
G1 F1602.9 X51.663 Y79.844 E2304.28476
G1 F1595.4 X51.976 Y79.872 E2304.29594
G0 F9000 X51.974 Y80.307
;TYPE:WALL-OUTER
G1 F1551.9 X52.4 Y80.274 E2304.31158
G1 X52.805 Y80.174 E2304.32684
G1 X53.202 Y80.001 E2304.34268
G1 X53.562 Y79.762 E2304.35849
G1 X53.87 Y79.473 E2304.37394
G1 X54.146 Y79.098 E2304.39098
G1 X54.356 Y78.655 E2304.40892
G1 X54.474 Y78.21 E2304.42576
G1 X54.507 Y77.796 E2304.44095
G1 X54.474 Y77.381 E2304.45619
G1 X54.382 Y77.021 E2304.46978
G1 X54.235 Y76.66 E2304.48404
G1 X54.018 Y76.307 E2304.4992
G1 X53.75 Y76 E2304.51411
G1 X53.411 Y75.727 E2304.53003
G1 X53.036 Y75.514 E2304.54581
G1 X52.628 Y75.37 E2304.56164
G1 X52.208 Y75.3 E2304.57722
G1 X51.809 Y75.297 E2304.59182
G1 X51.438 Y75.355 E2304.60556
G1 X51.072 Y75.466 E2304.61955
G1 X50.773 Y75.609 E2304.63168
G1 X50.497 Y75.789 E2304.64373
G1 X50.221 Y76.028 E2304.65709
G1 X49.979 Y76.311 E2304.67071
G1 X49.769 Y76.653 E2304.68539
G1 X49.603 Y77.048 E2304.70107
G1 X49.511 Y77.457 E2304.71641
G1 X49.493 Y77.891 E2304.7323
G1 X49.544 Y78.323 E2304.74822
G1 X49.666 Y78.727 E2304.76366
G1 X49.849 Y79.097 E2304.77876
G1 X50.081 Y79.413 E2304.7931
G1 X50.335 Y79.675 E2304.80645
G1 X50.619 Y79.892 E2304.81953
G1 X50.905 Y80.057 E2304.83161
G1 X51.227 Y80.185 E2304.84428
G1 X51.592 Y80.274 E2304.85803
G1 X51.974 Y80.307 E2304.87206
G0 F9000 X52.094 Y79.016
G1 F1551.9 X51.681 Y78.981 E2304.88722
G1 X51.342 Y78.826 E2304.90086
G1 X51.058 Y78.575 E2304.91473
G1 X50.849 Y78.208 E2304.93018
G1 X50.776 Y77.771 E2304.94639
G1 X50.873 Y77.334 E2304.96277
G1 X51.088 Y76.985 E2304.97776
G1 X51.367 Y76.751 E2304.99108
G1 X51.741 Y76.606 E2305.00576
G1 X52.145 Y76.586 E2305.02056
G1 X52.542 Y76.705 E2305.03572
G1 X52.754 Y76.84 E2305.04492
G1 X53.048 Y77.172 E2305.06114
G1 X53.194 Y77.541 E2305.07566
G1 X53.22 Y77.814 E2305.08569
G1 X53.138 Y78.229 E2305.10117
G1 X53.018 Y78.471 E2305.11105
G1 X52.734 Y78.77 E2305.12614
G1 X52.517 Y78.907 E2305.13553
G1 X52.094 Y79.016 E2305.15151
G1 F1500 E2303.15151
G0 F9000 X51.996 Y146.446
;TYPE:WALL-INNER
G1 F1500 E2305.15151
G1 F1599.1 X51.569 Y146.404 E2305.16675
G1 F1610.4 X51.142 Y146.209 E2305.1833
G1 F1618.1 X50.775 Y145.923 E2305.19962
G1 F1595.4 X50.595 Y145.648 E2305.21132
G1 F1591.7 X50.462 Y145.405 E2305.2212
G1 F1595.4 X50.397 Y145.156 E2305.23036
G1 X50.351 Y144.846 E2305.24151
G1 X50.37 Y144.586 E2305.25079
G1 F1588 X50.46 Y144.172 E2305.26594
G1 F1595.4 X50.75 Y143.699 E2305.28568
G1 F1602.9 X51.136 Y143.378 E2305.30347
G1 F1614.2 X51.586 Y143.2 E2305.32049
G1 F1602.9 X51.869 Y143.162 E2305.3306
G1 X52.142 Y143.153 E2305.34028
G1 X52.404 Y143.209 E2305.34977
G1 X52.737 Y143.314 E2305.36213
G1 F1618.1 X53.071 Y143.535 E2305.37619
G1 F1610.4 X53.427 Y143.945 E2305.39533
G1 X53.621 Y144.444 E2305.41421
G1 F1614.2 X53.652 Y144.796 E2305.42664
G1 F1599.1 X53.618 Y145.058 E2305.43602
G1 F1595.4 X53.556 Y145.339 E2305.44626
G1 F1610.4 X53.407 Y145.663 E2305.45883
G1 F1595.4 X53.224 Y145.89 E2305.46921
G1 F1591.7 X53.02 Y146.095 E2305.47952
G1 F1602.9 X52.697 Y146.309 E2305.49325
G1 X52.239 Y146.429 E2305.51002
G1 F1599.1 X51.996 Y146.446 E2305.51867
G0 F9000 X51.976 Y146.872
G1 F1595.4 X52.332 Y146.845 E2305.53137
G1 X52.665 Y146.761 E2305.5436
G1 F1602.9 X52.995 Y146.62 E2305.55631
G1 X53.292 Y146.422 E2305.56895
G1 F1591.7 X53.542 Y146.182 E2305.58131
G1 F1595.4 X53.773 Y145.876 E2305.59496
G1 F1610.4 X53.948 Y145.506 E2305.60939
G1 F1595.4 X54.042 Y145.137 E2305.62294
G1 F1599.1 X54.074 Y144.796 E2305.6351
G1 F1614.2 X54.046 Y144.452 E2305.64724
G1 F1602.9 X53.969 Y144.157 E2305.65804
G1 X53.848 Y143.857 E2305.6695
G1 F1599.1 X53.666 Y143.565 E2305.68171
G1 F1588 X53.447 Y143.314 E2305.69362
G1 F1599.1 X53.153 Y143.077 E2305.70703
G1 F1610.4 X52.856 Y142.909 E2305.71906
G1 F1595.4 X52.52 Y142.793 E2305.73171
G1 F1602.9 X52.171 Y142.731 E2305.74427
G1 X51.841 Y142.732 E2305.75596
G1 X51.535 Y142.776 E2305.76691
G1 X51.23 Y142.873 E2305.77824
G1 X50.984 Y142.986 E2305.78783
G1 F1606.6 X50.759 Y143.135 E2305.79737
G1 F1602.9 X50.528 Y143.334 E2305.80817
G1 X50.331 Y143.567 E2305.81898
G1 F1595.4 X50.156 Y143.852 E2305.83088
G1 X50.019 Y144.18 E2305.84353
G1 F1588 X49.945 Y144.514 E2305.85576
G1 F1595.4 X49.926 Y144.875 E2305.86863
G1 X49.972 Y145.234 E2305.88151
G1 X50.069 Y145.568 E2305.89389
G1 F1591.7 X50.223 Y145.87 E2305.90598
G1 F1595.4 X50.411 Y146.134 E2305.91751
G1 F1602.9 X50.624 Y146.349 E2305.92823
G1 F1599.1 X50.859 Y146.531 E2305.93879
G1 F1602.9 X51.094 Y146.665 E2305.94837
G1 F1599.1 X51.359 Y146.773 E2305.95853
G1 F1602.9 X51.663 Y146.844 E2305.96959
G1 F1595.4 X51.976 Y146.872 E2305.98077
G0 F9000 X51.974 Y147.307
;TYPE:WALL-OUTER
G1 F1551.9 X52.4 Y147.274 E2305.9964
G1 X52.805 Y147.174 E2306.01167
G1 X53.202 Y147.001 E2306.02751
G1 X53.562 Y146.762 E2306.04332
G1 X53.87 Y146.473 E2306.05877
G1 X54.146 Y146.098 E2306.07581
G1 X54.356 Y145.655 E2306.09374
G1 X54.474 Y145.21 E2306.11059
G1 X54.507 Y144.796 E2306.12578
G1 X54.474 Y144.381 E2306.14101
G1 X54.382 Y144.021 E2306.15461
G1 X54.235 Y143.66 E2306.16887
G1 X54.018 Y143.307 E2306.18403
G1 X53.75 Y143 E2306.19894
G1 X53.411 Y142.727 E2306.21486
G1 X53.036 Y142.514 E2306.23064
G1 X52.628 Y142.37 E2306.24647
G1 X52.208 Y142.3 E2306.26205
G1 X51.809 Y142.297 E2306.27665
G1 X51.438 Y142.355 E2306.29038
G1 X51.072 Y142.466 E2306.30438
G1 X50.773 Y142.609 E2306.3165
G1 X50.497 Y142.789 E2306.32856
G1 X50.221 Y143.028 E2306.34192
G1 X49.979 Y143.311 E2306.35554
G1 X49.769 Y143.653 E2306.37022
G1 X49.603 Y144.048 E2306.3859
G1 X49.511 Y144.457 E2306.40124
G1 X49.493 Y144.891 E2306.41713
G1 X49.544 Y145.323 E2306.43304
G1 X49.666 Y145.727 E2306.44848
G1 X49.849 Y146.097 E2306.46358
G1 X50.081 Y146.413 E2306.47793
G1 X50.335 Y146.675 E2306.49128
G1 X50.619 Y146.892 E2306.50435
G1 X50.905 Y147.057 E2306.51643
G1 X51.227 Y147.185 E2306.52911
G1 X51.592 Y147.274 E2306.54286
G1 X51.974 Y147.307 E2306.55689
G0 F9000 X52.094 Y146.016
G1 F1551.9 X51.681 Y145.981 E2306.57205
G1 X51.342 Y145.826 E2306.58569
G1 X51.058 Y145.575 E2306.59955
G1 X50.849 Y145.208 E2306.61501
G1 X50.776 Y144.771 E2306.63122
G1 X50.873 Y144.334 E2306.64759
G1 X51.088 Y143.985 E2306.66259
G1 X51.367 Y143.751 E2306.67591
G1 X51.741 Y143.606 E2306.69059
G1 X52.145 Y143.586 E2306.70539
G1 X52.542 Y143.705 E2306.72055
G1 X52.754 Y143.84 E2306.72975
G1 X53.048 Y144.172 E2306.74597
G1 X53.194 Y144.541 E2306.76049
G1 X53.22 Y144.814 E2306.77052
G1 X53.138 Y145.229 E2306.786
G1 X53.018 Y145.471 E2306.79588
G1 X52.734 Y145.77 E2306.81097
G1 X52.517 Y145.907 E2306.82036
G1 X52.094 Y146.016 E2306.83634
G1 F1500 E2304.83634
G0 F9000 X167.976 Y146.872
;TYPE:WALL-INNER
G1 F1500 E2306.83634
G1 F1595.4 X168.332 Y146.845 E2306.84904
G1 X168.665 Y146.761 E2306.86127
G1 F1602.9 X168.995 Y146.62 E2306.87398
G1 X169.292 Y146.422 E2306.88662
G1 F1591.7 X169.542 Y146.182 E2306.89898
G1 F1595.4 X169.773 Y145.876 E2306.91263
G1 F1610.4 X169.948 Y145.506 E2306.92706
G1 F1595.4 X170.042 Y145.137 E2306.94061
G1 F1599.1 X170.074 Y144.796 E2306.95277
G1 F1614.2 X170.046 Y144.452 E2306.96491
G1 F1602.9 X169.969 Y144.157 E2306.97571
G1 X169.848 Y143.857 E2306.98717
G1 F1599.1 X169.666 Y143.565 E2306.99939
G1 F1588 X169.447 Y143.314 E2307.0113
G1 F1599.1 X169.153 Y143.077 E2307.0247
G1 F1610.4 X168.856 Y142.909 E2307.03673
G1 F1595.4 X168.52 Y142.793 E2307.04938
G1 F1602.9 X168.171 Y142.731 E2307.06194
G1 X167.841 Y142.732 E2307.07363
G1 X167.535 Y142.776 E2307.08458
G1 X167.23 Y142.873 E2307.09592
G1 X166.984 Y142.986 E2307.10551
G1 F1606.6 X166.759 Y143.135 E2307.11504
G1 F1602.9 X166.528 Y143.334 E2307.12584
G1 X166.331 Y143.567 E2307.13665
G1 F1595.4 X166.156 Y143.852 E2307.14855
G1 X166.019 Y144.18 E2307.1612
G1 F1588 X165.945 Y144.514 E2307.17343
G1 F1595.4 X165.926 Y144.875 E2307.1863
G1 X165.972 Y145.234 E2307.19918
G1 X166.069 Y145.568 E2307.21156
G1 F1591.7 X166.223 Y145.87 E2307.22365
G1 F1595.4 X166.411 Y146.134 E2307.23518
G1 F1602.9 X166.624 Y146.349 E2307.2459
G1 F1599.1 X166.859 Y146.531 E2307.25646
G1 F1602.9 X167.094 Y146.665 E2307.26604
G1 F1599.1 X167.359 Y146.773 E2307.2762
G1 F1602.9 X167.663 Y146.844 E2307.28726
G1 F1595.4 X167.976 Y146.872 E2307.29844
G0 F9000 X167.996 Y146.446
G1 F1599.1 X167.569 Y146.404 E2307.31368
G1 F1610.4 X167.142 Y146.209 E2307.33023
G1 F1618.1 X166.775 Y145.923 E2307.34655
G1 F1595.4 X166.595 Y145.648 E2307.35825
G1 F1591.7 X166.462 Y145.405 E2307.36813
G1 F1595.4 X166.397 Y145.156 E2307.37729
G1 X166.351 Y144.846 E2307.38844
G1 X166.37 Y144.586 E2307.39772
G1 F1588 X166.46 Y144.172 E2307.41287
G1 F1595.4 X166.751 Y143.698 E2307.43266
G1 F1602.9 X167.142 Y143.375 E2307.45063
G1 F1614.2 X167.586 Y143.2 E2307.46741
G1 F1602.9 X167.869 Y143.162 E2307.47753
G1 X168.142 Y143.153 E2307.4872
G1 X168.404 Y143.209 E2307.49669
G1 X168.737 Y143.314 E2307.50906
G1 F1618.1 X169.071 Y143.535 E2307.52311
G1 F1610.4 X169.427 Y143.945 E2307.54226
G1 X169.621 Y144.444 E2307.56113
G1 F1614.2 X169.652 Y144.796 E2307.57356
G1 F1599.1 X169.618 Y145.058 E2307.58294
G1 F1595.4 X169.556 Y145.339 E2307.59318
G1 F1610.4 X169.407 Y145.663 E2307.60576
G1 F1595.4 X169.224 Y145.89 E2307.61613
G1 F1591.7 X169.02 Y146.095 E2307.62645
G1 F1602.9 X168.697 Y146.309 E2307.64017
G1 X168.239 Y146.429 E2307.65694
G1 F1599.1 X167.996 Y146.446 E2307.66559
G0 F9000 X168.094 Y146.016
;TYPE:WALL-OUTER
G1 F1551.9 X167.681 Y145.981 E2307.68076
G1 X167.342 Y145.826 E2307.6944
G1 X167.058 Y145.575 E2307.70826
G1 X166.849 Y145.208 E2307.72371
G1 X166.776 Y144.771 E2307.73992
G1 X166.873 Y144.334 E2307.7563
G1 X167.088 Y143.985 E2307.7713
G1 X167.367 Y143.751 E2307.78462
G1 X167.741 Y143.606 E2307.7993
G1 X168.145 Y143.586 E2307.81409
G1 X168.542 Y143.705 E2307.82926
G1 X168.754 Y143.84 E2307.83845
G1 X169.048 Y144.172 E2307.85468
G1 X169.194 Y144.541 E2307.8692
G1 X169.22 Y144.814 E2307.87923
G1 X169.138 Y145.229 E2307.89471
G1 X169.018 Y145.471 E2307.90459
G1 X168.734 Y145.77 E2307.91968
G1 X168.517 Y145.907 E2307.92907
G1 X168.094 Y146.016 E2307.94505
G0 F9000 X167.974 Y147.307
G1 F1551.9 X168.4 Y147.274 E2307.96068
G1 X168.805 Y147.174 E2307.97594
G1 X169.202 Y147.001 E2307.99179
G1 X169.562 Y146.762 E2308.0076
G1 X169.87 Y146.473 E2308.02305
G1 X170.146 Y146.098 E2308.04008
G1 X170.356 Y145.655 E2308.05802
G1 X170.474 Y145.21 E2308.07486
G1 X170.507 Y144.796 E2308.09006
G1 X170.474 Y144.381 E2308.10529
G1 X170.382 Y144.021 E2308.11888
G1 X170.235 Y143.66 E2308.13314
G1 X170.018 Y143.307 E2308.1483
G1 X169.75 Y143 E2308.16321
G1 X169.411 Y142.727 E2308.17914
G1 X169.036 Y142.514 E2308.19492
G1 X168.628 Y142.37 E2308.21075
G1 X168.208 Y142.3 E2308.22632
G1 X167.809 Y142.297 E2308.24092
G1 X167.438 Y142.355 E2308.25466
G1 X167.072 Y142.466 E2308.26865
G1 X166.773 Y142.609 E2308.28078
G1 X166.497 Y142.789 E2308.29283
G1 X166.221 Y143.028 E2308.30619
G1 X165.979 Y143.311 E2308.31982
G1 X165.769 Y143.653 E2308.3345
G1 X165.603 Y144.048 E2308.35017
G1 X165.511 Y144.457 E2308.36551
G1 X165.493 Y144.891 E2308.3814
G1 X165.544 Y145.323 E2308.39732
G1 X165.666 Y145.727 E2308.41276
G1 X165.849 Y146.097 E2308.42786
G1 X166.081 Y146.413 E2308.4422
G1 X166.335 Y146.675 E2308.45555
G1 X166.619 Y146.892 E2308.46863
G1 X166.905 Y147.057 E2308.48071
G1 X167.227 Y147.185 E2308.49339
G1 X167.592 Y147.274 E2308.50713
G1 X167.974 Y147.307 E2308.52116
G1 F1500 E2306.52116
G0 F9000 X167.901 Y148.19
G0 X166.958 Y148.033
G0 X166.125 Y147.632
G0 X165.4 Y146.984
G0 X165.091 Y146.552
G0 X164.843 Y146.054
G0 X164.677 Y145.506
G0 X164.619 Y145.036
G0 X167.867 Y81.187
G0 X167.976 Y79.872
;TYPE:WALL-INNER
G1 F1500 E2308.52116
G1 F1595.4 X168.332 Y79.845 E2308.53387
G1 X168.665 Y79.761 E2308.54609
G1 F1602.9 X168.995 Y79.62 E2308.5588
G1 X169.292 Y79.422 E2308.57145
G1 F1591.7 X169.542 Y79.182 E2308.58381
G1 F1595.4 X169.773 Y78.876 E2308.59745
G1 F1610.4 X169.948 Y78.506 E2308.61188
G1 F1595.4 X170.042 Y78.137 E2308.62543
G1 F1599.1 X170.074 Y77.796 E2308.63759
G1 F1614.2 X170.046 Y77.452 E2308.64973
G1 F1602.9 X169.969 Y77.157 E2308.66053
G1 X169.848 Y76.857 E2308.67199
G1 F1599.1 X169.666 Y76.565 E2308.68421
G1 F1588 X169.447 Y76.314 E2308.69612
G1 F1599.1 X169.153 Y76.077 E2308.70953
G1 F1610.4 X168.856 Y75.909 E2308.72156
G1 F1595.4 X168.52 Y75.793 E2308.73421
G1 F1602.9 X168.171 Y75.731 E2308.74676
G1 X167.841 Y75.732 E2308.75845
G1 X167.535 Y75.776 E2308.7694
G1 X167.23 Y75.873 E2308.78074
G1 X166.984 Y75.986 E2308.79033
G1 F1606.6 X166.759 Y76.135 E2308.79986
G1 F1602.9 X166.528 Y76.334 E2308.81066
G1 X166.331 Y76.567 E2308.82147
G1 F1595.4 X166.156 Y76.852 E2308.83337
G1 X166.019 Y77.18 E2308.84603
G1 F1588 X165.945 Y77.514 E2308.85826
G1 F1595.4 X165.926 Y77.875 E2308.87112
G1 X165.972 Y78.234 E2308.884
G1 X166.069 Y78.568 E2308.89638
G1 F1591.7 X166.223 Y78.87 E2308.90847
G1 F1595.4 X166.411 Y79.134 E2308.92001
G1 F1602.9 X166.624 Y79.349 E2308.93073
G1 F1599.1 X166.859 Y79.531 E2308.94128
G1 F1602.9 X167.094 Y79.665 E2308.95086
G1 F1599.1 X167.359 Y79.773 E2308.96102
G1 F1602.9 X167.663 Y79.844 E2308.97208
G1 F1595.4 X167.976 Y79.872 E2308.98327
G0 F9000 X167.996 Y79.446
G1 F1599.1 X167.569 Y79.404 E2308.9985
G1 F1610.4 X167.142 Y79.209 E2309.01505
G1 F1618.1 X166.775 Y78.923 E2309.03138
G1 F1595.4 X166.595 Y78.648 E2309.04307
G1 F1591.7 X166.462 Y78.405 E2309.05295
G1 F1595.4 X166.397 Y78.156 E2309.06211
G1 X166.351 Y77.846 E2309.07327
G1 X166.37 Y77.586 E2309.08254
G1 F1588 X166.46 Y77.172 E2309.09769
G1 F1595.4 X166.751 Y76.698 E2309.11749
G1 F1602.9 X167.142 Y76.375 E2309.13545
G1 F1614.2 X167.586 Y76.2 E2309.15224
G1 F1602.9 X167.869 Y76.162 E2309.16235
G1 X168.142 Y76.153 E2309.17203
G1 X168.404 Y76.209 E2309.18152
G1 X168.737 Y76.314 E2309.19388
G1 F1618.1 X169.071 Y76.535 E2309.20794
G1 F1610.4 X169.427 Y76.945 E2309.22708
G1 X169.621 Y77.444 E2309.24596
G1 F1614.2 X169.652 Y77.796 E2309.25838
G1 F1599.1 X169.618 Y78.058 E2309.26776
G1 F1595.4 X169.556 Y78.339 E2309.27801
G1 F1610.4 X169.407 Y78.663 E2309.29058
G1 F1595.4 X169.224 Y78.89 E2309.30096
G1 F1591.7 X169.02 Y79.095 E2309.31127
G1 F1602.9 X168.697 Y79.309 E2309.325
G1 X168.239 Y79.429 E2309.34177
G1 F1599.1 X167.996 Y79.446 E2309.35042
G0 F9000 X168.094 Y79.016
;TYPE:WALL-OUTER
G1 F1551.9 X167.681 Y78.981 E2309.36558
G1 X167.342 Y78.826 E2309.37922
G1 X167.058 Y78.575 E2309.39308
G1 X166.849 Y78.208 E2309.40854
G1 X166.776 Y77.771 E2309.42475
G1 X166.873 Y77.334 E2309.44112
G1 X167.088 Y76.985 E2309.45612
G1 X167.367 Y76.751 E2309.46944
G1 X167.741 Y76.606 E2309.48412
G1 X168.145 Y76.586 E2309.49892
G1 X168.542 Y76.705 E2309.51408
G1 X168.754 Y76.84 E2309.52328
G1 X169.048 Y77.172 E2309.5395
G1 X169.194 Y77.541 E2309.55402
G1 X169.22 Y77.814 E2309.56405
G1 X169.138 Y78.229 E2309.57953
G1 X169.018 Y78.471 E2309.58941
G1 X168.734 Y78.77 E2309.6045
G1 X168.517 Y78.907 E2309.61389
G1 X168.094 Y79.016 E2309.62987
G0 F9000 X167.974 Y80.307
G1 F1551.9 X168.4 Y80.274 E2309.6455
G1 X168.805 Y80.174 E2309.66076
G1 X169.202 Y80.001 E2309.67661
G1 X169.562 Y79.762 E2309.69242
G1 X169.87 Y79.473 E2309.70787
G1 X170.146 Y79.098 E2309.72491
G1 X170.356 Y78.655 E2309.74284
G1 X170.474 Y78.21 E2309.75969
G1 X170.507 Y77.796 E2309.77488
G1 X170.474 Y77.381 E2309.79011
G1 X170.382 Y77.021 E2309.80371
G1 X170.235 Y76.66 E2309.81797
G1 X170.018 Y76.307 E2309.83313
G1 X169.75 Y76 E2309.84804
G1 X169.411 Y75.727 E2309.86396
G1 X169.036 Y75.514 E2309.87974
G1 X168.628 Y75.37 E2309.89557
G1 X168.208 Y75.3 E2309.91115
G1 X167.809 Y75.297 E2309.92574
G1 X167.438 Y75.355 E2309.93948
G1 X167.072 Y75.466 E2309.95348
G1 X166.773 Y75.609 E2309.9656
G1 X166.497 Y75.789 E2309.97766
G1 X166.221 Y76.028 E2309.99101
G1 X165.979 Y76.311 E2310.00464
G1 X165.769 Y76.653 E2310.01932
G1 X165.603 Y77.048 E2310.035
G1 X165.511 Y77.457 E2310.05033
G1 X165.493 Y77.891 E2310.06623
G1 X165.544 Y78.323 E2310.08214
G1 X165.666 Y78.727 E2310.09758
G1 X165.849 Y79.097 E2310.11268
G1 X166.081 Y79.413 E2310.12703
G1 X166.335 Y79.675 E2310.14038
G1 X166.619 Y79.892 E2310.15345
G1 X166.905 Y80.057 E2310.16553
G1 X167.227 Y80.185 E2310.17821
G1 X167.592 Y80.274 E2310.19196
G1 X167.974 Y80.307 E2310.20598
G1 F1500 E2308.20598
;MESH:NONMESH
G0 F300 Z5.28
G0 F9000 X51.996 Y79.446
;TIME_ELAPSED:7182.124469
;LAYER:27
;note -- min layer time used
;TYPE:WALL-INNER
;MESH:SmartKiln_Fondo.stl
G1 F1500 E2310.20598
G1 F1599.1 X51.569 Y79.404 E2310.22122
G1 F1610.5 X51.142 Y79.209 E2310.23777
G1 F1618.1 X50.775 Y78.923 E2310.25409
G1 F1595.4 X50.595 Y78.648 E2310.26579
G1 F1591.7 X50.462 Y78.405 E2310.27567
G1 F1595.4 X50.397 Y78.156 E2310.28483
G1 X50.351 Y77.846 E2310.29598
G1 X50.37 Y77.586 E2310.30526
G1 F1588 X50.46 Y77.172 E2310.32041
G1 F1595.4 X50.751 Y76.698 E2310.3402
G1 F1602.9 X51.142 Y76.375 E2310.35817
G1 F1614.3 X51.586 Y76.2 E2310.37495
G1 F1602.9 X51.869 Y76.162 E2310.38507
G1 X52.142 Y76.153 E2310.39474
G1 X52.404 Y76.209 E2310.40423
G1 X52.737 Y76.314 E2310.4166
G1 F1618.1 X53.071 Y76.535 E2310.43066
G1 F1610.5 X53.427 Y76.945 E2310.4498
G1 X53.621 Y77.444 E2310.46867
G1 F1614.3 X53.652 Y77.796 E2310.4811
G1 F1599.1 X53.618 Y78.058 E2310.49048
G1 F1595.4 X53.556 Y78.339 E2310.50072
G1 F1610.5 X53.407 Y78.663 E2310.5133
G1 F1595.4 X53.224 Y78.89 E2310.52367
G1 F1591.7 X53.02 Y79.095 E2310.53399
G1 F1602.9 X52.697 Y79.309 E2310.54772
G1 X52.239 Y79.429 E2310.56449
G1 F1599.1 X51.996 Y79.446 E2310.57314
G0 F9000 X51.976 Y79.872
G1 F1595.4 X52.332 Y79.845 E2310.58584
G1 X52.665 Y79.761 E2310.59806
G1 F1602.9 X52.995 Y79.62 E2310.61077
G1 X53.292 Y79.422 E2310.62342
G1 F1591.7 X53.542 Y79.182 E2310.63578
G1 F1595.4 X53.773 Y78.876 E2310.64943
G1 F1610.5 X53.948 Y78.506 E2310.66386
G1 F1595.4 X54.042 Y78.137 E2310.67741
G1 F1599.1 X54.074 Y77.796 E2310.68957
G1 F1614.3 X54.046 Y77.452 E2310.70171
G1 F1602.9 X53.969 Y77.157 E2310.71251
G1 X53.848 Y76.857 E2310.72396
G1 F1599.1 X53.666 Y76.565 E2310.73618
G1 F1588 X53.447 Y76.314 E2310.74809
G1 F1599.1 X53.153 Y76.077 E2310.7615
G1 F1610.5 X52.856 Y75.909 E2310.77353
G1 F1595.4 X52.52 Y75.793 E2310.78618
G1 F1602.9 X52.171 Y75.731 E2310.79874
G1 X51.841 Y75.732 E2310.81043
G1 X51.535 Y75.776 E2310.82138
G1 X51.23 Y75.873 E2310.83271
G1 X50.984 Y75.986 E2310.8423
G1 F1606.7 X50.759 Y76.135 E2310.85184
G1 F1602.9 X50.528 Y76.334 E2310.86264
G1 X50.331 Y76.567 E2310.87345
G1 F1595.4 X50.156 Y76.852 E2310.88535
G1 X50.019 Y77.18 E2310.898
G1 F1588 X49.945 Y77.514 E2310.91023
G1 F1595.4 X49.926 Y77.875 E2310.9231
G1 X49.972 Y78.234 E2310.93598
G1 X50.069 Y78.568 E2310.94835
G1 F1591.7 X50.223 Y78.87 E2310.96045
G1 F1595.4 X50.411 Y79.134 E2310.97198
G1 F1602.9 X50.624 Y79.349 E2310.9827
G1 F1599.1 X50.859 Y79.531 E2310.99325
G1 F1602.9 X51.094 Y79.665 E2311.00284
G1 F1599.1 X51.359 Y79.773 E2311.013
G1 F1602.9 X51.663 Y79.844 E2311.02406
G1 F1595.4 X51.976 Y79.872 E2311.03524
G0 F9000 X51.974 Y80.307
;TYPE:WALL-OUTER
G1 F1551.9 X52.4 Y80.274 E2311.05087
G1 X52.805 Y80.174 E2311.06613
G1 X53.202 Y80.001 E2311.08198
G1 X53.562 Y79.762 E2311.09779
G1 X53.87 Y79.473 E2311.11324
G1 X54.146 Y79.098 E2311.13027
G1 X54.356 Y78.655 E2311.14821
G1 X54.474 Y78.21 E2311.16505
G1 X54.507 Y77.796 E2311.18025
G1 X54.474 Y77.381 E2311.19548
G1 X54.382 Y77.021 E2311.20907
G1 X54.235 Y76.66 E2311.22334
G1 X54.018 Y76.307 E2311.2385
G1 X53.75 Y76 E2311.2534
G1 X53.411 Y75.727 E2311.26933
G1 X53.036 Y75.514 E2311.28511
G1 X52.628 Y75.37 E2311.30094
G1 X52.208 Y75.3 E2311.31652
G1 X51.809 Y75.297 E2311.33111
G1 X51.438 Y75.355 E2311.34485
G1 X51.072 Y75.466 E2311.35884
G1 X50.773 Y75.609 E2311.37097
G1 X50.497 Y75.789 E2311.38303
G1 X50.221 Y76.028 E2311.39638
G1 X49.979 Y76.311 E2311.41001
G1 X49.769 Y76.653 E2311.42469
G1 X49.603 Y77.048 E2311.44037
G1 X49.511 Y77.457 E2311.4557
G1 X49.493 Y77.891 E2311.4716
G1 X49.544 Y78.323 E2311.48751
G1 X49.666 Y78.727 E2311.50295
G1 X49.849 Y79.097 E2311.51805
G1 X50.081 Y79.413 E2311.5324
G1 X50.335 Y79.675 E2311.54575
G1 X50.619 Y79.892 E2311.55882
G1 X50.905 Y80.057 E2311.5709
G1 X51.227 Y80.185 E2311.58358
G1 X51.592 Y80.274 E2311.59733
G1 X51.974 Y80.307 E2311.61135
G0 F9000 X52.094 Y79.016
G1 F1551.9 X51.681 Y78.981 E2311.62652
G1 X51.342 Y78.826 E2311.64016
G1 X51.058 Y78.575 E2311.65402
G1 X50.849 Y78.208 E2311.66947
G1 X50.776 Y77.771 E2311.68568
G1 X50.873 Y77.334 E2311.70206
G1 X51.088 Y76.985 E2311.71706
G1 X51.367 Y76.751 E2311.73038
G1 X51.741 Y76.606 E2311.74506
G1 X52.145 Y76.586 E2311.75985
G1 X52.542 Y76.705 E2311.77502
G1 X52.754 Y76.84 E2311.78421
G1 X53.048 Y77.172 E2311.80044
G1 X53.194 Y77.541 E2311.81496
G1 X53.22 Y77.814 E2311.82499
G1 X53.138 Y78.229 E2311.84047
G1 X53.018 Y78.471 E2311.85035
G1 X52.734 Y78.77 E2311.86544
G1 X52.517 Y78.907 E2311.87483
G1 X52.094 Y79.016 E2311.89081
G1 F1500 E2309.89081
G0 F9000 X51.996 Y146.446
;TYPE:WALL-INNER
G1 F1500 E2311.89081
G1 F1599.1 X51.569 Y146.404 E2311.90604
G1 F1610.5 X51.142 Y146.209 E2311.92259
G1 F1618.1 X50.775 Y145.923 E2311.93892
G1 F1595.4 X50.595 Y145.648 E2311.95061
G1 F1591.7 X50.462 Y145.405 E2311.9605
G1 F1595.4 X50.397 Y145.156 E2311.96965
G1 X50.351 Y144.846 E2311.98081
G1 X50.37 Y144.586 E2311.99008
G1 F1588 X50.46 Y144.172 E2312.00523
G1 F1595.4 X50.751 Y143.698 E2312.02503
G1 F1602.9 X51.142 Y143.375 E2312.04299
G1 F1614.3 X51.586 Y143.2 E2312.05978
G1 F1602.9 X51.869 Y143.162 E2312.06989
G1 X52.142 Y143.153 E2312.07957
G1 X52.404 Y143.209 E2312.08906
G1 X52.737 Y143.314 E2312.10143
G1 F1618.1 X53.071 Y143.535 E2312.11548
G1 F1610.5 X53.427 Y143.945 E2312.13462
G1 X53.621 Y144.444 E2312.1535
G1 F1614.3 X53.652 Y144.796 E2312.16593
G1 F1599.1 X53.618 Y145.058 E2312.17531
G1 F1595.4 X53.556 Y145.339 E2312.18555
G1 F1610.5 X53.407 Y145.663 E2312.19812
G1 F1595.4 X53.224 Y145.89 E2312.2085
G1 F1591.7 X53.02 Y146.095 E2312.21881
G1 F1602.9 X52.697 Y146.309 E2312.23254
G1 X52.239 Y146.429 E2312.24931
G1 F1599.1 X51.996 Y146.446 E2312.25796
G0 F9000 X51.976 Y146.872
G1 F1595.4 X52.332 Y146.845 E2312.27066
G1 X52.665 Y146.761 E2312.28289
G1 F1602.9 X52.995 Y146.62 E2312.2956
G1 X53.292 Y146.422 E2312.30824
G1 F1591.7 X53.542 Y146.182 E2312.3206
G1 F1595.4 X53.773 Y145.876 E2312.33425
G1 F1610.5 X53.948 Y145.506 E2312.34868
G1 F1595.4 X54.042 Y145.137 E2312.36223
G1 F1599.1 X54.074 Y144.796 E2312.37439
G1 F1614.3 X54.046 Y144.452 E2312.38653
G1 F1602.9 X53.969 Y144.157 E2312.39733
G1 X53.848 Y143.857 E2312.40879
G1 F1599.1 X53.666 Y143.565 E2312.421
G1 F1588 X53.447 Y143.314 E2312.43291
G1 F1599.1 X53.153 Y143.077 E2312.44632
G1 F1610.5 X52.856 Y142.909 E2312.45835
G1 F1595.4 X52.52 Y142.793 E2312.471
G1 F1602.9 X52.171 Y142.731 E2312.48356
G1 X51.841 Y142.732 E2312.49525
G1 X51.535 Y142.776 E2312.5062
G1 X51.23 Y142.873 E2312.51754
G1 X50.984 Y142.986 E2312.52712
G1 F1606.7 X50.759 Y143.135 E2312.53666
G1 F1602.9 X50.528 Y143.334 E2312.54746
G1 X50.331 Y143.567 E2312.55827
G1 F1595.4 X50.156 Y143.852 E2312.57017
G1 X50.019 Y144.18 E2312.58282
G1 F1588 X49.945 Y144.514 E2312.59505
G1 F1595.4 X49.926 Y144.875 E2312.60792
G1 X49.972 Y145.234 E2312.6208
G1 X50.069 Y145.568 E2312.63318
G1 F1591.7 X50.223 Y145.87 E2312.64527
G1 F1595.4 X50.411 Y146.134 E2312.6568
G1 F1602.9 X50.624 Y146.349 E2312.66752
G1 F1599.1 X50.859 Y146.531 E2312.67808
G1 F1602.9 X51.094 Y146.665 E2312.68766
G1 F1599.1 X51.359 Y146.773 E2312.69782
G1 F1602.9 X51.663 Y146.844 E2312.70888
G1 F1595.4 X51.976 Y146.872 E2312.72006
G0 F9000 X51.974 Y147.307
;TYPE:WALL-OUTER
G1 F1551.9 X52.4 Y147.274 E2312.73569
G1 X52.805 Y147.174 E2312.75096
G1 X53.202 Y147.001 E2312.7668
G1 X53.562 Y146.762 E2312.78261
G1 X53.87 Y146.473 E2312.79806
G1 X54.146 Y146.098 E2312.8151
G1 X54.356 Y145.655 E2312.83303
G1 X54.474 Y145.21 E2312.84988
G1 X54.507 Y144.796 E2312.86507
G1 X54.474 Y144.381 E2312.8803
G1 X54.382 Y144.021 E2312.8939
G1 X54.235 Y143.66 E2312.90816
G1 X54.018 Y143.307 E2312.92332
G1 X53.75 Y143 E2312.93823
G1 X53.411 Y142.727 E2312.95415
G1 X53.036 Y142.514 E2312.96993
G1 X52.628 Y142.37 E2312.98576
G1 X52.208 Y142.3 E2313.00134
G1 X51.809 Y142.297 E2313.01594
G1 X51.438 Y142.355 E2313.02967
G1 X51.072 Y142.466 E2313.04367
G1 X50.773 Y142.609 E2313.05579
G1 X50.497 Y142.789 E2313.06785
G1 X50.221 Y143.028 E2313.08121
G1 X49.979 Y143.311 E2313.09483
G1 X49.769 Y143.653 E2313.10951
G1 X49.603 Y144.048 E2313.12519
G1 X49.511 Y144.457 E2313.14053
G1 X49.493 Y144.891 E2313.15642
G1 X49.544 Y145.323 E2313.17233
G1 X49.666 Y145.727 E2313.18777
G1 X49.849 Y146.097 E2313.20288
G1 X50.081 Y146.413 E2313.21722
G1 X50.335 Y146.675 E2313.23057
G1 X50.619 Y146.892 E2313.24365
G1 X50.905 Y147.057 E2313.25573
G1 X51.227 Y147.185 E2313.2684
G1 X51.592 Y147.274 E2313.28215
G1 X51.974 Y147.307 E2313.29618
G0 F9000 X52.094 Y146.016
G1 F1551.9 X51.681 Y145.981 E2313.31134
G1 X51.342 Y145.826 E2313.32498
G1 X51.058 Y145.575 E2313.33884
G1 X50.849 Y145.208 E2313.3543
G1 X50.776 Y144.771 E2313.37051
G1 X50.873 Y144.334 E2313.38688
G1 X51.088 Y143.985 E2313.40188
G1 X51.367 Y143.751 E2313.4152
G1 X51.741 Y143.606 E2313.42988
G1 X52.145 Y143.586 E2313.44468
G1 X52.542 Y143.705 E2313.45984
G1 X52.754 Y143.84 E2313.46904
G1 X53.048 Y144.172 E2313.48526
G1 X53.194 Y144.541 E2313.49978
G1 X53.22 Y144.814 E2313.50981
G1 X53.138 Y145.229 E2313.52529
G1 X53.018 Y145.471 E2313.53517
G1 X52.734 Y145.77 E2313.55026
G1 X52.517 Y145.907 E2313.55965
G1 X52.094 Y146.016 E2313.57563
G1 F1500 E2311.57563
G0 F9000 X167.976 Y146.872
;TYPE:WALL-INNER
G1 F1500 E2313.57563
G1 F1595.4 X168.332 Y146.845 E2313.58834
G1 X168.665 Y146.761 E2313.60056
G1 F1602.9 X168.995 Y146.62 E2313.61327
G1 X169.292 Y146.422 E2313.62591
G1 F1591.7 X169.542 Y146.182 E2313.63828
G1 F1595.4 X169.773 Y145.876 E2313.65192
G1 F1610.5 X169.948 Y145.506 E2313.66635
G1 F1595.4 X170.042 Y145.137 E2313.6799
G1 F1599.1 X170.074 Y144.796 E2313.69206
G1 F1614.3 X170.046 Y144.452 E2313.7042
G1 F1602.9 X169.969 Y144.157 E2313.715
G1 X169.848 Y143.857 E2313.72646
G1 F1599.1 X169.666 Y143.565 E2313.73868
G1 F1588 X169.447 Y143.314 E2313.75059
G1 F1599.1 X169.153 Y143.077 E2313.76399
G1 F1610.5 X168.856 Y142.909 E2313.77602
G1 F1595.4 X168.52 Y142.793 E2313.78867
G1 F1602.9 X168.171 Y142.731 E2313.80123
G1 X167.841 Y142.732 E2313.81292
G1 X167.535 Y142.776 E2313.82387
G1 X167.23 Y142.873 E2313.83521
G1 X166.984 Y142.986 E2313.8448
G1 F1606.7 X166.759 Y143.135 E2313.85433
G1 F1602.9 X166.528 Y143.334 E2313.86513
G1 X166.331 Y143.567 E2313.87594
G1 F1595.4 X166.156 Y143.852 E2313.88784
G1 X166.019 Y144.18 E2313.90049
G1 F1588 X165.945 Y144.514 E2313.91272
G1 F1595.4 X165.926 Y144.875 E2313.92559
G1 X165.972 Y145.234 E2313.93847
G1 X166.069 Y145.568 E2313.95085
G1 F1591.7 X166.223 Y145.87 E2313.96294
G1 F1595.4 X166.411 Y146.134 E2313.97447
G1 F1602.9 X166.624 Y146.349 E2313.9852
G1 F1599.1 X166.859 Y146.531 E2313.99575
G1 F1602.9 X167.094 Y146.665 E2314.00533
G1 F1599.1 X167.359 Y146.773 E2314.01549
G1 F1602.9 X167.663 Y146.844 E2314.02655
G1 F1595.4 X167.976 Y146.872 E2314.03773
G0 F9000 X167.996 Y146.446
G1 F1599.1 X167.569 Y146.404 E2314.05297
G1 F1610.5 X167.142 Y146.209 E2314.06952
G1 F1618.1 X166.775 Y145.923 E2314.08584
G1 F1595.4 X166.595 Y145.648 E2314.09754
G1 F1591.7 X166.462 Y145.405 E2314.10742
G1 F1595.4 X166.397 Y145.156 E2314.11658
G1 X166.351 Y144.846 E2314.12773
G1 X166.37 Y144.586 E2314.13701
G1 F1588 X166.46 Y144.172 E2314.15216
G1 F1595.4 X166.751 Y143.698 E2314.17195
G1 F1602.9 X167.142 Y143.375 E2314.18992
G1 F1614.3 X167.586 Y143.2 E2314.2067
G1 F1602.9 X167.869 Y143.162 E2314.21682
G1 X168.142 Y143.153 E2314.22649
G1 X168.404 Y143.209 E2314.23598
G1 X168.737 Y143.314 E2314.24835
G1 F1618.1 X169.071 Y143.535 E2314.2624
G1 F1610.5 X169.427 Y143.945 E2314.28155
G1 X169.621 Y144.444 E2314.30042
G1 F1614.3 X169.652 Y144.796 E2314.31285
G1 F1599.1 X169.618 Y145.058 E2314.32223
G1 F1595.4 X169.556 Y145.339 E2314.33247
G1 F1610.5 X169.407 Y145.663 E2314.34505
G1 F1595.4 X169.224 Y145.89 E2314.35542
G1 F1591.7 X169.02 Y146.095 E2314.36574
G1 F1602.9 X168.697 Y146.309 E2314.37946
G1 X168.239 Y146.429 E2314.39624
G1 F1599.1 X167.996 Y146.446 E2314.40488
G0 F9000 X168.094 Y146.016
;TYPE:WALL-OUTER
G1 F1551.9 X167.681 Y145.981 E2314.42005
G1 X167.342 Y145.826 E2314.43369
G1 X167.058 Y145.575 E2314.44755
G1 X166.849 Y145.208 E2314.463
G1 X166.776 Y144.771 E2314.47921
G1 X166.873 Y144.334 E2314.49559
G1 X167.088 Y143.985 E2314.51059
G1 X167.367 Y143.751 E2314.52391
G1 X167.741 Y143.606 E2314.53859
G1 X168.145 Y143.586 E2314.55339
G1 X168.542 Y143.705 E2314.56855
G1 X168.754 Y143.84 E2314.57774
G1 X169.048 Y144.172 E2314.59397
G1 X169.194 Y144.541 E2314.60849
G1 X169.22 Y144.814 E2314.61852
G1 X169.138 Y145.229 E2314.634
G1 X169.018 Y145.471 E2314.64388
G1 X168.734 Y145.77 E2314.65897
G1 X168.517 Y145.907 E2314.66836
G1 X168.094 Y146.016 E2314.68434
G0 F9000 X167.974 Y147.307
G1 F1551.9 X168.4 Y147.274 E2314.69997
G1 X168.805 Y147.174 E2314.71523
G1 X169.202 Y147.001 E2314.73108
G1 X169.562 Y146.762 E2314.74689
G1 X169.87 Y146.473 E2314.76234
G1 X170.146 Y146.098 E2314.77937
G1 X170.356 Y145.655 E2314.79731
G1 X170.474 Y145.21 E2314.81415
G1 X170.507 Y144.796 E2314.82935
G1 X170.474 Y144.381 E2314.84458
G1 X170.382 Y144.021 E2314.85817
G1 X170.235 Y143.66 E2314.87243
G1 X170.018 Y143.307 E2314.88759
G1 X169.75 Y143 E2314.9025
G1 X169.411 Y142.727 E2314.91843
G1 X169.036 Y142.514 E2314.93421
G1 X168.628 Y142.37 E2314.95004
G1 X168.208 Y142.3 E2314.96561
G1 X167.809 Y142.297 E2314.98021
G1 X167.438 Y142.355 E2314.99395
G1 X167.072 Y142.466 E2315.00794
G1 X166.773 Y142.609 E2315.02007
G1 X166.497 Y142.789 E2315.03213
G1 X166.221 Y143.028 E2315.04548
G1 X165.979 Y143.311 E2315.05911
G1 X165.769 Y143.653 E2315.07379
G1 X165.603 Y144.048 E2315.08947
G1 X165.511 Y144.457 E2315.1048
G1 X165.493 Y144.891 E2315.12069
G1 X165.544 Y145.323 E2315.13661
G1 X165.666 Y145.727 E2315.15205
G1 X165.849 Y146.097 E2315.16715
G1 X166.081 Y146.413 E2315.18149
G1 X166.335 Y146.675 E2315.19485
G1 X166.619 Y146.892 E2315.20792
G1 X166.905 Y147.057 E2315.22
G1 X167.227 Y147.185 E2315.23268
G1 X167.592 Y147.274 E2315.24642
G1 X167.974 Y147.307 E2315.26045
G1 F1500 E2313.26045
G0 F9000 X167.901 Y148.19
G0 X166.958 Y148.033
G0 X166.125 Y147.632
G0 X165.4 Y146.984
G0 X165.091 Y146.552
G0 X164.843 Y146.054
G0 X164.677 Y145.506
G0 X164.619 Y145.036
G0 X167.867 Y81.187
G0 X167.976 Y79.872
;TYPE:WALL-INNER
G1 F1500 E2315.26045
G1 F1595.4 X168.332 Y79.845 E2315.27316
G1 X168.665 Y79.761 E2315.28538
G1 F1602.9 X168.995 Y79.62 E2315.29809
G1 X169.292 Y79.422 E2315.31074
G1 F1591.7 X169.542 Y79.182 E2315.3231
G1 F1595.4 X169.773 Y78.876 E2315.33674
G1 F1610.5 X169.948 Y78.506 E2315.35117
G1 F1595.4 X170.042 Y78.137 E2315.36472
G1 F1599.1 X170.074 Y77.796 E2315.37688
G1 F1614.3 X170.046 Y77.452 E2315.38902
G1 F1602.9 X169.969 Y77.157 E2315.39982
G1 X169.848 Y76.857 E2315.41128
G1 F1599.1 X169.666 Y76.565 E2315.4235
G1 F1588 X169.447 Y76.314 E2315.43541
G1 F1599.1 X169.153 Y76.077 E2315.44882
G1 F1610.5 X168.856 Y75.909 E2315.46085
G1 F1595.4 X168.52 Y75.793 E2315.4735
G1 F1602.9 X168.171 Y75.731 E2315.48605
G1 X167.841 Y75.732 E2315.49774
G1 X167.535 Y75.776 E2315.50869
G1 X167.23 Y75.873 E2315.52003
G1 X166.984 Y75.986 E2315.52962
G1 F1606.7 X166.759 Y76.135 E2315.53916
G1 F1602.9 X166.528 Y76.334 E2315.54996
G1 X166.331 Y76.567 E2315.56076
G1 F1595.4 X166.156 Y76.852 E2315.57267
G1 X166.019 Y77.18 E2315.58532
G1 F1588 X165.945 Y77.514 E2315.59755
G1 F1595.4 X165.926 Y77.875 E2315.61041
G1 X165.972 Y78.234 E2315.62329
G1 X166.069 Y78.568 E2315.63567
G1 F1591.7 X166.223 Y78.87 E2315.64776
G1 F1595.4 X166.411 Y79.134 E2315.6593
G1 F1602.9 X166.624 Y79.349 E2315.67002
G1 F1599.1 X166.859 Y79.531 E2315.68057
G1 F1602.9 X167.094 Y79.665 E2315.69015
G1 F1599.1 X167.359 Y79.773 E2315.70031
G1 F1602.9 X167.663 Y79.844 E2315.71137
G1 F1595.4 X167.976 Y79.872 E2315.72256
G0 F9000 X167.996 Y79.446
G1 F1599.1 X167.569 Y79.404 E2315.73779
G1 F1610.5 X167.142 Y79.209 E2315.75434
G1 F1618.1 X166.775 Y78.923 E2315.77067
G1 F1595.4 X166.595 Y78.648 E2315.78236
G1 F1591.7 X166.462 Y78.405 E2315.79224
G1 F1595.4 X166.397 Y78.156 E2315.8014
G1 X166.351 Y77.846 E2315.81256
G1 X166.37 Y77.586 E2315.82183
G1 F1588 X166.46 Y77.172 E2315.83698
G1 F1595.4 X166.751 Y76.698 E2315.85678
G1 F1602.9 X167.142 Y76.375 E2315.87474
G1 F1614.3 X167.586 Y76.2 E2315.89153
G1 F1602.9 X167.869 Y76.162 E2315.90164
G1 X168.142 Y76.153 E2315.91132
G1 X168.404 Y76.209 E2315.92081
G1 X168.737 Y76.314 E2315.93317
G1 F1618.1 X169.071 Y76.535 E2315.94723
G1 F1610.5 X169.427 Y76.945 E2315.96637
G1 X169.621 Y77.444 E2315.98525
G1 F1614.3 X169.652 Y77.796 E2315.99768
G1 F1599.1 X169.618 Y78.058 E2316.00706
G1 F1595.4 X169.556 Y78.339 E2316.0173
G1 F1610.5 X169.407 Y78.663 E2316.02987
G1 F1595.4 X169.224 Y78.89 E2316.04025
G1 F1591.7 X169.02 Y79.095 E2316.05056
G1 F1602.9 X168.697 Y79.309 E2316.06429
G1 X168.239 Y79.429 E2316.08106
G1 F1599.1 X167.996 Y79.446 E2316.08971
G0 F9000 X168.094 Y79.016
;TYPE:WALL-OUTER
G1 F1551.9 X167.681 Y78.981 E2316.10487
G1 X167.342 Y78.826 E2316.11851
G1 X167.058 Y78.575 E2316.13238
G1 X166.849 Y78.208 E2316.14783
G1 X166.776 Y77.771 E2316.16404
G1 X166.873 Y77.334 E2316.18041
G1 X167.088 Y76.985 E2316.19541
G1 X167.367 Y76.751 E2316.20873
G1 X167.741 Y76.606 E2316.22341
G1 X168.145 Y76.586 E2316.23821
G1 X168.542 Y76.705 E2316.25337
G1 X168.754 Y76.84 E2316.26257
G1 X169.048 Y77.172 E2316.27879
G1 X169.194 Y77.541 E2316.29331
G1 X169.22 Y77.814 E2316.30334
G1 X169.138 Y78.229 E2316.31882
G1 X169.018 Y78.471 E2316.3287
G1 X168.734 Y78.77 E2316.34379
G1 X168.517 Y78.907 E2316.35318
G1 X168.094 Y79.016 E2316.36916
G0 F9000 X167.974 Y80.307
G1 F1551.9 X168.4 Y80.274 E2316.38479
G1 X168.805 Y80.174 E2316.40006
G1 X169.202 Y80.001 E2316.4159
G1 X169.562 Y79.762 E2316.43171
G1 X169.87 Y79.473 E2316.44716
G1 X170.146 Y79.098 E2316.4642
G1 X170.356 Y78.655 E2316.48213
G1 X170.474 Y78.21 E2316.49898
G1 X170.507 Y77.796 E2316.51417
G1 X170.474 Y77.381 E2316.5294
G1 X170.382 Y77.021 E2316.543
G1 X170.235 Y76.66 E2316.55726
G1 X170.018 Y76.307 E2316.57242
G1 X169.75 Y76 E2316.58733
G1 X169.411 Y75.727 E2316.60325
G1 X169.036 Y75.514 E2316.61903
G1 X168.628 Y75.37 E2316.63486
G1 X168.208 Y75.3 E2316.65044
G1 X167.809 Y75.297 E2316.66504
G1 X167.438 Y75.355 E2316.67877
G1 X167.072 Y75.466 E2316.69277
G1 X166.773 Y75.609 E2316.70489
G1 X166.497 Y75.789 E2316.71695
G1 X166.221 Y76.028 E2316.73031
G1 X165.979 Y76.311 E2316.74393
G1 X165.769 Y76.653 E2316.75861
G1 X165.603 Y77.048 E2316.77429
G1 X165.511 Y77.457 E2316.78963
G1 X165.493 Y77.891 E2316.80552
G1 X165.544 Y78.323 E2316.82143
G1 X165.666 Y78.727 E2316.83687
G1 X165.849 Y79.097 E2316.85197
G1 X166.081 Y79.413 E2316.86632
G1 X166.335 Y79.675 E2316.87967
G1 X166.619 Y79.892 E2316.89274
G1 X166.905 Y80.057 E2316.90482
G1 X167.227 Y80.185 E2316.9175
G1 X167.592 Y80.274 E2316.93125
G1 X167.974 Y80.307 E2316.94527
G1 F1500 E2314.94527
;MESH:NONMESH
G0 F300 Z5.48
G0 F9000 X51.996 Y79.446
;TIME_ELAPSED:7195.083446
;LAYER:28
;note -- min layer time used
;TYPE:WALL-INNER
;MESH:SmartKiln_Fondo.stl
G1 F1500 E2316.94527
G1 F1599.1 X51.569 Y79.404 E2316.96051
G1 F1610.4 X51.142 Y79.209 E2316.97706
G1 F1618.1 X50.775 Y78.923 E2316.99338
G1 F1595.4 X50.595 Y78.648 E2317.00508
G1 F1591.7 X50.462 Y78.405 E2317.01496
G1 F1595.4 X50.397 Y78.156 E2317.02412
G1 X50.351 Y77.846 E2317.03527
G1 X50.37 Y77.586 E2317.04455
G1 F1588 X50.459 Y77.174 E2317.05962
G1 F1595.4 X50.751 Y76.698 E2317.0795
G1 F1602.9 X51.142 Y76.375 E2317.09746
G1 F1614.2 X51.586 Y76.2 E2317.11425
G1 F1602.9 X51.869 Y76.162 E2317.12436
G1 X52.142 Y76.153 E2317.13404
G1 X52.404 Y76.209 E2317.14353
G1 X52.737 Y76.314 E2317.1559
G1 F1618.1 X53.071 Y76.535 E2317.16995
G1 F1610.4 X53.427 Y76.945 E2317.18909
G1 X53.621 Y77.444 E2317.20797
G1 F1614.2 X53.652 Y77.796 E2317.2204
G1 F1599.1 X53.618 Y78.058 E2317.22978
G1 F1595.4 X53.556 Y78.339 E2317.24002
G1 F1610.4 X53.407 Y78.663 E2317.25259
G1 F1595.4 X53.224 Y78.89 E2317.26297
G1 F1591.7 X53.02 Y79.095 E2317.27328
G1 F1602.9 X52.697 Y79.309 E2317.28701
G1 X52.239 Y79.429 E2317.30378
G1 F1599.1 X51.996 Y79.446 E2317.31243
G0 F9000 X51.976 Y79.872
G1 F1595.4 X52.332 Y79.845 E2317.32513
G1 X52.665 Y79.761 E2317.33736
G1 F1602.9 X52.995 Y79.62 E2317.35007
G1 X53.292 Y79.422 E2317.36271
G1 F1591.7 X53.542 Y79.182 E2317.37507
G1 F1595.4 X53.773 Y78.876 E2317.38872
G1 F1610.4 X53.948 Y78.506 E2317.40315
G1 F1595.4 X54.042 Y78.137 E2317.4167
G1 F1599.1 X54.074 Y77.796 E2317.42886
G1 F1614.2 X54.046 Y77.452 E2317.441
G1 F1602.9 X53.969 Y77.157 E2317.4518
G1 X53.848 Y76.857 E2317.46326
G1 F1599.1 X53.666 Y76.565 E2317.47547
G1 F1588 X53.447 Y76.314 E2317.48738
G1 F1599.1 X53.153 Y76.077 E2317.50079
G1 F1610.4 X52.856 Y75.909 E2317.51282
G1 F1595.4 X52.52 Y75.793 E2317.52547
G1 F1602.9 X52.171 Y75.731 E2317.53803
G1 X51.841 Y75.732 E2317.54972
G1 X51.535 Y75.776 E2317.56067
G1 X51.23 Y75.873 E2317.57201
G1 X50.984 Y75.986 E2317.58159
G1 F1606.7 X50.759 Y76.135 E2317.59113
G1 F1602.9 X50.528 Y76.334 E2317.60193
G1 X50.331 Y76.567 E2317.61274
G1 F1595.4 X50.156 Y76.852 E2317.62464
G1 X50.019 Y77.18 E2317.63729
G1 F1588 X49.945 Y77.514 E2317.64952
G1 F1595.4 X49.926 Y77.875 E2317.66239
G1 X49.972 Y78.234 E2317.67527
G1 X50.069 Y78.568 E2317.68765
G1 F1591.7 X50.223 Y78.87 E2317.69974
G1 F1595.4 X50.411 Y79.134 E2317.71127
G1 F1602.9 X50.624 Y79.349 E2317.72199
G1 F1599.1 X50.859 Y79.531 E2317.73255
G1 F1602.9 X51.094 Y79.665 E2317.74213
G1 F1599.1 X51.359 Y79.773 E2317.75229
G1 F1602.9 X51.663 Y79.844 E2317.76335
G1 F1595.4 X51.976 Y79.872 E2317.77453
G0 F9000 X51.974 Y80.307
;TYPE:WALL-OUTER
G1 F1551.9 X52.4 Y80.274 E2317.79016
G1 X52.805 Y80.174 E2317.80543
G1 X53.202 Y80.001 E2317.82127
G1 X53.562 Y79.762 E2317.83708
G1 X53.87 Y79.473 E2317.85253
G1 X54.146 Y79.098 E2317.86957
G1 X54.356 Y78.655 E2317.8875
G1 X54.474 Y78.21 E2317.90435
G1 X54.507 Y77.796 E2317.91954
G1 X54.474 Y77.381 E2317.93477
G1 X54.382 Y77.021 E2317.94837
G1 X54.235 Y76.66 E2317.96263
G1 X54.018 Y76.307 E2317.97779
G1 X53.75 Y76 E2317.9927
G1 X53.411 Y75.727 E2318.00862
G1 X53.036 Y75.514 E2318.0244
G1 X52.628 Y75.37 E2318.04023
G1 X52.208 Y75.3 E2318.05581
G1 X51.809 Y75.297 E2318.07041
G1 X51.438 Y75.355 E2318.08414
G1 X51.072 Y75.466 E2318.09814
G1 X50.773 Y75.609 E2318.11026
G1 X50.497 Y75.789 E2318.12232
G1 X50.221 Y76.028 E2318.13568
G1 X49.979 Y76.311 E2318.1493
G1 X49.769 Y76.653 E2318.16398
G1 X49.603 Y77.048 E2318.17966
G1 X49.511 Y77.457 E2318.195
G1 X49.493 Y77.891 E2318.21089
G1 X49.544 Y78.323 E2318.2268
G1 X49.666 Y78.727 E2318.24224
G1 X49.849 Y79.097 E2318.25735
G1 X50.081 Y79.413 E2318.27169
G1 X50.335 Y79.675 E2318.28504
G1 X50.619 Y79.892 E2318.29811
G1 X50.905 Y80.057 E2318.3102
G1 X51.227 Y80.185 E2318.32287
G1 X51.592 Y80.274 E2318.33662
G1 X51.974 Y80.307 E2318.35065
G0 F9000 X52.094 Y79.016
G1 F1551.9 X51.681 Y78.981 E2318.36581
G1 X51.342 Y78.826 E2318.37945
G1 X51.058 Y78.575 E2318.39331
G1 X50.849 Y78.208 E2318.40877
G1 X50.776 Y77.771 E2318.42498
G1 X50.873 Y77.334 E2318.44135
G1 X51.088 Y76.985 E2318.45635
G1 X51.367 Y76.751 E2318.46967
G1 X51.741 Y76.606 E2318.48435
G1 X52.145 Y76.586 E2318.49915
G1 X52.542 Y76.705 E2318.51431
G1 X52.754 Y76.84 E2318.52351
G1 X53.048 Y77.172 E2318.53973
G1 X53.194 Y77.541 E2318.55425
G1 X53.22 Y77.814 E2318.56428
G1 X53.138 Y78.229 E2318.57976
G1 X53.018 Y78.471 E2318.58964
G1 X52.734 Y78.77 E2318.60473
G1 X52.517 Y78.907 E2318.61412
G1 X52.094 Y79.016 E2318.6301
G1 F1500 E2316.6301
G0 F9000 X51.996 Y146.446
;TYPE:WALL-INNER
G1 F1500 E2318.6301
G1 F1599.1 X51.569 Y146.404 E2318.64533
G1 F1610.4 X51.142 Y146.209 E2318.66188
G1 F1618.1 X50.775 Y145.923 E2318.67821
G1 F1595.4 X50.595 Y145.648 E2318.68991
G1 F1591.7 X50.462 Y145.405 E2318.69979
G1 F1595.4 X50.397 Y145.156 E2318.70895
G1 X50.351 Y144.846 E2318.7201
G1 X50.37 Y144.586 E2318.72938
G1 F1588 X50.46 Y144.172 E2318.74453
G1 F1595.4 X50.751 Y143.698 E2318.76432
G1 F1602.9 X51.142 Y143.375 E2318.78228
G1 F1614.2 X51.586 Y143.2 E2318.79907
G1 F1602.9 X51.869 Y143.162 E2318.80918
G1 X52.142 Y143.153 E2318.81886
G1 X52.404 Y143.209 E2318.82835
G1 X52.737 Y143.314 E2318.84072
G1 F1618.1 X53.071 Y143.535 E2318.85477
G1 F1610.4 X53.427 Y143.945 E2318.87391
G1 X53.621 Y144.444 E2318.89279
G1 F1614.2 X53.652 Y144.796 E2318.90522
G1 F1599.1 X53.618 Y145.058 E2318.9146
G1 F1595.4 X53.556 Y145.339 E2318.92484
G1 F1610.4 X53.407 Y145.663 E2318.93741
G1 F1595.4 X53.224 Y145.89 E2318.94779
G1 F1591.7 X53.02 Y146.095 E2318.95811
G1 F1602.9 X52.697 Y146.309 E2318.97183
G1 X52.239 Y146.429 E2318.9886
G1 F1599.1 X51.996 Y146.446 E2318.99725
G0 F9000 X51.976 Y146.872
G1 F1595.4 X52.332 Y146.845 E2319.00996
G1 X52.665 Y146.761 E2319.02218
G1 F1602.9 X52.995 Y146.62 E2319.03489
G1 X53.292 Y146.422 E2319.04753
G1 F1591.7 X53.542 Y146.182 E2319.0599
G1 F1595.4 X53.773 Y145.876 E2319.07354
G1 F1610.4 X53.948 Y145.506 E2319.08797
G1 F1595.4 X54.042 Y145.137 E2319.10152
G1 F1599.1 X54.074 Y144.796 E2319.11368
G1 F1614.2 X54.046 Y144.452 E2319.12582
G1 F1602.9 X53.969 Y144.157 E2319.13662
G1 X53.848 Y143.857 E2319.14808
G1 F1599.1 X53.666 Y143.565 E2319.1603
G1 F1588 X53.447 Y143.314 E2319.17221
G1 F1599.1 X53.153 Y143.077 E2319.18561
G1 F1610.4 X52.856 Y142.909 E2319.19764
G1 F1595.4 X52.52 Y142.793 E2319.21029
G1 F1602.9 X52.171 Y142.731 E2319.22285
G1 X51.841 Y142.732 E2319.23454
G1 X51.535 Y142.776 E2319.24549
G1 X51.23 Y142.873 E2319.25683
G1 X50.984 Y142.986 E2319.26642
G1 F1606.7 X50.759 Y143.135 E2319.27595
G1 F1602.9 X50.528 Y143.334 E2319.28675
G1 X50.331 Y143.567 E2319.29756
G1 F1595.4 X50.156 Y143.852 E2319.30946
G1 X50.019 Y144.18 E2319.32211
G1 F1588 X49.945 Y144.514 E2319.33435
G1 F1595.4 X49.926 Y144.875 E2319.34721
G1 X49.972 Y145.234 E2319.36009
G1 X50.069 Y145.568 E2319.37247
G1 F1591.7 X50.223 Y145.87 E2319.38456
G1 F1595.4 X50.411 Y146.134 E2319.3961
G1 F1602.9 X50.624 Y146.349 E2319.40682
G1 F1599.1 X50.859 Y146.531 E2319.41737
G1 F1602.9 X51.094 Y146.665 E2319.42695
G1 F1599.1 X51.359 Y146.773 E2319.43711
G1 F1602.9 X51.663 Y146.844 E2319.44817
G1 F1595.4 X51.976 Y146.872 E2319.45935
G0 F9000 X51.974 Y147.307
;TYPE:WALL-OUTER
G1 F1551.9 X52.4 Y147.274 E2319.47499
G1 X52.805 Y147.174 E2319.49025
G1 X53.202 Y147.001 E2319.50609
G1 X53.562 Y146.762 E2319.5219
G1 X53.87 Y146.473 E2319.53735
G1 X54.146 Y146.098 E2319.55439
G1 X54.356 Y145.655 E2319.57233
G1 X54.474 Y145.21 E2319.58917
G1 X54.507 Y144.796 E2319.60436
G1 X54.474 Y144.381 E2319.6196
G1 X54.382 Y144.021 E2319.63319
G1 X54.235 Y143.66 E2319.64745
G1 X54.018 Y143.307 E2319.66261
G1 X53.75 Y143 E2319.67752
G1 X53.411 Y142.727 E2319.69344
G1 X53.036 Y142.514 E2319.70922
G1 X52.628 Y142.37 E2319.72505
G1 X52.208 Y142.3 E2319.74063
G1 X51.809 Y142.297 E2319.75523
G1 X51.438 Y142.355 E2319.76897
G1 X51.072 Y142.466 E2319.78296
G1 X50.773 Y142.609 E2319.79509
G1 X50.497 Y142.789 E2319.80714
G1 X50.221 Y143.028 E2319.8205
G1 X49.979 Y143.311 E2319.83412
G1 X49.769 Y143.653 E2319.84881
G1 X49.603 Y144.048 E2319.86448
G1 X49.511 Y144.457 E2319.87982
G1 X49.493 Y144.891 E2319.89571
G1 X49.544 Y145.323 E2319.91163
G1 X49.666 Y145.727 E2319.92707
G1 X49.849 Y146.097 E2319.94217
G1 X50.081 Y146.413 E2319.95651
G1 X50.335 Y146.675 E2319.96986
G1 X50.619 Y146.892 E2319.98294
G1 X50.905 Y147.057 E2319.99502
G1 X51.227 Y147.185 E2320.0077
G1 X51.592 Y147.274 E2320.02144
G1 X51.974 Y147.307 E2320.03547
G0 F9000 X52.094 Y146.016
G1 F1551.9 X51.681 Y145.981 E2320.05063
G1 X51.342 Y145.826 E2320.06427
G1 X51.058 Y145.575 E2320.07814
G1 X50.849 Y145.208 E2320.09359
G1 X50.776 Y144.771 E2320.1098
G1 X50.873 Y144.334 E2320.12618
G1 X51.088 Y143.985 E2320.14117
G1 X51.367 Y143.751 E2320.1545
G1 X51.741 Y143.606 E2320.16917
G1 X52.145 Y143.586 E2320.18397
G1 X52.542 Y143.705 E2320.19913
G1 X52.754 Y143.84 E2320.20833
G1 X53.048 Y144.172 E2320.22455
G1 X53.194 Y144.541 E2320.23907
G1 X53.22 Y144.814 E2320.2491
G1 X53.138 Y145.229 E2320.26458
G1 X53.018 Y145.471 E2320.27446
G1 X52.734 Y145.77 E2320.28955
G1 X52.517 Y145.907 E2320.29894
G1 X52.094 Y146.016 E2320.31492
G1 F1500 E2318.31492
G0 F9000 X167.976 Y146.872
;TYPE:WALL-INNER
G1 F1500 E2320.31492
G1 F1595.4 X168.332 Y146.845 E2320.32763
G1 X168.665 Y146.761 E2320.33985
G1 F1602.9 X168.995 Y146.62 E2320.35256
G1 X169.292 Y146.422 E2320.36521
G1 F1591.7 X169.542 Y146.182 E2320.37757
G1 F1595.4 X169.773 Y145.876 E2320.39121
G1 F1610.4 X169.948 Y145.506 E2320.40564
G1 F1595.4 X170.042 Y145.137 E2320.41919
G1 F1599.1 X170.074 Y144.796 E2320.43135
G1 F1614.2 X170.046 Y144.452 E2320.44349
G1 F1602.9 X169.969 Y144.157 E2320.45429
G1 X169.848 Y143.857 E2320.46575
G1 F1599.1 X169.666 Y143.565 E2320.47797
G1 F1588 X169.447 Y143.314 E2320.48988
G1 F1599.1 X169.153 Y143.077 E2320.50329
G1 F1610.4 X168.856 Y142.909 E2320.51532
G1 F1595.4 X168.52 Y142.793 E2320.52797
G1 F1602.9 X168.171 Y142.731 E2320.54052
G1 X167.841 Y142.732 E2320.55221
G1 X167.535 Y142.776 E2320.56316
G1 X167.23 Y142.873 E2320.5745
G1 X166.984 Y142.986 E2320.58409
G1 F1606.7 X166.759 Y143.135 E2320.59363
G1 F1602.9 X166.528 Y143.334 E2320.60443
G1 X166.331 Y143.567 E2320.61523
G1 F1595.4 X166.156 Y143.852 E2320.62714
G1 X166.019 Y144.18 E2320.63979
G1 F1588 X165.945 Y144.514 E2320.65202
G1 F1595.4 X165.926 Y144.875 E2320.66488
G1 X165.972 Y145.234 E2320.67776
G1 X166.069 Y145.568 E2320.69014
G1 F1591.7 X166.223 Y145.87 E2320.70223
G1 F1595.4 X166.411 Y146.134 E2320.71377
G1 F1602.9 X166.624 Y146.349 E2320.72449
G1 F1599.1 X166.859 Y146.531 E2320.73504
G1 F1602.9 X167.094 Y146.665 E2320.74462
G1 F1599.1 X167.359 Y146.773 E2320.75478
G1 F1602.9 X167.663 Y146.844 E2320.76584
G1 F1595.4 X167.976 Y146.872 E2320.77703
G0 F9000 X167.996 Y146.446
G1 F1599.1 X167.569 Y146.404 E2320.79226
G1 F1610.4 X167.142 Y146.209 E2320.80881
G1 F1618.1 X166.775 Y145.923 E2320.82514
G1 F1595.4 X166.595 Y145.648 E2320.83683
G1 F1591.7 X166.462 Y145.405 E2320.84671
G1 F1595.4 X166.397 Y145.156 E2320.85587
G1 X166.351 Y144.846 E2320.86703
G1 X166.37 Y144.586 E2320.8763
G1 F1588 X166.46 Y144.172 E2320.89145
G1 F1595.4 X166.751 Y143.698 E2320.91125
G1 F1602.9 X167.142 Y143.375 E2320.92921
G1 F1614.2 X167.586 Y143.2 E2320.946
G1 F1602.9 X167.869 Y143.162 E2320.95611
G1 X168.142 Y143.153 E2320.96579
G1 X168.404 Y143.209 E2320.97528
G1 X168.737 Y143.314 E2320.98764
G1 F1618.1 X169.071 Y143.535 E2321.0017
G1 F1610.4 X169.427 Y143.945 E2321.02084
G1 X169.621 Y144.444 E2321.03972
G1 F1614.2 X169.652 Y144.796 E2321.05214
G1 F1599.1 X169.618 Y145.058 E2321.06153
G1 F1595.4 X169.556 Y145.339 E2321.07177
G1 F1610.4 X169.407 Y145.663 E2321.08434
G1 F1595.4 X169.224 Y145.89 E2321.09472
G1 F1591.7 X169.02 Y146.095 E2321.10503
G1 F1602.9 X168.697 Y146.309 E2321.11876
G1 X168.239 Y146.429 E2321.13553
G1 F1599.1 X167.996 Y146.446 E2321.14418
G0 F9000 X168.094 Y146.016
;TYPE:WALL-OUTER
G1 F1551.9 X167.684 Y145.978 E2321.15924
G1 X167.342 Y145.826 E2321.17293
G1 X167.058 Y145.575 E2321.1868
G1 X166.849 Y145.208 E2321.20225
G1 X166.776 Y144.771 E2321.21846
G1 X166.873 Y144.334 E2321.23484
G1 X167.088 Y143.985 E2321.24984
G1 X167.367 Y143.751 E2321.26316
G1 X167.741 Y143.606 E2321.27783
G1 X168.145 Y143.586 E2321.29263
G1 X168.542 Y143.705 E2321.3078
G1 X168.754 Y143.84 E2321.31699
G1 X169.048 Y144.172 E2321.33322
G1 X169.194 Y144.541 E2321.34774
G1 X169.22 Y144.814 E2321.35777
G1 X169.138 Y145.229 E2321.37325
G1 X169.018 Y145.471 E2321.38313
G1 X168.734 Y145.77 E2321.39822
G1 X168.517 Y145.907 E2321.4076
G1 X168.094 Y146.016 E2321.42359
G0 F9000 X167.974 Y147.307
G1 F1551.9 X168.4 Y147.274 E2321.43922
G1 X168.805 Y147.174 E2321.45448
G1 X169.202 Y147.001 E2321.47032
G1 X169.562 Y146.762 E2321.48613
G1 X169.87 Y146.473 E2321.50159
G1 X170.146 Y146.098 E2321.51862
G1 X170.356 Y145.655 E2321.53656
G1 X170.474 Y145.21 E2321.5534
G1 X170.507 Y144.796 E2321.5686
G1 X170.474 Y144.381 E2321.58383
G1 X170.382 Y144.021 E2321.59742
G1 X170.235 Y143.66 E2321.61168
G1 X170.018 Y143.307 E2321.62684
G1 X169.75 Y143 E2321.64175
G1 X169.411 Y142.727 E2321.65768
G1 X169.036 Y142.514 E2321.67345
G1 X168.628 Y142.37 E2321.68928
G1 X168.208 Y142.3 E2321.70486
G1 X167.809 Y142.297 E2321.71946
G1 X167.438 Y142.355 E2321.7332
G1 X167.072 Y142.466 E2321.74719
G1 X166.773 Y142.609 E2321.75932
G1 X166.497 Y142.789 E2321.77137
G1 X166.221 Y143.028 E2321.78473
G1 X165.979 Y143.311 E2321.79835
G1 X165.769 Y143.653 E2321.81304
G1 X165.603 Y144.048 E2321.82871
G1 X165.511 Y144.457 E2321.84405
G1 X165.493 Y144.891 E2321.85994
G1 X165.544 Y145.323 E2321.87586
G1 X165.666 Y145.727 E2321.8913
G1 X165.849 Y146.097 E2321.9064
G1 X166.081 Y146.413 E2321.92074
G1 X166.335 Y146.675 E2321.93409
G1 X166.619 Y146.892 E2321.94717
G1 X166.905 Y147.057 E2321.95925
G1 X167.227 Y147.185 E2321.97193
G1 X167.592 Y147.274 E2321.98567
G1 X167.974 Y147.307 E2321.9997
G1 F1500 E2319.9997
G0 F9000 X167.901 Y148.19
G0 X166.958 Y148.033
G0 X166.125 Y147.632
G0 X165.4 Y146.984
G0 X165.091 Y146.552
G0 X164.843 Y146.054
G0 X164.677 Y145.506
G0 X164.619 Y145.036
G0 X167.867 Y81.187
G0 X167.976 Y79.872
;TYPE:WALL-INNER
G1 F1500 E2321.9997
G1 F1595.4 X168.332 Y79.845 E2322.01241
G1 X168.665 Y79.761 E2322.02463
G1 F1602.9 X168.995 Y79.62 E2322.03734
G1 X169.292 Y79.422 E2322.04998
G1 F1591.7 X169.542 Y79.182 E2322.06235
G1 F1595.4 X169.773 Y78.876 E2322.07599
G1 F1610.4 X169.948 Y78.506 E2322.09042
G1 F1595.4 X170.042 Y78.137 E2322.10397
G1 F1599.1 X170.074 Y77.796 E2322.11613
G1 F1614.2 X170.046 Y77.452 E2322.12827
G1 F1602.9 X169.969 Y77.157 E2322.13907
G1 X169.848 Y76.857 E2322.15053
G1 F1599.1 X169.666 Y76.565 E2322.16275
G1 F1588 X169.447 Y76.314 E2322.17466
G1 F1599.1 X169.153 Y76.077 E2322.18806
G1 F1610.4 X168.856 Y75.909 E2322.20009
G1 F1595.4 X168.52 Y75.793 E2322.21274
G1 F1602.9 X168.171 Y75.731 E2322.2253
G1 X167.841 Y75.732 E2322.23699
G1 X167.535 Y75.776 E2322.24794
G1 X167.23 Y75.873 E2322.25928
G1 X166.984 Y75.986 E2322.26887
G1 F1606.7 X166.759 Y76.135 E2322.2784
G1 F1602.9 X166.528 Y76.334 E2322.2892
G1 X166.331 Y76.567 E2322.30001
G1 F1595.4 X166.156 Y76.852 E2322.31191
G1 X166.019 Y77.18 E2322.32456
G1 F1588 X165.945 Y77.514 E2322.3368
G1 F1595.4 X165.926 Y77.875 E2322.34966
G1 X165.972 Y78.234 E2322.36254
G1 X166.069 Y78.568 E2322.37492
G1 F1591.7 X166.223 Y78.87 E2322.38701
G1 F1595.4 X166.411 Y79.134 E2322.39855
G1 F1602.9 X166.624 Y79.349 E2322.40927
G1 F1599.1 X166.859 Y79.531 E2322.41982
G1 F1602.9 X167.094 Y79.665 E2322.4294
G1 F1599.1 X167.359 Y79.773 E2322.43956
G1 F1602.9 X167.663 Y79.844 E2322.45062
G1 F1595.4 X167.976 Y79.872 E2322.4618
G0 F9000 X167.996 Y79.446
G1 F1599.1 X167.569 Y79.404 E2322.47704
G1 F1610.4 X167.142 Y79.209 E2322.49359
G1 F1618.1 X166.775 Y78.923 E2322.50991
G1 F1595.4 X166.595 Y78.648 E2322.52161
G1 F1591.7 X166.462 Y78.405 E2322.53149
G1 F1595.4 X166.397 Y78.156 E2322.54065
G1 X166.351 Y77.846 E2322.5518
G1 X166.37 Y77.586 E2322.56108
G1 F1588 X166.46 Y77.172 E2322.57623
G1 F1595.4 X166.751 Y76.698 E2322.59602
G1 F1602.9 X167.142 Y76.375 E2322.61399
G1 F1614.2 X167.586 Y76.2 E2322.63077
G1 F1602.9 X167.869 Y76.162 E2322.64089
G1 X168.142 Y76.153 E2322.65056
G1 X168.404 Y76.209 E2322.66005
G1 X168.737 Y76.314 E2322.67242
G1 F1618.1 X169.071 Y76.535 E2322.68648
G1 F1610.4 X169.427 Y76.945 E2322.70562
G1 X169.621 Y77.444 E2322.72449
G1 F1614.2 X169.652 Y77.796 E2322.73692
G1 F1599.1 X169.618 Y78.058 E2322.7463
G1 F1595.4 X169.556 Y78.339 E2322.75654
G1 F1610.4 X169.407 Y78.663 E2322.76912
G1 F1595.4 X169.224 Y78.89 E2322.77949
G1 F1591.7 X169.02 Y79.095 E2322.78981
G1 F1602.9 X168.697 Y79.309 E2322.80353
G1 X168.239 Y79.429 E2322.82031
G1 F1599.1 X167.996 Y79.446 E2322.82895
G0 F9000 X168.094 Y79.016
;TYPE:WALL-OUTER
G1 F1551.9 X167.681 Y78.981 E2322.84412
G1 X167.342 Y78.826 E2322.85776
G1 X167.058 Y78.575 E2322.87162
G1 X166.849 Y78.208 E2322.88708
G1 X166.776 Y77.771 E2322.90328
G1 X166.873 Y77.334 E2322.91966
G1 X167.088 Y76.985 E2322.93466
G1 X167.367 Y76.751 E2322.94798
G1 X167.741 Y76.606 E2322.96266
G1 X168.145 Y76.586 E2322.97746
G1 X168.542 Y76.705 E2322.99262
G1 X168.754 Y76.84 E2323.00181
G1 X169.048 Y77.172 E2323.01804
G1 X169.194 Y77.541 E2323.03256
G1 X169.22 Y77.814 E2323.04259
G1 X169.138 Y78.229 E2323.05807
G1 X169.018 Y78.471 E2323.06795
G1 X168.734 Y78.77 E2323.08304
G1 X168.517 Y78.907 E2323.09243
G1 X168.094 Y79.016 E2323.10841
G0 F9000 X167.974 Y80.307
G1 F1551.9 X168.4 Y80.274 E2323.12404
G1 X168.805 Y80.174 E2323.1393
G1 X169.202 Y80.001 E2323.15515
G1 X169.562 Y79.762 E2323.17096
G1 X169.87 Y79.473 E2323.18641
G1 X170.146 Y79.098 E2323.20344
G1 X170.356 Y78.655 E2323.22138
G1 X170.474 Y78.21 E2323.23822
G1 X170.507 Y77.796 E2323.25342
G1 X170.474 Y77.381 E2323.26865
G1 X170.382 Y77.021 E2323.28224
G1 X170.235 Y76.66 E2323.2965
G1 X170.018 Y76.307 E2323.31166
G1 X169.75 Y76 E2323.32657
G1 X169.411 Y75.727 E2323.3425
G1 X169.036 Y75.514 E2323.35828
G1 X168.628 Y75.37 E2323.37411
G1 X168.208 Y75.3 E2323.38969
G1 X167.809 Y75.297 E2323.40428
G1 X167.438 Y75.355 E2323.41802
G1 X167.072 Y75.466 E2323.43201
G1 X166.773 Y75.609 E2323.44414
G1 X166.497 Y75.789 E2323.4562
G1 X166.221 Y76.028 E2323.46955
G1 X165.979 Y76.311 E2323.48318
G1 X165.769 Y76.653 E2323.49786
G1 X165.603 Y77.048 E2323.51354
G1 X165.511 Y77.457 E2323.52887
G1 X165.493 Y77.891 E2323.54477
G1 X165.544 Y78.323 E2323.56068
G1 X165.666 Y78.727 E2323.57612
G1 X165.849 Y79.097 E2323.59122
G1 X166.081 Y79.413 E2323.60556
G1 X166.335 Y79.675 E2323.61892
G1 X166.619 Y79.892 E2323.63199
G1 X166.905 Y80.057 E2323.64407
G1 X167.227 Y80.185 E2323.65675
G1 X167.592 Y80.274 E2323.67049
G1 X167.974 Y80.307 E2323.68452
G1 F1500 E2321.68452
;MESH:NONMESH
G0 F300 Z5.68
G0 F9000 X51.996 Y79.446
;TIME_ELAPSED:7208.042411
;LAYER:29
;note -- min layer time used
;TYPE:WALL-INNER
;MESH:SmartKiln_Fondo.stl
G1 F1500 E2323.68452
G1 F1599.1 X51.569 Y79.404 E2323.69976
G1 F1610.5 X51.142 Y79.209 E2323.71631
G1 F1618.1 X50.775 Y78.923 E2323.73263
G1 F1595.4 X50.595 Y78.648 E2323.74433
G1 F1591.7 X50.462 Y78.405 E2323.75421
G1 F1595.4 X50.397 Y78.156 E2323.76337
G1 X50.351 Y77.846 E2323.77452
G1 X50.37 Y77.586 E2323.7838
G1 F1588 X50.46 Y77.172 E2323.79895
G1 F1595.4 X50.751 Y76.698 E2323.81874
G1 F1602.9 X51.142 Y76.375 E2323.83671
G1 F1614.3 X51.586 Y76.2 E2323.85349
G1 F1602.9 X51.869 Y76.162 E2323.86361
G1 X52.142 Y76.153 E2323.87328
G1 X52.404 Y76.209 E2323.88277
G1 X52.737 Y76.314 E2323.89514
G1 F1618.1 X53.071 Y76.535 E2323.90919
G1 F1610.5 X53.427 Y76.945 E2323.92834
G1 X53.621 Y77.444 E2323.94721
G1 F1614.3 X53.652 Y77.796 E2323.95964
G1 F1599.1 X53.618 Y78.058 E2323.96902
G1 F1595.4 X53.556 Y78.339 E2323.97926
G1 F1610.5 X53.407 Y78.663 E2323.99184
G1 F1595.4 X53.224 Y78.89 E2324.00221
G1 F1591.7 X53.02 Y79.095 E2324.01253
G1 F1602.9 X52.697 Y79.309 E2324.02625
G1 X52.239 Y79.429 E2324.04302
G1 F1599.1 X51.996 Y79.446 E2324.05167
G0 F9000 X51.976 Y79.872
G1 F1595.4 X52.332 Y79.845 E2324.06438
G1 X52.665 Y79.761 E2324.0766
G1 F1602.9 X52.995 Y79.62 E2324.08931
G1 X53.292 Y79.422 E2324.10196
G1 F1591.7 X53.542 Y79.182 E2324.11432
G1 F1595.4 X53.773 Y78.876 E2324.12796
G1 F1610.5 X53.948 Y78.506 E2324.14239
G1 F1595.4 X54.042 Y78.137 E2324.15595
G1 F1599.1 X54.074 Y77.796 E2324.16811
G1 F1614.3 X54.046 Y77.452 E2324.18025
G1 F1602.9 X53.969 Y77.157 E2324.19105
G1 X53.848 Y76.857 E2324.2025
G1 F1599.1 X53.666 Y76.565 E2324.21472
G1 F1588 X53.447 Y76.314 E2324.22663
G1 F1599.1 X53.153 Y76.077 E2324.24004
G1 F1610.5 X52.856 Y75.909 E2324.25207
G1 F1595.4 X52.52 Y75.793 E2324.26472
G1 F1602.9 X52.171 Y75.731 E2324.27727
G1 X51.841 Y75.732 E2324.28896
G1 X51.535 Y75.776 E2324.29991
G1 X51.23 Y75.873 E2324.31125
G1 X50.984 Y75.986 E2324.32084
G1 F1606.7 X50.759 Y76.135 E2324.33038
G1 F1602.9 X50.528 Y76.334 E2324.34118
G1 X50.331 Y76.567 E2324.35198
G1 F1595.4 X50.156 Y76.852 E2324.36389
G1 X50.019 Y77.18 E2324.37654
G1 F1588 X49.945 Y77.514 E2324.38877
G1 F1595.4 X49.926 Y77.875 E2324.40163
G1 X49.972 Y78.234 E2324.41451
G1 X50.069 Y78.568 E2324.42689
G1 F1591.7 X50.223 Y78.87 E2324.43899
G1 F1595.4 X50.411 Y79.134 E2324.45052
G1 F1602.9 X50.624 Y79.349 E2324.46124
G1 F1599.1 X50.859 Y79.531 E2324.47179
G1 F1602.9 X51.094 Y79.665 E2324.48138
G1 F1599.1 X51.359 Y79.773 E2324.49154
G1 F1602.9 X51.663 Y79.844 E2324.50259
G1 F1595.4 X51.976 Y79.872 E2324.51378
G0 F9000 X51.974 Y80.307
;TYPE:WALL-OUTER
G1 F1551.9 X52.4 Y80.274 E2324.52941
G1 X52.805 Y80.174 E2324.54467
G1 X53.202 Y80.001 E2324.56052
G1 X53.562 Y79.762 E2324.57633
G1 X53.87 Y79.473 E2324.59178
G1 X54.146 Y79.098 E2324.60881
G1 X54.356 Y78.655 E2324.62675
G1 X54.474 Y78.21 E2324.64359
G1 X54.507 Y77.796 E2324.65879
G1 X54.474 Y77.381 E2324.67402
G1 X54.382 Y77.021 E2324.68761
G1 X54.235 Y76.66 E2324.70187
G1 X54.018 Y76.307 E2324.71703
G1 X53.75 Y76 E2324.73194
G1 X53.411 Y75.727 E2324.74787
G1 X53.036 Y75.514 E2324.76365
G1 X52.628 Y75.37 E2324.77948
G1 X52.208 Y75.3 E2324.79505
G1 X51.809 Y75.297 E2324.80965
G1 X51.438 Y75.355 E2324.82339
G1 X51.072 Y75.466 E2324.83738
G1 X50.773 Y75.609 E2324.84951
G1 X50.497 Y75.789 E2324.86156
G1 X50.221 Y76.028 E2324.87492
G1 X49.979 Y76.311 E2324.88855
G1 X49.769 Y76.653 E2324.90323
G1 X49.603 Y77.048 E2324.9189
G1 X49.511 Y77.457 E2324.93424
G1 X49.493 Y77.891 E2324.95013
G1 X49.544 Y78.323 E2324.96605
G1 X49.666 Y78.727 E2324.98149
G1 X49.849 Y79.097 E2324.99659
G1 X50.081 Y79.413 E2325.01093
G1 X50.335 Y79.675 E2325.02428
G1 X50.619 Y79.892 E2325.03736
G1 X50.905 Y80.057 E2325.04944
G1 X51.227 Y80.185 E2325.06212
G1 X51.592 Y80.274 E2325.07586
G1 X51.974 Y80.307 E2325.08989
G0 F9000 X52.094 Y79.016
G1 F1551.9 X51.681 Y78.981 E2325.10506
G1 X51.342 Y78.826 E2325.11869
G1 X51.058 Y78.575 E2325.13256
G1 X50.849 Y78.208 E2325.14801
G1 X50.776 Y77.771 E2325.16422
G1 X50.873 Y77.334 E2325.1806
G1 X51.088 Y76.985 E2325.1956
G1 X51.367 Y76.751 E2325.20892
G1 X51.741 Y76.606 E2325.22359
G1 X52.145 Y76.586 E2325.23839
G1 X52.542 Y76.705 E2325.25356
G1 X52.754 Y76.84 E2325.26275
G1 X53.048 Y77.172 E2325.27898
G1 X53.194 Y77.541 E2325.29349
G1 X53.22 Y77.814 E2325.30353
G1 X53.138 Y78.229 E2325.319
G1 X53.018 Y78.471 E2325.32889
G1 X52.734 Y78.77 E2325.34397
G1 X52.517 Y78.907 E2325.35336
G1 X52.094 Y79.016 E2325.36935
G1 F1500 E2323.36935
G0 F9000 X51.996 Y146.446
;TYPE:WALL-INNER
G1 F1500 E2325.36935
G1 F1599.1 X51.569 Y146.404 E2325.38458
G1 F1610.5 X51.142 Y146.209 E2325.40113
G1 F1618.1 X50.775 Y145.923 E2325.41746
G1 F1595.4 X50.595 Y145.648 E2325.42915
G1 F1591.7 X50.462 Y145.405 E2325.43903
G1 F1595.4 X50.397 Y145.156 E2325.44819
G1 X50.351 Y144.846 E2325.45935
G1 X50.37 Y144.586 E2325.46862
G1 F1588 X50.46 Y144.172 E2325.48377
G1 F1595.4 X50.751 Y143.698 E2325.50357
G1 F1602.9 X51.142 Y143.375 E2325.52153
G1 F1614.3 X51.586 Y143.2 E2325.53832
G1 F1602.9 X51.869 Y143.162 E2325.54843
G1 X52.142 Y143.153 E2325.55811
G1 X52.404 Y143.209 E2325.5676
G1 X52.737 Y143.314 E2325.57996
G1 F1618.1 X53.071 Y143.535 E2325.59402
G1 F1610.5 X53.427 Y143.945 E2325.61316
G1 X53.621 Y144.444 E2325.63204
G1 F1614.3 X53.652 Y144.796 E2325.64446
G1 F1599.1 X53.618 Y145.058 E2325.65385
G1 F1595.4 X53.556 Y145.339 E2325.66409
G1 F1610.5 X53.407 Y145.663 E2325.67666
G1 F1595.4 X53.224 Y145.89 E2325.68704
G1 F1591.7 X53.02 Y146.095 E2325.69735
G1 F1602.9 X52.697 Y146.309 E2325.71108
G1 X52.239 Y146.429 E2325.72785
G1 F1599.1 X51.996 Y146.446 E2325.7365
G0 F9000 X51.976 Y146.872
G1 F1595.4 X52.332 Y146.845 E2325.7492
G1 X52.665 Y146.761 E2325.76142
G1 F1602.9 X52.995 Y146.62 E2325.77414
G1 X53.292 Y146.422 E2325.78678
G1 F1591.7 X53.542 Y146.182 E2325.79914
G1 F1595.4 X53.773 Y145.876 E2325.81279
G1 F1610.5 X53.948 Y145.506 E2325.82722
G1 F1595.4 X54.042 Y145.137 E2325.84077
G1 F1599.1 X54.074 Y144.796 E2325.85293
G1 F1614.3 X54.046 Y144.452 E2325.86507
G1 F1602.9 X53.969 Y144.157 E2325.87587
G1 X53.848 Y143.857 E2325.88733
G1 F1599.1 X53.666 Y143.565 E2325.89954
G1 F1588 X53.447 Y143.314 E2325.91145
G1 F1599.1 X53.153 Y143.077 E2325.92486
G1 F1610.5 X52.856 Y142.909 E2325.93689
G1 F1595.4 X52.52 Y142.793 E2325.94954
G1 F1602.9 X52.171 Y142.731 E2325.9621
G1 X51.841 Y142.732 E2325.97379
G1 X51.535 Y142.776 E2325.98474
G1 X51.23 Y142.873 E2325.99607
G1 X50.984 Y142.986 E2326.00566
G1 F1606.7 X50.759 Y143.135 E2326.0152
G1 F1602.9 X50.528 Y143.334 E2326.026
G1 X50.331 Y143.567 E2326.03681
G1 F1595.4 X50.156 Y143.852 E2326.04871
G1 X50.019 Y144.18 E2326.06136
G1 F1588 X49.945 Y144.514 E2326.07359
G1 F1595.4 X49.926 Y144.875 E2326.08646
G1 X49.972 Y145.234 E2326.09934
G1 X50.069 Y145.568 E2326.11172
G1 F1591.7 X50.223 Y145.87 E2326.12381
G1 F1595.4 X50.411 Y146.134 E2326.13534
G1 F1602.9 X50.624 Y146.349 E2326.14606
G1 F1599.1 X50.859 Y146.531 E2326.15662
G1 F1602.9 X51.094 Y146.665 E2326.1662
G1 F1599.1 X51.359 Y146.773 E2326.17636
G1 F1602.9 X51.663 Y146.844 E2326.18742
G1 F1595.4 X51.976 Y146.872 E2326.1986
G0 F9000 X51.974 Y147.307
;TYPE:WALL-OUTER
G1 F1551.9 X52.4 Y147.274 E2326.21423
G1 X52.805 Y147.174 E2326.22949
G1 X53.202 Y147.001 E2326.24534
G1 X53.562 Y146.762 E2326.26115
G1 X53.87 Y146.473 E2326.2766
G1 X54.146 Y146.098 E2326.29364
G1 X54.356 Y145.655 E2326.31157
G1 X54.474 Y145.21 E2326.32842
G1 X54.507 Y144.796 E2326.34361
G1 X54.474 Y144.381 E2326.35884
G1 X54.382 Y144.021 E2326.37244
G1 X54.235 Y143.66 E2326.3867
G1 X54.018 Y143.307 E2326.40186
G1 X53.75 Y143 E2326.41677
G1 X53.411 Y142.727 E2326.43269
G1 X53.036 Y142.514 E2326.44847
G1 X52.628 Y142.37 E2326.4643
G1 X52.208 Y142.3 E2326.47988
G1 X51.809 Y142.297 E2326.49447
G1 X51.438 Y142.355 E2326.50821
G1 X51.072 Y142.466 E2326.52221
G1 X50.773 Y142.609 E2326.53433
G1 X50.497 Y142.789 E2326.54639
G1 X50.221 Y143.028 E2326.55975
G1 X49.979 Y143.311 E2326.57337
G1 X49.769 Y143.653 E2326.58805
G1 X49.603 Y144.048 E2326.60373
G1 X49.511 Y144.457 E2326.61906
G1 X49.493 Y144.891 E2326.63496
G1 X49.544 Y145.323 E2326.65087
G1 X49.666 Y145.727 E2326.66631
G1 X49.849 Y146.097 E2326.68141
G1 X50.081 Y146.413 E2326.69576
G1 X50.335 Y146.675 E2326.70911
G1 X50.619 Y146.892 E2326.72218
G1 X50.905 Y147.057 E2326.73426
G1 X51.227 Y147.185 E2326.74694
G1 X51.592 Y147.274 E2326.76069
G1 X51.974 Y147.307 E2326.77471
G0 F9000 X52.094 Y146.016
G1 F1551.9 X51.681 Y145.981 E2326.78988
G1 X51.342 Y145.826 E2326.80352
G1 X51.058 Y145.575 E2326.81738
G1 X50.849 Y145.208 E2326.83283
G1 X50.776 Y144.771 E2326.84904
G1 X50.873 Y144.334 E2326.86542
G1 X51.088 Y143.985 E2326.88042
G1 X51.367 Y143.751 E2326.89374
G1 X51.741 Y143.606 E2326.90842
G1 X52.145 Y143.586 E2326.92322
G1 X52.542 Y143.705 E2326.93838
G1 X52.754 Y143.84 E2326.94757
G1 X53.048 Y144.172 E2326.9638
G1 X53.194 Y144.541 E2326.97832
G1 X53.22 Y144.814 E2326.98835
G1 X53.138 Y145.229 E2327.00383
G1 X53.018 Y145.471 E2327.01371
G1 X52.734 Y145.77 E2327.0288
G1 X52.517 Y145.907 E2327.03819
G1 X52.094 Y146.016 E2327.05417
G1 F1500 E2325.05417
G0 F9000 X167.976 Y146.872
;TYPE:WALL-INNER
G1 F1500 E2327.05417
G1 F1595.4 X168.332 Y146.845 E2327.06687
G1 X168.665 Y146.761 E2327.0791
G1 F1602.9 X168.995 Y146.62 E2327.09181
G1 X169.292 Y146.422 E2327.10445
G1 F1591.7 X169.542 Y146.182 E2327.11681
G1 F1595.4 X169.773 Y145.876 E2327.13046
G1 F1610.5 X169.948 Y145.506 E2327.14489
G1 F1595.4 X170.042 Y145.137 E2327.15844
G1 F1599.1 X170.074 Y144.796 E2327.1706
G1 F1614.3 X170.046 Y144.452 E2327.18274
G1 F1602.9 X169.969 Y144.157 E2327.19354
G1 X169.848 Y143.857 E2327.205
G1 F1599.1 X169.666 Y143.565 E2327.21721
G1 F1588 X169.447 Y143.314 E2327.22912
G1 F1599.1 X169.153 Y143.077 E2327.24253
G1 F1610.5 X168.856 Y142.909 E2327.25456
G1 F1595.4 X168.52 Y142.793 E2327.26721
G1 F1602.9 X168.171 Y142.731 E2327.27977
G1 X167.841 Y142.732 E2327.29146
G1 X167.535 Y142.776 E2327.30241
G1 X167.23 Y142.873 E2327.31375
G1 X166.984 Y142.986 E2327.32333
G1 F1606.7 X166.759 Y143.135 E2327.33287
G1 F1602.9 X166.528 Y143.334 E2327.34367
G1 X166.331 Y143.567 E2327.35448
G1 F1595.4 X166.156 Y143.852 E2327.36638
G1 X166.019 Y144.18 E2327.37903
G1 F1588 X165.945 Y144.514 E2327.39126
G1 F1595.4 X165.926 Y144.875 E2327.40413
G1 X165.972 Y145.234 E2327.41701
G1 X166.069 Y145.568 E2327.42939
G1 F1591.7 X166.223 Y145.87 E2327.44148
G1 F1595.4 X166.411 Y146.134 E2327.45301
G1 F1602.9 X166.624 Y146.349 E2327.46373
G1 F1599.1 X166.859 Y146.531 E2327.47429
G1 F1602.9 X167.094 Y146.665 E2327.48387
G1 F1599.1 X167.359 Y146.773 E2327.49403
G1 F1602.9 X167.663 Y146.844 E2327.50509
G1 F1595.4 X167.976 Y146.872 E2327.51627
G0 F9000 X167.996 Y146.446
G1 F1599.1 X167.569 Y146.404 E2327.53151
G1 F1610.5 X167.142 Y146.209 E2327.54806
G1 F1618.1 X166.775 Y145.923 E2327.56438
G1 F1595.4 X166.595 Y145.648 E2327.57608
G1 F1591.7 X166.462 Y145.405 E2327.58596
G1 F1595.4 X166.397 Y145.156 E2327.59512
G1 X166.351 Y144.846 E2327.60627
G1 X166.37 Y144.586 E2327.61555
G1 F1588 X166.46 Y144.172 E2327.6307
G1 F1595.4 X166.751 Y143.698 E2327.65049
G1 F1602.9 X167.142 Y143.375 E2327.66846
G1 F1614.3 X167.586 Y143.2 E2327.68524
G1 F1602.9 X167.869 Y143.162 E2327.69536
G1 X168.142 Y143.153 E2327.70503
G1 X168.404 Y143.209 E2327.71452
G1 X168.737 Y143.314 E2327.72689
G1 F1618.1 X169.071 Y143.535 E2327.74094
G1 F1610.5 X169.427 Y143.945 E2327.76009
G1 X169.621 Y144.444 E2327.77896
G1 F1614.3 X169.652 Y144.796 E2327.79139
G1 F1599.1 X169.618 Y145.058 E2327.80077
G1 F1595.4 X169.556 Y145.339 E2327.81101
G1 F1610.5 X169.407 Y145.663 E2327.82358
G1 F1595.4 X169.224 Y145.89 E2327.83396
G1 F1591.7 X169.02 Y146.095 E2327.84428
G1 F1602.9 X168.697 Y146.309 E2327.858
G1 X168.239 Y146.429 E2327.87477
G1 F1599.1 X167.996 Y146.446 E2327.88342
G0 F9000 X168.094 Y146.016
;TYPE:WALL-OUTER
G1 F1551.9 X167.681 Y145.981 E2327.89859
G1 X167.342 Y145.826 E2327.91222
G1 X167.058 Y145.575 E2327.92609
G1 X166.849 Y145.208 E2327.94154
G1 X166.776 Y144.771 E2327.95775
G1 X166.873 Y144.334 E2327.97413
G1 X167.088 Y143.985 E2327.98913
G1 X167.367 Y143.751 E2328.00245
G1 X167.741 Y143.606 E2328.01713
G1 X168.145 Y143.586 E2328.03192
G1 X168.542 Y143.705 E2328.04709
G1 X168.754 Y143.84 E2328.05628
G1 X169.048 Y144.172 E2328.07251
G1 X169.194 Y144.541 E2328.08703
G1 X169.22 Y144.814 E2328.09706
G1 X169.138 Y145.229 E2328.11254
G1 X169.018 Y145.471 E2328.12242
G1 X168.734 Y145.77 E2328.13751
G1 X168.517 Y145.907 E2328.14689
G1 X168.094 Y146.016 E2328.16288
G0 F9000 X167.974 Y147.307
G1 F1551.9 X168.4 Y147.274 E2328.17851
G1 X168.805 Y147.174 E2328.19377
G1 X169.202 Y147.001 E2328.20962
G1 X169.562 Y146.762 E2328.22542
G1 X169.87 Y146.473 E2328.24088
G1 X170.146 Y146.098 E2328.25791
G1 X170.356 Y145.655 E2328.27585
G1 X170.474 Y145.21 E2328.29269
G1 X170.507 Y144.796 E2328.30789
G1 X170.474 Y144.381 E2328.32312
G1 X170.382 Y144.021 E2328.33671
G1 X170.235 Y143.66 E2328.35097
G1 X170.018 Y143.307 E2328.36613
G1 X169.75 Y143 E2328.38104
G1 X169.411 Y142.727 E2328.39697
G1 X169.036 Y142.514 E2328.41275
G1 X168.628 Y142.37 E2328.42857
G1 X168.208 Y142.3 E2328.44415
G1 X167.809 Y142.297 E2328.45875
G1 X167.438 Y142.355 E2328.47249
G1 X167.072 Y142.466 E2328.48648
G1 X166.773 Y142.609 E2328.49861
G1 X166.497 Y142.789 E2328.51066
G1 X166.221 Y143.028 E2328.52402
G1 X165.979 Y143.311 E2328.53764
G1 X165.769 Y143.653 E2328.55233
G1 X165.603 Y144.048 E2328.568
G1 X165.511 Y144.457 E2328.58334
G1 X165.493 Y144.891 E2328.59923
G1 X165.544 Y145.323 E2328.61515
G1 X165.666 Y145.727 E2328.63059
G1 X165.849 Y146.097 E2328.64569
G1 X166.081 Y146.413 E2328.66003
G1 X166.335 Y146.675 E2328.67338
G1 X166.619 Y146.892 E2328.68646
G1 X166.905 Y147.057 E2328.69854
G1 X167.227 Y147.185 E2328.71122
G1 X167.592 Y147.274 E2328.72496
G1 X167.974 Y147.307 E2328.73899
G1 F1500 E2326.73899
G0 F9000 X167.901 Y148.19
G0 X166.958 Y148.033
G0 X166.125 Y147.632
G0 X165.4 Y146.984
G0 X165.091 Y146.552
G0 X164.843 Y146.054
G0 X164.677 Y145.506
G0 X164.619 Y145.036
G0 X167.867 Y81.187
G0 X167.976 Y79.872
;TYPE:WALL-INNER
G1 F1500 E2328.73899
G1 F1595.4 X168.332 Y79.845 E2328.7517
G1 X168.665 Y79.761 E2328.76392
G1 F1602.9 X168.995 Y79.62 E2328.77663
G1 X169.292 Y79.422 E2328.78927
G1 F1591.7 X169.542 Y79.182 E2328.80164
G1 F1595.4 X169.773 Y78.876 E2328.81528
G1 F1610.5 X169.948 Y78.506 E2328.82971
G1 F1595.4 X170.042 Y78.137 E2328.84326
G1 F1599.1 X170.074 Y77.796 E2328.85542
G1 F1614.3 X170.046 Y77.452 E2328.86756
G1 F1602.9 X169.969 Y77.157 E2328.87836
G1 X169.848 Y76.857 E2328.88982
G1 F1599.1 X169.666 Y76.565 E2328.90204
G1 F1588 X169.447 Y76.314 E2328.91395
G1 F1599.1 X169.153 Y76.077 E2328.92735
G1 F1610.5 X168.856 Y75.909 E2328.93939
G1 F1595.4 X168.52 Y75.793 E2328.95204
G1 F1602.9 X168.171 Y75.731 E2328.96459
G1 X167.841 Y75.732 E2328.97628
G1 X167.535 Y75.776 E2328.98723
G1 X167.23 Y75.873 E2328.99857
G1 X166.984 Y75.986 E2329.00816
G1 F1606.7 X166.759 Y76.135 E2329.01769
G1 F1602.9 X166.528 Y76.334 E2329.02849
G1 X166.331 Y76.567 E2329.0393
G1 F1595.4 X166.156 Y76.852 E2329.0512
G1 X166.019 Y77.18 E2329.06385
G1 F1588 X165.945 Y77.514 E2329.07609
G1 F1595.4 X165.926 Y77.875 E2329.08895
G1 X165.972 Y78.234 E2329.10183
G1 X166.069 Y78.568 E2329.11421
G1 F1591.7 X166.223 Y78.87 E2329.1263
G1 F1595.4 X166.411 Y79.134 E2329.13784
G1 F1602.9 X166.624 Y79.349 E2329.14856
G1 F1599.1 X166.859 Y79.531 E2329.15911
G1 F1602.9 X167.094 Y79.665 E2329.16869
G1 F1599.1 X167.359 Y79.773 E2329.17885
G1 F1602.9 X167.663 Y79.844 E2329.18991
G1 F1595.4 X167.976 Y79.872 E2329.20109
G0 F9000 X167.996 Y79.446
G1 F1599.1 X167.569 Y79.404 E2329.21633
G1 F1610.5 X167.142 Y79.209 E2329.23288
G1 F1618.1 X166.775 Y78.923 E2329.2492
G1 F1595.4 X166.595 Y78.648 E2329.2609
G1 F1591.7 X166.462 Y78.405 E2329.27078
G1 F1595.4 X166.397 Y78.156 E2329.27994
G1 X166.351 Y77.846 E2329.29109
G1 X166.37 Y77.586 E2329.30037
G1 F1588 X166.46 Y77.172 E2329.31552
G1 F1595.4 X166.751 Y76.698 E2329.33531
G1 F1602.9 X167.142 Y76.375 E2329.35328
G1 F1614.3 X167.586 Y76.2 E2329.37006
G1 F1602.9 X167.869 Y76.162 E2329.38018
G1 X168.142 Y76.153 E2329.38985
G1 X168.404 Y76.209 E2329.39934
G1 X168.737 Y76.314 E2329.41171
G1 F1618.1 X169.071 Y76.535 E2329.42577
G1 F1610.5 X169.427 Y76.945 E2329.44491
G1 X169.621 Y77.444 E2329.46378
G1 F1614.3 X169.652 Y77.796 E2329.47621
G1 F1599.1 X169.618 Y78.058 E2329.48559
G1 F1595.4 X169.556 Y78.339 E2329.49583
G1 F1610.5 X169.407 Y78.663 E2329.50841
G1 F1595.4 X169.224 Y78.89 E2329.51878
G1 F1591.7 X169.02 Y79.095 E2329.5291
G1 F1602.9 X168.697 Y79.309 E2329.54283
G1 X168.239 Y79.429 E2329.5596
G1 F1599.1 X167.996 Y79.446 E2329.56825
G0 F9000 X168.094 Y79.016
;TYPE:WALL-OUTER
G1 F1551.9 X167.681 Y78.981 E2329.58341
G1 X167.342 Y78.826 E2329.59705
G1 X167.058 Y78.575 E2329.61091
G1 X166.849 Y78.208 E2329.62637
G1 X166.776 Y77.771 E2329.64258
G1 X166.873 Y77.334 E2329.65895
G1 X167.088 Y76.985 E2329.67395
G1 X167.367 Y76.751 E2329.68727
G1 X167.741 Y76.606 E2329.70195
G1 X168.145 Y76.586 E2329.71675
G1 X168.542 Y76.705 E2329.73191
G1 X168.754 Y76.84 E2329.74111
G1 X169.048 Y77.172 E2329.75733
G1 X169.194 Y77.541 E2329.77185
G1 X169.22 Y77.814 E2329.78188
G1 X169.138 Y78.229 E2329.79736
G1 X169.018 Y78.471 E2329.80724
G1 X168.734 Y78.77 E2329.82233
G1 X168.517 Y78.907 E2329.83172
G1 X168.094 Y79.016 E2329.8477
G0 F9000 X167.974 Y80.307
G1 F1551.9 X168.4 Y80.274 E2329.86333
G1 X168.805 Y80.174 E2329.87859
G1 X169.202 Y80.001 E2329.89444
G1 X169.562 Y79.762 E2329.91025
G1 X169.87 Y79.473 E2329.9257
G1 X170.146 Y79.098 E2329.94273
G1 X170.356 Y78.655 E2329.96067
G1 X170.474 Y78.21 E2329.97751
G1 X170.507 Y77.796 E2329.99271
G1 X170.474 Y77.381 E2330.00794
G1 X170.382 Y77.021 E2330.02153
G1 X170.235 Y76.66 E2330.0358
G1 X170.018 Y76.307 E2330.05096
G1 X169.75 Y76 E2330.06587
G1 X169.411 Y75.727 E2330.08179
G1 X169.036 Y75.514 E2330.09757
G1 X168.628 Y75.37 E2330.1134
G1 X168.208 Y75.3 E2330.12898
G1 X167.809 Y75.297 E2330.14357
G1 X167.438 Y75.355 E2330.15731
G1 X167.072 Y75.466 E2330.17131
G1 X166.773 Y75.609 E2330.18343
G1 X166.497 Y75.789 E2330.19549
G1 X166.221 Y76.028 E2330.20884
G1 X165.979 Y76.311 E2330.22247
G1 X165.769 Y76.653 E2330.23715
G1 X165.603 Y77.048 E2330.25283
G1 X165.511 Y77.457 E2330.26816
G1 X165.493 Y77.891 E2330.28406
G1 X165.544 Y78.323 E2330.29997
G1 X165.666 Y78.727 E2330.31541
G1 X165.849 Y79.097 E2330.33051
G1 X166.081 Y79.413 E2330.34486
G1 X166.335 Y79.675 E2330.35821
G1 X166.619 Y79.892 E2330.37128
G1 X166.905 Y80.057 E2330.38336
G1 X167.227 Y80.185 E2330.39604
G1 X167.592 Y80.274 E2330.40979
G1 X167.974 Y80.307 E2330.42381
G1 F1500 E2328.42381
;MESH:NONMESH
G0 F300 Z5.88
G0 F9000 X51.996 Y79.446
;TIME_ELAPSED:7221.001388
;LAYER:30
;note -- min layer time used
;TYPE:WALL-INNER
;MESH:SmartKiln_Fondo.stl
G1 F1500 E2330.42381
G1 F1599.1 X51.569 Y79.404 E2330.43905
G1 F1610.5 X51.142 Y79.209 E2330.4556
G1 F1618.1 X50.775 Y78.923 E2330.47192
G1 F1595.4 X50.595 Y78.648 E2330.48362
G1 F1591.7 X50.462 Y78.405 E2330.4935
G1 F1595.4 X50.397 Y78.156 E2330.50266
G1 X50.351 Y77.846 E2330.51381
G1 X50.37 Y77.586 E2330.52309
G1 F1588 X50.46 Y77.172 E2330.53824
G1 F1595.4 X50.751 Y76.698 E2330.55803
G1 F1602.9 X51.142 Y76.375 E2330.576
G1 F1614.3 X51.586 Y76.2 E2330.59278
G1 F1602.9 X51.869 Y76.162 E2330.6029
G1 X52.142 Y76.153 E2330.61257
G1 X52.404 Y76.209 E2330.62206
G1 X52.737 Y76.314 E2330.63443
G1 F1618.1 X53.071 Y76.535 E2330.64849
G1 F1610.5 X53.427 Y76.945 E2330.66763
G1 X53.621 Y77.444 E2330.6865
G1 F1614.3 X53.652 Y77.796 E2330.69893
G1 F1599.1 X53.618 Y78.058 E2330.70831
G1 F1595.4 X53.556 Y78.339 E2330.71855
G1 F1610.5 X53.407 Y78.663 E2330.73113
G1 F1595.4 X53.224 Y78.89 E2330.7415
G1 F1591.7 X53.02 Y79.095 E2330.75182
G1 F1602.9 X52.697 Y79.309 E2330.76554
G1 X52.239 Y79.429 E2330.78232
G1 F1599.1 X51.996 Y79.446 E2330.79096
G0 F9000 X51.976 Y79.872
G1 F1595.4 X52.332 Y79.845 E2330.80367
G1 X52.665 Y79.761 E2330.81589
G1 F1602.9 X52.995 Y79.62 E2330.8286
G1 X53.292 Y79.422 E2330.84125
G1 F1591.7 X53.542 Y79.182 E2330.85361
G1 F1595.4 X53.773 Y78.876 E2330.86725
G1 F1610.5 X53.948 Y78.506 E2330.88168
G1 F1595.4 X54.042 Y78.137 E2330.89524
G1 F1599.1 X54.074 Y77.796 E2330.9074
G1 F1614.3 X54.046 Y77.452 E2330.91954
G1 F1602.9 X53.969 Y77.157 E2330.93034
G1 X53.848 Y76.857 E2330.94179
G1 F1599.1 X53.666 Y76.565 E2330.95401
G1 F1588 X53.447 Y76.314 E2330.96592
G1 F1599.1 X53.153 Y76.077 E2330.97933
G1 F1610.5 X52.856 Y75.909 E2330.99136
G1 F1595.4 X52.52 Y75.793 E2331.00401
G1 F1602.9 X52.171 Y75.731 E2331.01656
G1 X51.841 Y75.732 E2331.02825
G1 X51.535 Y75.776 E2331.0392
G1 X51.23 Y75.873 E2331.05054
G1 X50.984 Y75.986 E2331.06013
G1 F1606.7 X50.759 Y76.135 E2331.06967
G1 F1602.9 X50.528 Y76.334 E2331.08047
G1 X50.331 Y76.567 E2331.09128
G1 F1595.4 X50.156 Y76.852 E2331.10318
G1 X50.019 Y77.18 E2331.11583
G1 F1588 X49.945 Y77.514 E2331.12806
G1 F1595.4 X49.926 Y77.875 E2331.14092
G1 X49.972 Y78.234 E2331.15381
G1 X50.069 Y78.568 E2331.16618
G1 F1591.7 X50.223 Y78.87 E2331.17828
G1 F1595.4 X50.411 Y79.134 E2331.18981
G1 F1602.9 X50.624 Y79.349 E2331.20053
G1 F1599.1 X50.859 Y79.531 E2331.21108
G1 F1602.9 X51.094 Y79.665 E2331.22067
G1 F1599.1 X51.359 Y79.773 E2331.23083
G1 F1602.9 X51.663 Y79.844 E2331.24188
G1 F1595.4 X51.976 Y79.872 E2331.25307
G0 F9000 X51.974 Y80.307
;TYPE:WALL-OUTER
G1 F1551.9 X52.4 Y80.274 E2331.2687
G1 X52.805 Y80.174 E2331.28396
G1 X53.202 Y80.001 E2331.29981
G1 X53.562 Y79.762 E2331.31562
G1 X53.87 Y79.473 E2331.33107
G1 X54.146 Y79.098 E2331.3481
G1 X54.356 Y78.655 E2331.36604
G1 X54.474 Y78.21 E2331.38288
G1 X54.507 Y77.796 E2331.39808
G1 X54.474 Y77.381 E2331.41331
G1 X54.382 Y77.021 E2331.4269
G1 X54.235 Y76.66 E2331.44116
G1 X54.018 Y76.307 E2331.45632
G1 X53.75 Y76 E2331.47123
G1 X53.411 Y75.727 E2331.48716
G1 X53.036 Y75.514 E2331.50294
G1 X52.628 Y75.37 E2331.51877
G1 X52.208 Y75.3 E2331.53434
G1 X51.809 Y75.297 E2331.54894
G1 X51.438 Y75.355 E2331.56268
G1 X51.072 Y75.466 E2331.57667
G1 X50.773 Y75.609 E2331.5888
G1 X50.497 Y75.789 E2331.60086
G1 X50.221 Y76.028 E2331.61421
G1 X49.979 Y76.311 E2331.62784
G1 X49.769 Y76.653 E2331.64252
G1 X49.603 Y77.048 E2331.6582
G1 X49.511 Y77.457 E2331.67353
G1 X49.493 Y77.891 E2331.68942
G1 X49.544 Y78.323 E2331.70534
G1 X49.666 Y78.727 E2331.72078
G1 X49.849 Y79.097 E2331.73588
G1 X50.081 Y79.413 E2331.75022
G1 X50.335 Y79.675 E2331.76358
G1 X50.619 Y79.892 E2331.77665
G1 X50.905 Y80.057 E2331.78873
G1 X51.227 Y80.185 E2331.80141
G1 X51.592 Y80.274 E2331.81515
G1 X51.974 Y80.307 E2331.82918
G0 F9000 X52.094 Y79.016
G1 F1551.9 X51.681 Y78.981 E2331.84435
G1 X51.342 Y78.826 E2331.85798
G1 X51.058 Y78.575 E2331.87185
G1 X50.849 Y78.208 E2331.8873
G1 X50.776 Y77.771 E2331.90351
G1 X50.873 Y77.334 E2331.91989
G1 X51.088 Y76.985 E2331.93489
G1 X51.367 Y76.751 E2331.94821
G1 X51.741 Y76.606 E2331.96288
G1 X52.145 Y76.586 E2331.97768
G1 X52.542 Y76.705 E2331.99285
G1 X52.754 Y76.84 E2332.00204
G1 X53.048 Y77.172 E2332.01827
G1 X53.194 Y77.541 E2332.03279
G1 X53.22 Y77.814 E2332.04282
G1 X53.138 Y78.229 E2332.0583
G1 X53.018 Y78.471 E2332.06818
G1 X52.734 Y78.77 E2332.08327
G1 X52.517 Y78.907 E2332.09265
G1 X52.094 Y79.016 E2332.10864
G1 F1500 E2330.10864
G0 F9000 X51.996 Y146.446
;TYPE:WALL-INNER
G1 F1500 E2332.10864
G1 F1599.1 X51.569 Y146.404 E2332.12387
G1 F1610.5 X51.142 Y146.209 E2332.14042
G1 F1618.1 X50.775 Y145.923 E2332.15675
G1 F1595.4 X50.595 Y145.648 E2332.16844
G1 F1591.7 X50.462 Y145.405 E2332.17832
G1 F1595.4 X50.397 Y145.156 E2332.18748
G1 X50.351 Y144.846 E2332.19864
G1 X50.37 Y144.586 E2332.20791
G1 F1588 X50.46 Y144.172 E2332.22306
G1 F1595.4 X50.751 Y143.698 E2332.24286
G1 F1602.9 X51.142 Y143.375 E2332.26082
G1 F1614.3 X51.586 Y143.2 E2332.27761
G1 F1602.9 X51.869 Y143.162 E2332.28772
G1 X52.142 Y143.153 E2332.2974
G1 X52.404 Y143.209 E2332.30689
G1 X52.737 Y143.314 E2332.31925
G1 F1618.1 X53.071 Y143.535 E2332.33331
G1 F1610.5 X53.427 Y143.945 E2332.35245
G1 X53.621 Y144.444 E2332.37133
G1 F1614.3 X53.652 Y144.796 E2332.38376
G1 F1599.1 X53.618 Y145.058 E2332.39314
G1 F1595.4 X53.556 Y145.339 E2332.40338
G1 F1610.5 X53.407 Y145.663 E2332.41595
G1 F1595.4 X53.224 Y145.89 E2332.42633
G1 F1591.7 X53.02 Y146.095 E2332.43664
G1 F1602.9 X52.697 Y146.309 E2332.45037
G1 X52.239 Y146.429 E2332.46714
G1 F1599.1 X51.996 Y146.446 E2332.47579
G0 F9000 X51.976 Y146.872
G1 F1595.4 X52.332 Y146.845 E2332.48849
G1 X52.665 Y146.761 E2332.50072
G1 F1602.9 X52.995 Y146.62 E2332.51343
G1 X53.292 Y146.422 E2332.52607
G1 F1591.7 X53.542 Y146.182 E2332.53843
G1 F1595.4 X53.773 Y145.876 E2332.55208
G1 F1610.5 X53.948 Y145.506 E2332.56651
G1 F1595.4 X54.042 Y145.137 E2332.58006
G1 F1599.1 X54.074 Y144.796 E2332.59222
G1 F1614.3 X54.046 Y144.452 E2332.60436
G1 F1602.9 X53.969 Y144.157 E2332.61516
G1 X53.848 Y143.857 E2332.62662
G1 F1599.1 X53.666 Y143.565 E2332.63883
G1 F1588 X53.447 Y143.314 E2332.65074
G1 F1599.1 X53.153 Y143.077 E2332.66415
G1 F1610.5 X52.856 Y142.909 E2332.67618
G1 F1595.4 X52.52 Y142.793 E2332.68883
G1 F1602.9 X52.171 Y142.731 E2332.70139
G1 X51.841 Y142.732 E2332.71308
G1 X51.535 Y142.776 E2332.72403
G1 X51.23 Y142.873 E2332.73536
G1 X50.984 Y142.986 E2332.74495
G1 F1606.7 X50.759 Y143.135 E2332.75449
G1 F1602.9 X50.528 Y143.334 E2332.76529
G1 X50.331 Y143.567 E2332.7761
G1 F1595.4 X50.156 Y143.852 E2332.788
G1 X50.019 Y144.18 E2332.80065
G1 F1588 X49.945 Y144.514 E2332.81288
G1 F1595.4 X49.926 Y144.875 E2332.82575
G1 X49.972 Y145.234 E2332.83863
G1 X50.069 Y145.568 E2332.85101
G1 F1591.7 X50.223 Y145.87 E2332.8631
G1 F1595.4 X50.411 Y146.134 E2332.87463
G1 F1602.9 X50.624 Y146.349 E2332.88535
G1 F1599.1 X50.859 Y146.531 E2332.89591
G1 F1602.9 X51.094 Y146.665 E2332.90549
G1 F1599.1 X51.359 Y146.773 E2332.91565
G1 F1602.9 X51.663 Y146.844 E2332.92671
G1 F1595.4 X51.976 Y146.872 E2332.93789
G0 F9000 X51.974 Y147.307
;TYPE:WALL-OUTER
G1 F1551.9 X52.4 Y147.274 E2332.95352
G1 X52.805 Y147.174 E2332.96879
G1 X53.202 Y147.001 E2332.98463
G1 X53.562 Y146.762 E2333.00044
G1 X53.87 Y146.473 E2333.01589
G1 X54.146 Y146.098 E2333.03293
G1 X54.356 Y145.655 E2333.05086
G1 X54.474 Y145.21 E2333.06771
G1 X54.507 Y144.796 E2333.0829
G1 X54.474 Y144.381 E2333.09813
G1 X54.382 Y144.021 E2333.11173
G1 X54.235 Y143.66 E2333.12599
G1 X54.018 Y143.307 E2333.14115
G1 X53.75 Y143 E2333.15606
G1 X53.411 Y142.727 E2333.17198
G1 X53.036 Y142.514 E2333.18776
G1 X52.628 Y142.37 E2333.20359
G1 X52.208 Y142.3 E2333.21917
G1 X51.809 Y142.297 E2333.23377
G1 X51.438 Y142.355 E2333.2475
G1 X51.072 Y142.466 E2333.2615
G1 X50.773 Y142.609 E2333.27362
G1 X50.497 Y142.789 E2333.28568
G1 X50.221 Y143.028 E2333.29904
G1 X49.979 Y143.311 E2333.31266
G1 X49.769 Y143.653 E2333.32734
G1 X49.603 Y144.048 E2333.34302
G1 X49.511 Y144.457 E2333.35836
G1 X49.493 Y144.891 E2333.37425
G1 X49.544 Y145.323 E2333.39016
G1 X49.666 Y145.727 E2333.4056
G1 X49.849 Y146.097 E2333.4207
G1 X50.081 Y146.413 E2333.43505
G1 X50.335 Y146.675 E2333.4484
G1 X50.619 Y146.892 E2333.46147
G1 X50.905 Y147.057 E2333.47355
G1 X51.227 Y147.185 E2333.48623
G1 X51.592 Y147.274 E2333.49998
G1 X51.974 Y147.307 E2333.514
G0 F9000 X52.094 Y146.016
G1 F1551.9 X51.681 Y145.981 E2333.52917
G1 X51.342 Y145.826 E2333.54281
G1 X51.058 Y145.575 E2333.55667
G1 X50.849 Y145.208 E2333.57213
G1 X50.776 Y144.771 E2333.58834
G1 X50.873 Y144.334 E2333.60471
G1 X51.088 Y143.985 E2333.61971
G1 X51.367 Y143.751 E2333.63303
G1 X51.741 Y143.606 E2333.64771
G1 X52.145 Y143.586 E2333.66251
G1 X52.542 Y143.705 E2333.67767
G1 X52.754 Y143.84 E2333.68686
G1 X53.048 Y144.172 E2333.70309
G1 X53.194 Y144.541 E2333.71761
G1 X53.22 Y144.814 E2333.72764
G1 X53.138 Y145.229 E2333.74312
G1 X53.018 Y145.471 E2333.753
G1 X52.734 Y145.77 E2333.76809
G1 X52.517 Y145.907 E2333.77748
G1 X52.094 Y146.016 E2333.79346
G1 F1500 E2331.79346
G0 F9000 X167.976 Y146.872
;TYPE:WALL-INNER
G1 F1500 E2333.79346
G1 F1595.4 X168.332 Y146.845 E2333.80616
G1 X168.665 Y146.761 E2333.81839
G1 F1602.9 X168.995 Y146.62 E2333.8311
G1 X169.292 Y146.422 E2333.84374
G1 F1591.7 X169.542 Y146.182 E2333.8561
G1 F1595.4 X169.773 Y145.876 E2333.86975
G1 F1610.5 X169.948 Y145.506 E2333.88418
G1 F1595.4 X170.042 Y145.137 E2333.89773
G1 F1599.1 X170.074 Y144.796 E2333.90989
G1 F1614.3 X170.046 Y144.452 E2333.92203
G1 F1602.9 X169.969 Y144.157 E2333.93283
G1 X169.848 Y143.857 E2333.94429
G1 F1599.1 X169.666 Y143.565 E2333.9565
G1 F1588 X169.447 Y143.314 E2333.96842
G1 F1599.1 X169.153 Y143.077 E2333.98182
G1 F1610.5 X168.856 Y142.909 E2333.99385
G1 F1595.4 X168.52 Y142.793 E2334.0065
G1 F1602.9 X168.171 Y142.731 E2334.01906
G1 X167.841 Y142.732 E2334.03075
G1 X167.535 Y142.776 E2334.0417
G1 X167.23 Y142.873 E2334.05304
G1 X166.984 Y142.986 E2334.06263
G1 F1606.7 X166.759 Y143.135 E2334.07216
G1 F1602.9 X166.528 Y143.334 E2334.08296
G1 X166.331 Y143.567 E2334.09377
G1 F1595.4 X166.156 Y143.852 E2334.10567
G1 X166.019 Y144.18 E2334.11832
G1 F1588 X165.945 Y144.514 E2334.13055
G1 F1595.4 X165.926 Y144.875 E2334.14342
G1 X165.972 Y145.234 E2334.1563
G1 X166.069 Y145.568 E2334.16868
G1 F1591.7 X166.223 Y145.87 E2334.18077
G1 F1595.4 X166.411 Y146.134 E2334.1923
G1 F1602.9 X166.624 Y146.349 E2334.20302
G1 F1599.1 X166.859 Y146.531 E2334.21358
G1 F1602.9 X167.094 Y146.665 E2334.22316
G1 F1599.1 X167.359 Y146.773 E2334.23332
G1 F1602.9 X167.663 Y146.844 E2334.24438
G1 F1595.4 X167.976 Y146.872 E2334.25556
G0 F9000 X167.996 Y146.446
G1 F1599.1 X167.569 Y146.404 E2334.2708
G1 F1610.5 X167.142 Y146.209 E2334.28735
G1 F1618.1 X166.775 Y145.923 E2334.30367
G1 F1595.4 X166.595 Y145.648 E2334.31537
G1 F1591.7 X166.462 Y145.405 E2334.32525
G1 F1595.4 X166.397 Y145.156 E2334.33441
G1 X166.351 Y144.846 E2334.34556
G1 X166.37 Y144.586 E2334.35484
G1 F1588 X166.46 Y144.172 E2334.36999
G1 F1595.4 X166.751 Y143.698 E2334.38978
G1 F1602.9 X167.142 Y143.375 E2334.40775
G1 F1614.3 X167.586 Y143.2 E2334.42453
G1 F1602.9 X167.869 Y143.162 E2334.43465
G1 X168.142 Y143.153 E2334.44432
G1 X168.404 Y143.209 E2334.45381
G1 X168.737 Y143.314 E2334.46618
G1 F1618.1 X169.071 Y143.535 E2334.48023
G1 F1610.5 X169.427 Y143.945 E2334.49938
G1 X169.621 Y144.444 E2334.51825
G1 F1614.3 X169.652 Y144.796 E2334.53068
G1 F1599.1 X169.618 Y145.058 E2334.54006
G1 F1595.4 X169.556 Y145.339 E2334.5503
G1 F1610.5 X169.407 Y145.663 E2334.56288
G1 F1595.4 X169.224 Y145.89 E2334.57325
G1 F1591.7 X169.02 Y146.095 E2334.58357
G1 F1602.9 X168.697 Y146.309 E2334.59729
G1 X168.239 Y146.429 E2334.61406
G1 F1599.1 X167.996 Y146.446 E2334.62271
G0 F9000 X168.094 Y146.016
;TYPE:WALL-OUTER
G1 F1551.9 X167.681 Y145.981 E2334.63788
G1 X167.342 Y145.826 E2334.65152
G1 X167.058 Y145.575 E2334.66538
G1 X166.849 Y145.208 E2334.68083
G1 X166.776 Y144.771 E2334.69704
G1 X166.873 Y144.334 E2334.71342
G1 X167.088 Y143.985 E2334.72842
G1 X167.367 Y143.751 E2334.74174
G1 X167.741 Y143.606 E2334.75642
G1 X168.145 Y143.586 E2334.77121
G1 X168.542 Y143.705 E2334.78638
G1 X168.754 Y143.84 E2334.79557
G1 X169.048 Y144.172 E2334.8118
G1 X169.194 Y144.541 E2334.82632
G1 X169.22 Y144.814 E2334.83635
G1 X169.138 Y145.229 E2334.85183
G1 X169.018 Y145.471 E2334.86171
G1 X168.734 Y145.77 E2334.8768
G1 X168.517 Y145.907 E2334.88619
G1 X168.094 Y146.016 E2334.90217
G0 F9000 X167.974 Y147.307
G1 F1551.9 X168.4 Y147.274 E2334.9178
G1 X168.805 Y147.174 E2334.93306
G1 X169.202 Y147.001 E2334.94891
G1 X169.562 Y146.762 E2334.96472
G1 X169.87 Y146.473 E2334.98017
G1 X170.146 Y146.098 E2334.9972
G1 X170.356 Y145.655 E2335.01514
G1 X170.474 Y145.21 E2335.03198
G1 X170.507 Y144.796 E2335.04718
G1 X170.474 Y144.381 E2335.06241
G1 X170.382 Y144.021 E2335.076
G1 X170.235 Y143.66 E2335.09026
G1 X170.018 Y143.307 E2335.10542
G1 X169.75 Y143 E2335.12033
G1 X169.411 Y142.727 E2335.13626
G1 X169.036 Y142.514 E2335.15204
G1 X168.628 Y142.37 E2335.16787
G1 X168.208 Y142.3 E2335.18344
G1 X167.809 Y142.297 E2335.19804
G1 X167.438 Y142.355 E2335.21178
G1 X167.072 Y142.466 E2335.22577
G1 X166.773 Y142.609 E2335.2379
G1 X166.497 Y142.789 E2335.24995
G1 X166.221 Y143.028 E2335.26331
G1 X165.979 Y143.311 E2335.27694
G1 X165.769 Y143.653 E2335.29162
G1 X165.603 Y144.048 E2335.30729
G1 X165.511 Y144.457 E2335.32263
G1 X165.493 Y144.891 E2335.33852
G1 X165.544 Y145.323 E2335.35444
G1 X165.666 Y145.727 E2335.36988
G1 X165.849 Y146.097 E2335.38498
G1 X166.081 Y146.413 E2335.39932
G1 X166.335 Y146.675 E2335.41267
G1 X166.619 Y146.892 E2335.42575
G1 X166.905 Y147.057 E2335.43783
G1 X167.227 Y147.185 E2335.45051
G1 X167.592 Y147.274 E2335.46425
G1 X167.974 Y147.307 E2335.47828
G1 F1500 E2333.47828
G0 F9000 X167.901 Y148.19
G0 X166.958 Y148.033
G0 X166.125 Y147.632
G0 X165.4 Y146.984
G0 X165.091 Y146.552
G0 X164.843 Y146.054
G0 X164.677 Y145.506
G0 X164.619 Y145.036
G0 X167.867 Y81.187
G0 X167.976 Y79.872
;TYPE:WALL-INNER
G1 F1500 E2335.47828
G1 F1595.4 X168.332 Y79.845 E2335.49099
G1 X168.665 Y79.761 E2335.50321
G1 F1602.9 X168.995 Y79.62 E2335.51592
G1 X169.292 Y79.422 E2335.52856
G1 F1591.7 X169.542 Y79.182 E2335.54093
G1 F1595.4 X169.773 Y78.876 E2335.55457
G1 F1610.5 X169.948 Y78.506 E2335.569
G1 F1595.4 X170.042 Y78.137 E2335.58255
G1 F1599.1 X170.074 Y77.796 E2335.59471
G1 F1614.3 X170.046 Y77.452 E2335.60685
G1 F1602.9 X169.969 Y77.157 E2335.61765
G1 X169.848 Y76.857 E2335.62911
G1 F1599.1 X169.666 Y76.565 E2335.64133
G1 F1588 X169.447 Y76.314 E2335.65324
G1 F1599.1 X169.153 Y76.077 E2335.66665
G1 F1610.5 X168.856 Y75.909 E2335.67868
G1 F1595.4 X168.52 Y75.793 E2335.69133
G1 F1602.9 X168.171 Y75.731 E2335.70388
G1 X167.841 Y75.732 E2335.71557
G1 X167.535 Y75.776 E2335.72652
G1 X167.23 Y75.873 E2335.73786
G1 X166.984 Y75.986 E2335.74745
G1 F1606.7 X166.759 Y76.135 E2335.75698
G1 F1602.9 X166.528 Y76.334 E2335.76778
G1 X166.331 Y76.567 E2335.77859
G1 F1595.4 X166.156 Y76.852 E2335.79049
G1 X166.019 Y77.18 E2335.80314
G1 F1588 X165.945 Y77.514 E2335.81538
G1 F1595.4 X165.926 Y77.875 E2335.82824
G1 X165.972 Y78.234 E2335.84112
G1 X166.069 Y78.568 E2335.8535
G1 F1591.7 X166.223 Y78.87 E2335.86559
G1 F1595.4 X166.411 Y79.134 E2335.87713
G1 F1602.9 X166.624 Y79.349 E2335.88785
G1 F1599.1 X166.859 Y79.531 E2335.8984
G1 F1602.9 X167.094 Y79.665 E2335.90798
G1 F1599.1 X167.359 Y79.773 E2335.91814
G1 F1602.9 X167.663 Y79.844 E2335.9292
G1 F1595.4 X167.976 Y79.872 E2335.94038
G0 F9000 X167.996 Y79.446
G1 F1599.1 X167.569 Y79.404 E2335.95562
G1 F1610.5 X167.142 Y79.209 E2335.97217
G1 F1618.1 X166.775 Y78.923 E2335.98849
G1 F1595.4 X166.595 Y78.648 E2336.00019
G1 F1591.7 X166.462 Y78.405 E2336.01007
G1 F1595.4 X166.397 Y78.156 E2336.01923
G1 X166.351 Y77.846 E2336.03038
G1 X166.37 Y77.586 E2336.03966
G1 F1588 X166.46 Y77.172 E2336.05481
G1 F1595.4 X166.751 Y76.698 E2336.0746
G1 F1602.9 X167.142 Y76.375 E2336.09257
G1 F1614.3 X167.586 Y76.2 E2336.10936
G1 F1602.9 X167.869 Y76.162 E2336.11947
G1 X168.142 Y76.153 E2336.12915
G1 X168.404 Y76.209 E2336.13864
G1 X168.737 Y76.314 E2336.151
G1 F1618.1 X169.071 Y76.535 E2336.16506
G1 F1610.5 X169.427 Y76.945 E2336.1842
G1 X169.621 Y77.444 E2336.20308
G1 F1614.3 X169.652 Y77.796 E2336.2155
G1 F1599.1 X169.618 Y78.058 E2336.22488
G1 F1595.4 X169.556 Y78.339 E2336.23513
G1 F1610.5 X169.407 Y78.663 E2336.2477
G1 F1595.4 X169.224 Y78.89 E2336.25808
G1 F1591.7 X169.02 Y79.095 E2336.26839
G1 F1602.9 X168.697 Y79.309 E2336.28212
G1 X168.239 Y79.429 E2336.29889
G1 F1599.1 X167.996 Y79.446 E2336.30754
G0 F9000 X168.094 Y79.016
;TYPE:WALL-OUTER
G1 F1551.9 X167.681 Y78.981 E2336.3227
G1 X167.342 Y78.826 E2336.33634
G1 X167.058 Y78.575 E2336.3502
G1 X166.849 Y78.208 E2336.36566
G1 X166.776 Y77.771 E2336.38187
G1 X166.873 Y77.334 E2336.39824
G1 X167.088 Y76.985 E2336.41324
G1 X167.367 Y76.751 E2336.42656
G1 X167.741 Y76.606 E2336.44124
G1 X168.145 Y76.586 E2336.45604
G1 X168.542 Y76.705 E2336.4712
G1 X168.754 Y76.84 E2336.4804
G1 X169.048 Y77.172 E2336.49662
G1 X169.194 Y77.541 E2336.51114
G1 X169.22 Y77.814 E2336.52117
G1 X169.138 Y78.229 E2336.53665
G1 X169.018 Y78.471 E2336.54653
G1 X168.734 Y78.77 E2336.56162
G1 X168.517 Y78.907 E2336.57101
G1 X168.094 Y79.016 E2336.58699
G0 F9000 X167.974 Y80.307
G1 F1551.9 X168.4 Y80.274 E2336.60262
G1 X168.805 Y80.174 E2336.61788
G1 X169.202 Y80.001 E2336.63373
G1 X169.562 Y79.762 E2336.64954
G1 X169.87 Y79.473 E2336.66499
G1 X170.146 Y79.098 E2336.68203
G1 X170.356 Y78.655 E2336.69996
G1 X170.474 Y78.21 E2336.71681
G1 X170.507 Y77.796 E2336.732
G1 X170.474 Y77.381 E2336.74723
G1 X170.382 Y77.021 E2336.76083
G1 X170.235 Y76.66 E2336.77509
G1 X170.018 Y76.307 E2336.79025
G1 X169.75 Y76 E2336.80516
G1 X169.411 Y75.727 E2336.82108
G1 X169.036 Y75.514 E2336.83686
G1 X168.628 Y75.37 E2336.85269
G1 X168.208 Y75.3 E2336.86827
G1 X167.809 Y75.297 E2336.88286
G1 X167.438 Y75.355 E2336.8966
G1 X167.072 Y75.466 E2336.9106
G1 X166.773 Y75.609 E2336.92272
G1 X166.497 Y75.789 E2336.93478
G1 X166.221 Y76.028 E2336.94813
G1 X165.979 Y76.311 E2336.96176
G1 X165.769 Y76.653 E2336.97644
G1 X165.603 Y77.048 E2336.99212
G1 X165.511 Y77.457 E2337.00745
G1 X165.493 Y77.891 E2337.02335
G1 X165.544 Y78.323 E2337.03926
G1 X165.666 Y78.727 E2337.0547
G1 X165.849 Y79.097 E2337.0698
G1 X166.081 Y79.413 E2337.08415
G1 X166.335 Y79.675 E2337.0975
G1 X166.619 Y79.892 E2337.11057
G1 X166.905 Y80.057 E2337.12265
G1 X167.227 Y80.185 E2337.13533
G1 X167.592 Y80.274 E2337.14908
G1 X167.974 Y80.307 E2337.1631
G1 F1500 E2335.1631
;MESH:NONMESH
G0 F300 Z6.08
G0 F9000 X51.996 Y79.446
;TIME_ELAPSED:7233.960365
;LAYER:31
;note -- min layer time used
;TYPE:WALL-INNER
;MESH:SmartKiln_Fondo.stl
G1 F1500 E2337.1631
G1 F1599.1 X51.569 Y79.404 E2337.17834
G1 F1610.4 X51.142 Y79.209 E2337.19489
G1 F1618.1 X50.775 Y78.923 E2337.21121
G1 F1595.4 X50.595 Y78.648 E2337.22291
G1 F1591.7 X50.462 Y78.405 E2337.23279
G1 F1595.4 X50.397 Y78.156 E2337.24195
G1 X50.351 Y77.846 E2337.2531
G1 X50.37 Y77.586 E2337.26238
G1 F1588 X50.46 Y77.172 E2337.27753
G1 F1595.4 X50.751 Y76.698 E2337.29732
G1 F1602.9 X51.142 Y76.375 E2337.31529
G1 F1614.2 X51.586 Y76.2 E2337.33207
G1 F1602.9 X51.869 Y76.162 E2337.34219
G1 X52.142 Y76.153 E2337.35186
G1 X52.404 Y76.209 E2337.36135
G1 X52.737 Y76.314 E2337.37372
G1 F1618.1 X53.071 Y76.535 E2337.38778
G1 F1610.4 X53.427 Y76.945 E2337.40692
G1 X53.621 Y77.444 E2337.42579
G1 F1614.2 X53.652 Y77.796 E2337.43822
G1 F1599.1 X53.618 Y78.058 E2337.4476
G1 F1595.4 X53.556 Y78.339 E2337.45784
G1 F1610.4 X53.407 Y78.663 E2337.47042
G1 F1595.4 X53.224 Y78.89 E2337.48079
G1 F1591.7 X53.02 Y79.095 E2337.49111
G1 F1602.9 X52.697 Y79.309 E2337.50484
G1 X52.239 Y79.429 E2337.52161
G1 F1599.1 X51.996 Y79.446 E2337.53026
G0 F9000 X51.976 Y79.872
G1 F1595.4 X52.332 Y79.845 E2337.54296
G1 X52.665 Y79.761 E2337.55518
G1 F1602.9 X52.995 Y79.62 E2337.56789
G1 X53.292 Y79.422 E2337.58054
G1 F1591.7 X53.542 Y79.182 E2337.5929
G1 F1595.4 X53.773 Y78.876 E2337.60655
G1 F1610.4 X53.948 Y78.506 E2337.62098
G1 F1595.4 X54.042 Y78.137 E2337.63453
G1 F1599.1 X54.074 Y77.796 E2337.64669
G1 F1614.2 X54.046 Y77.452 E2337.65883
G1 F1602.9 X53.969 Y77.157 E2337.66963
G1 X53.848 Y76.857 E2337.68108
G1 F1599.1 X53.666 Y76.565 E2337.6933
G1 F1588 X53.447 Y76.314 E2337.70521
G1 F1599.1 X53.153 Y76.077 E2337.71862
G1 F1610.4 X52.856 Y75.909 E2337.73065
G1 F1595.4 X52.52 Y75.793 E2337.7433
G1 F1602.9 X52.171 Y75.731 E2337.75586
G1 X51.841 Y75.732 E2337.76754
G1 X51.535 Y75.776 E2337.7785
G1 X51.23 Y75.873 E2337.78983
G1 X50.984 Y75.986 E2337.79942
G1 F1606.7 X50.759 Y76.135 E2337.80896
G1 F1602.9 X50.528 Y76.334 E2337.81976
G1 X50.331 Y76.567 E2337.83057
G1 F1595.4 X50.156 Y76.852 E2337.84247
G1 X50.019 Y77.18 E2337.85512
G1 F1588 X49.945 Y77.514 E2337.86735
G1 F1595.4 X49.926 Y77.875 E2337.88022
G1 X49.972 Y78.234 E2337.8931
G1 X50.069 Y78.568 E2337.90547
G1 F1591.7 X50.223 Y78.87 E2337.91757
G1 F1595.4 X50.411 Y79.134 E2337.9291
G1 F1602.9 X50.624 Y79.349 E2337.93982
G1 F1599.1 X50.859 Y79.531 E2337.95037
G1 F1602.9 X51.094 Y79.665 E2337.95996
G1 F1599.1 X51.359 Y79.773 E2337.97012
G1 F1602.9 X51.663 Y79.844 E2337.98117
G1 F1595.4 X51.976 Y79.872 E2337.99236
G0 F9000 X51.974 Y80.307
;TYPE:WALL-OUTER
G1 F1551.9 X52.4 Y80.274 E2338.00799
G1 X52.805 Y80.174 E2338.02325
G1 X53.202 Y80.001 E2338.0391
G1 X53.562 Y79.762 E2338.05491
G1 X53.87 Y79.473 E2338.07036
G1 X54.146 Y79.098 E2338.08739
G1 X54.356 Y78.655 E2338.10533
G1 X54.474 Y78.21 E2338.12217
G1 X54.507 Y77.796 E2338.13737
G1 X54.474 Y77.381 E2338.1526
G1 X54.382 Y77.021 E2338.16619
G1 X54.235 Y76.66 E2338.18045
G1 X54.018 Y76.307 E2338.19561
G1 X53.75 Y76 E2338.21052
G1 X53.411 Y75.727 E2338.22645
G1 X53.036 Y75.514 E2338.24223
G1 X52.628 Y75.37 E2338.25806
G1 X52.208 Y75.3 E2338.27364
G1 X51.809 Y75.297 E2338.28823
G1 X51.438 Y75.355 E2338.30197
G1 X51.072 Y75.466 E2338.31596
G1 X50.773 Y75.609 E2338.32809
G1 X50.497 Y75.789 E2338.34015
G1 X50.221 Y76.028 E2338.3535
G1 X49.979 Y76.311 E2338.36713
G1 X49.769 Y76.653 E2338.38181
G1 X49.603 Y77.048 E2338.39749
G1 X49.511 Y77.457 E2338.41282
G1 X49.493 Y77.891 E2338.42872
G1 X49.544 Y78.323 E2338.44463
G1 X49.666 Y78.727 E2338.46007
G1 X49.849 Y79.097 E2338.47517
G1 X50.081 Y79.413 E2338.48952
G1 X50.335 Y79.675 E2338.50287
G1 X50.619 Y79.892 E2338.51594
G1 X50.905 Y80.057 E2338.52802
G1 X51.227 Y80.185 E2338.5407
G1 X51.592 Y80.274 E2338.55444
G1 X51.974 Y80.307 E2338.56847
G0 F9000 X52.094 Y79.016
G1 F1551.9 X51.681 Y78.981 E2338.58364
G1 X51.342 Y78.826 E2338.59727
G1 X51.058 Y78.575 E2338.61114
G1 X50.849 Y78.208 E2338.62659
G1 X50.776 Y77.771 E2338.6428
G1 X50.873 Y77.334 E2338.65918
G1 X51.088 Y76.985 E2338.67418
G1 X51.367 Y76.751 E2338.6875
G1 X51.741 Y76.606 E2338.70218
G1 X52.145 Y76.586 E2338.71697
G1 X52.542 Y76.705 E2338.73214
G1 X52.754 Y76.84 E2338.74133
G1 X53.048 Y77.172 E2338.75756
G1 X53.194 Y77.541 E2338.77208
G1 X53.22 Y77.814 E2338.78211
G1 X53.138 Y78.229 E2338.79759
G1 X53.018 Y78.471 E2338.80747
G1 X52.734 Y78.77 E2338.82256
G1 X52.517 Y78.907 E2338.83195
G1 X52.094 Y79.016 E2338.84793
G1 F1500 E2336.84793
G0 F9000 X51.996 Y146.446
;TYPE:WALL-INNER
G1 F1500 E2338.84793
G1 F1599.1 X51.569 Y146.404 E2338.86316
G1 F1610.4 X51.142 Y146.209 E2338.87971
G1 F1618.1 X50.775 Y145.923 E2338.89604
G1 F1595.4 X50.595 Y145.648 E2338.90773
G1 F1591.7 X50.462 Y145.405 E2338.91762
G1 F1595.4 X50.397 Y145.156 E2338.92677
G1 X50.351 Y144.846 E2338.93793
G1 X50.37 Y144.586 E2338.9472
G1 F1588 X50.46 Y144.172 E2338.96235
G1 F1595.4 X50.751 Y143.698 E2338.98215
G1 F1602.9 X51.142 Y143.375 E2339.00011
G1 F1614.2 X51.586 Y143.2 E2339.0169
G1 F1602.9 X51.869 Y143.162 E2339.02701
G1 X52.142 Y143.153 E2339.03669
G1 X52.404 Y143.209 E2339.04618
G1 X52.737 Y143.314 E2339.05855
G1 F1618.1 X53.071 Y143.535 E2339.0726
G1 F1610.4 X53.427 Y143.945 E2339.09174
G1 X53.621 Y144.444 E2339.11062
G1 F1614.2 X53.652 Y144.796 E2339.12305
G1 F1599.1 X53.618 Y145.058 E2339.13243
G1 F1595.4 X53.556 Y145.339 E2339.14267
G1 F1610.4 X53.407 Y145.663 E2339.15524
G1 F1595.4 X53.224 Y145.89 E2339.16562
G1 F1591.7 X53.02 Y146.095 E2339.17593
G1 F1602.9 X52.697 Y146.309 E2339.18966
G1 X52.239 Y146.429 E2339.20643
G1 F1599.1 X51.996 Y146.446 E2339.21508
G0 F9000 X51.976 Y146.872
G1 F1595.4 X52.332 Y146.845 E2339.22778
G1 X52.665 Y146.761 E2339.24001
G1 F1602.9 X52.995 Y146.62 E2339.25272
G1 X53.292 Y146.422 E2339.26536
G1 F1591.7 X53.542 Y146.182 E2339.27772
G1 F1595.4 X53.773 Y145.876 E2339.29137
G1 F1610.4 X53.948 Y145.506 E2339.3058
G1 F1595.4 X54.042 Y145.137 E2339.31935
G1 F1599.1 X54.074 Y144.796 E2339.33151
G1 F1614.2 X54.046 Y144.452 E2339.34365
G1 F1602.9 X53.969 Y144.157 E2339.35445
G1 X53.848 Y143.857 E2339.36591
G1 F1599.1 X53.666 Y143.565 E2339.37812
G1 F1588 X53.447 Y143.314 E2339.39003
G1 F1599.1 X53.153 Y143.077 E2339.40344
G1 F1610.4 X52.856 Y142.909 E2339.41547
G1 F1595.4 X52.52 Y142.793 E2339.42812
G1 F1602.9 X52.171 Y142.731 E2339.44068
G1 X51.841 Y142.732 E2339.45237
G1 X51.535 Y142.776 E2339.46332
G1 X51.23 Y142.873 E2339.47466
G1 X50.984 Y142.986 E2339.48424
G1 F1606.7 X50.759 Y143.135 E2339.49378
G1 F1602.9 X50.528 Y143.334 E2339.50458
G1 X50.331 Y143.567 E2339.51539
G1 F1595.4 X50.156 Y143.852 E2339.52729
G1 X50.019 Y144.18 E2339.53994
G1 F1588 X49.945 Y144.514 E2339.55217
G1 F1595.4 X49.926 Y144.875 E2339.56504
G1 X49.972 Y145.234 E2339.57792
G1 X50.069 Y145.568 E2339.5903
G1 F1591.7 X50.223 Y145.87 E2339.60239
G1 F1595.4 X50.411 Y146.134 E2339.61392
G1 F1602.9 X50.624 Y146.349 E2339.62464
G1 F1599.1 X50.859 Y146.531 E2339.6352
G1 F1602.9 X51.094 Y146.665 E2339.64478
G1 F1599.1 X51.359 Y146.773 E2339.65494
G1 F1602.9 X51.663 Y146.844 E2339.666
G1 F1595.4 X51.976 Y146.872 E2339.67718
G0 F9000 X51.974 Y147.307
;TYPE:WALL-OUTER
G1 F1551.9 X52.4 Y147.274 E2339.69281
G1 X52.805 Y147.174 E2339.70808
G1 X53.202 Y147.001 E2339.72392
G1 X53.562 Y146.762 E2339.73973
G1 X53.87 Y146.473 E2339.75518
G1 X54.146 Y146.098 E2339.77222
G1 X54.356 Y145.655 E2339.79015
G1 X54.474 Y145.21 E2339.807
G1 X54.507 Y144.796 E2339.82219
G1 X54.474 Y144.381 E2339.83742
G1 X54.382 Y144.021 E2339.85102
G1 X54.235 Y143.66 E2339.86528
G1 X54.018 Y143.307 E2339.88044
G1 X53.75 Y143 E2339.89535
G1 X53.411 Y142.727 E2339.91127
G1 X53.036 Y142.514 E2339.92705
G1 X52.628 Y142.37 E2339.94288
G1 X52.208 Y142.3 E2339.95846
G1 X51.809 Y142.297 E2339.97306
G1 X51.438 Y142.355 E2339.98679
G1 X51.072 Y142.466 E2340.00079
G1 X50.773 Y142.609 E2340.01291
G1 X50.497 Y142.789 E2340.02497
G1 X50.221 Y143.028 E2340.03833
G1 X49.979 Y143.311 E2340.05195
G1 X49.769 Y143.653 E2340.06663
G1 X49.603 Y144.048 E2340.08231
G1 X49.511 Y144.457 E2340.09765
G1 X49.493 Y144.891 E2340.11354
G1 X49.544 Y145.323 E2340.12945
G1 X49.666 Y145.727 E2340.14489
G1 X49.849 Y146.097 E2340.16
G1 X50.081 Y146.413 E2340.17434
G1 X50.335 Y146.675 E2340.18769
G1 X50.619 Y146.892 E2340.20076
G1 X50.905 Y147.057 E2340.21285
G1 X51.227 Y147.185 E2340.22552
G1 X51.592 Y147.274 E2340.23927
G1 X51.974 Y147.307 E2340.2533
G0 F9000 X52.094 Y146.016
G1 F1551.9 X51.684 Y145.978 E2340.26836
G1 X51.342 Y145.826 E2340.28205
G1 X51.058 Y145.575 E2340.29592
G1 X50.849 Y145.208 E2340.31137
G1 X50.776 Y144.771 E2340.32758
G1 X50.873 Y144.334 E2340.34396
G1 X51.088 Y143.985 E2340.35896
G1 X51.367 Y143.751 E2340.37228
G1 X51.741 Y143.606 E2340.38695
G1 X52.145 Y143.586 E2340.40175
G1 X52.542 Y143.705 E2340.41692
G1 X52.754 Y143.84 E2340.42611
G1 X53.048 Y144.172 E2340.44234
G1 X53.194 Y144.541 E2340.45685
G1 X53.22 Y144.814 E2340.46689
G1 X53.138 Y145.229 E2340.48236
G1 X53.018 Y145.471 E2340.49225
G1 X52.734 Y145.77 E2340.50733
G1 X52.517 Y145.907 E2340.51672
G1 X52.094 Y146.016 E2340.5327
G1 F1500 E2338.5327
G0 F9000 X167.976 Y146.872
;TYPE:WALL-INNER
G1 F1500 E2340.5327
G1 F1595.4 X168.332 Y146.845 E2340.54541
G1 X168.665 Y146.761 E2340.55763
G1 F1602.9 X168.995 Y146.62 E2340.57034
G1 X169.292 Y146.422 E2340.58299
G1 F1591.7 X169.542 Y146.182 E2340.59535
G1 F1595.4 X169.773 Y145.876 E2340.60899
G1 F1610.4 X169.948 Y145.506 E2340.62343
G1 F1595.4 X170.042 Y145.137 E2340.63698
G1 F1599.1 X170.074 Y144.796 E2340.64914
G1 F1614.2 X170.046 Y144.452 E2340.66128
G1 F1602.9 X169.969 Y144.157 E2340.67208
G1 X169.848 Y143.857 E2340.68353
G1 F1599.1 X169.666 Y143.565 E2340.69575
G1 F1588 X169.447 Y143.314 E2340.70766
G1 F1599.1 X169.153 Y143.077 E2340.72107
G1 F1610.4 X168.856 Y142.909 E2340.7331
G1 F1595.4 X168.52 Y142.793 E2340.74575
G1 F1602.9 X168.171 Y142.731 E2340.75831
G1 X167.841 Y142.732 E2340.76999
G1 X167.535 Y142.776 E2340.78095
G1 X167.23 Y142.873 E2340.79228
G1 X166.984 Y142.986 E2340.80187
G1 F1606.7 X166.759 Y143.135 E2340.81141
G1 F1602.9 X166.528 Y143.334 E2340.82221
G1 X166.331 Y143.567 E2340.83302
G1 F1595.4 X166.156 Y143.852 E2340.84492
G1 X166.019 Y144.18 E2340.85757
G1 F1588 X165.945 Y144.514 E2340.8698
G1 F1595.4 X165.926 Y144.875 E2340.88267
G1 X165.972 Y145.234 E2340.89555
G1 X166.069 Y145.568 E2340.90792
G1 F1591.7 X166.223 Y145.87 E2340.92002
G1 F1595.4 X166.411 Y146.134 E2340.93155
G1 F1602.9 X166.624 Y146.349 E2340.94227
G1 F1599.1 X166.859 Y146.531 E2340.95282
G1 F1602.9 X167.094 Y146.665 E2340.96241
G1 F1599.1 X167.359 Y146.773 E2340.97257
G1 F1602.9 X167.663 Y146.844 E2340.98362
G1 F1595.4 X167.976 Y146.872 E2340.99481
G0 F9000 X167.996 Y146.446
G1 F1599.1 X167.569 Y146.404 E2341.01004
G1 F1610.4 X167.142 Y146.209 E2341.02659
G1 F1618.1 X166.775 Y145.923 E2341.04292
G1 F1595.4 X166.595 Y145.648 E2341.05462
G1 F1591.7 X166.462 Y145.405 E2341.0645
G1 F1595.4 X166.397 Y145.156 E2341.07366
G1 X166.351 Y144.846 E2341.08481
G1 X166.37 Y144.586 E2341.09409
G1 F1588 X166.46 Y144.172 E2341.10923
G1 F1595.4 X166.751 Y143.698 E2341.12903
G1 F1602.9 X167.142 Y143.375 E2341.14699
G1 F1614.2 X167.586 Y143.2 E2341.16378
G1 F1602.9 X167.869 Y143.162 E2341.17389
G1 X168.142 Y143.153 E2341.18357
G1 X168.404 Y143.209 E2341.19306
G1 X168.737 Y143.314 E2341.20543
G1 F1618.1 X169.071 Y143.535 E2341.21948
G1 F1610.4 X169.427 Y143.945 E2341.23862
G1 X169.621 Y144.444 E2341.2575
G1 F1614.2 X169.652 Y144.796 E2341.26993
G1 F1599.1 X169.618 Y145.058 E2341.27931
G1 F1595.4 X169.556 Y145.339 E2341.28955
G1 F1610.4 X169.407 Y145.663 E2341.30212
G1 F1595.4 X169.224 Y145.89 E2341.3125
G1 F1591.7 X169.02 Y146.095 E2341.32281
G1 F1602.9 X168.697 Y146.309 E2341.33654
G1 X168.239 Y146.429 E2341.35331
G1 F1599.1 X167.996 Y146.446 E2341.36196
G0 F9000 X168.094 Y146.016
;TYPE:WALL-OUTER
G1 F1551.9 X167.681 Y145.981 E2341.37712
G1 X167.342 Y145.826 E2341.39076
G1 X167.058 Y145.575 E2341.40463
G1 X166.849 Y145.208 E2341.42008
G1 X166.776 Y144.771 E2341.43629
G1 X166.873 Y144.334 E2341.45267
G1 X167.088 Y143.985 E2341.46766
G1 X167.367 Y143.751 E2341.48099
G1 X167.741 Y143.606 E2341.49566
G1 X168.145 Y143.586 E2341.51046
G1 X168.542 Y143.705 E2341.52562
G1 X168.754 Y143.84 E2341.53482
G1 X169.048 Y144.172 E2341.55104
G1 X169.194 Y144.541 E2341.56556
G1 X169.22 Y144.814 E2341.5756
G1 X169.138 Y145.229 E2341.59107
G1 X169.018 Y145.471 E2341.60096
G1 X168.734 Y145.77 E2341.61604
G1 X168.517 Y145.907 E2341.62543
G1 X168.094 Y146.016 E2341.64141
G0 F9000 X167.974 Y147.307
G1 F1551.9 X168.4 Y147.274 E2341.65705
G1 X168.805 Y147.174 E2341.67231
G1 X169.202 Y147.001 E2341.68815
G1 X169.562 Y146.762 E2341.70396
G1 X169.87 Y146.473 E2341.71941
G1 X170.146 Y146.098 E2341.73645
G1 X170.356 Y145.655 E2341.75439
G1 X170.474 Y145.21 E2341.77123
G1 X170.507 Y144.796 E2341.78642
G1 X170.474 Y144.381 E2341.80165
G1 X170.382 Y144.021 E2341.81525
G1 X170.235 Y143.66 E2341.82951
G1 X170.018 Y143.307 E2341.84467
G1 X169.75 Y143 E2341.85958
G1 X169.411 Y142.727 E2341.8755
G1 X169.036 Y142.514 E2341.89128
G1 X168.628 Y142.37 E2341.90711
G1 X168.208 Y142.3 E2341.92269
G1 X167.809 Y142.297 E2341.93729
G1 X167.438 Y142.355 E2341.95103
G1 X167.072 Y142.466 E2341.96502
G1 X166.773 Y142.609 E2341.97715
G1 X166.497 Y142.789 E2341.9892
G1 X166.221 Y143.028 E2342.00256
G1 X165.979 Y143.311 E2342.01618
G1 X165.769 Y143.653 E2342.03086
G1 X165.603 Y144.048 E2342.04654
G1 X165.511 Y144.457 E2342.06188
G1 X165.493 Y144.891 E2342.07777
G1 X165.544 Y145.323 E2342.09368
G1 X165.666 Y145.727 E2342.10912
G1 X165.849 Y146.097 E2342.12423
G1 X166.081 Y146.413 E2342.13857
G1 X166.335 Y146.675 E2342.15192
G1 X166.619 Y146.892 E2342.165
G1 X166.905 Y147.057 E2342.17708
G1 X167.227 Y147.185 E2342.18975
G1 X167.592 Y147.274 E2342.2035
G1 X167.974 Y147.307 E2342.21753
G1 F1500 E2340.21753
G0 F9000 X167.901 Y148.19
G0 X166.958 Y148.033
G0 X166.125 Y147.632
G0 X165.4 Y146.984
G0 X165.091 Y146.552
G0 X164.843 Y146.054
G0 X164.677 Y145.506
G0 X164.619 Y145.036
G0 X167.867 Y81.187
G0 X167.976 Y79.872
;TYPE:WALL-INNER
G1 F1500 E2342.21753
G1 F1595.4 X168.332 Y79.845 E2342.23023
G1 X168.665 Y79.761 E2342.24246
G1 F1602.9 X168.995 Y79.62 E2342.25517
G1 X169.292 Y79.422 E2342.26781
G1 F1591.7 X169.542 Y79.182 E2342.28017
G1 F1595.4 X169.773 Y78.876 E2342.29382
G1 F1610.4 X169.948 Y78.506 E2342.30825
G1 F1595.4 X170.042 Y78.137 E2342.3218
G1 F1599.1 X170.074 Y77.796 E2342.33396
G1 F1614.2 X170.046 Y77.452 E2342.3461
G1 F1602.9 X169.969 Y77.157 E2342.3569
G1 X169.848 Y76.857 E2342.36836
G1 F1599.1 X169.666 Y76.565 E2342.38057
G1 F1588 X169.447 Y76.314 E2342.39248
G1 F1599.1 X169.153 Y76.077 E2342.40589
G1 F1610.4 X168.856 Y75.909 E2342.41792
G1 F1595.4 X168.52 Y75.793 E2342.43057
G1 F1602.9 X168.171 Y75.731 E2342.44313
G1 X167.841 Y75.732 E2342.45482
G1 X167.535 Y75.776 E2342.46577
G1 X167.23 Y75.873 E2342.4771
G1 X166.984 Y75.986 E2342.48669
G1 F1606.7 X166.759 Y76.135 E2342.49623
G1 F1602.9 X166.528 Y76.334 E2342.50703
G1 X166.331 Y76.567 E2342.51784
G1 F1595.4 X166.156 Y76.852 E2342.52974
G1 X166.019 Y77.18 E2342.54239
G1 F1588 X165.945 Y77.514 E2342.55462
G1 F1595.4 X165.926 Y77.875 E2342.56749
G1 X165.972 Y78.234 E2342.58037
G1 X166.069 Y78.568 E2342.59275
G1 F1591.7 X166.223 Y78.87 E2342.60484
G1 F1595.4 X166.411 Y79.134 E2342.61637
G1 F1602.9 X166.624 Y79.349 E2342.62709
G1 F1599.1 X166.859 Y79.531 E2342.63765
G1 F1602.9 X167.094 Y79.665 E2342.64723
G1 F1599.1 X167.359 Y79.773 E2342.65739
G1 F1602.9 X167.663 Y79.844 E2342.66845
G1 F1595.4 X167.976 Y79.872 E2342.67963
G0 F9000 X167.996 Y79.446
G1 F1599.1 X167.569 Y79.404 E2342.69486
G1 F1610.4 X167.142 Y79.209 E2342.71141
G1 F1618.1 X166.775 Y78.923 E2342.72774
G1 F1595.4 X166.595 Y78.648 E2342.73944
G1 F1591.7 X166.462 Y78.405 E2342.74932
G1 F1595.4 X166.397 Y78.156 E2342.75848
G1 X166.351 Y77.846 E2342.76963
G1 X166.37 Y77.586 E2342.77891
G1 F1588 X166.46 Y77.172 E2342.79406
G1 F1595.4 X166.751 Y76.698 E2342.81385
G1 F1602.9 X167.142 Y76.375 E2342.83182
G1 F1614.2 X167.586 Y76.2 E2342.8486
G1 F1602.9 X167.869 Y76.162 E2342.85872
G1 X168.142 Y76.153 E2342.86839
G1 X168.404 Y76.209 E2342.87788
G1 X168.737 Y76.314 E2342.89025
G1 F1618.1 X169.071 Y76.535 E2342.9043
G1 F1610.4 X169.427 Y76.945 E2342.92345
G1 X169.621 Y77.444 E2342.94232
G1 F1614.2 X169.652 Y77.796 E2342.95475
G1 F1599.1 X169.618 Y78.058 E2342.96413
G1 F1595.4 X169.556 Y78.339 E2342.97437
G1 F1610.4 X169.407 Y78.663 E2342.98694
G1 F1595.4 X169.224 Y78.89 E2342.99732
G1 F1591.7 X169.02 Y79.095 E2343.00764
G1 F1602.9 X168.697 Y79.309 E2343.02136
G1 X168.239 Y79.429 E2343.03813
G1 F1599.1 X167.996 Y79.446 E2343.04678
G0 F9000 X168.094 Y79.016
;TYPE:WALL-OUTER
G1 F1551.9 X167.681 Y78.981 E2343.06195
G1 X167.342 Y78.826 E2343.07558
G1 X167.058 Y78.575 E2343.08945
G1 X166.849 Y78.208 E2343.1049
G1 X166.776 Y77.771 E2343.12111
G1 X166.873 Y77.334 E2343.13749
G1 X167.088 Y76.985 E2343.15249
G1 X167.367 Y76.751 E2343.16581
G1 X167.741 Y76.606 E2343.18048
G1 X168.145 Y76.586 E2343.19528
G1 X168.542 Y76.705 E2343.21045
G1 X168.754 Y76.84 E2343.21964
G1 X169.048 Y77.172 E2343.23587
G1 X169.194 Y77.541 E2343.25039
G1 X169.22 Y77.814 E2343.26042
G1 X169.138 Y78.229 E2343.2759
G1 X169.018 Y78.471 E2343.28578
G1 X168.734 Y78.77 E2343.30087
G1 X168.517 Y78.907 E2343.31025
G1 X168.094 Y79.016 E2343.32624
G0 F9000 X167.974 Y80.307
G1 F1551.9 X168.4 Y80.274 E2343.34187
G1 X168.805 Y80.174 E2343.35713
G1 X169.202 Y80.001 E2343.37297
G1 X169.562 Y79.762 E2343.38878
G1 X169.87 Y79.473 E2343.40424
G1 X170.146 Y79.098 E2343.42127
G1 X170.356 Y78.655 E2343.43921
G1 X170.474 Y78.21 E2343.45605
G1 X170.507 Y77.796 E2343.47125
G1 X170.474 Y77.381 E2343.48648
G1 X170.382 Y77.021 E2343.50007
G1 X170.235 Y76.66 E2343.51433
G1 X170.018 Y76.307 E2343.52949
G1 X169.75 Y76 E2343.5444
G1 X169.411 Y75.727 E2343.56033
G1 X169.036 Y75.514 E2343.5761
G1 X168.628 Y75.37 E2343.59193
G1 X168.208 Y75.3 E2343.60751
G1 X167.809 Y75.297 E2343.62211
G1 X167.438 Y75.355 E2343.63585
G1 X167.072 Y75.466 E2343.64984
G1 X166.773 Y75.609 E2343.66197
G1 X166.497 Y75.789 E2343.67402
G1 X166.221 Y76.028 E2343.68738
G1 X165.979 Y76.311 E2343.701
G1 X165.769 Y76.653 E2343.71569
G1 X165.603 Y77.048 E2343.73136
G1 X165.511 Y77.457 E2343.7467
G1 X165.493 Y77.891 E2343.76259
G1 X165.544 Y78.323 E2343.77851
G1 X165.666 Y78.727 E2343.79395
G1 X165.849 Y79.097 E2343.80905
G1 X166.081 Y79.413 E2343.82339
G1 X166.335 Y79.675 E2343.83674
G1 X166.619 Y79.892 E2343.84982
G1 X166.905 Y80.057 E2343.8619
G1 X167.227 Y80.185 E2343.87458
G1 X167.592 Y80.274 E2343.88832
G1 X167.974 Y80.307 E2343.90235
G1 F1500 E2341.90235
;MESH:NONMESH
G0 F300 Z6.28
G0 F9000 X51.996 Y79.446
;TIME_ELAPSED:7246.919329
;LAYER:32
;note -- min layer time used
;TYPE:WALL-INNER
;MESH:SmartKiln_Fondo.stl
G1 F1500 E2343.90235
G1 F1599.1 X51.569 Y79.404 E2343.91758
G1 F1610.4 X51.142 Y79.209 E2343.93413
G1 F1618.1 X50.775 Y78.923 E2343.95046
G1 F1595.4 X50.595 Y78.648 E2343.96216
G1 F1591.7 X50.462 Y78.405 E2343.97204
G1 F1595.4 X50.397 Y78.156 E2343.9812
G1 X50.351 Y77.846 E2343.99235
G1 X50.37 Y77.586 E2344.00163
G1 F1588 X50.46 Y77.172 E2344.01678
G1 F1595.4 X50.751 Y76.698 E2344.03657
G1 F1602.9 X51.142 Y76.375 E2344.05453
G1 F1614.2 X51.586 Y76.2 E2344.07132
G1 F1602.9 X51.869 Y76.162 E2344.08144
G1 X52.142 Y76.153 E2344.09111
G1 X52.404 Y76.209 E2344.1006
G1 X52.737 Y76.314 E2344.11297
G1 F1618.1 X53.071 Y76.535 E2344.12702
G1 F1610.4 X53.427 Y76.945 E2344.14617
G1 X53.621 Y77.444 E2344.16504
G1 F1614.2 X53.652 Y77.796 E2344.17747
G1 F1599.1 X53.618 Y78.058 E2344.18685
G1 F1595.4 X53.556 Y78.339 E2344.19709
G1 F1610.4 X53.407 Y78.663 E2344.20966
G1 F1595.4 X53.224 Y78.89 E2344.22004
G1 F1591.7 X53.02 Y79.095 E2344.23036
G1 F1602.9 X52.697 Y79.309 E2344.24408
G1 X52.239 Y79.429 E2344.26085
G1 F1599.1 X51.996 Y79.446 E2344.2695
G0 F9000 X51.976 Y79.872
G1 F1595.4 X52.332 Y79.845 E2344.28221
G1 X52.665 Y79.761 E2344.29443
G1 F1602.9 X52.995 Y79.62 E2344.30714
G1 X53.292 Y79.422 E2344.31978
G1 F1591.7 X53.542 Y79.182 E2344.33215
G1 F1595.4 X53.773 Y78.876 E2344.34579
G1 F1610.4 X53.948 Y78.506 E2344.36022
G1 F1595.4 X54.042 Y78.137 E2344.37377
G1 F1599.1 X54.074 Y77.796 E2344.38593
G1 F1614.2 X54.046 Y77.452 E2344.39807
G1 F1602.9 X53.969 Y77.157 E2344.40887
G1 X53.848 Y76.857 E2344.42033
G1 F1599.1 X53.666 Y76.565 E2344.43255
G1 F1588 X53.447 Y76.314 E2344.44446
G1 F1599.1 X53.153 Y76.077 E2344.45787
G1 F1610.4 X52.856 Y75.909 E2344.4699
G1 F1595.4 X52.52 Y75.793 E2344.48255
G1 F1602.9 X52.171 Y75.731 E2344.4951
G1 X51.841 Y75.732 E2344.50679
G1 X51.535 Y75.776 E2344.51774
G1 X51.23 Y75.873 E2344.52908
G1 X50.984 Y75.986 E2344.53867
G1 F1606.7 X50.759 Y76.135 E2344.5482
G1 F1602.9 X50.528 Y76.334 E2344.559
G1 X50.331 Y76.567 E2344.56981
G1 F1595.4 X50.156 Y76.852 E2344.58171
G1 X50.019 Y77.18 E2344.59436
G1 F1588 X49.945 Y77.514 E2344.6066
G1 F1595.4 X49.926 Y77.875 E2344.61946
G1 X49.972 Y78.234 E2344.63234
G1 X50.069 Y78.568 E2344.64472
G1 F1591.7 X50.223 Y78.87 E2344.65681
G1 F1595.4 X50.411 Y79.134 E2344.66835
G1 F1602.9 X50.624 Y79.349 E2344.67907
G1 F1599.1 X50.859 Y79.531 E2344.68962
G1 F1602.9 X51.094 Y79.665 E2344.6992
G1 F1599.1 X51.359 Y79.773 E2344.70936
G1 F1602.9 X51.663 Y79.844 E2344.72042
G1 F1595.4 X51.976 Y79.872 E2344.7316
G0 F9000 X51.974 Y80.307
;TYPE:WALL-OUTER
G1 F1551.9 X52.4 Y80.274 E2344.74724
G1 X52.805 Y80.174 E2344.7625
G1 X53.202 Y80.001 E2344.77834
G1 X53.562 Y79.762 E2344.79415
G1 X53.87 Y79.473 E2344.8096
G1 X54.146 Y79.098 E2344.82664
G1 X54.356 Y78.655 E2344.84458
G1 X54.474 Y78.21 E2344.86142
G1 X54.507 Y77.796 E2344.87661
G1 X54.474 Y77.381 E2344.89185
G1 X54.382 Y77.021 E2344.90544
G1 X54.235 Y76.66 E2344.9197
G1 X54.018 Y76.307 E2344.93486
G1 X53.75 Y76 E2344.94977
G1 X53.411 Y75.727 E2344.9657
G1 X53.036 Y75.514 E2344.98147
G1 X52.628 Y75.37 E2344.9973
G1 X52.208 Y75.3 E2345.01288
G1 X51.809 Y75.297 E2345.02748
G1 X51.438 Y75.355 E2345.04122
G1 X51.072 Y75.466 E2345.05521
G1 X50.773 Y75.609 E2345.06734
G1 X50.497 Y75.789 E2345.07939
G1 X50.221 Y76.028 E2345.09275
G1 X49.979 Y76.311 E2345.10637
G1 X49.769 Y76.653 E2345.12106
G1 X49.603 Y77.048 E2345.13673
G1 X49.511 Y77.457 E2345.15207
G1 X49.493 Y77.891 E2345.16796
G1 X49.544 Y78.323 E2345.18388
G1 X49.666 Y78.727 E2345.19932
G1 X49.849 Y79.097 E2345.21442
G1 X50.081 Y79.413 E2345.22876
G1 X50.335 Y79.675 E2345.24211
G1 X50.619 Y79.892 E2345.25519
G1 X50.905 Y80.057 E2345.26727
G1 X51.227 Y80.185 E2345.27995
G1 X51.592 Y80.274 E2345.29369
G1 X51.974 Y80.307 E2345.30772
G0 F9000 X52.094 Y79.016
G1 F1551.9 X51.681 Y78.981 E2345.32288
G1 X51.342 Y78.826 E2345.33652
G1 X51.058 Y78.575 E2345.35039
G1 X50.849 Y78.208 E2345.36584
G1 X50.776 Y77.771 E2345.38205
G1 X50.873 Y77.334 E2345.39843
G1 X51.088 Y76.985 E2345.41342
G1 X51.367 Y76.751 E2345.42675
G1 X51.741 Y76.606 E2345.44142
G1 X52.145 Y76.586 E2345.45622
G1 X52.542 Y76.705 E2345.47138
G1 X52.754 Y76.84 E2345.48058
G1 X53.048 Y77.172 E2345.4968
G1 X53.194 Y77.541 E2345.51132
G1 X53.22 Y77.814 E2345.52136
G1 X53.138 Y78.229 E2345.53683
G1 X53.018 Y78.471 E2345.54671
G1 X52.734 Y78.77 E2345.5618
G1 X52.517 Y78.907 E2345.57119
G1 X52.094 Y79.016 E2345.58717
G1 F1500 E2343.58717
G0 F9000 X51.996 Y146.446
;TYPE:WALL-INNER
G1 F1500 E2345.58717
G1 F1599.1 X51.569 Y146.404 E2345.60241
G1 F1610.4 X51.142 Y146.209 E2345.61896
G1 F1618.1 X50.775 Y145.923 E2345.63528
G1 F1595.4 X50.595 Y145.648 E2345.64698
G1 F1591.7 X50.462 Y145.405 E2345.65686
G1 F1595.4 X50.397 Y145.156 E2345.66602
G1 X50.351 Y144.846 E2345.67717
G1 X50.37 Y144.586 E2345.68645
G1 F1588 X50.46 Y144.172 E2345.7016
G1 F1595.4 X50.751 Y143.698 E2345.72139
G1 F1602.9 X51.142 Y143.375 E2345.73936
G1 F1614.2 X51.586 Y143.2 E2345.75614
G1 F1602.9 X51.869 Y143.162 E2345.76626
G1 X52.142 Y143.153 E2345.77593
G1 X52.404 Y143.209 E2345.78542
G1 X52.737 Y143.314 E2345.79779
G1 F1618.1 X53.071 Y143.535 E2345.81184
G1 F1610.4 X53.427 Y143.945 E2345.83099
G1 X53.621 Y144.444 E2345.84986
G1 F1614.2 X53.652 Y144.796 E2345.86229
G1 F1599.1 X53.618 Y145.058 E2345.87167
G1 F1595.4 X53.556 Y145.339 E2345.88191
G1 F1610.4 X53.407 Y145.663 E2345.89449
G1 F1595.4 X53.224 Y145.89 E2345.90486
G1 F1591.7 X53.02 Y146.095 E2345.91518
G1 F1602.9 X52.697 Y146.309 E2345.9289
G1 X52.239 Y146.429 E2345.94567
G1 F1599.1 X51.996 Y146.446 E2345.95432
G0 F9000 X51.976 Y146.872
G1 F1595.4 X52.332 Y146.845 E2345.96703
G1 X52.665 Y146.761 E2345.97925
G1 F1602.9 X52.995 Y146.62 E2345.99196
G1 X53.292 Y146.422 E2346.00461
G1 F1591.7 X53.542 Y146.182 E2346.01697
G1 F1595.4 X53.773 Y145.876 E2346.03061
G1 F1610.4 X53.948 Y145.506 E2346.04504
G1 F1595.4 X54.042 Y145.137 E2346.0586
G1 F1599.1 X54.074 Y144.796 E2346.07076
G1 F1614.2 X54.046 Y144.452 E2346.0829
G1 F1602.9 X53.969 Y144.157 E2346.0937
G1 X53.848 Y143.857 E2346.10515
G1 F1599.1 X53.666 Y143.565 E2346.11737
G1 F1588 X53.447 Y143.314 E2346.12928
G1 F1599.1 X53.153 Y143.077 E2346.14269
G1 F1610.4 X52.856 Y142.909 E2346.15472
G1 F1595.4 X52.52 Y142.793 E2346.16737
G1 F1602.9 X52.171 Y142.731 E2346.17992
G1 X51.841 Y142.732 E2346.19161
G1 X51.535 Y142.776 E2346.20256
G1 X51.23 Y142.873 E2346.2139
G1 X50.984 Y142.986 E2346.22349
G1 F1606.7 X50.759 Y143.135 E2346.23303
G1 F1602.9 X50.528 Y143.334 E2346.24383
G1 X50.331 Y143.567 E2346.25463
G1 F1595.4 X50.156 Y143.852 E2346.26654
G1 X50.019 Y144.18 E2346.27919
G1 F1588 X49.945 Y144.514 E2346.29142
G1 F1595.4 X49.926 Y144.875 E2346.30428
G1 X49.972 Y145.234 E2346.31716
G1 X50.069 Y145.568 E2346.32954
G1 F1591.7 X50.223 Y145.87 E2346.34164
G1 F1595.4 X50.411 Y146.134 E2346.35317
G1 F1602.9 X50.624 Y146.349 E2346.36389
G1 F1599.1 X50.859 Y146.531 E2346.37444
G1 F1602.9 X51.094 Y146.665 E2346.38403
G1 F1599.1 X51.359 Y146.773 E2346.39419
G1 F1602.9 X51.663 Y146.844 E2346.40524
G1 F1595.4 X51.976 Y146.872 E2346.41643
G0 F9000 X51.974 Y147.307
;TYPE:WALL-OUTER
G1 F1551.9 X52.4 Y147.274 E2346.43206
G1 X52.805 Y147.174 E2346.44732
G1 X53.202 Y147.001 E2346.46317
G1 X53.562 Y146.762 E2346.47898
G1 X53.87 Y146.473 E2346.49443
G1 X54.146 Y146.098 E2346.51146
G1 X54.356 Y145.655 E2346.5294
G1 X54.474 Y145.21 E2346.54624
G1 X54.507 Y144.796 E2346.56144
G1 X54.474 Y144.381 E2346.57667
G1 X54.382 Y144.021 E2346.59026
G1 X54.235 Y143.66 E2346.60452
G1 X54.018 Y143.307 E2346.61968
G1 X53.75 Y143 E2346.63459
G1 X53.411 Y142.727 E2346.65052
G1 X53.036 Y142.514 E2346.6663
G1 X52.628 Y142.37 E2346.68213
G1 X52.208 Y142.3 E2346.6977
G1 X51.809 Y142.297 E2346.7123
G1 X51.438 Y142.355 E2346.72604
G1 X51.072 Y142.466 E2346.74003
G1 X50.773 Y142.609 E2346.75216
G1 X50.497 Y142.789 E2346.76421
G1 X50.221 Y143.028 E2346.77757
G1 X49.979 Y143.311 E2346.7912
G1 X49.769 Y143.653 E2346.80588
G1 X49.603 Y144.048 E2346.82155
G1 X49.511 Y144.457 E2346.83689
G1 X49.493 Y144.891 E2346.85278
G1 X49.544 Y145.323 E2346.8687
G1 X49.666 Y145.727 E2346.88414
G1 X49.849 Y146.097 E2346.89924
G1 X50.081 Y146.413 E2346.91358
G1 X50.335 Y146.675 E2346.92693
G1 X50.619 Y146.892 E2346.94001
G1 X50.905 Y147.057 E2346.95209
G1 X51.227 Y147.185 E2346.96477
G1 X51.592 Y147.274 E2346.97851
G1 X51.974 Y147.307 E2346.99254
G0 F9000 X52.094 Y146.016
G1 F1551.9 X51.681 Y145.981 E2347.00771
G1 X51.342 Y145.826 E2347.02134
G1 X51.058 Y145.575 E2347.03521
G1 X50.849 Y145.208 E2347.05066
G1 X50.776 Y144.771 E2347.06687
G1 X50.873 Y144.334 E2347.08325
G1 X51.088 Y143.985 E2347.09825
G1 X51.367 Y143.751 E2347.11157
G1 X51.741 Y143.606 E2347.12624
G1 X52.145 Y143.586 E2347.14104
G1 X52.542 Y143.705 E2347.15621
G1 X52.754 Y143.84 E2347.1654
G1 X53.048 Y144.172 E2347.18163
G1 X53.194 Y144.541 E2347.19614
G1 X53.22 Y144.814 E2347.20618
G1 X53.138 Y145.229 E2347.22165
G1 X53.018 Y145.471 E2347.23154
G1 X52.734 Y145.77 E2347.24662
G1 X52.517 Y145.907 E2347.25601
G1 X52.094 Y146.016 E2347.272
G1 F1500 E2345.272
G0 F9000 X167.976 Y146.872
;TYPE:WALL-INNER
G1 F1500 E2347.272
G1 F1595.4 X168.332 Y146.845 E2347.2847
G1 X168.665 Y146.761 E2347.29692
G1 F1602.9 X168.995 Y146.62 E2347.30963
G1 X169.292 Y146.422 E2347.32228
G1 F1591.7 X169.542 Y146.182 E2347.33464
G1 F1595.4 X169.773 Y145.876 E2347.34829
G1 F1610.4 X169.948 Y145.506 E2347.36272
G1 F1595.4 X170.042 Y145.137 E2347.37627
G1 F1599.1 X170.074 Y144.796 E2347.38843
G1 F1614.2 X170.046 Y144.452 E2347.40057
G1 F1602.9 X169.969 Y144.157 E2347.41137
G1 X169.848 Y143.857 E2347.42283
G1 F1599.1 X169.666 Y143.565 E2347.43504
G1 F1588 X169.447 Y143.314 E2347.44695
G1 F1599.1 X169.153 Y143.077 E2347.46036
G1 F1610.4 X168.856 Y142.909 E2347.47239
G1 F1595.4 X168.52 Y142.793 E2347.48504
G1 F1602.9 X168.171 Y142.731 E2347.4976
G1 X167.841 Y142.732 E2347.50929
G1 X167.535 Y142.776 E2347.52024
G1 X167.23 Y142.873 E2347.53157
G1 X166.984 Y142.986 E2347.54116
G1 F1606.7 X166.759 Y143.135 E2347.5507
G1 F1602.9 X166.528 Y143.334 E2347.5615
G1 X166.331 Y143.567 E2347.57231
G1 F1595.4 X166.156 Y143.852 E2347.58421
G1 X166.019 Y144.18 E2347.59686
G1 F1588 X165.945 Y144.514 E2347.60909
G1 F1595.4 X165.926 Y144.875 E2347.62196
G1 X165.972 Y145.234 E2347.63484
G1 X166.069 Y145.568 E2347.64721
G1 F1591.7 X166.223 Y145.87 E2347.65931
G1 F1595.4 X166.411 Y146.134 E2347.67084
G1 F1602.9 X166.624 Y146.349 E2347.68156
G1 F1599.1 X166.859 Y146.531 E2347.69211
G1 F1602.9 X167.094 Y146.665 E2347.7017
G1 F1599.1 X167.359 Y146.773 E2347.71186
G1 F1602.9 X167.663 Y146.844 E2347.72292
G1 F1595.4 X167.976 Y146.872 E2347.7341
G0 F9000 X167.996 Y146.446
G1 F1599.1 X167.569 Y146.404 E2347.74933
G1 F1610.4 X167.142 Y146.209 E2347.76588
G1 F1618.1 X166.775 Y145.923 E2347.78221
G1 F1595.4 X166.595 Y145.648 E2347.79391
G1 F1591.7 X166.462 Y145.405 E2347.80379
G1 F1595.4 X166.397 Y145.156 E2347.81295
G1 X166.351 Y144.846 E2347.8241
G1 X166.37 Y144.586 E2347.83338
G1 F1588 X166.46 Y144.172 E2347.84852
G1 F1595.4 X166.751 Y143.698 E2347.86832
G1 F1602.9 X167.142 Y143.375 E2347.88628
G1 F1614.2 X167.586 Y143.2 E2347.90307
G1 F1602.9 X167.869 Y143.162 E2347.91318
G1 X168.142 Y143.153 E2347.92286
G1 X168.404 Y143.209 E2347.93235
G1 X168.737 Y143.314 E2347.94472
G1 F1618.1 X169.071 Y143.535 E2347.95877
G1 F1610.4 X169.427 Y143.945 E2347.97791
G1 X169.621 Y144.444 E2347.99679
G1 F1614.2 X169.652 Y144.796 E2348.00922
G1 F1599.1 X169.618 Y145.058 E2348.0186
G1 F1595.4 X169.556 Y145.339 E2348.02884
G1 F1610.4 X169.407 Y145.663 E2348.04141
G1 F1595.4 X169.224 Y145.89 E2348.05179
G1 F1591.7 X169.02 Y146.095 E2348.06211
G1 F1602.9 X168.697 Y146.309 E2348.07583
G1 X168.239 Y146.429 E2348.0926
G1 F1599.1 X167.996 Y146.446 E2348.10125
G0 F9000 X168.094 Y146.016
;TYPE:WALL-OUTER
G1 F1551.9 X167.681 Y145.981 E2348.11641
G1 X167.342 Y145.826 E2348.13005
G1 X167.058 Y145.575 E2348.14392
G1 X166.849 Y145.208 E2348.15937
G1 X166.776 Y144.771 E2348.17558
G1 X166.873 Y144.334 E2348.19196
G1 X167.088 Y143.985 E2348.20695
G1 X167.367 Y143.751 E2348.22028
G1 X167.741 Y143.606 E2348.23495
G1 X168.145 Y143.586 E2348.24975
G1 X168.542 Y143.705 E2348.26491
G1 X168.754 Y143.84 E2348.27411
G1 X169.048 Y144.172 E2348.29033
G1 X169.194 Y144.541 E2348.30485
G1 X169.22 Y144.814 E2348.31489
G1 X169.138 Y145.229 E2348.33036
G1 X169.018 Y145.471 E2348.34025
G1 X168.734 Y145.77 E2348.35533
G1 X168.517 Y145.907 E2348.36472
G1 X168.094 Y146.016 E2348.3807
G0 F9000 X167.974 Y147.307
G1 F1551.9 X168.4 Y147.274 E2348.39634
G1 X168.805 Y147.174 E2348.4116
G1 X169.202 Y147.001 E2348.42744
G1 X169.562 Y146.762 E2348.44325
G1 X169.87 Y146.473 E2348.4587
G1 X170.146 Y146.098 E2348.47574
G1 X170.356 Y145.655 E2348.49368
G1 X170.474 Y145.21 E2348.51052
G1 X170.507 Y144.796 E2348.52571
G1 X170.474 Y144.381 E2348.54095
G1 X170.382 Y144.021 E2348.55454
G1 X170.235 Y143.66 E2348.5688
G1 X170.018 Y143.307 E2348.58396
G1 X169.75 Y143 E2348.59887
G1 X169.411 Y142.727 E2348.61479
G1 X169.036 Y142.514 E2348.63057
G1 X168.628 Y142.37 E2348.6464
G1 X168.208 Y142.3 E2348.66198
G1 X167.809 Y142.297 E2348.67658
G1 X167.438 Y142.355 E2348.69032
G1 X167.072 Y142.466 E2348.70431
G1 X166.773 Y142.609 E2348.71644
G1 X166.497 Y142.789 E2348.72849
G1 X166.221 Y143.028 E2348.74185
G1 X165.979 Y143.311 E2348.75547
G1 X165.769 Y143.653 E2348.77016
G1 X165.603 Y144.048 E2348.78583
G1 X165.511 Y144.457 E2348.80117
G1 X165.493 Y144.891 E2348.81706
G1 X165.544 Y145.323 E2348.83298
G1 X165.666 Y145.727 E2348.84842
G1 X165.849 Y146.097 E2348.86352
G1 X166.081 Y146.413 E2348.87786
G1 X166.335 Y146.675 E2348.89121
G1 X166.619 Y146.892 E2348.90429
G1 X166.905 Y147.057 E2348.91637
G1 X167.227 Y147.185 E2348.92904
G1 X167.592 Y147.274 E2348.94279
G1 X167.974 Y147.307 E2348.95682
G1 F1500 E2346.95682
G0 F9000 X167.901 Y148.19
G0 X166.958 Y148.033
G0 X166.125 Y147.632
G0 X165.4 Y146.984
G0 X165.091 Y146.552
G0 X164.843 Y146.054
G0 X164.677 Y145.506
G0 X164.619 Y145.036
G0 X167.867 Y81.187
G0 X167.976 Y79.872
;TYPE:WALL-INNER
G1 F1500 E2348.95682
G1 F1595.4 X168.332 Y79.845 E2348.96952
G1 X168.665 Y79.761 E2348.98175
G1 F1602.9 X168.995 Y79.62 E2348.99446
G1 X169.292 Y79.422 E2349.0071
G1 F1591.7 X169.542 Y79.182 E2349.01946
G1 F1595.4 X169.773 Y78.876 E2349.03311
G1 F1610.4 X169.948 Y78.506 E2349.04754
G1 F1595.4 X170.042 Y78.136 E2349.06112
G1 F1599.1 X170.074 Y77.799 E2349.07314
G1 F1610.4 X170.046 Y77.453 E2349.08538
G1 F1602.9 X169.964 Y77.144 E2349.09671
G1 F1595.4 X169.847 Y76.856 E2349.10777
G1 F1591.7 X169.666 Y76.565 E2349.11999
G1 F1584.3 X169.448 Y76.314 E2349.13191
G1 F1595.4 X169.153 Y76.077 E2349.14537
G1 F1610.4 X168.856 Y75.909 E2349.1574
G1 F1595.4 X168.52 Y75.793 E2349.17006
G1 F1602.9 X168.171 Y75.731 E2349.18261
G1 X167.841 Y75.732 E2349.1943
G1 X167.535 Y75.776 E2349.20525
G1 X167.23 Y75.873 E2349.21659
G1 X166.984 Y75.986 E2349.22618
G1 F1606.7 X166.759 Y76.135 E2349.23571
G1 F1602.9 X166.528 Y76.334 E2349.24651
G1 X166.331 Y76.567 E2349.25732
G1 F1595.4 X166.156 Y76.852 E2349.26922
G1 X166.019 Y77.18 E2349.28187
G1 F1588 X165.945 Y77.514 E2349.29411
G1 F1595.4 X165.926 Y77.875 E2349.30697
G1 X165.972 Y78.234 E2349.31985
G1 X166.069 Y78.568 E2349.33223
G1 F1591.7 X166.223 Y78.87 E2349.34432
G1 F1595.4 X166.411 Y79.134 E2349.35586
G1 F1602.9 X166.624 Y79.349 E2349.36658
G1 F1599.1 X166.859 Y79.531 E2349.37713
G1 F1602.9 X167.094 Y79.665 E2349.38671
G1 F1599.1 X167.359 Y79.773 E2349.39687
G1 F1602.9 X167.663 Y79.844 E2349.40793
G1 F1595.4 X167.976 Y79.872 E2349.41911
G0 F9000 X167.996 Y79.446
G1 F1599.1 X167.569 Y79.404 E2349.43435
G1 F1610.4 X167.142 Y79.209 E2349.4509
G1 F1618.1 X166.775 Y78.923 E2349.46722
G1 F1595.4 X166.595 Y78.648 E2349.47892
G1 F1591.7 X166.462 Y78.405 E2349.4888
G1 F1595.4 X166.397 Y78.156 E2349.49796
G1 X166.351 Y77.846 E2349.50911
G1 X166.37 Y77.586 E2349.51839
G1 F1588 X166.46 Y77.172 E2349.53354
G1 F1595.4 X166.751 Y76.698 E2349.55333
G1 F1602.9 X167.142 Y76.375 E2349.5713
G1 F1614.2 X167.586 Y76.2 E2349.58808
G1 F1602.9 X167.869 Y76.162 E2349.5982
G1 X168.142 Y76.153 E2349.60787
G1 X168.404 Y76.209 E2349.61736
G1 X168.737 Y76.314 E2349.62973
G1 F1614.2 X169.062 Y76.529 E2349.64344
G1 F1602.9 X169.422 Y76.941 E2349.66282
G1 X169.617 Y77.43 E2349.68147
G1 F1610.4 X169.657 Y77.85 E2349.69634
G1 F1618.1 X169.556 Y78.339 E2349.71386
G1 F1610.4 X169.407 Y78.663 E2349.72644
G1 F1595.4 X169.224 Y78.89 E2349.73681
G1 F1591.7 X169.02 Y79.095 E2349.74713
G1 F1602.9 X168.697 Y79.309 E2349.76085
G1 X168.239 Y79.429 E2349.77762
G1 F1599.1 X167.996 Y79.446 E2349.78627
G0 F9000 X168.094 Y79.016
;TYPE:WALL-OUTER
G1 F1551.9 X167.683 Y78.981 E2349.80136
G1 X167.342 Y78.826 E2349.81507
G1 X167.058 Y78.575 E2349.82894
G1 X166.849 Y78.208 E2349.84439
G1 X166.776 Y77.771 E2349.8606
G1 X166.873 Y77.334 E2349.87697
G1 X167.088 Y76.985 E2349.89197
G1 X167.367 Y76.751 E2349.90529
G1 X167.741 Y76.606 E2349.91997
G1 X168.145 Y76.586 E2349.93477
G1 X168.542 Y76.705 E2349.94993
G1 X168.754 Y76.84 E2349.95913
G1 X169.044 Y77.172 E2349.97525
G1 X169.19 Y77.529 E2349.98937
G1 X169.221 Y77.799 E2349.99931
G1 X169.138 Y78.229 E2350.01533
G1 X169.018 Y78.471 E2350.02521
G1 X168.734 Y78.77 E2350.0403
G1 X168.517 Y78.907 E2350.04969
G1 X168.094 Y79.016 E2350.06567
G0 F9000 X167.974 Y80.307
G1 F1551.9 X168.4 Y80.274 E2350.0813
G1 X168.805 Y80.174 E2350.09657
G1 X169.202 Y80.001 E2350.11241
G1 X169.562 Y79.762 E2350.12822
G1 X169.87 Y79.473 E2350.14367
G1 X170.146 Y79.098 E2350.16071
G1 X170.356 Y78.655 E2350.17864
G1 X170.474 Y78.21 E2350.19549
G1 X170.507 Y77.799 E2350.21057
G1 X170.474 Y77.381 E2350.22591
G1 X170.382 Y77.021 E2350.23951
G1 X170.235 Y76.66 E2350.25377
G1 X170.018 Y76.307 E2350.26893
G1 X169.75 Y76 E2350.28384
G1 X169.411 Y75.727 E2350.29976
G1 X169.036 Y75.514 E2350.31554
G1 X168.628 Y75.37 E2350.33137
G1 X168.208 Y75.3 E2350.34695
G1 X167.809 Y75.297 E2350.36155
G1 X167.438 Y75.355 E2350.37529
G1 X167.072 Y75.466 E2350.38928
G1 X166.773 Y75.609 E2350.4014
G1 X166.497 Y75.789 E2350.41346
G1 X166.221 Y76.028 E2350.42682
G1 X165.979 Y76.311 E2350.44044
G1 X165.769 Y76.653 E2350.45512
G1 X165.603 Y77.048 E2350.4708
G1 X165.511 Y77.457 E2350.48614
G1 X165.493 Y77.891 E2350.50203
G1 X165.544 Y78.323 E2350.51794
G1 X165.666 Y78.727 E2350.53338
G1 X165.849 Y79.097 E2350.54849
G1 X166.081 Y79.413 E2350.56283
G1 X166.335 Y79.675 E2350.57618
G1 X166.619 Y79.892 E2350.58926
G1 X166.905 Y80.057 E2350.60134
G1 X167.227 Y80.185 E2350.61401
G1 X167.592 Y80.274 E2350.62776
G1 X167.974 Y80.307 E2350.64179
G1 F1500 E2348.64179
;MESH:NONMESH
G0 F300 Z6.48
G0 F9000 X51.996 Y79.446
;TIME_ELAPSED:7259.878500
;LAYER:33
;note -- min layer time used
;TYPE:WALL-INNER
;MESH:SmartKiln_Fondo.stl
G1 F1500 E2350.64179
G1 F1599.3 X51.569 Y79.404 E2350.65702
G1 F1610.6 X51.142 Y79.209 E2350.67357
G1 F1618.2 X50.775 Y78.923 E2350.6899
G1 F1595.5 X50.595 Y78.648 E2350.70159
G1 X50.435 Y78.356 E2350.71344
G1 F1610.6 X50.329 Y77.766 E2350.73458
G1 X50.458 Y77.169 E2350.75611
G1 F1603 X50.758 Y76.692 E2350.77607
G1 F1606.8 X51.142 Y76.375 E2350.79367
G1 F1614.4 X51.586 Y76.2 E2350.81045
G1 F1603 X51.869 Y76.162 E2350.82057
G1 X52.142 Y76.153 E2350.83024
G1 X52.404 Y76.209 E2350.83973
G1 X52.737 Y76.314 E2350.8521
G1 F1618.2 X53.071 Y76.535 E2350.86615
G1 F1610.6 X53.427 Y76.945 E2350.8853
G1 X53.621 Y77.444 E2350.90417
G1 F1614.4 X53.652 Y77.796 E2350.9166
G1 F1599.3 X53.618 Y78.058 E2350.92598
G1 F1595.5 X53.556 Y78.339 E2350.93622
G1 F1610.6 X53.407 Y78.663 E2350.9488
G1 F1595.5 X53.224 Y78.89 E2350.95917
G1 F1591.8 X53.02 Y79.095 E2350.96949
G1 F1603 X52.697 Y79.309 E2350.98321
G1 X52.239 Y79.429 E2350.99998
G1 F1599.3 X51.996 Y79.446 E2351.00863
G0 F9000 X51.976 Y79.872
G1 F1595.5 X52.332 Y79.845 E2351.02134
G1 X52.665 Y79.761 E2351.03356
G1 F1603 X52.995 Y79.62 E2351.04627
G1 X53.292 Y79.422 E2351.05892
G1 F1591.8 X53.542 Y79.182 E2351.07128
G1 F1595.5 X53.773 Y78.876 E2351.08492
G1 F1610.6 X53.948 Y78.506 E2351.09935
G1 F1595.5 X54.042 Y78.137 E2351.11291
G1 F1599.3 X54.074 Y77.796 E2351.12507
G1 F1614.4 X54.046 Y77.452 E2351.1372
G1 F1603 X53.969 Y77.157 E2351.148
G1 X53.848 Y76.857 E2351.15946
G1 F1599.3 X53.666 Y76.565 E2351.17168
G1 F1588.1 X53.447 Y76.314 E2351.18359
G1 F1599.3 X53.153 Y76.077 E2351.197
G1 F1610.6 X52.856 Y75.909 E2351.20903
G1 F1595.5 X52.52 Y75.793 E2351.22168
G1 F1603 X52.171 Y75.731 E2351.23423
G1 X51.841 Y75.732 E2351.24592
G1 X51.535 Y75.776 E2351.25687
G1 X51.23 Y75.873 E2351.26821
G1 X50.984 Y75.986 E2351.2778
G1 F1606.8 X50.759 Y76.135 E2351.28734
G1 F1603 X50.528 Y76.334 E2351.29814
G1 X50.331 Y76.567 E2351.30894
G1 F1599.3 X50.155 Y76.852 E2351.32084
G1 F1603 X50.018 Y77.18 E2351.33343
G1 F1595.5 X49.944 Y77.514 E2351.3456
G1 F1603 X49.925 Y77.875 E2351.35841
G1 F1599.3 X49.972 Y78.234 E2351.37126
G1 F1595.5 X50.069 Y78.568 E2351.38364
G1 F1591.8 X50.223 Y78.87 E2351.39573
G1 F1595.5 X50.411 Y79.134 E2351.40727
G1 F1603 X50.624 Y79.349 E2351.41799
G1 F1599.3 X50.859 Y79.531 E2351.42854
G1 F1603 X51.094 Y79.665 E2351.43812
G1 F1599.3 X51.359 Y79.773 E2351.44828
G1 F1603 X51.663 Y79.844 E2351.45934
G1 F1595.5 X51.976 Y79.872 E2351.47053
G0 F9000 X51.974 Y80.307
;TYPE:WALL-OUTER
G1 F1552 X52.4 Y80.274 E2351.48616
G1 X52.805 Y80.174 E2351.50142
G1 X53.202 Y80.001 E2351.51726
G1 X53.562 Y79.762 E2351.53307
G1 X53.87 Y79.473 E2351.54853
G1 X54.146 Y79.098 E2351.56556
G1 X54.356 Y78.655 E2351.5835
G1 X54.474 Y78.21 E2351.60034
G1 X54.507 Y77.796 E2351.61554
G1 X54.474 Y77.381 E2351.63077
G1 X54.382 Y77.021 E2351.64436
G1 X54.235 Y76.66 E2351.65862
G1 X54.018 Y76.307 E2351.67378
G1 X53.75 Y76 E2351.68869
G1 X53.411 Y75.727 E2351.70462
G1 X53.036 Y75.514 E2351.72039
G1 X52.628 Y75.37 E2351.73622
G1 X52.208 Y75.3 E2351.7518
G1 X51.809 Y75.297 E2351.7664
G1 X51.438 Y75.355 E2351.78014
G1 X51.072 Y75.466 E2351.79413
G1 X50.773 Y75.609 E2351.80626
G1 X50.497 Y75.789 E2351.81831
G1 X50.221 Y76.028 E2351.83167
G1 X49.979 Y76.311 E2351.84529
G1 X49.769 Y76.653 E2351.85998
G1 X49.603 Y77.048 E2351.87565
G1 X49.511 Y77.457 E2351.89099
G1 X49.493 Y77.891 E2351.90688
G1 X49.545 Y78.323 E2351.9228
G1 X49.666 Y78.727 E2351.93823
G1 X49.849 Y79.097 E2351.95333
G1 X50.081 Y79.413 E2351.96768
G1 X50.335 Y79.675 E2351.98103
G1 X50.619 Y79.892 E2351.9941
G1 X50.905 Y80.057 E2352.00618
G1 X51.227 Y80.185 E2352.01886
G1 X51.592 Y80.274 E2352.03261
G1 X51.974 Y80.307 E2352.04663
G0 F9000 X52.094 Y79.016
G1 F1552 X51.681 Y78.981 E2352.0618
G1 X51.342 Y78.826 E2352.07544
G1 X51.058 Y78.575 E2352.0893
G1 X50.849 Y78.22 E2352.10437
G1 X50.776 Y77.778 E2352.12076
G1 X50.864 Y77.334 E2352.13732
G1 X51.088 Y76.985 E2352.1525
G1 X51.367 Y76.751 E2352.16582
G1 X51.741 Y76.606 E2352.1805
G1 X52.145 Y76.586 E2352.19529
G1 X52.542 Y76.705 E2352.21046
G1 X52.754 Y76.84 E2352.21965
G1 X53.048 Y77.172 E2352.23588
G1 X53.194 Y77.541 E2352.2504
G1 X53.22 Y77.814 E2352.26043
G1 X53.138 Y78.229 E2352.27591
G1 X53.018 Y78.471 E2352.28579
G1 X52.734 Y78.77 E2352.30088
G1 X52.517 Y78.907 E2352.31027
G1 X52.094 Y79.016 E2352.32625
G1 F1500 E2350.32625
G0 F9000 X51.996 Y146.446
;TYPE:WALL-INNER
G1 F1500 E2352.32625
G1 F1599.3 X51.569 Y146.404 E2352.34148
G1 F1610.6 X51.142 Y146.209 E2352.35803
G1 F1618.2 X50.775 Y145.923 E2352.37436
G1 F1595.5 X50.595 Y145.648 E2352.38605
G1 F1591.8 X50.462 Y145.405 E2352.39594
G1 F1595.5 X50.397 Y145.156 E2352.40509
G1 X50.351 Y144.846 E2352.41625
G1 X50.37 Y144.586 E2352.42552
G1 F1588.1 X50.46 Y144.172 E2352.44067
G1 F1595.5 X50.751 Y143.698 E2352.46047
G1 F1603 X51.142 Y143.375 E2352.47843
G1 F1614.4 X51.586 Y143.2 E2352.49522
G1 F1603 X51.869 Y143.162 E2352.50533
G1 X52.142 Y143.153 E2352.51501
G1 X52.404 Y143.209 E2352.5245
G1 X52.737 Y143.314 E2352.53687
G1 F1618.2 X53.071 Y143.535 E2352.55092
G1 F1610.6 X53.427 Y143.945 E2352.57006
G1 X53.621 Y144.444 E2352.58894
G1 F1614.4 X53.652 Y144.796 E2352.60137
G1 F1599.3 X53.618 Y145.058 E2352.61075
G1 F1595.5 X53.556 Y145.339 E2352.62099
G1 F1610.6 X53.407 Y145.663 E2352.63356
G1 F1595.5 X53.224 Y145.89 E2352.64394
G1 F1591.8 X53.02 Y146.095 E2352.65425
G1 F1603 X52.697 Y146.309 E2352.66798
G1 X52.239 Y146.429 E2352.68475
G1 F1599.3 X51.996 Y146.446 E2352.6934
G0 F9000 X51.976 Y146.872
G1 F1595.5 X52.332 Y146.845 E2352.7061
G1 X52.665 Y146.761 E2352.71833
G1 F1603 X52.995 Y146.62 E2352.73104
G1 X53.292 Y146.422 E2352.74368
G1 F1591.8 X53.542 Y146.182 E2352.75604
G1 F1595.5 X53.773 Y145.876 E2352.76969
G1 F1610.6 X53.948 Y145.506 E2352.78412
G1 F1595.5 X54.042 Y145.137 E2352.79767
G1 F1599.3 X54.074 Y144.796 E2352.80983
G1 F1614.4 X54.046 Y144.452 E2352.82197
G1 F1603 X53.969 Y144.157 E2352.83277
G1 X53.848 Y143.857 E2352.84423
G1 F1599.3 X53.666 Y143.565 E2352.85644
G1 F1588.1 X53.447 Y143.314 E2352.86835
G1 F1599.3 X53.153 Y143.077 E2352.88176
G1 F1610.6 X52.856 Y142.909 E2352.89379
G1 F1595.5 X52.52 Y142.793 E2352.90644
G1 F1603 X52.171 Y142.731 E2352.919
G1 X51.841 Y142.732 E2352.93069
G1 X51.535 Y142.776 E2352.94164
G1 X51.23 Y142.873 E2352.95297
G1 X50.984 Y142.986 E2352.96256
G1 F1606.8 X50.759 Y143.135 E2352.9721
G1 F1603 X50.528 Y143.334 E2352.9829
G1 X50.331 Y143.567 E2352.99371
G1 F1595.5 X50.156 Y143.852 E2353.00561
G1 X50.019 Y144.18 E2353.01826
G1 F1588.1 X49.945 Y144.514 E2353.03049
G1 F1595.5 X49.926 Y144.875 E2353.04336
G1 X49.972 Y145.234 E2353.05624
G1 X50.069 Y145.568 E2353.06862
G1 F1591.8 X50.223 Y145.87 E2353.08071
G1 F1595.5 X50.411 Y146.134 E2353.09224
G1 F1603 X50.624 Y146.349 E2353.10296
G1 F1599.3 X50.859 Y146.531 E2353.11352
G1 F1603 X51.094 Y146.665 E2353.1231
G1 F1599.3 X51.359 Y146.773 E2353.13326
G1 F1603 X51.663 Y146.844 E2353.14432
G1 F1595.5 X51.976 Y146.872 E2353.1555
G0 F9000 X51.974 Y147.307
;TYPE:WALL-OUTER
G1 F1552 X52.4 Y147.274 E2353.17113
G1 X52.805 Y147.174 E2353.1864
G1 X53.202 Y147.001 E2353.20224
G1 X53.562 Y146.762 E2353.21805
G1 X53.87 Y146.473 E2353.2335
G1 X54.146 Y146.098 E2353.25054
G1 X54.356 Y145.655 E2353.26847
G1 X54.474 Y145.21 E2353.28532
G1 X54.507 Y144.796 E2353.30051
G1 X54.474 Y144.381 E2353.31574
G1 X54.382 Y144.021 E2353.32934
G1 X54.235 Y143.66 E2353.3436
G1 X54.018 Y143.307 E2353.35876
G1 X53.75 Y143 E2353.37367
G1 X53.411 Y142.727 E2353.38959
G1 X53.036 Y142.514 E2353.40537
G1 X52.628 Y142.37 E2353.4212
G1 X52.208 Y142.3 E2353.43678
G1 X51.809 Y142.297 E2353.45138
G1 X51.438 Y142.355 E2353.46511
G1 X51.072 Y142.466 E2353.47911
G1 X50.773 Y142.609 E2353.49123
G1 X50.497 Y142.789 E2353.50329
G1 X50.221 Y143.028 E2353.51665
G1 X49.979 Y143.311 E2353.53027
G1 X49.769 Y143.653 E2353.54495
G1 X49.603 Y144.048 E2353.56063
G1 X49.511 Y144.457 E2353.57597
G1 X49.493 Y144.891 E2353.59186
G1 X49.544 Y145.323 E2353.60777
G1 X49.666 Y145.727 E2353.62321
G1 X49.849 Y146.097 E2353.63832
G1 X50.081 Y146.413 E2353.65266
G1 X50.335 Y146.675 E2353.66601
G1 X50.619 Y146.892 E2353.67908
G1 X50.905 Y147.057 E2353.69116
G1 X51.227 Y147.185 E2353.70384
G1 X51.592 Y147.274 E2353.71759
G1 X51.974 Y147.307 E2353.73162
G0 F9000 X52.094 Y146.016
G1 F1552 X51.681 Y145.981 E2353.74678
G1 X51.342 Y145.826 E2353.76042
G1 X51.058 Y145.575 E2353.77428
G1 X50.849 Y145.208 E2353.78974
G1 X50.776 Y144.771 E2353.80595
G1 X50.873 Y144.334 E2353.82232
G1 X51.088 Y143.985 E2353.83732
G1 X51.367 Y143.751 E2353.85064
G1 X51.741 Y143.606 E2353.86532
G1 X52.145 Y143.586 E2353.88012
G1 X52.542 Y143.705 E2353.89528
G1 X52.754 Y143.84 E2353.90448
G1 X53.048 Y144.172 E2353.9207
G1 X53.194 Y144.541 E2353.93522
G1 X53.22 Y144.814 E2353.94525
G1 X53.138 Y145.229 E2353.96073
G1 X53.018 Y145.471 E2353.97061
G1 X52.734 Y145.77 E2353.9857
G1 X52.517 Y145.907 E2353.99509
G1 X52.094 Y146.016 E2354.01107
G1 F1500 E2352.01107
G0 F9000 X167.976 Y146.872
;TYPE:WALL-INNER
G1 F1500 E2354.01107
G1 F1595.5 X168.332 Y146.845 E2354.02378
G1 X168.665 Y146.761 E2354.036
G1 F1603 X168.995 Y146.62 E2354.04871
G1 X169.292 Y146.422 E2354.06135
G1 F1591.8 X169.542 Y146.182 E2354.07371
G1 F1595.5 X169.773 Y145.876 E2354.08736
G1 F1610.6 X169.948 Y145.506 E2354.10179
G1 F1595.5 X170.042 Y145.137 E2354.11534
G1 F1599.3 X170.074 Y144.796 E2354.1275
G1 F1614.4 X170.046 Y144.452 E2354.13964
G1 F1603 X169.969 Y144.157 E2354.15044
G1 X169.848 Y143.857 E2354.1619
G1 F1599.3 X169.666 Y143.565 E2354.17412
G1 F1588.1 X169.447 Y143.314 E2354.18603
G1 F1599.3 X169.153 Y143.077 E2354.19943
G1 F1610.6 X168.856 Y142.909 E2354.21146
G1 F1595.5 X168.52 Y142.793 E2354.22411
G1 F1603 X168.171 Y142.731 E2354.23667
G1 X167.841 Y142.732 E2354.24836
G1 X167.535 Y142.776 E2354.25931
G1 X167.23 Y142.873 E2354.27065
G1 X166.984 Y142.986 E2354.28024
G1 F1606.8 X166.759 Y143.135 E2354.28977
G1 F1603 X166.528 Y143.334 E2354.30057
G1 X166.331 Y143.567 E2354.31138
G1 F1595.5 X166.156 Y143.852 E2354.32328
G1 X166.019 Y144.18 E2354.33593
G1 F1588.1 X165.945 Y144.514 E2354.34816
G1 F1595.5 X165.926 Y144.875 E2354.36103
G1 X165.972 Y145.234 E2354.37391
G1 X166.069 Y145.568 E2354.38629
G1 F1591.8 X166.223 Y145.87 E2354.39838
G1 F1595.5 X166.411 Y146.134 E2354.40991
G1 F1603 X166.624 Y146.349 E2354.42063
G1 F1599.3 X166.859 Y146.531 E2354.43119
G1 F1603 X167.094 Y146.665 E2354.44077
G1 F1599.3 X167.359 Y146.773 E2354.45093
G1 F1603 X167.663 Y146.844 E2354.46199
G1 F1595.5 X167.976 Y146.872 E2354.47317
G0 F9000 X167.996 Y146.446
G1 F1599.3 X167.569 Y146.404 E2354.48841
G1 F1610.6 X167.142 Y146.209 E2354.50496
G1 F1618.2 X166.775 Y145.923 E2354.52128
G1 F1595.5 X166.595 Y145.648 E2354.53298
G1 F1591.8 X166.462 Y145.405 E2354.54286
G1 F1595.5 X166.397 Y145.156 E2354.55202
G1 X166.351 Y144.846 E2354.56317
G1 X166.37 Y144.586 E2354.57245
G1 F1588.1 X166.46 Y144.172 E2354.5876
G1 F1595.5 X166.751 Y143.698 E2354.60739
G1 F1603 X167.142 Y143.375 E2354.62536
G1 F1614.4 X167.586 Y143.2 E2354.64214
G1 F1603 X167.869 Y143.162 E2354.65226
G1 X168.142 Y143.153 E2354.66193
G1 X168.404 Y143.209 E2354.67142
G1 X168.737 Y143.314 E2354.68379
G1 F1618.2 X169.071 Y143.535 E2354.69784
G1 F1610.6 X169.427 Y143.945 E2354.71699
G1 X169.621 Y144.444 E2354.73586
G1 F1614.4 X169.652 Y144.796 E2354.74829
G1 F1599.3 X169.618 Y145.058 E2354.75767
G1 F1595.5 X169.556 Y145.339 E2354.76791
G1 F1610.6 X169.407 Y145.663 E2354.78049
G1 F1595.5 X169.224 Y145.89 E2354.79086
G1 F1591.8 X169.02 Y146.095 E2354.80118
G1 F1603 X168.697 Y146.309 E2354.8149
G1 X168.239 Y146.429 E2354.83167
G1 F1599.3 X167.996 Y146.446 E2354.84032
G0 F9000 X168.094 Y146.016
;TYPE:WALL-OUTER
G1 F1552 X167.681 Y145.981 E2354.85549
G1 X167.342 Y145.826 E2354.86913
G1 X167.058 Y145.575 E2354.88299
G1 X166.849 Y145.208 E2354.89844
G1 X166.776 Y144.771 E2354.91465
G1 X166.873 Y144.334 E2354.93103
G1 X167.088 Y143.985 E2354.94603
G1 X167.367 Y143.751 E2354.95935
G1 X167.741 Y143.606 E2354.97403
G1 X168.145 Y143.586 E2354.98883
G1 X168.542 Y143.705 E2355.00399
G1 X168.754 Y143.84 E2355.01318
G1 X169.048 Y144.172 E2355.02941
G1 X169.194 Y144.541 E2355.04393
G1 X169.22 Y144.814 E2355.05396
G1 X169.138 Y145.229 E2355.06944
G1 X169.018 Y145.471 E2355.07932
G1 X168.734 Y145.77 E2355.09441
G1 X168.517 Y145.907 E2355.1038
G1 X168.094 Y146.016 E2355.11978
G0 F9000 X167.974 Y147.307
G1 F1552 X168.4 Y147.274 E2355.13541
G1 X168.805 Y147.174 E2355.15067
G1 X169.202 Y147.001 E2355.16652
G1 X169.562 Y146.762 E2355.18233
G1 X169.87 Y146.473 E2355.19778
G1 X170.146 Y146.098 E2355.21481
G1 X170.356 Y145.655 E2355.23275
G1 X170.474 Y145.21 E2355.24959
G1 X170.507 Y144.796 E2355.26479
G1 X170.474 Y144.381 E2355.28002
G1 X170.382 Y144.021 E2355.29361
G1 X170.235 Y143.66 E2355.30787
G1 X170.018 Y143.307 E2355.32303
G1 X169.75 Y143 E2355.33794
G1 X169.411 Y142.727 E2355.35387
G1 X169.036 Y142.514 E2355.36965
G1 X168.628 Y142.37 E2355.38548
G1 X168.208 Y142.3 E2355.40105
G1 X167.809 Y142.297 E2355.41565
G1 X167.438 Y142.355 E2355.42939
G1 X167.072 Y142.466 E2355.44338
G1 X166.773 Y142.609 E2355.45551
G1 X166.497 Y142.789 E2355.46757
G1 X166.221 Y143.028 E2355.48092
G1 X165.979 Y143.311 E2355.49455
G1 X165.769 Y143.653 E2355.50923
G1 X165.603 Y144.048 E2355.5249
G1 X165.511 Y144.457 E2355.54024
G1 X165.493 Y144.891 E2355.55613
G1 X165.544 Y145.323 E2355.57205
G1 X165.666 Y145.727 E2355.58749
G1 X165.849 Y146.097 E2355.60259
G1 X166.081 Y146.413 E2355.61693
G1 X166.335 Y146.675 E2355.63028
G1 X166.619 Y146.892 E2355.64336
G1 X166.905 Y147.057 E2355.65544
G1 X167.227 Y147.185 E2355.66812
G1 X167.592 Y147.274 E2355.68186
G1 X167.974 Y147.307 E2355.69589
G1 F1500 E2353.69589
G0 F9000 X167.901 Y148.19
G0 X166.958 Y148.033
G0 X166.125 Y147.632
G0 X165.4 Y146.984
G0 X165.091 Y146.552
G0 X164.843 Y146.054
G0 X164.677 Y145.506
G0 X164.619 Y145.036
G0 X167.867 Y81.187
G0 X167.976 Y79.872
;TYPE:WALL-INNER
G1 F1500 E2355.69589
G1 F1595.5 X168.332 Y79.845 E2355.7086
G1 X168.665 Y79.761 E2355.72082
G1 F1603 X168.995 Y79.62 E2355.73353
G1 X169.292 Y79.422 E2355.74618
G1 F1591.8 X169.542 Y79.182 E2355.75854
G1 F1595.5 X169.773 Y78.876 E2355.77218
G1 F1610.6 X169.948 Y78.506 E2355.78661
G1 F1595.5 X170.042 Y78.137 E2355.80016
G1 F1599.3 X170.074 Y77.796 E2355.81232
G1 F1610.6 X170.046 Y77.454 E2355.82442
G1 F1599.3 X169.969 Y77.158 E2355.83528
G1 F1595.5 X169.847 Y76.856 E2355.84687
G1 F1591.8 X169.666 Y76.565 E2355.8591
G1 F1580.7 X169.447 Y76.314 E2355.87106
G1 F1591.8 X169.168 Y76.086 E2355.88392
G1 F1606.8 X168.856 Y75.909 E2355.89659
G1 F1595.5 X168.52 Y75.793 E2355.90924
G1 F1603 X168.171 Y75.731 E2355.9218
G1 X167.841 Y75.732 E2355.93349
G1 X167.535 Y75.776 E2355.94444
G1 X167.23 Y75.873 E2355.95578
G1 X166.984 Y75.986 E2355.96536
G1 F1606.8 X166.759 Y76.135 E2355.9749
G1 F1603 X166.528 Y76.334 E2355.9857
G1 X166.331 Y76.567 E2355.99651
G1 F1595.5 X166.156 Y76.852 E2356.00841
G1 X166.019 Y77.18 E2356.02106
G1 F1588.1 X165.945 Y77.514 E2356.03329
G1 F1595.5 X165.926 Y77.875 E2356.04616
G1 X165.972 Y78.234 E2356.05904
G1 X166.069 Y78.568 E2356.07142
G1 F1591.8 X166.223 Y78.87 E2356.08351
G1 F1595.5 X166.411 Y79.134 E2356.09504
G1 F1603 X166.624 Y79.349 E2356.10576
G1 F1599.3 X166.859 Y79.531 E2356.11632
G1 F1603 X167.094 Y79.665 E2356.1259
G1 F1599.3 X167.359 Y79.773 E2356.13606
G1 F1603 X167.663 Y79.844 E2356.14712
G1 F1595.5 X167.976 Y79.872 E2356.1583
G0 F9000 X167.996 Y79.446
G1 F1599.3 X167.569 Y79.404 E2356.17354
G1 F1610.6 X167.142 Y79.209 E2356.19009
G1 F1618.2 X166.775 Y78.923 E2356.20641
G1 F1595.5 X166.595 Y78.648 E2356.21811
G1 F1591.8 X166.462 Y78.405 E2356.22799
G1 F1595.5 X166.397 Y78.156 E2356.23715
G1 X166.351 Y77.846 E2356.2483
G1 X166.37 Y77.586 E2356.25758
G1 F1588.1 X166.46 Y77.172 E2356.27273
G1 F1595.5 X166.751 Y76.698 E2356.29252
G1 F1603 X167.142 Y76.375 E2356.31049
G1 F1610.6 X167.666 Y76.168 E2356.33035
G1 F1618.2 X168.142 Y76.153 E2356.34706
G1 F1603 X168.404 Y76.209 E2356.35655
G1 F1595.5 X168.739 Y76.314 E2356.36904
G1 F1610.6 X169.066 Y76.536 E2356.38298
G1 F1603 X169.419 Y76.935 E2356.40185
G1 X169.616 Y77.424 E2356.42052
G1 F1610.6 X169.652 Y77.796 E2356.4337
G1 F1599.3 X169.618 Y78.058 E2356.44308
G1 F1595.5 X169.556 Y78.339 E2356.45332
G1 F1610.6 X169.407 Y78.663 E2356.46589
G1 F1595.5 X169.224 Y78.89 E2356.47627
G1 F1591.8 X169.02 Y79.095 E2356.48659
G1 F1603 X168.697 Y79.309 E2356.50031
G1 X168.239 Y79.429 E2356.51708
G1 F1599.3 X167.996 Y79.446 E2356.52573
G0 F9000 X168.094 Y79.016
;TYPE:WALL-OUTER
G1 F1552 X167.681 Y78.981 E2356.5409
G1 X167.342 Y78.826 E2356.55453
G1 X167.058 Y78.575 E2356.5684
G1 X166.849 Y78.208 E2356.58385
G1 X166.776 Y77.771 E2356.60006
G1 X166.873 Y77.334 E2356.61644
G1 X167.088 Y76.985 E2356.63144
G1 X167.367 Y76.751 E2356.64476
G1 X167.741 Y76.606 E2356.65943
G1 X168.145 Y76.586 E2356.67423
G1 X168.542 Y76.705 E2356.6894
G1 X168.754 Y76.844 E2356.69867
G1 X169.044 Y77.172 E2356.71469
G1 X169.19 Y77.533 E2356.72894
G1 X169.22 Y77.814 E2356.73928
G1 X169.138 Y78.229 E2356.75475
G1 X169.018 Y78.471 E2356.76463
G1 X168.734 Y78.77 E2356.77972
G1 X168.517 Y78.907 E2356.78911
G1 X168.094 Y79.016 E2356.80509
G0 F9000 X167.974 Y80.307
G1 F1552 X168.4 Y80.274 E2356.82073
G1 X168.805 Y80.174 E2356.83599
G1 X169.202 Y80.001 E2356.85183
G1 X169.562 Y79.762 E2356.86764
G1 X169.87 Y79.473 E2356.88309
G1 X170.146 Y79.098 E2356.90013
G1 X170.356 Y78.655 E2356.91806
G1 X170.474 Y78.21 E2356.93491
G1 X170.507 Y77.796 E2356.9501
G1 X170.474 Y77.381 E2356.96533
G1 X170.382 Y77.022 E2356.97889
G1 X170.235 Y76.66 E2356.99319
G1 X170.018 Y76.307 E2357.00835
G1 X169.75 Y75.999 E2357.02328
G1 X169.412 Y75.727 E2357.03916
G1 X169.036 Y75.514 E2357.05497
G1 X168.628 Y75.37 E2357.0708
G1 X168.208 Y75.3 E2357.08638
G1 X167.809 Y75.297 E2357.10097
G1 X167.438 Y75.355 E2357.11471
G1 X167.072 Y75.466 E2357.12871
G1 X166.773 Y75.609 E2357.14083
G1 X166.497 Y75.789 E2357.15289
G1 X166.221 Y76.028 E2357.16624
G1 X165.979 Y76.311 E2357.17987
G1 X165.769 Y76.653 E2357.19455
G1 X165.603 Y77.048 E2357.21023
G1 X165.511 Y77.457 E2357.22556
G1 X165.493 Y77.891 E2357.24146
G1 X165.544 Y78.323 E2357.25737
G1 X165.666 Y78.727 E2357.27281
G1 X165.849 Y79.097 E2357.28791
G1 X166.081 Y79.413 E2357.30226
G1 X166.335 Y79.675 E2357.31561
G1 X166.619 Y79.892 E2357.32868
G1 X166.905 Y80.057 E2357.34076
G1 X167.227 Y80.185 E2357.35344
G1 X167.592 Y80.274 E2357.36719
G1 X167.974 Y80.307 E2357.38121
G1 F1500 E2355.38121
;MESH:NONMESH
G0 F300 Z6.68
G0 F9000 X51.996 Y79.446
;TIME_ELAPSED:7272.837228
;LAYER:34
;note -- min layer time used
;TYPE:WALL-INNER
;MESH:SmartKiln_Fondo.stl
G1 F1500 E2357.38121
G1 F1599.2 X51.57 Y79.404 E2357.39641
G1 F1610.5 X51.106 Y79.193 E2357.41438
G1 F1618.2 X50.732 Y78.866 E2357.43181
G1 X50.428 Y78.357 E2357.45262
G1 F1614.3 X50.352 Y77.859 E2357.47034
G1 F1595.5 X50.37 Y77.586 E2357.48007
G1 F1588.1 X50.46 Y77.173 E2357.49519
G1 F1595.5 X50.747 Y76.703 E2357.51479
G1 F1610.5 X51.14 Y76.376 E2357.53281
G1 F1618.2 X51.585 Y76.201 E2357.54959
G1 F1603 X51.869 Y76.162 E2357.55974
G1 X52.142 Y76.153 E2357.56942
G1 X52.404 Y76.209 E2357.57891
G1 F1599.2 X52.744 Y76.315 E2357.59155
G1 F1614.3 X53.074 Y76.54 E2357.6056
G1 F1610.5 X53.425 Y76.94 E2357.62436
G1 X53.621 Y77.444 E2357.64343
G1 X53.656 Y77.852 E2357.65787
G1 X53.555 Y78.341 E2357.67547
G1 F1614.3 X53.406 Y78.664 E2357.68798
G1 F1599.2 X53.23 Y78.882 E2357.69793
G1 F1595.5 X53.017 Y79.096 E2357.70867
G1 F1606.7 X52.698 Y79.308 E2357.72221
G1 F1603 X52.239 Y79.429 E2357.73902
G1 F1599.2 X51.996 Y79.446 E2357.74767
G0 F9000 X51.976 Y79.872
G1 F1595.5 X52.332 Y79.845 E2357.76038
G1 X52.665 Y79.762 E2357.77259
G1 F1603 X52.988 Y79.622 E2357.78506
G1 F1610.5 X53.289 Y79.423 E2357.79778
G1 F1595.5 X53.547 Y79.174 E2357.81054
G1 F1599.2 X53.77 Y78.878 E2357.8237
G1 F1610.5 X53.949 Y78.505 E2357.83829
G1 F1595.5 X54.042 Y78.14 E2357.85169
G1 F1599.2 X54.074 Y77.8 E2357.86382
G1 F1614.3 X54.046 Y77.452 E2357.8761
G1 F1603 X53.969 Y77.157 E2357.8869
G1 F1599.2 X53.848 Y76.858 E2357.89835
G1 F1603 X53.668 Y76.57 E2357.91038
G1 F1595.5 X53.441 Y76.311 E2357.92264
G1 F1603 X53.169 Y76.085 E2357.93516
G1 F1606.7 X52.858 Y75.909 E2357.94779
G1 F1595.5 X52.52 Y75.793 E2357.96051
G1 F1603 X52.171 Y75.731 E2357.97307
G1 X51.841 Y75.732 E2357.98475
G1 X51.536 Y75.776 E2357.99567
G1 X51.234 Y75.872 E2358.0069
G1 X50.986 Y75.986 E2358.01656
G1 F1606.7 X50.758 Y76.137 E2358.02623
G1 F1603 X50.534 Y76.328 E2358.03665
G1 F1595.5 X50.327 Y76.568 E2358.04793
G1 F1588.1 X50.157 Y76.846 E2358.05959
G1 X50.019 Y77.179 E2358.07247
G1 F1584.4 X49.945 Y77.514 E2358.08477
G1 F1595.5 X49.926 Y77.874 E2358.0976
G1 X49.972 Y78.23 E2358.11037
G1 X50.069 Y78.567 E2358.12285
G1 X50.223 Y78.867 E2358.13485
G1 X50.409 Y79.131 E2358.14635
G1 F1599.2 X50.628 Y79.352 E2358.15739
G1 F1595.5 X50.858 Y79.532 E2358.16779
G1 F1599.2 X51.094 Y79.665 E2358.17741
G1 X51.359 Y79.773 E2358.18757
G1 F1603 X51.663 Y79.844 E2358.19862
G1 F1595.5 X51.976 Y79.872 E2358.20981
G0 F9000 X51.974 Y80.307
;TYPE:WALL-OUTER
G1 F1552 X52.4 Y80.274 E2358.22544
G1 X52.805 Y80.174 E2358.2407
G1 X53.197 Y80.002 E2358.25636
G1 X53.558 Y79.763 E2358.2722
G1 X53.874 Y79.465 E2358.2881
G1 X54.142 Y79.101 E2358.30463
G1 X54.356 Y78.655 E2358.32273
G1 X54.474 Y78.214 E2358.33943
G1 X54.507 Y77.8 E2358.35463
G1 X54.474 Y77.381 E2358.37001
G1 X54.382 Y77.021 E2358.3836
G1 X54.235 Y76.661 E2358.39783
G1 X54.018 Y76.312 E2358.41286
G1 X53.745 Y75.999 E2358.42806
G1 X53.415 Y75.727 E2358.4437
G1 X53.036 Y75.514 E2358.45961
G1 X52.628 Y75.37 E2358.47544
G1 X52.208 Y75.3 E2358.49102
G1 X51.809 Y75.297 E2358.50562
G1 X51.438 Y75.355 E2358.51935
G1 X51.076 Y75.466 E2358.53321
G1 X50.776 Y75.609 E2358.54537
G1 X50.497 Y75.789 E2358.55751
G1 X50.216 Y76.032 E2358.5711
G1 X49.975 Y76.311 E2358.58459
G1 X49.769 Y76.648 E2358.59904
G1 X49.603 Y77.047 E2358.61485
G1 X49.511 Y77.457 E2358.63023
G1 X49.493 Y77.891 E2358.64612
G1 X49.545 Y78.319 E2358.66189
G1 X49.666 Y78.726 E2358.67743
G1 X49.849 Y79.093 E2358.69243
G1 X50.077 Y79.41 E2358.70672
G1 X50.339 Y79.678 E2358.72043
G1 X50.619 Y79.892 E2358.73332
G1 X50.905 Y80.057 E2358.7454
G1 X51.227 Y80.185 E2358.75808
G1 X51.592 Y80.274 E2358.77183
G1 X51.974 Y80.307 E2358.78585
G0 F9000 X52.094 Y79.016
G1 F1552 X51.681 Y78.981 E2358.80102
G1 X51.342 Y78.825 E2358.81467
G1 X51.057 Y78.573 E2358.82859
G1 X50.849 Y78.207 E2358.84399
G1 X50.776 Y77.771 E2358.86017
G1 X50.872 Y77.335 E2358.8765
G1 X51.089 Y76.983 E2358.89163
G1 X51.386 Y76.74 E2358.90567
G1 X51.741 Y76.606 E2358.91955
G1 X52.145 Y76.586 E2358.93435
G1 X52.537 Y76.703 E2358.94932
G1 X52.756 Y76.841 E2358.95879
G1 X53.048 Y77.171 E2358.97491
G1 X53.194 Y77.541 E2358.98946
G1 X53.221 Y77.8 E2358.99899
G1 X53.137 Y78.229 E2359.01498
G1 X53.032 Y78.45 E2359.02393
G1 X52.711 Y78.788 E2359.04099
G1 X52.517 Y78.906 E2359.0493
G1 X52.094 Y79.016 E2359.06529
G1 F1500 E2357.06529
G0 F9000 X51.996 Y146.446
;TYPE:WALL-INNER
G1 F1500 E2359.06529
G1 F1606.7 X51.581 Y146.397 E2359.08005
G1 F1618.2 X51.143 Y146.225 E2359.09656
G1 F1614.3 X50.698 Y145.838 E2359.11731
G1 F1610.5 X50.432 Y145.351 E2359.13687
G1 X50.351 Y144.846 E2359.1549
G1 F1595.5 X50.37 Y144.589 E2359.16407
G1 F1591.8 X50.459 Y144.173 E2359.17925
G1 F1599.2 X50.752 Y143.696 E2359.19913
G1 F1603 X51.142 Y143.376 E2359.217
G1 F1614.3 X51.585 Y143.201 E2359.23375
G1 F1603 X51.869 Y143.162 E2359.2439
G1 X52.142 Y143.153 E2359.25358
G1 X52.404 Y143.209 E2359.26307
G1 X52.744 Y143.315 E2359.27568
G1 F1618.2 X53.074 Y143.54 E2359.2897
G1 F1614.3 X53.425 Y143.942 E2359.30847
G1 F1610.5 X53.621 Y144.444 E2359.32747
G1 X53.656 Y144.852 E2359.34191
G1 X53.555 Y145.341 E2359.35951
G1 F1614.3 X53.406 Y145.664 E2359.37202
G1 F1599.2 X53.23 Y145.882 E2359.38197
G1 F1595.5 X53.017 Y146.096 E2359.39271
G1 F1606.7 X52.698 Y146.308 E2359.40625
G1 F1603 X52.239 Y146.429 E2359.42306
G1 F1599.2 X51.996 Y146.446 E2359.43171
G0 F9000 X51.976 Y146.872
G1 F1595.5 X52.332 Y146.845 E2359.44442
G1 X52.665 Y146.762 E2359.45663
G1 F1603 X52.988 Y146.622 E2359.4691
G1 F1610.5 X53.289 Y146.423 E2359.48182
G1 F1595.5 X53.547 Y146.174 E2359.49458
G1 F1599.2 X53.77 Y145.878 E2359.50774
G1 F1610.5 X53.949 Y145.505 E2359.52233
G1 F1595.5 X54.042 Y145.14 E2359.53573
G1 F1599.2 X54.074 Y144.8 E2359.54786
G1 F1614.3 X54.046 Y144.452 E2359.56014
G1 F1603 X53.97 Y144.159 E2359.57086
G1 F1599.2 X53.849 Y143.862 E2359.58225
G1 X53.667 Y143.569 E2359.59449
G1 F1595.5 X53.441 Y143.311 E2359.6067
G1 F1603 X53.169 Y143.085 E2359.61923
G1 F1606.7 X52.858 Y142.909 E2359.63185
G1 F1595.5 X52.52 Y142.793 E2359.64457
G1 F1603 X52.171 Y142.731 E2359.65713
G1 X51.841 Y142.732 E2359.66882
G1 X51.536 Y142.776 E2359.67973
G1 X51.233 Y142.873 E2359.691
G1 X50.983 Y142.987 E2359.70073
G1 F1606.7 X50.759 Y143.135 E2359.71022
G1 F1603 X50.528 Y143.334 E2359.72102
G1 X50.332 Y143.566 E2359.73178
G1 F1595.5 X50.153 Y143.857 E2359.74394
G1 X50.022 Y144.176 E2359.75621
G1 F1588.1 X49.944 Y144.516 E2359.76868
G1 F1595.5 X49.926 Y144.875 E2359.78148
G1 X49.972 Y145.234 E2359.79436
G1 X50.069 Y145.566 E2359.80667
G1 X50.223 Y145.867 E2359.8187
G1 X50.409 Y146.131 E2359.83019
G1 F1599.2 X50.628 Y146.352 E2359.84124
G1 X50.871 Y146.539 E2359.85213
G1 X51.091 Y146.664 E2359.86111
G1 F1595.5 X51.358 Y146.773 E2359.87137
G1 F1603 X51.659 Y146.844 E2359.88233
G1 F1595.5 X51.976 Y146.872 E2359.89365
G0 F9000 X51.974 Y147.307
;TYPE:WALL-OUTER
G1 F1552 X52.4 Y147.274 E2359.90929
G1 X52.805 Y147.174 E2359.92455
G1 X53.197 Y147.002 E2359.94021
G1 X53.558 Y146.763 E2359.95605
G1 X53.874 Y146.465 E2359.97194
G1 X54.142 Y146.101 E2359.98848
G1 X54.356 Y145.655 E2360.00658
G1 X54.474 Y145.214 E2360.02328
G1 X54.507 Y144.8 E2360.03847
G1 X54.474 Y144.381 E2360.05385
G1 X54.382 Y144.022 E2360.06741
G1 X54.235 Y143.665 E2360.08153
G1 X54.018 Y143.311 E2360.09673
G1 X53.745 Y142.999 E2360.11189
G1 X53.415 Y142.727 E2360.12754
G1 X53.036 Y142.514 E2360.14345
G1 X52.628 Y142.37 E2360.15927
G1 X52.208 Y142.3 E2360.17485
G1 X51.809 Y142.297 E2360.18945
G1 X51.438 Y142.355 E2360.20319
G1 X51.076 Y142.466 E2360.21704
G1 X50.772 Y142.609 E2360.22933
G1 X50.497 Y142.789 E2360.24136
G1 X50.221 Y143.028 E2360.25472
G1 X49.979 Y143.31 E2360.26831
G1 X49.765 Y143.66 E2360.28332
G1 X49.607 Y144.044 E2360.29851
G1 X49.511 Y144.458 E2360.31406
G1 X49.493 Y144.891 E2360.32992
G1 X49.544 Y145.323 E2360.34583
G1 X49.666 Y145.726 E2360.36124
G1 X49.849 Y146.093 E2360.37624
G1 X50.077 Y146.41 E2360.39053
G1 X50.339 Y146.678 E2360.40424
G1 X50.619 Y146.892 E2360.41713
G1 X50.901 Y147.057 E2360.42909
G1 X51.227 Y147.185 E2360.4419
G1 X51.588 Y147.274 E2360.4555
G1 X51.974 Y147.307 E2360.46968
G0 F9000 X52.094 Y146.016
G1 F1552 X51.681 Y145.981 E2360.48484
G1 X51.343 Y145.826 E2360.49844
G1 X51.066 Y145.585 E2360.51188
G1 X50.849 Y145.208 E2360.52779
G1 X50.776 Y144.772 E2360.54397
G1 X50.872 Y144.335 E2360.56034
G1 X51.088 Y143.985 E2360.57538
G1 X51.367 Y143.751 E2360.58871
G1 X51.741 Y143.606 E2360.60338
G1 X52.145 Y143.586 E2360.61818
G1 X52.537 Y143.703 E2360.63315
G1 X52.756 Y143.841 E2360.64262
G1 X53.048 Y144.172 E2360.65877
G1 X53.194 Y144.541 E2360.67328
G1 X53.221 Y144.8 E2360.68281
G1 X53.137 Y145.229 E2360.69881
G1 X53.032 Y145.45 E2360.70776
G1 X52.711 Y145.788 E2360.72481
G1 X52.517 Y145.906 E2360.73312
G1 X52.094 Y146.016 E2360.74911
G1 F1500 E2358.74911
G0 F9000 X167.972 Y146.872
;TYPE:WALL-INNER
G1 F1500 E2360.74911
G1 F1599.2 X168.328 Y146.845 E2360.76179
G1 X168.666 Y146.761 E2360.77415
G1 F1603 X168.993 Y146.621 E2360.78675
G1 F1606.7 X169.288 Y146.424 E2360.79929
G1 F1595.5 X169.547 Y146.174 E2360.8121
G1 F1599.2 X169.77 Y145.878 E2360.82526
G1 F1610.5 X169.949 Y145.505 E2360.83984
G1 F1595.5 X170.042 Y145.14 E2360.85325
G1 F1599.2 X170.074 Y144.8 E2360.86537
G1 F1614.3 X170.046 Y144.452 E2360.87765
G1 F1603 X169.97 Y144.159 E2360.88837
G1 F1599.2 X169.849 Y143.862 E2360.89976
G1 X169.667 Y143.569 E2360.91201
G1 F1595.5 X169.447 Y143.316 E2360.92394
G1 F1599.2 X169.166 Y143.084 E2360.93688
G1 F1610.5 X168.856 Y142.909 E2360.94943
G1 F1595.5 X168.52 Y142.793 E2360.96208
G1 F1603 X168.171 Y142.731 E2360.97463
G1 X167.84 Y142.732 E2360.98636
G1 F1599.2 X167.526 Y142.777 E2360.99762
G1 X167.24 Y142.869 E2361.00829
G1 F1603 X166.988 Y142.985 E2361.01811
G1 F1606.7 X166.746 Y143.146 E2361.02839
G1 F1603 X166.528 Y143.334 E2361.03858
G1 X166.332 Y143.566 E2361.04934
G1 F1595.5 X166.153 Y143.857 E2361.0615
G1 X166.022 Y144.176 E2361.07377
G1 F1588.1 X165.944 Y144.516 E2361.08624
G1 F1595.5 X165.926 Y144.874 E2361.099
G1 X165.972 Y145.23 E2361.11178
G1 X166.069 Y145.567 E2361.12426
G1 X166.223 Y145.867 E2361.13626
G1 X166.409 Y146.131 E2361.14775
G1 F1599.2 X166.628 Y146.352 E2361.1588
G1 F1595.5 X166.858 Y146.532 E2361.16919
G1 F1599.2 X167.094 Y146.665 E2361.17881
G1 X167.359 Y146.773 E2361.18897
G1 F1603 X167.663 Y146.844 E2361.20003
G1 F1595.5 X167.972 Y146.872 E2361.21107
G0 F9000 X168.014 Y146.446
G1 F1603 X167.571 Y146.404 E2361.22683
G1 F1610.5 X167.106 Y146.193 E2361.24483
G1 F1618.2 X166.732 Y145.866 E2361.26227
G1 X166.428 Y145.357 E2361.28307
G1 F1614.3 X166.352 Y144.859 E2361.30079
G1 F1595.5 X166.37 Y144.589 E2361.31042
G1 F1591.8 X166.459 Y144.173 E2361.32559
G1 F1599.2 X166.752 Y143.697 E2361.34544
G1 F1603 X167.147 Y143.371 E2361.36358
G1 F1610.5 X167.679 Y143.168 E2361.38366
G1 F1618.2 X168.142 Y143.153 E2361.39991
G1 F1603 X168.404 Y143.209 E2361.4094
G1 F1599.2 X168.738 Y143.314 E2361.42183
G1 F1618.2 X169.064 Y143.533 E2361.43561
G1 F1614.3 X169.424 Y143.94 E2361.45473
G1 F1610.5 X169.621 Y144.444 E2361.4738
G1 X169.656 Y144.852 E2361.48824
G1 X169.555 Y145.341 E2361.50584
G1 F1614.3 X169.406 Y145.664 E2361.51836
G1 F1599.2 X169.23 Y145.882 E2361.5283
G1 F1595.5 X169.016 Y146.097 E2361.5391
G1 F1606.7 X168.697 Y146.309 E2361.55263
G1 F1603 X168.242 Y146.428 E2361.56929
G1 X168.014 Y146.446 E2361.5774
G0 F9000 X168.094 Y146.016
;TYPE:WALL-OUTER
G1 F1552 X167.681 Y145.981 E2361.59256
G1 X167.342 Y145.825 E2361.60621
G1 X167.057 Y145.573 E2361.62013
G1 X166.849 Y145.207 E2361.63553
G1 X166.776 Y144.771 E2361.65171
G1 X166.872 Y144.335 E2361.66804
G1 X167.088 Y143.985 E2361.68309
G1 X167.392 Y143.737 E2361.69744
G1 X167.742 Y143.606 E2361.71111
G1 X168.145 Y143.586 E2361.72588
G1 X168.542 Y143.705 E2361.74104
G1 X168.756 Y143.841 E2361.75032
G1 X169.048 Y144.172 E2361.76647
G1 X169.194 Y144.541 E2361.78098
G1 X169.221 Y144.8 E2361.79051
G1 X169.137 Y145.229 E2361.8065
G1 X169.032 Y145.45 E2361.81546
G1 X168.733 Y145.771 E2361.83151
G1 X168.517 Y145.907 E2361.84084
G1 X168.094 Y146.016 E2361.85683
G0 F9000 X167.97 Y147.307
G1 F1552 X168.397 Y147.274 E2361.87249
G1 X168.805 Y147.174 E2361.88786
G1 X169.201 Y147.002 E2361.90366
G1 X169.558 Y146.763 E2361.91938
G1 X169.874 Y146.465 E2361.93527
G1 X170.142 Y146.101 E2361.95181
G1 X170.356 Y145.655 E2361.9699
G1 X170.474 Y145.214 E2361.98661
G1 X170.507 Y144.8 E2362.0018
G1 X170.474 Y144.381 E2362.01718
G1 X170.382 Y144.022 E2362.03074
G1 X170.235 Y143.665 E2362.04486
G1 X170.018 Y143.311 E2362.06005
G1 X169.75 Y143.003 E2362.07499
G1 X169.411 Y142.727 E2362.09098
G1 X169.036 Y142.514 E2362.10676
G1 X168.628 Y142.37 E2362.12259
G1 X168.208 Y142.3 E2362.13817
G1 X167.808 Y142.297 E2362.15281
G1 X167.43 Y142.355 E2362.1668
G1 X167.081 Y142.462 E2362.18015
G1 X166.776 Y142.609 E2362.19254
G1 X166.497 Y142.789 E2362.20469
G1 X166.221 Y143.028 E2362.21804
G1 X165.979 Y143.31 E2362.23164
G1 X165.765 Y143.66 E2362.24665
G1 X165.607 Y144.044 E2362.26184
G1 X165.511 Y144.458 E2362.27739
G1 X165.493 Y144.891 E2362.29324
G1 X165.545 Y145.319 E2362.30902
G1 X165.666 Y145.726 E2362.32455
G1 X165.849 Y146.093 E2362.33956
G1 X166.077 Y146.41 E2362.35384
G1 X166.339 Y146.678 E2362.36756
G1 X166.619 Y146.892 E2362.38045
G1 X166.905 Y147.057 E2362.39253
G1 X167.227 Y147.185 E2362.40521
G1 X167.592 Y147.274 E2362.41895
G1 X167.97 Y147.307 E2362.43283
G1 F1500 E2360.43283
G0 F9000 X167.897 Y148.19
G0 X166.958 Y148.033
G0 X166.125 Y147.632
G0 X165.4 Y146.984
G0 X165.09 Y146.551
G0 X164.843 Y146.053
G0 X164.677 Y145.505
G0 X164.619 Y145.035
G0 X167.867 Y81.187
G0 X167.976 Y79.872
;TYPE:WALL-INNER
G1 F1500 E2362.43283
G1 F1595.5 X168.332 Y79.845 E2362.44554
G1 X168.665 Y79.762 E2362.45775
G1 F1603 X168.988 Y79.622 E2362.47022
G1 F1610.5 X169.289 Y79.423 E2362.48294
G1 F1595.5 X169.547 Y79.174 E2362.49571
G1 F1599.2 X169.77 Y78.878 E2362.50886
G1 F1610.5 X169.949 Y78.505 E2362.52345
G1 F1595.5 X170.042 Y78.14 E2362.53685
G1 F1599.2 X170.074 Y77.8 E2362.54898
G1 F1614.3 X170.046 Y77.451 E2362.56129
G1 F1603 X169.969 Y77.154 E2362.57216
G1 F1599.2 X169.852 Y76.865 E2362.58323
G1 X169.667 Y76.566 E2362.59572
G1 F1591.8 X169.447 Y76.316 E2362.6076
G1 F1595.5 X169.169 Y76.085 E2362.62046
G1 F1603 X168.858 Y75.909 E2362.63312
G1 F1595.5 X168.52 Y75.793 E2362.64583
G1 F1603 X168.171 Y75.731 E2362.65839
G1 X167.841 Y75.732 E2362.67008
G1 X167.535 Y75.776 E2362.68103
G1 X167.231 Y75.873 E2362.69233
G1 X166.988 Y75.985 E2362.70181
G1 F1606.7 X166.758 Y76.137 E2362.71155
G1 F1603 X166.534 Y76.328 E2362.72198
G1 F1595.5 X166.327 Y76.568 E2362.73326
G1 F1588.1 X166.157 Y76.846 E2362.74491
G1 X166.019 Y77.179 E2362.7578
G1 F1584.4 X165.945 Y77.514 E2362.77009
G1 F1595.5 X165.926 Y77.875 E2362.78296
G1 X165.972 Y78.231 E2362.79573
G1 F1599.2 X166.068 Y78.558 E2362.80783
G1 X166.229 Y78.875 E2362.82046
G1 F1595.5 X166.41 Y79.136 E2362.83176
G1 X166.623 Y79.347 E2362.84243
G1 F1599.2 X166.859 Y79.531 E2362.85306
G1 F1603 X167.094 Y79.665 E2362.86264
G1 X167.374 Y79.776 E2362.87331
G1 X167.659 Y79.844 E2362.88369
G1 F1595.5 X167.976 Y79.872 E2362.89501
G0 F9000 X167.996 Y79.446
G1 F1599.2 X167.566 Y79.403 E2362.91036
G1 F1610.5 X167.107 Y79.193 E2362.92815
G1 F1614.3 X166.732 Y78.869 E2362.94558
G1 X166.426 Y78.349 E2362.9668
G1 F1610.5 X166.351 Y77.846 E2362.98473
G1 F1595.5 X166.37 Y77.586 E2362.99401
G1 F1588.1 X166.46 Y77.173 E2363.00912
G1 F1595.5 X166.747 Y76.702 E2363.02875
G1 F1610.5 X167.179 Y76.344 E2363.04853
G1 F1618.2 X167.665 Y76.176 E2363.06658
G1 X168.142 Y76.153 E2363.08333
G1 F1603 X168.404 Y76.209 E2363.09282
G1 F1599.2 X168.743 Y76.315 E2363.10544
G1 F1614.3 X169.066 Y76.533 E2363.11914
G1 F1610.5 X169.428 Y76.945 E2363.13848
G1 X169.621 Y77.445 E2363.15737
G1 X169.656 Y77.852 E2363.17178
G1 X169.555 Y78.341 E2363.18938
G1 F1614.3 X169.406 Y78.664 E2363.20189
G1 F1599.2 X169.23 Y78.882 E2363.21184
G1 F1595.5 X169.017 Y79.096 E2363.22258
G1 F1606.7 X168.698 Y79.308 E2363.23612
G1 F1603 X168.239 Y79.429 E2363.25293
G1 F1599.2 X167.996 Y79.446 E2363.26158
G0 F9000 X168.094 Y79.016
;TYPE:WALL-OUTER
G1 F1552 X167.68 Y78.981 E2363.27678
G1 X167.342 Y78.826 E2363.29039
G1 X167.056 Y78.572 E2363.30438
G1 X166.849 Y78.209 E2363.31967
G1 X166.776 Y77.772 E2363.33588
G1 X166.872 Y77.335 E2363.35225
G1 X167.089 Y76.983 E2363.36738
G1 X167.392 Y76.737 E2363.38166
G1 X167.726 Y76.609 E2363.39474
G1 X168.145 Y76.586 E2363.4101
G1 X168.537 Y76.703 E2363.42506
G1 X168.757 Y76.841 E2363.43456
G1 X169.048 Y77.173 E2363.45072
G1 X169.199 Y77.567 E2363.46615
G1 X169.221 Y77.8 E2363.47472
G1 X169.137 Y78.229 E2363.49071
G1 X169.032 Y78.45 E2363.49966
G1 X168.711 Y78.788 E2363.51672
G1 X168.517 Y78.906 E2363.52502
G1 X168.094 Y79.016 E2363.54101
G0 F9000 X167.974 Y80.307
G1 F1552 X168.4 Y80.274 E2363.55665
G1 X168.805 Y80.174 E2363.57191
G1 X169.197 Y80.002 E2363.58757
G1 X169.558 Y79.763 E2363.60341
G1 X169.874 Y79.465 E2363.6193
G1 X170.142 Y79.101 E2363.63584
G1 X170.356 Y78.655 E2363.65394
G1 X170.474 Y78.214 E2363.67064
G1 X170.507 Y77.8 E2363.68583
G1 X170.474 Y77.38 E2363.70125
G1 X170.382 Y77.018 E2363.71491
G1 X170.239 Y76.668 E2363.72875
G1 X170.018 Y76.308 E2363.7442
G1 X169.75 Y76.003 E2363.75906
G1 X169.415 Y75.727 E2363.77494
G1 X169.036 Y75.514 E2363.79084
G1 X168.628 Y75.37 E2363.80667
G1 X168.208 Y75.3 E2363.82225
G1 X167.809 Y75.297 E2363.83685
G1 X167.438 Y75.355 E2363.85059
G1 X167.073 Y75.466 E2363.86454
G1 X166.776 Y75.609 E2363.8766
G1 X166.497 Y75.789 E2363.88875
G1 X166.216 Y76.032 E2363.90234
G1 X165.975 Y76.311 E2363.91583
G1 X165.769 Y76.648 E2363.93028
G1 X165.603 Y77.047 E2363.94609
G1 X165.511 Y77.457 E2363.96147
G1 X165.493 Y77.891 E2363.97736
G1 X165.545 Y78.322 E2363.99324
G1 X165.666 Y78.718 E2364.00839
G1 X165.854 Y79.098 E2364.0239
G1 X166.078 Y79.414 E2364.03807
G1 X166.334 Y79.674 E2364.05142
G1 X166.619 Y79.892 E2364.06455
G1 X166.905 Y80.057 E2364.07663
G1 X167.228 Y80.185 E2364.08934
G1 X167.588 Y80.274 E2364.10291
G1 X167.974 Y80.307 E2364.11708
;TIME_ELAPSED:7284.555675
G1 F1500 E2362.11708
M140 S0
M107
G91; relative positioning
 G1 Z1.0 F3000 ; move z up little to prevent scratching of print
 G90; absolute positioning
 G1 X0 Y200 F1000 ; prepare for part removal
 M104 S0; turn off extruder
 M140 S0 ; turn off bed
 G1 X0 Y300 F1000 ; prepare for part removal
 M84 ; disable motors
 M106 S0 ; turn off fan
M82 ;absolute extrusion mode
M104 S0
;End of Gcode
