;FLAVOR:Marlin
;TIME:9155
;Filament used: 7.97093m
;Layer height: 0.16
;MINX:34.36
;MINY:57.56
;MINZ:0.2
;MAXX:185.64
;MAXY:162.44
;MAXZ:11.64
;TARGET_MACHINE.NAME:Artillery Hornet
;Generated with Cura_SteamEngine 5.13.0
M140 S60
M105
M190 S60
M104 S200
M105
M109 S200
G28 ; home all axes
 M117 Purge extruder
 G92 E0 ; reset extruder
 G1 Z1.0 F3000 ; move z up little to prevent scratching of surface
 G1 X2 Y20 Z0.3 F5000.0 ; move to start-line position
 G1 X2 Y200.0 Z0.3 F1500.0 E15 ; draw 1st line
 G1 X2 Y200.0 Z0.4 F5000.0 ; move to side a little
 G1 X2 Y20 Z0.4 F1500.0 E30 ; draw 2nd line
 G92 E0 ; reset extruder
 G1 Z1.0 F3000 ; move z up little to prevent scratching of surface
M82 ;absolute extrusion mode
G92 E0
G92 E0
G1 F1500 E-2
;LAYER_COUNT:59
;LAYER:0
M107
G0 F6000 X39.58 Y59.461 Z0.2
;TYPE:SKIRT
G1 F1500 E0
G1 F1200 X40.491 Y58.922 E0.03873
G1 X41.41 Y58.482 E0.076
G1 X42.256 Y58.162 E0.1091
G1 X43.352 Y57.856 E0.15073
G1 X44.24 Y57.69 E0.18378
G1 X45.596 Y57.573 E0.23357
G1 X46.203 Y57.56 E0.25579
G1 X173.411 Y57.56 E4.90984
G1 X174.317 Y57.574 E4.94299
G1 X175.334 Y57.639 E4.98027
G1 X176.306 Y57.785 E5.01623
G1 X177.336 Y58.036 E5.05502
G1 X178.266 Y58.352 E5.09096
G1 X179.234 Y58.781 E5.12969
G1 X180.125 Y59.274 E5.16695
G1 X180.909 Y59.799 E5.20147
G1 X181.764 Y60.492 E5.24174
G1 X182.494 Y61.201 E5.27897
G1 X183.111 Y61.913 E5.31344
G1 X183.756 Y62.804 E5.35368
G1 X184.22 Y63.58 E5.38676
G1 X184.714 Y64.606 E5.42842
G1 X185.071 Y65.562 E5.46576
G1 X185.343 Y66.545 E5.50307
G1 X185.509 Y67.433 E5.53612
G1 X185.627 Y68.796 E5.58618
G1 X185.64 Y69.43 E5.60938
G1 X185.639 Y150.324 E8.56898
G1 X185.626 Y151.11 E8.59774
G1 X185.562 Y152.128 E8.63506
G1 X185.409 Y153.139 E8.67247
G1 X185.176 Y154.092 E8.70836
G1 X184.836 Y155.096 E8.74714
G1 X184.44 Y155.994 E8.78305
G1 X183.928 Y156.921 E8.82179
G1 X183.358 Y157.766 E8.85908
G1 X182.767 Y158.499 E8.89353
G1 X182.06 Y159.236 E8.9309
G1 X181.228 Y159.957 E8.97118
G1 X180.431 Y160.532 E9.00713
G1 X179.523 Y161.071 E9.04576
G1 X178.71 Y161.465 E9.07882
G1 X177.644 Y161.87 E9.12054
G1 X176.699 Y162.132 E9.15642
G1 X175.729 Y162.313 E9.19252
G1 X174.404 Y162.427 E9.24117
G1 X173.77 Y162.44 E9.26437
G1 X46.441 Y162.439 E13.92285
G1 X45.683 Y162.426 E13.95059
G1 X44.666 Y162.361 E13.98787
G1 X43.694 Y162.215 E14.02383
G1 X42.664 Y161.964 E14.06262
G1 X41.734 Y161.648 E14.09856
G1 X40.766 Y161.219 E14.13729
G1 X39.875 Y160.726 E14.17455
G1 X39.091 Y160.201 E14.20907
G1 X38.236 Y159.508 E14.24934
G1 X37.506 Y158.799 E14.28657
G1 X36.889 Y158.087 E14.32104
G1 X36.244 Y157.196 E14.36128
G1 X35.78 Y156.42 E14.39436
G1 X35.286 Y155.394 E14.43602
G1 X34.929 Y154.438 E14.47336
G1 X34.657 Y153.455 E14.51067
G1 X34.491 Y152.567 E14.54372
G1 X34.373 Y151.194 E14.59414
G1 X34.36 Y150.558 E14.61741
G1 X34.361 Y69.599 E17.57939
G1 X34.374 Y68.874 E17.60592
G1 X34.44 Y67.857 E17.64321
G1 X34.587 Y66.886 E17.67914
G1 X34.839 Y65.856 E17.71793
G1 X35.169 Y64.892 E17.75521
G1 X35.549 Y64.029 E17.78971
G1 X36.08 Y63.066 E17.82994
G1 X36.652 Y62.222 E17.86725
G1 X37.297 Y61.431 E17.90459
G1 X38.007 Y60.701 E17.94184
G1 X38.72 Y60.083 E17.97637
G1 X39.58 Y59.461 E18.0152
G0 F6000 X39.838 Y59.818
G1 F1200 X40.682 Y59.319 E18.05107
G1 X41.566 Y58.894 E18.08695
G1 X42.412 Y58.574 E18.12005
G1 X43.433 Y58.289 E18.15883
G1 X44.321 Y58.123 E18.19188
G1 X45.605 Y58.013 E18.23903
G1 X46.212 Y58 E18.26124
G1 X173.405 Y58 E22.91474
G1 X174.29 Y58.013 E22.94713
G1 X175.269 Y58.074 E22.98301
G1 X176.241 Y58.22 E23.01897
G1 X177.194 Y58.453 E23.05487
G1 X178.124 Y58.769 E23.0908
G1 X179.021 Y59.166 E23.12669
G1 X179.88 Y59.64 E23.16259
G1 X180.664 Y60.165 E23.19711
G1 X181.458 Y60.808 E23.23449
G1 X182.162 Y61.49 E23.27035
G1 X182.755 Y62.172 E23.30341
G1 X183.378 Y63.03 E23.34221
G1 X183.842 Y63.806 E23.37528
G1 X184.302 Y64.761 E23.41407
G1 X184.647 Y65.68 E23.44998
G1 X184.91 Y66.626 E23.4859
G1 X185.076 Y67.514 E23.51895
G1 X185.187 Y68.805 E23.56636
G1 X185.2 Y69.43 E23.58923
G1 X185.199 Y150.317 E26.54858
G1 X185.187 Y151.083 E26.57661
G1 X185.127 Y152.063 E26.61253
G1 X184.981 Y153.035 E26.64849
G1 X184.759 Y153.951 E26.68297
G1 X184.433 Y154.918 E26.72031
G1 X184.037 Y155.816 E26.75621
G1 X183.563 Y156.675 E26.79211
G1 X183.015 Y157.49 E26.82804
G1 X182.449 Y158.194 E26.86109
G1 X181.742 Y158.931 E26.89845
G1 X180.971 Y159.6 E26.9358
G1 X180.174 Y160.175 E26.97175
G1 X179.331 Y160.675 E27.00761
G1 X178.518 Y161.069 E27.04067
G1 X177.526 Y161.446 E27.07949
G1 X176.618 Y161.699 E27.11398
G1 X175.648 Y161.88 E27.15008
G1 X174.395 Y161.987 E27.19609
G1 X173.77 Y162 E27.21896
G1 X46.448 Y161.999 E31.87718
G1 X45.71 Y161.987 E31.90419
G1 X44.731 Y161.926 E31.94007
G1 X43.759 Y161.78 E31.97603
G1 X42.806 Y161.547 E32.01193
G1 X41.876 Y161.231 E32.04786
G1 X40.979 Y160.834 E32.08375
G1 X40.12 Y160.36 E32.11965
G1 X39.336 Y159.835 E32.15417
G1 X38.542 Y159.192 E32.19155
G1 X37.838 Y158.51 E32.22741
G1 X37.245 Y157.828 E32.26047
G1 X36.622 Y156.97 E32.29927
G1 X36.158 Y156.194 E32.33235
G1 X35.698 Y155.239 E32.37113
G1 X35.353 Y154.32 E32.40704
G1 X35.09 Y153.374 E32.44296
G1 X34.924 Y152.486 E32.47602
G1 X34.813 Y151.185 E32.52379
G1 X34.8 Y150.558 E32.54673
G1 X34.801 Y69.606 E35.50845
G1 X34.813 Y68.902 E35.53421
G1 X34.875 Y67.923 E35.5701
G1 X35.022 Y66.952 E35.60603
G1 X35.255 Y65.998 E35.64196
G1 X35.572 Y65.069 E35.67788
G1 X35.952 Y64.206 E35.71237
G1 X36.445 Y63.312 E35.74973
G1 X36.994 Y62.499 E35.78562
G1 X37.613 Y61.737 E35.82154
G1 X38.296 Y61.033 E35.85742
G1 X38.978 Y60.44 E35.89049
G1 X39.838 Y59.818 E35.92932
G0 F6000 X40.063 Y60.196
G1 F1200 X40.873 Y59.715 E35.96378
G1 X41.722 Y59.306 E35.99826
G1 X42.568 Y58.986 E36.03135
G1 X43.514 Y58.722 E36.06729
G1 X44.402 Y58.556 E36.10034
G1 X45.614 Y58.453 E36.14484
G1 X46.221 Y58.44 E36.16705
G1 X173.399 Y58.44 E40.82001
G1 X174.263 Y58.452 E40.85162
G1 X175.204 Y58.509 E40.88611
G1 X176.137 Y58.648 E40.92062
G1 X177.053 Y58.87 E40.95511
G1 X177.947 Y59.172 E40.98963
G1 X178.809 Y59.552 E41.02409
G1 X179.635 Y60.006 E41.05858
G1 X180.419 Y60.531 E41.0931
G1 X181.152 Y61.124 E41.12759
G1 X181.83 Y61.779 E41.16208
G1 X182.423 Y62.461 E41.19515
G1 X183 Y63.256 E41.23109
G1 X183.464 Y64.032 E41.26417
G1 X183.89 Y64.916 E41.30007
G1 X184.223 Y65.798 E41.33456
G1 X184.477 Y66.707 E41.36909
G1 X184.643 Y67.595 E41.40214
G1 X184.747 Y68.814 E41.4469
G1 X184.76 Y69.43 E41.46945
G1 X184.759 Y150.311 E44.42857
G1 X184.748 Y151.057 E44.45587
G1 X184.692 Y151.998 E44.49036
G1 X184.553 Y152.931 E44.52487
G1 X184.331 Y153.847 E44.55935
G1 X184.03 Y154.741 E44.59386
G1 X183.651 Y155.604 E44.62835
G1 X183.197 Y156.43 E44.66283
G1 X182.672 Y157.214 E44.69735
G1 X182.106 Y157.918 E44.7304
G1 X181.425 Y158.626 E44.76634
G1 X180.713 Y159.244 E44.80083
G1 X179.949 Y159.797 E44.83534
G1 X179.139 Y160.279 E44.86982
G1 X178.326 Y160.673 E44.90288
G1 X177.407 Y161.022 E44.93884
G1 X176.537 Y161.266 E44.9719
G1 X175.567 Y161.447 E45.008
G1 X174.386 Y161.547 E45.05137
G1 X173.77 Y161.56 E45.07391
G1 X46.455 Y161.559 E49.73187
G1 X45.737 Y161.548 E49.75815
G1 X44.796 Y161.491 E49.79264
G1 X43.863 Y161.352 E49.82715
G1 X42.947 Y161.13 E49.86163
G1 X42.053 Y160.828 E49.89615
G1 X41.191 Y160.448 E49.93062
G1 X40.365 Y159.994 E49.9651
G1 X39.581 Y159.469 E49.99963
G1 X38.848 Y158.876 E50.03412
G1 X38.17 Y158.221 E50.06861
G1 X37.577 Y157.539 E50.10168
G1 X37 Y156.744 E50.13761
G1 X36.536 Y155.968 E50.17069
G1 X36.11 Y155.084 E50.2066
G1 X35.777 Y154.202 E50.24109
G1 X35.523 Y153.293 E50.27562
G1 X35.357 Y152.405 E50.30867
G1 X35.253 Y151.176 E50.35379
G1 X35.24 Y150.558 E50.37641
G1 X35.241 Y69.613 E53.33788
G1 X35.252 Y68.929 E53.3629
G1 X35.31 Y67.988 E53.3974
G1 X35.45 Y67.056 E53.43188
G1 X35.672 Y66.139 E53.4664
G1 X35.975 Y65.246 E53.5009
G1 X36.355 Y64.383 E53.5354
G1 X36.81 Y63.558 E53.56987
G1 X37.336 Y62.776 E53.60435
G1 X37.929 Y62.043 E53.63884
G1 X38.585 Y61.365 E53.67336
G1 X39.267 Y60.772 E53.70642
G1 X40.063 Y60.196 E53.74237
G0 F6000 X40.288 Y60.574
G1 F1200 X41.064 Y60.111 E53.77543
G1 X41.878 Y59.718 E53.8085
G1 X42.724 Y59.398 E53.84159
G1 X43.595 Y59.155 E53.87468
G1 X44.483 Y58.989 E53.90773
G1 X45.623 Y58.893 E53.94958
G1 X46.23 Y58.88 E53.9718
G1 X173.393 Y58.88 E58.6242
G1 X174.237 Y58.891 E58.65508
G1 X175.14 Y58.944 E58.68818
G1 X176.034 Y59.076 E58.72124
G1 X176.913 Y59.287 E58.75431
G1 X177.77 Y59.575 E58.78739
G1 X178.598 Y59.938 E58.82046
G1 X179.391 Y60.372 E58.85354
G1 X180.143 Y60.874 E58.88662
G1 X180.847 Y61.441 E58.91969
G1 X181.498 Y62.068 E58.95276
G1 X182.091 Y62.75 E58.98582
G1 X182.622 Y63.482 E59.01891
G1 X183.086 Y64.258 E59.05199
G1 X183.479 Y65.072 E59.08506
G1 X183.799 Y65.917 E59.11812
G1 X184.044 Y66.788 E59.15122
G1 X184.21 Y67.676 E59.18427
G1 X184.307 Y68.823 E59.22638
G1 X184.32 Y69.43 E59.2486
G1 X184.319 Y150.305 E62.2075
G1 X184.309 Y151.032 E62.2341
G1 X184.257 Y151.934 E62.26716
G1 X184.125 Y152.828 E62.30022
G1 X183.914 Y153.707 E62.33329
G1 X183.627 Y154.565 E62.36639
G1 X183.265 Y155.393 E62.39946
G1 X182.831 Y156.186 E62.43253
G1 X182.329 Y156.938 E62.46561
G1 X181.763 Y157.642 E62.49866
G1 X181.136 Y158.294 E62.53175
G1 X180.454 Y158.888 E62.56484
G1 X179.723 Y159.419 E62.5979
G1 X178.947 Y159.883 E62.63098
G1 X178.134 Y160.277 E62.66403
G1 X177.288 Y160.598 E62.69713
G1 X176.418 Y160.842 E62.73019
G1 X175.53 Y161.009 E62.76325
G1 X174.377 Y161.107 E62.80559
G1 X173.77 Y161.12 E62.8278
G1 X46.461 Y161.119 E67.48555
G1 X45.763 Y161.109 E67.51109
G1 X44.86 Y161.056 E67.54418
G1 X43.966 Y160.924 E67.57724
G1 X43.087 Y160.713 E67.61031
G1 X42.23 Y160.425 E67.64339
G1 X41.402 Y160.062 E67.67647
G1 X40.609 Y159.628 E67.70954
G1 X39.857 Y159.126 E67.74262
G1 X39.153 Y158.559 E67.77569
G1 X38.502 Y157.932 E67.80876
G1 X37.909 Y157.25 E67.84183
G1 X37.378 Y156.518 E67.87491
G1 X36.914 Y155.742 E67.90799
G1 X36.521 Y154.928 E67.94106
G1 X36.201 Y154.083 E67.97412
G1 X35.956 Y153.212 E68.00722
G1 X35.79 Y152.324 E68.04027
G1 X35.693 Y151.167 E68.08275
G1 X35.68 Y150.558 E68.10504
G1 X35.681 Y69.62 E71.06625
G1 X35.691 Y68.955 E71.09058
G1 X35.745 Y68.053 E71.12364
G1 X35.878 Y67.159 E71.15671
G1 X36.089 Y66.28 E71.18978
G1 X36.378 Y65.423 E71.22287
G1 X36.741 Y64.595 E71.25595
G1 X37.176 Y63.803 E71.28901
G1 X37.679 Y63.052 E71.32208
G1 X38.246 Y62.348 E71.35515
G1 X38.874 Y61.697 E71.38824
G1 X39.556 Y61.104 E71.42131
G1 X40.288 Y60.574 E71.45437
G1 F1500 E69.45437
;MESH:SmartKiln_Frente.stl
G0 F6000 X110 Y143.396
;TYPE:WALL-INNER
G1 F1500 E71.45437
G1 F1200 X61.363 Y143.396 E73.23381
G1 X61.114 Y143.327 E73.24326
G1 X60.796 Y143.142 E73.25672
G1 X60.577 Y142.896 E73.26877
G1 X60.455 Y142.641 E73.27912
G1 X60.405 Y142.407 E73.28787
G1 X60.406 Y86.181 E75.34496
G1 X60.497 Y85.846 E75.35766
G1 X60.673 Y85.573 E75.36955
G1 X60.986 Y85.327 E75.38411
G1 X61.18 Y85.247 E75.39179
G1 X61.5 Y85.2 E75.40362
G1 X158.609 Y85.205 E78.95647
G1 X158.82 Y85.247 E78.96434
G1 X159.182 Y85.436 E78.97928
G1 X159.452 Y85.747 E78.99435
G1 X159.545 Y85.953 E79.00262
G1 X159.6 Y86.209 E79.0122
G1 X159.591 Y142.406 E81.06823
G1 X159.541 Y142.641 E81.07702
G1 X159.419 Y142.896 E81.08736
G1 X159.2 Y143.142 E81.09941
G1 X158.882 Y143.327 E81.11287
G1 X158.633 Y143.396 E81.12232
G1 X110 Y143.396 E82.90162
G0 F6000 X110 Y142.956
G1 F1200 X61.417 Y142.956 E84.67908
G1 X61.077 Y142.804 E84.69271
G1 X60.903 Y142.579 E84.70312
G1 X60.843 Y142.363 E84.71132
G1 X60.84 Y86.215 E86.76556
G1 X60.898 Y86.028 E86.77272
G1 X61.046 Y85.82 E86.78206
G1 X61.248 Y85.689 E86.79087
G1 X61.416 Y85.64 E86.79727
G1 X158.566 Y85.643 E90.35161
G1 X158.752 Y85.689 E90.35862
G1 X158.954 Y85.82 E90.36743
G1 X159.102 Y86.028 E90.37677
G1 X159.16 Y86.215 E90.38394
G1 X159.153 Y142.362 E92.43814
G1 X159.05 Y142.656 E92.44954
G1 X158.919 Y142.804 E92.45677
G1 X158.577 Y142.956 E92.47046
G1 X110 Y142.956 E94.2477
G1 F1500 E92.2477
G0 F6000 X110 Y149.799
G1 F1500 E94.2477
G1 F1200 X173 Y149.8 E96.55263
G1 X173 Y70.2 E99.46489
G1 X47.001 Y70.201 E104.07471
G1 X47.001 Y149.799 E106.98689
G1 X110 Y149.799 E109.29178
G0 F6000 X110 Y150.24
G1 F1200 X173.44 Y150.24 E111.61281
G1 X173.44 Y69.76 E114.55726
G1 X46.561 Y69.761 E119.19927
G1 X46.561 Y150.239 E122.14365
G1 X110 Y150.24 E124.46464
G0 F6000 X110 Y150.68
;TYPE:WALL-OUTER
G1 F1200 X173.88 Y150.68 E126.80177
G1 X173.88 Y69.32 E129.77842
G1 X46.121 Y69.321 E134.45263
G1 X46.121 Y150.679 E137.4292
G1 X110 Y150.68 E139.76629
G1 F1500 E137.76629
G0 F6000 X110 Y142.513
G1 F1500 E139.76629
G1 F1200 X61.436 Y142.513 E141.54306
G1 X61.334 Y142.442 E141.5476
G1 X61.281 Y142.319 E141.5525
G1 X61.283 Y86.262 E143.60341
G1 X61.379 Y86.115 E143.60984
G1 X61.461 Y86.083 E143.61306
G1 X158.544 Y86.084 E147.16495
G1 X158.621 Y86.115 E147.16799
G1 X158.717 Y86.262 E147.17441
G1 X158.715 Y142.318 E149.22528
G1 X158.662 Y142.442 E149.23022
G1 X158.534 Y142.513 E149.23557
G1 X110 Y142.513 E151.01125
G1 F1500 E149.01125
G0 F6000 X110 Y149.402
;TYPE:SKIN
G1 F1500 E151.01125
G1 F1200 X47.397 Y149.4 E153.30165
G1 X47.396 Y70.596 E156.18478
G1 X172.604 Y70.596 E160.76566
G1 X172.604 Y149.404 E163.64894
G1 X110 Y149.402 E165.93938
G1 F1500 E163.93938
G0 F6000 X110 Y143.79
G1 F1500 E165.93938
G1 F1200 X158.686 Y143.789 E167.72062
G1 X159.025 Y143.698 E167.73346
G1 X159.454 Y143.449 E167.75161
G1 X159.751 Y143.115 E167.76796
G1 X159.904 Y142.786 E167.78123
G1 X159.983 Y142.443 E167.79411
G1 X159.994 Y86.265 E169.84945
G1 X159.925 Y85.83 E169.86556
G1 X159.794 Y85.548 E169.87694
G1 X159.532 Y85.187 E169.89326
G1 X159.074 Y84.918 E169.91269
G1 X158.711 Y84.809 E169.92656
G1 X61.486 Y84.804 E173.48364
G1 X61.138 Y84.836 E173.49643
G1 X60.654 Y85.032 E173.51553
G1 X60.23 Y85.483 E173.53818
G1 X60.078 Y85.828 E173.55197
G1 X60.008 Y86.159 E173.56435
G1 X60.009 Y142.443 E175.62357
G1 X60.079 Y142.763 E175.63555
G1 X60.246 Y143.115 E175.64981
G1 X60.541 Y143.448 E175.66608
G1 X60.967 Y143.698 E175.68415
G1 X61.311 Y143.792 E175.6972
G1 X110 Y143.79 E177.47854
G1 F1500 E175.47854
G0 F6000 X47.752 Y149.18
G1 F1500 E177.47854
G1 F1200 X47.616 Y149.043 E177.48561
G0 F6000 X47.616 Y148.421
G1 F1200 X48.375 Y149.18 E177.52488
G0 F6000 X48.997 Y149.18
G1 F1200 X47.616 Y147.799 E177.59633
G0 F6000 X47.616 Y147.176
G1 F1200 X49.619 Y149.18 E177.69999
G0 F6000 X50.241 Y149.18
G1 F1200 X47.616 Y146.554 E177.83584
G0 F6000 X47.616 Y145.932
G1 F1200 X50.864 Y149.18 E178.00389
G0 F6000 X51.486 Y149.18
G1 F1200 X47.616 Y145.31 E178.20413
G0 F6000 X47.616 Y144.687
G1 F1200 X52.108 Y149.18 E178.43657
G0 F6000 X52.73 Y149.18
G1 F1200 X47.616 Y144.065 E178.7012
G0 F6000 X47.616 Y143.443
G1 F1200 X53.353 Y149.18 E178.99804
G0 F6000 X53.975 Y149.18
G1 F1200 X47.616 Y142.821 E179.32705
G0 F6000 X47.616 Y142.198
G1 F1200 X54.597 Y149.18 E179.68828
G0 F6000 X55.219 Y149.18
G1 F1200 X47.616 Y141.576 E180.08169
G0 F6000 X47.616 Y140.954
G1 F1200 X55.842 Y149.18 E180.50731
G0 F6000 X56.464 Y149.18
G1 F1200 X47.616 Y140.332 E180.96511
G0 F6000 X47.616 Y139.709
G1 F1200 X57.086 Y149.18 E181.45512
G0 F6000 X57.708 Y149.18
G1 F1200 X47.616 Y139.087 E181.97731
G0 F6000 X47.616 Y138.465
G1 F1200 X58.331 Y149.18 E182.53171
G0 F6000 X58.953 Y149.18
G1 F1200 X47.616 Y137.843 E183.1183
G0 F6000 X47.616 Y137.22
G1 F1200 X59.575 Y149.18 E183.73709
G0 F6000 X60.197 Y149.18
G1 F1200 X47.616 Y136.598 E184.38806
G0 F6000 X47.616 Y135.976
G1 F1200 X60.82 Y149.18 E185.07125
G0 F6000 X61.442 Y149.18
G1 F1200 X47.616 Y135.354 E185.78661
G0 F6000 X47.616 Y134.731
G1 F1200 X62.064 Y149.18 E186.53419
G0 F6000 X62.686 Y149.18
G1 F1200 X47.616 Y134.109 E187.31394
G0 F6000 X47.616 Y133.487
G1 F1200 X63.309 Y149.18 E188.12591
G0 F6000 X63.931 Y149.18
G1 F1200 X47.616 Y132.865 E188.97006
G0 F6000 X47.616 Y132.242
G1 F1200 X64.553 Y149.18 E189.84642
G0 F6000 X65.175 Y149.18
G1 F1200 X47.616 Y131.62 E190.75496
G0 F6000 X47.616 Y130.998
G1 F1200 X65.798 Y149.18 E191.6957
G0 F6000 X66.42 Y149.18
G1 F1200 X61.242 Y144.002 E191.96362
G0 F6000 X61.875 Y144.012
G1 F1200 X67.042 Y149.18 E192.23099
G0 F6000 X67.664 Y149.18
G1 F1200 X62.497 Y144.012 E192.49836
G0 F6000 X63.119 Y144.012
G1 F1200 X68.287 Y149.18 E192.76575
G0 F6000 X68.91 Y149.18
G1 F1200 X63.741 Y144.012 E193.03317
G0 F6000 X64.364 Y144.012
G1 F1200 X69.532 Y149.18 E193.30057
G0 F6000 X70.154 Y149.18
G1 F1200 X64.986 Y144.012 E193.56796
G0 F6000 X65.608 Y144.012
G1 F1200 X70.776 Y149.18 E193.83536
G0 F6000 X71.399 Y149.18
G1 F1200 X66.23 Y144.012 E194.10278
G0 F6000 X66.853 Y144.012
G1 F1200 X72.021 Y149.18 E194.37018
G0 F6000 X72.643 Y149.18
G1 F1200 X67.475 Y144.012 E194.63757
G0 F6000 X68.097 Y144.012
G1 F1200 X73.265 Y149.18 E194.90497
G0 F6000 X73.888 Y149.18
G1 F1200 X68.719 Y144.012 E195.17239
G0 F6000 X69.342 Y144.012
G1 F1200 X74.51 Y149.18 E195.43978
G0 F6000 X75.132 Y149.18
G1 F1200 X69.964 Y144.012 E195.70718
G0 F6000 X70.586 Y144.012
G1 F1200 X75.754 Y149.18 E195.97458
G0 F6000 X76.377 Y149.18
G1 F1200 X71.208 Y144.012 E196.242
G0 F6000 X71.831 Y144.012
G1 F1200 X76.999 Y149.18 E196.50939
G0 F6000 X77.621 Y149.18
G1 F1200 X72.452 Y144.011 E196.77684
G0 F6000 X73.075 Y144.011
G1 F1200 X78.243 Y149.18 E197.04426
G0 F6000 X78.866 Y149.18
G1 F1200 X73.697 Y144.011 E197.31171
G0 F6000 X74.319 Y144.011
G1 F1200 X79.488 Y149.18 E197.57916
G0 F6000 X80.11 Y149.18
G1 F1200 X74.941 Y144.011 E197.8466
G0 F6000 X75.564 Y144.011
G1 F1200 X80.733 Y149.18 E198.11405
G0 F6000 X81.355 Y149.18
G1 F1200 X76.186 Y144.011 E198.3815
G0 F6000 X76.808 Y144.011
G1 F1200 X81.977 Y149.18 E198.64895
G0 F6000 X82.599 Y149.18
G1 F1200 X77.43 Y144.011 E198.91639
G0 F6000 X78.053 Y144.011
G1 F1200 X83.222 Y149.18 E199.18384
G0 F6000 X83.844 Y149.18
G1 F1200 X78.675 Y144.011 E199.45129
G0 F6000 X79.297 Y144.011
G1 F1200 X84.466 Y149.18 E199.71873
G0 F6000 X85.088 Y149.18
G1 F1200 X79.919 Y144.011 E199.98618
G0 F6000 X80.542 Y144.011
G1 F1200 X85.711 Y149.18 E200.25363
G0 F6000 X86.333 Y149.18
G1 F1200 X81.164 Y144.011 E200.52108
G0 F6000 X81.786 Y144.011
G1 F1200 X86.955 Y149.18 E200.78852
G0 F6000 X87.577 Y149.18
G1 F1200 X82.408 Y144.011 E201.05597
G0 F6000 X83.03 Y144.011
G1 F1200 X88.2 Y149.18 E201.32344
G0 F6000 X88.822 Y149.18
G1 F1200 X83.652 Y144.011 E201.59092
G0 F6000 X84.274 Y144.011
G1 F1200 X89.445 Y149.181 E201.85844
G0 F6000 X90.067 Y149.181
G1 F1200 X84.897 Y144.011 E202.12594
G0 F6000 X85.519 Y144.011
G1 F1200 X90.689 Y149.181 E202.39344
G0 F6000 X91.312 Y149.181
G1 F1200 X86.141 Y144.011 E202.66097
G0 F6000 X86.763 Y144.011
G1 F1200 X91.934 Y149.181 E202.92849
G0 F6000 X92.556 Y149.181
G1 F1200 X87.386 Y144.011 E203.19599
G0 F6000 X88.008 Y144.011
G1 F1200 X93.178 Y149.181 E203.46349
G0 F6000 X93.801 Y149.181
G1 F1200 X88.63 Y144.011 E203.73101
G0 F6000 X89.252 Y144.011
G1 F1200 X94.423 Y149.181 E203.99854
G0 F6000 X95.045 Y149.181
G1 F1200 X89.875 Y144.011 E204.26604
G0 F6000 X90.497 Y144.011
G1 F1200 X95.667 Y149.181 E204.53354
G0 F6000 X96.29 Y149.181
G1 F1200 X91.119 Y144.011 E204.80106
G0 F6000 X91.741 Y144.011
G1 F1200 X96.912 Y149.181 E205.06859
G0 F6000 X97.534 Y149.181
G1 F1200 X92.364 Y144.011 E205.33609
G0 F6000 X92.986 Y144.011
G1 F1200 X98.156 Y149.181 E205.60358
G0 F6000 X98.779 Y149.181
G1 F1200 X93.608 Y144.011 E205.87111
G0 F6000 X94.23 Y144.01
G1 F1200 X99.401 Y149.181 E206.13866
G0 F6000 X100.023 Y149.181
G1 F1200 X94.852 Y144.01 E206.40621
G0 F6000 X95.474 Y144.01
G1 F1200 X100.645 Y149.181 E206.67376
G0 F6000 X101.268 Y149.181
G1 F1200 X96.097 Y144.01 E206.94131
G0 F6000 X96.719 Y144.01
G1 F1200 X101.89 Y149.181 E207.20886
G0 F6000 X102.512 Y149.181
G1 F1200 X97.341 Y144.01 E207.47641
G0 F6000 X97.963 Y144.01
G1 F1200 X103.134 Y149.181 E207.74396
G0 F6000 X103.757 Y149.181
G1 F1200 X98.586 Y144.01 E208.01152
G0 F6000 X99.208 Y144.01
G1 F1200 X104.379 Y149.181 E208.27907
G0 F6000 X105.001 Y149.181
G1 F1200 X99.83 Y144.01 E208.54662
G0 F6000 X100.452 Y144.01
G1 F1200 X105.623 Y149.181 E208.81417
G0 F6000 X106.246 Y149.181
G1 F1200 X101.075 Y144.01 E209.08172
G0 F6000 X101.697 Y144.01
G1 F1200 X106.868 Y149.181 E209.34927
G0 F6000 X107.49 Y149.181
G1 F1200 X102.319 Y144.01 E209.61682
G0 F6000 X102.941 Y144.01
G1 F1200 X108.112 Y149.181 E209.88437
G0 F6000 X108.735 Y149.181
G1 F1200 X103.564 Y144.01 E210.15192
G0 F6000 X104.186 Y144.01
G1 F1200 X109.357 Y149.181 E210.41947
G0 F6000 X109.979 Y149.181
G1 F1200 X104.807 Y144.009 E210.68707
G0 F6000 X105.43 Y144.009
G1 F1200 X110.602 Y149.182 E210.9547
G0 F6000 X111.224 Y149.182
G1 F1200 X106.052 Y144.009 E211.22233
G0 F6000 X106.674 Y144.009
G1 F1200 X111.847 Y149.182 E211.48999
G0 F6000 X112.469 Y149.182
G1 F1200 X107.296 Y144.009 E211.75764
G0 F6000 X107.919 Y144.009
G1 F1200 X113.091 Y149.182 E212.02527
G0 F6000 X113.713 Y149.182
G1 F1200 X108.541 Y144.009 E212.2929
G0 F6000 X109.163 Y144.009
G1 F1200 X114.336 Y149.182 E212.56055
G0 F6000 X114.958 Y149.182
G1 F1200 X109.785 Y144.009 E212.82821
G0 F6000 X110.408 Y144.009
G1 F1200 X115.58 Y149.182 E213.09583
G0 F6000 X116.202 Y149.182
G1 F1200 X111.03 Y144.009 E213.36346
G0 F6000 X111.652 Y144.009
G1 F1200 X116.825 Y149.182 E213.63112
G0 F6000 X117.447 Y149.182
G1 F1200 X112.274 Y144.009 E213.89877
G0 F6000 X112.897 Y144.009
G1 F1200 X118.069 Y149.182 E214.1664
G0 F6000 X118.691 Y149.182
G1 F1200 X113.519 Y144.009 E214.43403
G0 F6000 X114.141 Y144.009
G1 F1200 X119.314 Y149.182 E214.70168
G0 F6000 X119.936 Y149.182
G1 F1200 X114.763 Y144.009 E214.96934
G0 F6000 X115.386 Y144.009
G1 F1200 X120.558 Y149.182 E215.23696
G0 F6000 X121.18 Y149.182
G1 F1200 X116.007 Y144.009 E215.50462
G0 F6000 X116.629 Y144.009
G1 F1200 X121.803 Y149.182 E215.7723
G0 F6000 X122.425 Y149.182
G1 F1200 X117.252 Y144.009 E216.03995
G0 F6000 X117.874 Y144.009
G1 F1200 X123.047 Y149.182 E216.30761
G0 F6000 X123.669 Y149.182
G1 F1200 X118.496 Y144.009 E216.57526
G0 F6000 X119.119 Y144.009
G1 F1200 X124.292 Y149.182 E216.84292
G0 F6000 X124.914 Y149.182
G1 F1200 X119.741 Y144.009 E217.11057
G0 F6000 X120.363 Y144.009
G1 F1200 X125.536 Y149.182 E217.37822
G0 F6000 X126.158 Y149.182
G1 F1200 X120.985 Y144.009 E217.64588
G0 F6000 X121.608 Y144.009
G1 F1200 X126.781 Y149.182 E217.91353
G0 F6000 X127.403 Y149.182
G1 F1200 X122.23 Y144.009 E218.18119
G0 F6000 X122.852 Y144.009
G1 F1200 X128.025 Y149.182 E218.44884
G0 F6000 X128.647 Y149.182
G1 F1200 X123.474 Y144.009 E218.7165
G0 F6000 X124.097 Y144.009
G1 F1200 X129.27 Y149.182 E218.98415
G0 F6000 X129.892 Y149.182
G1 F1200 X124.719 Y144.009 E219.2518
G0 F6000 X125.341 Y144.009
G1 F1200 X130.514 Y149.182 E219.51946
G0 F6000 X131.137 Y149.183
G1 F1200 X125.963 Y144.009 E219.78716
G0 F6000 X126.585 Y144.008
G1 F1200 X131.759 Y149.183 E220.0549
G0 F6000 X132.382 Y149.183
G1 F1200 X127.207 Y144.008 E220.32265
G0 F6000 X127.829 Y144.008
G1 F1200 X133.004 Y149.183 E220.59041
G0 F6000 X133.626 Y149.183
G1 F1200 X128.452 Y144.008 E220.85814
G0 F6000 X129.074 Y144.008
G1 F1200 X134.248 Y149.183 E221.12588
G0 F6000 X134.871 Y149.183
G1 F1200 X129.696 Y144.008 E221.39363
G0 F6000 X130.318 Y144.008
G1 F1200 X135.493 Y149.183 E221.66139
G0 F6000 X136.115 Y149.183
G1 F1200 X130.941 Y144.008 E221.92912
G0 F6000 X131.563 Y144.008
G1 F1200 X136.737 Y149.183 E222.19686
G0 F6000 X137.36 Y149.183
G1 F1200 X132.185 Y144.008 E222.46461
G0 F6000 X132.807 Y144.008
G1 F1200 X137.982 Y149.183 E222.73237
G0 F6000 X138.604 Y149.183
G1 F1200 X133.43 Y144.008 E223.0001
G0 F6000 X134.052 Y144.008
G1 F1200 X139.226 Y149.183 E223.26783
G0 F6000 X139.849 Y149.183
G1 F1200 X134.674 Y144.008 E223.53559
G0 F6000 X135.296 Y144.008
G1 F1200 X140.471 Y149.183 E223.80335
G0 F6000 X141.093 Y149.183
G1 F1200 X135.919 Y144.008 E224.07108
G0 F6000 X136.541 Y144.008
G1 F1200 X141.716 Y149.183 E224.33884
G0 F6000 X142.338 Y149.183
G1 F1200 X137.162 Y144.007 E224.60665
G0 F6000 X137.785 Y144.007
G1 F1200 X142.96 Y149.183 E224.87443
G0 F6000 X143.582 Y149.183
G1 F1200 X138.407 Y144.007 E225.14222
G0 F6000 X139.029 Y144.007
G1 F1200 X144.205 Y149.183 E225.41003
G0 F6000 X144.827 Y149.183
G1 F1200 X139.651 Y144.007 E225.67784
G0 F6000 X140.274 Y144.007
G1 F1200 X145.449 Y149.183 E225.94562
G0 F6000 X146.071 Y149.183
G1 F1200 X140.896 Y144.007 E226.2134
G0 F6000 X141.518 Y144.007
G1 F1200 X146.694 Y149.183 E226.48121
G0 F6000 X147.316 Y149.183
G1 F1200 X142.14 Y144.007 E226.74902
G0 F6000 X142.763 Y144.007
G1 F1200 X147.938 Y149.183 E227.0168
G0 F6000 X148.56 Y149.183
G1 F1200 X143.385 Y144.007 E227.28459
G0 F6000 X144.007 Y144.007
G1 F1200 X149.183 Y149.183 E227.5524
G0 F6000 X149.805 Y149.183
G1 F1200 X144.629 Y144.007 E227.82021
G0 F6000 X145.252 Y144.007
G1 F1200 X150.427 Y149.183 E228.08799
G0 F6000 X151.049 Y149.183
G1 F1200 X145.874 Y144.007 E228.35577
G0 F6000 X146.496 Y144.007
G1 F1200 X151.672 Y149.183 E228.62358
G0 F6000 X152.295 Y149.183
G1 F1200 X147.119 Y144.007 E228.89139
G0 F6000 X147.741 Y144.007
G1 F1200 X152.917 Y149.183 E229.1592
G0 F6000 X153.539 Y149.183
G1 F1200 X148.362 Y144.007 E229.42704
G0 F6000 X148.985 Y144.007
G1 F1200 X154.161 Y149.183 E229.69485
G0 F6000 X154.784 Y149.183
G1 F1200 X149.607 Y144.007 E229.96268
G0 F6000 X150.229 Y144.007
G1 F1200 X155.406 Y149.183 E230.23052
G0 F6000 X156.028 Y149.183
G1 F1200 X150.851 Y144.007 E230.49835
G0 F6000 X151.474 Y144.007
G1 F1200 X156.65 Y149.183 E230.76616
G0 F6000 X157.273 Y149.183
G1 F1200 X152.096 Y144.007 E231.034
G0 F6000 X152.718 Y144.007
G1 F1200 X157.895 Y149.183 E231.30183
G0 F6000 X158.517 Y149.183
G1 F1200 X153.34 Y144.007 E231.56967
G0 F6000 X153.963 Y144.007
G1 F1200 X159.139 Y149.183 E231.83748
G0 F6000 X159.762 Y149.183
G1 F1200 X154.585 Y144.007 E232.10531
G0 F6000 X155.207 Y144.007
G1 F1200 X160.384 Y149.183 E232.37315
G0 F6000 X161.006 Y149.183
G1 F1200 X155.829 Y144.007 E232.64099
G0 F6000 X156.452 Y144.007
G1 F1200 X161.628 Y149.183 E232.90879
G0 F6000 X162.251 Y149.183
G1 F1200 X157.074 Y144.007 E233.17663
G0 F6000 X157.696 Y144.007
G1 F1200 X162.873 Y149.183 E233.44447
G0 F6000 X163.495 Y149.183
G1 F1200 X158.318 Y144.007 E233.7123
G0 F6000 X158.895 Y143.961
G1 F1200 X164.117 Y149.183 E233.98249
G0 F6000 X164.74 Y149.183
G1 F1200 X159.332 Y143.775 E234.2623
G0 F6000 X159.691 Y143.512
G1 F1200 X165.362 Y149.183 E234.55572
G0 F6000 X165.984 Y149.183
G1 F1200 X159.966 Y143.165 E234.8671
G0 F6000 X160.147 Y142.724
G1 F1200 X166.606 Y149.183 E235.20129
G0 F6000 X167.229 Y149.183
G1 F1200 X160.202 Y142.157 E235.56485
G0 F6000 X160.202 Y141.534
G1 F1200 X167.851 Y149.183 E235.96061
G0 F6000 X168.473 Y149.183
G1 F1200 X160.202 Y140.912 E236.38856
G0 F6000 X160.202 Y140.29
G1 F1200 X169.095 Y149.183 E236.84869
G0 F6000 X169.718 Y149.183
G1 F1200 X160.202 Y139.668 E237.34103
G0 F6000 X160.202 Y139.045
G1 F1200 X170.34 Y149.183 E237.86557
G0 F6000 X170.962 Y149.183
G1 F1200 X160.202 Y138.423 E238.4223
G0 F6000 X160.203 Y137.802
G1 F1200 X171.584 Y149.183 E239.01116
G0 F6000 X172.207 Y149.183
G1 F1200 X160.203 Y137.179 E239.63226
G0 F6000 X160.203 Y136.557
G1 F1200 X172.384 Y148.738 E240.26251
G0 F6000 X172.384 Y148.116
G1 F1200 X160.203 Y135.935 E240.89276
G0 F6000 X160.203 Y135.313
G1 F1200 X172.384 Y147.494 E241.52301
G0 F6000 X172.384 Y146.872
G1 F1200 X160.203 Y134.69 E242.15329
G0 F6000 X160.203 Y134.068
G1 F1200 X172.384 Y146.249 E242.78355
G0 F6000 X172.384 Y145.627
G1 F1200 X160.204 Y133.447 E243.41375
G0 F6000 X160.204 Y132.824
G1 F1200 X172.384 Y145.005 E244.04397
G0 F6000 X172.384 Y144.383
G1 F1200 X160.204 Y132.202 E244.6742
G0 F6000 X160.204 Y131.58
G1 F1200 X172.384 Y143.76 E245.3044
G0 F6000 X172.384 Y143.138
G1 F1200 X160.204 Y130.958 E245.9346
G0 F6000 X160.204 Y130.335
G1 F1200 X172.384 Y142.516 E246.56483
G0 F6000 X172.384 Y141.894
G1 F1200 X160.204 Y129.713 E247.19505
G0 F6000 X160.204 Y129.092
G1 F1200 X172.384 Y141.271 E247.82523
G0 F6000 X172.384 Y140.649
G1 F1200 X160.204 Y128.469 E248.45543
G0 F6000 X160.204 Y127.847
G1 F1200 X172.384 Y140.027 E249.08563
G0 F6000 X172.384 Y139.405
G1 F1200 X160.204 Y127.225 E249.71583
G0 F6000 X160.204 Y126.603
G1 F1200 X172.384 Y138.782 E250.34601
G0 F6000 X172.384 Y138.16
G1 F1200 X160.204 Y125.98 E250.97621
G0 F6000 X160.204 Y125.358
G1 F1200 X172.384 Y137.538 E251.60641
G0 F6000 X172.384 Y136.916
G1 F1200 X160.205 Y124.736 E252.23658
G0 F6000 X160.205 Y124.114
G1 F1200 X172.384 Y136.293 E252.86673
G0 F6000 X172.384 Y135.671
G1 F1200 X160.205 Y123.492 E253.49688
G0 F6000 X160.205 Y122.87
G1 F1200 X172.384 Y135.049 E254.12703
G0 F6000 X172.384 Y134.427
G1 F1200 X160.205 Y122.247 E254.75721
G0 F6000 X160.205 Y121.625
G1 F1200 X172.384 Y133.804 E255.38736
G0 F6000 X172.384 Y133.182
G1 F1200 X160.205 Y121.003 E256.0175
G0 F6000 X160.206 Y120.381
G1 F1200 X172.384 Y132.56 E256.64763
G0 F6000 X172.384 Y131.938
G1 F1200 X160.206 Y119.759 E257.27775
G0 F6000 X160.206 Y119.137
G1 F1200 X172.384 Y131.315 E257.90785
G0 F6000 X172.384 Y130.693
G1 F1200 X160.206 Y118.515 E258.53795
G0 F6000 X160.206 Y117.892
G1 F1200 X172.384 Y130.071 E259.16807
G0 F6000 X172.384 Y129.449
G1 F1200 X160.206 Y117.27 E259.79819
G0 F6000 X160.206 Y116.648
G1 F1200 X172.384 Y128.826 E260.42829
G0 F6000 X172.384 Y128.204
G1 F1200 X160.206 Y116.026 E261.05839
G0 F6000 X160.206 Y115.404
G1 F1200 X172.384 Y127.582 E261.68848
G0 F6000 X172.384 Y126.96
G1 F1200 X160.206 Y114.782 E262.31858
G0 F6000 X160.206 Y114.16
G1 F1200 X172.384 Y126.337 E262.94865
G0 F6000 X172.384 Y125.715
G1 F1200 X160.206 Y113.537 E263.57875
G0 F6000 X160.206 Y112.915
G1 F1200 X172.384 Y125.093 E264.20885
G0 F6000 X172.384 Y124.471
G1 F1200 X160.206 Y112.293 E264.83894
G0 F6000 X160.207 Y111.671
G1 F1200 X172.384 Y123.848 E265.46899
G0 F6000 X172.384 Y123.226
G1 F1200 X160.207 Y111.049 E266.09904
G0 F6000 X160.207 Y110.427
G1 F1200 X172.384 Y122.604 E266.72908
G0 F6000 X172.384 Y121.982
G1 F1200 X160.207 Y109.804 E267.35915
G0 F6000 X160.207 Y109.182
G1 F1200 X172.384 Y121.359 E267.9892
G0 F6000 X172.384 Y120.737
G1 F1200 X160.207 Y108.56 E268.61924
G0 F6000 X160.207 Y107.938
G1 F1200 X172.384 Y120.115 E269.24929
G0 F6000 X172.384 Y119.493
G1 F1200 X160.208 Y107.316 E269.87931
G0 F6000 X160.208 Y106.694
G1 F1200 X172.384 Y118.87 E270.5093
G0 F6000 X172.384 Y118.248
G1 F1200 X160.208 Y106.072 E271.1393
G0 F6000 X160.208 Y105.449
G1 F1200 X172.384 Y117.626 E271.76932
G0 F6000 X172.384 Y117.004
G1 F1200 X160.208 Y104.827 E272.39934
G0 F6000 X160.208 Y104.205
G1 F1200 X172.384 Y116.381 E273.02933
G0 F6000 X172.384 Y115.759
G1 F1200 X160.208 Y103.583 E273.65932
G0 F6000 X160.208 Y102.961
G1 F1200 X172.384 Y115.137 E274.28932
G0 F6000 X172.384 Y114.515
G1 F1200 X160.208 Y102.339 E274.91931
G0 F6000 X160.208 Y101.717
G1 F1200 X172.384 Y113.892 E275.54928
G0 F6000 X172.384 Y113.27
G1 F1200 X160.208 Y101.094 E276.17927
G0 F6000 X160.208 Y100.472
G1 F1200 X172.384 Y112.648 E276.80927
G0 F6000 X172.384 Y112.026
G1 F1200 X160.208 Y99.85 E277.43926
G0 F6000 X160.208 Y99.228
G1 F1200 X172.384 Y111.403 E278.06923
G0 F6000 X172.384 Y110.781
G1 F1200 X160.209 Y98.606 E278.69917
G0 F6000 X160.209 Y97.984
G1 F1200 X172.384 Y110.159 E279.32911
G0 F6000 X172.384 Y109.536
G1 F1200 X160.209 Y97.362 E279.95903
G0 F6000 X160.209 Y96.739
G1 F1200 X172.384 Y108.914 E280.58897
G0 F6000 X172.384 Y108.292
G1 F1200 X160.209 Y96.117 E281.21892
G0 F6000 X160.209 Y95.495
G1 F1200 X172.384 Y107.67 E281.84886
G0 F6000 X172.384 Y107.047
G1 F1200 X160.21 Y94.873 E282.47875
G0 F6000 X160.21 Y94.251
G1 F1200 X172.384 Y106.425 E283.10864
G0 F6000 X172.384 Y105.803
G1 F1200 X160.21 Y93.629 E283.73853
G0 F6000 X160.21 Y93.006
G1 F1200 X172.384 Y105.181 E284.36844
G0 F6000 X172.384 Y104.558
G1 F1200 X160.21 Y92.384 E284.99834
G0 F6000 X160.21 Y91.762
G1 F1200 X172.384 Y103.936 E285.62823
G0 F6000 X172.384 Y103.314
G1 F1200 X160.21 Y91.14 E286.25812
G0 F6000 X160.211 Y90.518
G1 F1200 X172.384 Y102.692 E286.88798
G0 F6000 X172.384 Y102.069
G1 F1200 X160.211 Y89.896 E287.51782
G0 F6000 X160.211 Y89.274
G1 F1200 X172.384 Y101.447 E288.14766
G0 F6000 X172.384 Y100.825
G1 F1200 X160.211 Y88.651 E288.77752
G0 F6000 X160.211 Y88.029
G1 F1200 X172.384 Y100.203 E289.40739
G0 F6000 X172.384 Y99.58
G1 F1200 X160.211 Y87.407 E290.03723
G0 F6000 X160.211 Y86.785
G1 F1200 X172.384 Y98.958 E290.66706
G0 F6000 X172.384 Y98.336
G1 F1200 X160.197 Y86.149 E291.29763
G1 F1500 E289.29763
G0 F6000 X158.644 Y84.595
G1 F1500 E291.29763
G1 F1200 X144.864 Y70.816 E292.01059
G0 F6000 X144.242 Y70.816
G1 F1200 X158.021 Y84.595 E292.72352
G0 F6000 X157.399 Y84.595
G1 F1200 X143.62 Y70.816 E293.43646
G0 F6000 X142.997 Y70.816
G1 F1200 X156.777 Y84.595 E294.14942
G0 F6000 X156.155 Y84.595
G1 F1200 X142.375 Y70.816 E294.86238
G0 F6000 X141.753 Y70.816
G1 F1200 X155.532 Y84.595 E295.57531
G0 F6000 X154.91 Y84.595
G1 F1200 X141.131 Y70.816 E296.28824
G0 F6000 X140.508 Y70.816
G1 F1200 X154.288 Y84.595 E297.0012
G0 F6000 X153.666 Y84.595
G1 F1200 X139.886 Y70.816 E297.71416
G0 F6000 X139.264 Y70.816
G1 F1200 X153.043 Y84.595 E298.4271
G0 F6000 X152.42 Y84.595
G1 F1200 X138.642 Y70.816 E299.14001
G0 F6000 X138.019 Y70.816
G1 F1200 X151.798 Y84.595 E299.85294
G0 F6000 X151.176 Y84.595
G1 F1200 X137.397 Y70.816 E300.56587
G0 F6000 X136.775 Y70.816
G1 F1200 X150.554 Y84.595 E301.27881
G0 F6000 X149.931 Y84.595
G1 F1200 X136.153 Y70.816 E301.99172
G0 F6000 X135.53 Y70.816
G1 F1200 X149.309 Y84.595 E302.70465
G0 F6000 X148.687 Y84.595
G1 F1200 X134.908 Y70.816 E303.41758
G0 F6000 X134.286 Y70.816
G1 F1200 X148.065 Y84.595 E304.13052
G0 F6000 X147.442 Y84.595
G1 F1200 X133.664 Y70.816 E304.84343
G0 F6000 X133.041 Y70.816
G1 F1200 X146.819 Y84.594 E305.55631
G0 F6000 X146.197 Y84.594
G1 F1200 X132.419 Y70.816 E306.26919
G0 F6000 X131.797 Y70.816
G1 F1200 X145.575 Y84.594 E306.98207
G0 F6000 X144.953 Y84.594
G1 F1200 X131.175 Y70.816 E307.69496
G0 F6000 X130.552 Y70.816
G1 F1200 X144.33 Y84.594 E308.40784
G0 F6000 X143.708 Y84.594
G1 F1200 X129.93 Y70.816 E309.12072
G0 F6000 X129.308 Y70.816
G1 F1200 X143.086 Y84.594 E309.8336
G0 F6000 X142.464 Y84.594
G1 F1200 X128.686 Y70.816 E310.54649
G0 F6000 X128.063 Y70.816
G1 F1200 X141.841 Y84.594 E311.25937
G0 F6000 X141.218 Y84.593
G1 F1200 X127.441 Y70.816 E311.9722
G0 F6000 X126.819 Y70.816
G1 F1200 X140.596 Y84.593 E312.68503
G0 F6000 X139.974 Y84.593
G1 F1200 X126.197 Y70.816 E313.39786
G0 F6000 X125.574 Y70.816
G1 F1200 X139.352 Y84.593 E314.11072
G0 F6000 X138.729 Y84.593
G1 F1200 X124.952 Y70.816 E314.82355
G0 F6000 X124.33 Y70.816
G1 F1200 X138.107 Y84.593 E315.53638
G0 F6000 X137.485 Y84.593
G1 F1200 X123.708 Y70.816 E316.24921
G0 F6000 X123.085 Y70.816
G1 F1200 X136.863 Y84.593 E316.96207
G0 F6000 X136.24 Y84.593
G1 F1200 X122.463 Y70.816 E317.6749
G0 F6000 X121.841 Y70.816
G1 F1200 X135.617 Y84.593 E318.3877
G0 F6000 X134.995 Y84.593
G1 F1200 X121.219 Y70.816 E319.10051
G0 F6000 X120.596 Y70.816
G1 F1200 X134.373 Y84.593 E319.81334
G0 F6000 X133.751 Y84.593
G1 F1200 X119.974 Y70.816 E320.52617
G0 F6000 X119.352 Y70.816
G1 F1200 X133.128 Y84.593 E321.23897
G0 F6000 X132.506 Y84.593
G1 F1200 X118.73 Y70.816 E321.95178
G0 F6000 X118.107 Y70.816
G1 F1200 X131.884 Y84.593 E322.66461
G0 F6000 X131.262 Y84.593
G1 F1200 X117.485 Y70.816 E323.37744
G0 F6000 X116.863 Y70.816
G1 F1200 X130.639 Y84.593 E324.09024
G0 F6000 X130.016 Y84.592
G1 F1200 X116.241 Y70.816 E324.80299
G0 F6000 X115.618 Y70.816
G1 F1200 X129.394 Y84.592 E325.51577
G0 F6000 X128.772 Y84.592
G1 F1200 X114.996 Y70.816 E326.22855
G0 F6000 X114.374 Y70.816
G1 F1200 X128.15 Y84.592 E326.94133
G0 F6000 X127.527 Y84.592
G1 F1200 X113.752 Y70.816 E327.65408
G0 F6000 X113.129 Y70.816
G1 F1200 X126.905 Y84.592 E328.36686
G0 F6000 X126.283 Y84.592
G1 F1200 X112.507 Y70.816 E329.07964
G0 F6000 X111.885 Y70.816
G1 F1200 X125.661 Y84.592 E329.79242
G0 F6000 X125.038 Y84.592
G1 F1200 X111.263 Y70.816 E330.50517
G0 F6000 X110.64 Y70.816
G1 F1200 X124.415 Y84.591 E331.2179
G0 F6000 X123.793 Y84.591
G1 F1200 X110.018 Y70.816 E331.93063
G0 F6000 X109.396 Y70.816
G1 F1200 X123.171 Y84.591 E332.64336
G0 F6000 X122.549 Y84.591
G1 F1200 X108.774 Y70.816 E333.35608
G0 F6000 X108.151 Y70.816
G1 F1200 X121.926 Y84.591 E334.06881
G0 F6000 X121.304 Y84.591
G1 F1200 X107.529 Y70.816 E334.78154
G0 F6000 X106.907 Y70.816
G1 F1200 X120.682 Y84.591 E335.49426
G0 F6000 X120.06 Y84.591
G1 F1200 X106.285 Y70.816 E336.20699
G0 F6000 X105.662 Y70.816
G1 F1200 X119.437 Y84.591 E336.91972
G0 F6000 X118.815 Y84.591
G1 F1200 X105.04 Y70.816 E337.63245
G0 F6000 X104.418 Y70.816
G1 F1200 X118.192 Y84.59 E338.34512
G0 F6000 X117.57 Y84.59
G1 F1200 X103.795 Y70.816 E339.05782
G0 F6000 X103.173 Y70.816
G1 F1200 X116.948 Y84.59 E339.77052
G0 F6000 X116.325 Y84.59
G1 F1200 X102.551 Y70.816 E340.4832
G0 F6000 X101.929 Y70.816
G1 F1200 X115.703 Y84.59 E341.19587
G0 F6000 X115.081 Y84.59
G1 F1200 X101.306 Y70.816 E341.90858
G0 F6000 X100.684 Y70.816
G1 F1200 X114.459 Y84.59 E342.62128
G0 F6000 X113.836 Y84.59
G1 F1200 X100.062 Y70.816 E343.33395
G0 F6000 X99.44 Y70.816
G1 F1200 X113.214 Y84.59 E344.04663
G0 F6000 X112.591 Y84.59
G1 F1200 X98.817 Y70.816 E344.7593
G0 F6000 X98.195 Y70.816
G1 F1200 X111.969 Y84.59 E345.47198
G0 F6000 X111.347 Y84.59
G1 F1200 X97.573 Y70.816 E346.18465
G0 F6000 X96.951 Y70.816
G1 F1200 X110.724 Y84.59 E346.8973
G0 F6000 X110.102 Y84.59
G1 F1200 X96.328 Y70.816 E347.60998
G0 F6000 X95.706 Y70.816
G1 F1200 X109.48 Y84.59 E348.32265
G0 F6000 X108.858 Y84.59
G1 F1200 X95.084 Y70.816 E349.03533
G0 F6000 X94.462 Y70.816
G1 F1200 X108.235 Y84.59 E349.74798
G0 F6000 X107.613 Y84.59
G1 F1200 X93.839 Y70.816 E350.46065
G0 F6000 X93.217 Y70.816
G1 F1200 X106.99 Y84.589 E351.17328
G0 F6000 X106.368 Y84.589
G1 F1200 X92.595 Y70.816 E351.8859
G0 F6000 X91.973 Y70.816
G1 F1200 X105.746 Y84.589 E352.59853
G0 F6000 X105.123 Y84.589
G1 F1200 X91.35 Y70.816 E353.31115
G0 F6000 X90.728 Y70.816
G1 F1200 X104.501 Y84.589 E354.02377
G0 F6000 X103.879 Y84.589
G1 F1200 X90.106 Y70.816 E354.7364
G0 F6000 X89.484 Y70.816
G1 F1200 X103.257 Y84.589 E355.44902
G0 F6000 X102.634 Y84.589
G1 F1200 X88.861 Y70.816 E356.16164
G0 F6000 X88.239 Y70.816
G1 F1200 X102.012 Y84.589 E356.87427
G0 F6000 X101.389 Y84.588
G1 F1200 X87.617 Y70.816 E357.58684
G0 F6000 X86.995 Y70.816
G1 F1200 X100.767 Y84.588 E358.29941
G0 F6000 X100.145 Y84.588
G1 F1200 X86.372 Y70.816 E359.01201
G0 F6000 X85.75 Y70.816
G1 F1200 X99.522 Y84.588 E359.72458
G0 F6000 X98.9 Y84.588
G1 F1200 X85.128 Y70.816 E360.43715
G0 F6000 X84.506 Y70.816
G1 F1200 X98.278 Y84.588 E361.14973
G0 F6000 X97.656 Y84.588
G1 F1200 X83.883 Y70.816 E361.86232
G0 F6000 X83.261 Y70.816
G1 F1200 X97.033 Y84.588 E362.57489
G0 F6000 X96.411 Y84.588
G1 F1200 X82.639 Y70.816 E363.28747
G0 F6000 X82.017 Y70.816
G1 F1200 X95.788 Y84.588 E364.00001
G0 F6000 X95.166 Y84.588
G1 F1200 X81.394 Y70.816 E364.71258
G0 F6000 X80.772 Y70.816
G1 F1200 X94.544 Y84.588 E365.42516
G0 F6000 X93.921 Y84.588
G1 F1200 X80.15 Y70.816 E366.1377
G0 F6000 X79.528 Y70.816
G1 F1200 X93.299 Y84.588 E366.85025
G0 F6000 X92.677 Y84.588
G1 F1200 X78.905 Y70.816 E367.56282
G0 F6000 X78.283 Y70.816
G1 F1200 X92.055 Y84.588 E368.27539
G0 F6000 X91.432 Y84.588
G1 F1200 X77.661 Y70.816 E368.98794
G0 F6000 X77.039 Y70.816
G1 F1200 X90.81 Y84.588 E369.70048
G0 F6000 X90.188 Y84.588
G1 F1200 X76.416 Y70.816 E370.41306
G0 F6000 X75.794 Y70.816
G1 F1200 X89.565 Y84.587 E371.12558
G0 F6000 X88.943 Y84.587
G1 F1200 X75.172 Y70.816 E371.8381
G0 F6000 X74.55 Y70.816
G1 F1200 X88.32 Y84.587 E372.55059
G0 F6000 X87.698 Y84.587
G1 F1200 X73.927 Y70.816 E373.26311
G0 F6000 X73.305 Y70.816
G1 F1200 X87.076 Y84.587 E373.97563
G0 F6000 X86.454 Y84.587
G1 F1200 X72.683 Y70.816 E374.68815
G0 F6000 X72.061 Y70.816
G1 F1200 X85.831 Y84.587 E375.40065
G0 F6000 X85.209 Y84.587
G1 F1200 X71.438 Y70.816 E376.11317
G0 F6000 X70.816 Y70.816
G1 F1200 X84.587 Y84.587 E376.82569
G0 F6000 X83.964 Y84.586
G1 F1200 X70.194 Y70.816 E377.53815
G0 F6000 X69.572 Y70.816
G1 F1200 X83.342 Y84.586 E378.25062
G0 F6000 X82.719 Y84.586
G1 F1200 X68.949 Y70.816 E378.96309
G0 F6000 X68.327 Y70.816
G1 F1200 X82.097 Y84.586 E379.67556
G0 F6000 X81.475 Y84.586
G1 F1200 X67.705 Y70.816 E380.38803
G0 F6000 X67.083 Y70.816
G1 F1200 X80.853 Y84.586 E381.1005
G0 F6000 X80.23 Y84.586
G1 F1200 X66.46 Y70.816 E381.81297
G0 F6000 X65.838 Y70.816
G1 F1200 X79.608 Y84.586 E382.52543
G0 F6000 X78.986 Y84.586
G1 F1200 X65.216 Y70.816 E383.2379
G0 F6000 X64.593 Y70.816
G1 F1200 X78.363 Y84.586 E383.95037
G0 F6000 X77.741 Y84.586
G1 F1200 X63.971 Y70.816 E384.66284
G0 F6000 X63.349 Y70.816
G1 F1200 X77.118 Y84.586 E385.37528
G0 F6000 X76.496 Y84.586
G1 F1200 X62.727 Y70.816 E386.08772
G0 F6000 X62.104 Y70.816
G1 F1200 X75.874 Y84.586 E386.80019
G0 F6000 X75.252 Y84.586
G1 F1200 X61.482 Y70.816 E387.51266
G0 F6000 X60.86 Y70.816
G1 F1200 X74.629 Y84.586 E388.2251
G0 F6000 X74.007 Y84.586
G1 F1200 X60.238 Y70.816 E388.93755
G0 F6000 X59.615 Y70.816
G1 F1200 X73.385 Y84.586 E389.65001
G0 F6000 X72.762 Y84.585
G1 F1200 X58.993 Y70.816 E390.36243
G0 F6000 X58.371 Y70.816
G1 F1200 X72.14 Y84.585 E391.07485
G0 F6000 X71.517 Y84.585
G1 F1200 X57.749 Y70.816 E391.78724
G0 F6000 X57.126 Y70.816
G1 F1200 X70.895 Y84.585 E392.49966
G0 F6000 X70.273 Y84.585
G1 F1200 X56.504 Y70.816 E393.21207
G0 F6000 X55.882 Y70.816
G1 F1200 X69.651 Y84.585 E393.92449
G0 F6000 X69.028 Y84.585
G1 F1200 X55.26 Y70.816 E394.63688
G0 F6000 X54.637 Y70.816
G1 F1200 X68.406 Y84.585 E395.3493
G0 F6000 X67.784 Y84.585
G1 F1200 X54.015 Y70.816 E396.06171
G0 F6000 X53.393 Y70.816
G1 F1200 X67.161 Y84.584 E396.77408
G0 F6000 X66.539 Y84.584
G1 F1200 X52.771 Y70.816 E397.48644
G0 F6000 X52.148 Y70.816
G1 F1200 X65.916 Y84.584 E398.19881
G0 F6000 X65.294 Y84.584
G1 F1200 X51.526 Y70.816 E398.91117
G0 F6000 X50.904 Y70.816
G1 F1200 X64.672 Y84.584 E399.62354
G0 F6000 X64.05 Y84.584
G1 F1200 X50.282 Y70.816 E400.3359
G0 F6000 X49.659 Y70.816
G1 F1200 X63.427 Y84.584 E401.04827
G0 F6000 X62.805 Y84.584
G1 F1200 X49.037 Y70.816 E401.76063
G0 F6000 X48.415 Y70.816
G1 F1200 X62.183 Y84.584 E402.473
G0 F6000 X61.561 Y84.584
G1 F1200 X47.793 Y70.816 E403.18536
G0 F6000 X47.616 Y71.262
G1 F1200 X61.006 Y84.652 E403.87817
G0 F6000 X60.564 Y84.832
G1 F1200 X47.616 Y71.884 E404.54811
G0 F6000 X47.616 Y72.506
G1 F1200 X60.25 Y85.14 E405.2018
G0 F6000 X59.986 Y85.498
G1 F1200 X47.616 Y73.128 E405.84183
G0 F6000 X47.616 Y73.751
G1 F1200 X59.828 Y85.962 E406.47366
G0 F6000 X59.787 Y86.544
G1 F1200 X47.616 Y74.373 E407.1034
G0 F6000 X47.616 Y74.995
G1 F1200 X59.787 Y87.166 E407.73313
G0 F6000 X59.787 Y87.788
G1 F1200 X47.616 Y75.617 E408.36287
G0 F6000 X47.616 Y76.24
G1 F1200 X59.787 Y88.41 E408.99258
G0 F6000 X59.787 Y89.033
G1 F1200 X47.616 Y76.862 E409.62231
G0 F6000 X47.616 Y77.484
G1 F1200 X59.787 Y89.655 E410.25205
G0 F6000 X59.787 Y90.277
G1 F1200 X47.616 Y78.106 E410.88178
G0 F6000 X47.616 Y78.729
G1 F1200 X59.787 Y90.899 E411.51149
G0 F6000 X59.787 Y91.522
G1 F1200 X47.616 Y79.351 E412.14123
G0 F6000 X47.616 Y79.973
G1 F1200 X59.787 Y92.144 E412.77096
G0 F6000 X59.787 Y92.766
G1 F1200 X47.616 Y80.595 E413.4007
G0 F6000 X47.616 Y81.218
G1 F1200 X59.787 Y93.388 E414.03041
G0 F6000 X59.787 Y94.011
G1 F1200 X47.616 Y81.84 E414.66014
G0 F6000 X47.616 Y82.462
G1 F1200 X59.787 Y94.633 E415.28988
G0 F6000 X59.787 Y95.255
G1 F1200 X47.616 Y83.084 E415.91961
G0 F6000 X47.616 Y83.707
G1 F1200 X59.787 Y95.878 E416.54935
G0 F6000 X59.787 Y96.5
G1 F1200 X47.616 Y84.329 E417.17908
G0 F6000 X47.616 Y84.951
G1 F1200 X59.787 Y97.123 E417.80884
G0 F6000 X59.787 Y97.745
G1 F1200 X47.616 Y85.573 E418.4386
G0 F6000 X47.616 Y86.196
G1 F1200 X59.787 Y98.367 E419.06834
G0 F6000 X59.787 Y98.989
G1 F1200 X47.616 Y86.818 E419.69807
G0 F6000 X47.616 Y87.44
G1 F1200 X59.787 Y99.612 E420.32783
G0 F6000 X59.787 Y100.234
G1 F1200 X47.616 Y88.062 E420.9576
G0 F6000 X47.616 Y88.685
G1 F1200 X59.787 Y100.856 E421.58733
G0 F6000 X59.787 Y101.478
G1 F1200 X47.616 Y89.307 E422.21707
G0 F6000 X47.616 Y89.929
G1 F1200 X59.787 Y102.101 E422.84683
G0 F6000 X59.787 Y102.723
G1 F1200 X47.616 Y90.551 E423.47659
G0 F6000 X47.616 Y91.174
G1 F1200 X59.787 Y103.345 E424.10632
G0 F6000 X59.787 Y103.967
G1 F1200 X47.616 Y91.796 E424.73606
G0 F6000 X47.616 Y92.418
G1 F1200 X59.787 Y104.59 E425.36582
G0 F6000 X59.788 Y105.213
G1 F1200 X47.616 Y93.04 E425.99563
G0 F6000 X47.616 Y93.663
G1 F1200 X59.788 Y105.835 E426.62542
G0 F6000 X59.788 Y106.457
G1 F1200 X47.616 Y94.285 E427.25521
G0 F6000 X47.616 Y94.907
G1 F1200 X59.788 Y107.079 E427.88499
G0 F6000 X59.788 Y107.702
G1 F1200 X47.616 Y95.529 E428.51481
G0 F6000 X47.616 Y96.152
G1 F1200 X59.788 Y108.324 E429.14459
G0 F6000 X59.788 Y108.946
G1 F1200 X47.616 Y96.774 E429.77438
G0 F6000 X47.616 Y97.396
G1 F1200 X59.788 Y109.568 E430.40417
G0 F6000 X59.788 Y110.191
G1 F1200 X47.616 Y98.018 E431.03398
G0 F6000 X47.616 Y98.641
G1 F1200 X59.788 Y110.813 E431.66377
G0 F6000 X59.788 Y111.435
G1 F1200 X47.616 Y99.263 E432.29355
G0 F6000 X47.616 Y99.885
G1 F1200 X59.788 Y112.057 E432.92334
G0 F6000 X59.788 Y112.68
G1 F1200 X47.616 Y100.507 E433.55315
G0 F6000 X47.616 Y101.13
G1 F1200 X59.788 Y113.302 E434.18294
G0 F6000 X59.788 Y113.924
G1 F1200 X47.616 Y101.752 E434.81273
G0 F6000 X47.616 Y102.374
G1 F1200 X59.789 Y114.547 E435.44257
G0 F6000 X59.789 Y115.169
G1 F1200 X47.616 Y102.996 E436.0724
G0 F6000 X47.616 Y103.619
G1 F1200 X59.789 Y115.792 E436.70224
G0 F6000 X59.789 Y116.414
G1 F1200 X47.616 Y104.241 E437.33208
G0 F6000 X47.616 Y104.863
G1 F1200 X59.789 Y117.036 E437.96192
G0 F6000 X59.789 Y117.658
G1 F1200 X47.616 Y105.485 E438.59176
G0 F6000 X47.616 Y106.108
G1 F1200 X59.789 Y118.281 E439.2216
G0 F6000 X59.789 Y118.903
G1 F1200 X47.616 Y106.73 E439.85144
G0 F6000 X47.616 Y107.352
G1 F1200 X59.789 Y119.525 E440.48128
G0 F6000 X59.789 Y120.147
G1 F1200 X47.616 Y107.974 E441.11111
G0 F6000 X47.616 Y108.597
G1 F1200 X59.789 Y120.77 E441.74095
G0 F6000 X59.789 Y121.392
G1 F1200 X47.616 Y109.219 E442.37079
G0 F6000 X47.616 Y109.841
G1 F1200 X59.789 Y122.014 E443.00063
G0 F6000 X59.789 Y122.636
G1 F1200 X47.616 Y110.464 E443.63044
G0 F6000 X47.616 Y111.086
G1 F1200 X59.789 Y123.259 E444.26028
G0 F6000 X59.789 Y123.882
G1 F1200 X47.616 Y111.708 E444.89015
G0 F6000 X47.616 Y112.33
G1 F1200 X59.789 Y124.504 E445.52001
G0 F6000 X59.789 Y125.126
G1 F1200 X47.616 Y112.953 E446.14985
G0 F6000 X47.616 Y113.575
G1 F1200 X59.789 Y125.748 E446.77969
G0 F6000 X59.789 Y126.371
G1 F1200 X47.616 Y114.197 E447.40955
G0 F6000 X47.616 Y114.819
G1 F1200 X59.789 Y126.993 E448.03942
G0 F6000 X59.789 Y127.615
G1 F1200 X47.616 Y115.442 E448.66926
G0 F6000 X47.616 Y116.064
G1 F1200 X59.789 Y128.237 E449.29909
G0 F6000 X59.789 Y128.86
G1 F1200 X47.616 Y116.686 E449.92896
G0 F6000 X47.616 Y117.308
G1 F1200 X59.789 Y129.482 E450.55882
G0 F6000 X59.789 Y130.104
G1 F1200 X47.616 Y117.931 E451.18866
G0 F6000 X47.616 Y118.553
G1 F1200 X59.789 Y130.726 E451.8185
G0 F6000 X59.789 Y131.349
G1 F1200 X47.616 Y119.175 E452.44836
G0 F6000 X47.616 Y119.797
G1 F1200 X59.789 Y131.971 E453.07823
G0 F6000 X59.789 Y132.593
G1 F1200 X47.616 Y120.42 E453.70807
G0 F6000 X47.616 Y121.042
G1 F1200 X59.79 Y133.216 E454.33796
G0 F6000 X59.79 Y133.838
G1 F1200 X47.616 Y121.664 E454.96785
G0 F6000 X47.616 Y122.286
G1 F1200 X59.79 Y134.461 E455.59777
G0 F6000 X59.79 Y135.083
G1 F1200 X47.616 Y122.909 E456.22766
G0 F6000 X47.616 Y123.531
G1 F1200 X59.79 Y135.705 E456.85755
G0 F6000 X59.79 Y136.327
G1 F1200 X47.616 Y124.153 E457.48744
G0 F6000 X47.616 Y124.775
G1 F1200 X59.79 Y136.95 E458.11735
G0 F6000 X59.79 Y137.572
G1 F1200 X47.616 Y125.398 E458.74724
G0 F6000 X47.616 Y126.02
G1 F1200 X59.79 Y138.194 E459.37713
G0 F6000 X59.79 Y138.816
G1 F1200 X47.616 Y126.642 E460.00702
G0 F6000 X47.616 Y127.264
G1 F1200 X59.79 Y139.439 E460.63694
G0 F6000 X59.79 Y140.061
G1 F1200 X47.616 Y127.887 E461.26683
G0 F6000 X47.616 Y128.509
G1 F1200 X59.79 Y140.683 E461.89672
G0 F6000 X59.79 Y141.305
G1 F1200 X47.616 Y129.131 E462.52661
G0 F6000 X47.616 Y129.753
G1 F1200 X59.79 Y141.928 E463.15653
G0 F6000 X59.814 Y142.574
G1 F1200 X47.616 Y130.376 E463.78766
G1 F1500 E461.78766
G0 F6000 X45.235 Y130.376
G0 X45.247 Y68.447
G0 X145.487 Y68.435
G0 X145.487 Y70.816
G1 F1500 E463.78766
G1 F1200 X172.384 Y97.714 E465.17935
G0 F6000 X172.384 Y97.091
G1 F1200 X146.109 Y70.816 E466.53884
G0 F6000 X146.731 Y70.816
G1 F1200 X172.384 Y96.469 E467.86614
G0 F6000 X172.384 Y95.847
G1 F1200 X147.353 Y70.816 E469.16126
G0 F6000 X147.976 Y70.816
G1 F1200 X172.384 Y95.225 E470.42417
G0 F6000 X172.384 Y94.602
G1 F1200 X148.598 Y70.816 E471.65487
G0 F6000 X149.22 Y70.816
G1 F1200 X172.384 Y93.98 E472.85339
G0 F6000 X172.384 Y93.358
G1 F1200 X149.842 Y70.816 E474.01973
G0 F6000 X150.465 Y70.816
G1 F1200 X172.384 Y92.736 E475.15386
G0 F6000 X172.384 Y92.113
G1 F1200 X151.087 Y70.816 E476.25578
G0 F6000 X151.709 Y70.816
G1 F1200 X172.384 Y91.491 E477.32552
G0 F6000 X172.384 Y90.869
G1 F1200 X152.331 Y70.816 E478.36307
G0 F6000 X152.954 Y70.816
G1 F1200 X172.384 Y90.247 E479.36842
G0 F6000 X172.384 Y89.624
G1 F1200 X153.576 Y70.816 E480.34156
G0 F6000 X154.198 Y70.816
G1 F1200 X172.384 Y89.002 E481.28251
G0 F6000 X172.384 Y88.38
G1 F1200 X154.82 Y70.816 E482.19128
G0 F6000 X155.443 Y70.816
G1 F1200 X172.384 Y87.758 E483.06785
G0 F6000 X172.384 Y87.135
G1 F1200 X156.065 Y70.816 E483.9122
G0 F6000 X156.687 Y70.816
G1 F1200 X172.384 Y86.513 E484.72438
G0 F6000 X172.384 Y85.891
G1 F1200 X157.309 Y70.816 E485.50437
G0 F6000 X157.932 Y70.816
G1 F1200 X172.384 Y85.269 E486.25215
G0 F6000 X172.384 Y84.646
G1 F1200 X158.554 Y70.816 E486.96772
G0 F6000 X159.176 Y70.816
G1 F1200 X172.384 Y84.024 E487.65111
G0 F6000 X172.384 Y83.402
G1 F1200 X159.798 Y70.816 E488.30232
G0 F6000 X160.421 Y70.816
G1 F1200 X172.384 Y82.78 E488.92132
G0 F6000 X172.384 Y82.157
G1 F1200 X161.043 Y70.816 E489.50811
G0 F6000 X161.665 Y70.816
G1 F1200 X172.384 Y81.535 E490.06271
G0 F6000 X172.384 Y80.913
G1 F1200 X162.287 Y70.816 E490.58514
G0 F6000 X162.91 Y70.816
G1 F1200 X172.384 Y80.291 E491.07536
G0 F6000 X172.384 Y79.668
G1 F1200 X163.532 Y70.816 E491.53336
G0 F6000 X164.154 Y70.816
G1 F1200 X172.384 Y79.046 E491.95919
G0 F6000 X172.384 Y78.424
G1 F1200 X164.776 Y70.816 E492.35283
G0 F6000 X165.399 Y70.816
G1 F1200 X172.384 Y77.802 E492.71427
G0 F6000 X172.384 Y77.179
G1 F1200 X166.021 Y70.816 E493.04349
G0 F6000 X166.643 Y70.816
G1 F1200 X172.384 Y76.557 E493.34053
G0 F6000 X172.384 Y75.935
G1 F1200 X167.265 Y70.816 E493.6054
G0 F6000 X167.888 Y70.816
G1 F1200 X172.384 Y75.313 E493.83805
G0 F6000 X172.384 Y74.69
G1 F1200 X168.51 Y70.816 E494.03849
G0 F6000 X169.132 Y70.816
G1 F1200 X172.384 Y74.068 E494.20675
G0 F6000 X172.384 Y73.446
G1 F1200 X169.754 Y70.816 E494.34283
G0 F6000 X170.377 Y70.816
G1 F1200 X172.384 Y72.824 E494.4467
G0 F6000 X172.384 Y72.201
G1 F1200 X170.999 Y70.816 E494.51836
G0 F6000 X171.621 Y70.816
G1 F1200 X172.384 Y71.579 E494.55784
G0 F6000 X172.384 Y70.957
G1 F1200 X172.243 Y70.816 E494.56513
G1 F1500 E492.56513
;MESH:NONMESH
G0 F300 Z0.36
G0 F6000 X172.243 Y68.435
G0 X40.288 Y60.574
;TIME_ELAPSED:732.388884
;LAYER:1
M106 S85
;TYPE:SKIRT
G1 F1500 E494.56513
G1 F1200 X41.064 Y60.111 E494.59158
G1 X41.878 Y59.718 E494.61804
G1 X42.724 Y59.398 E494.64451
G1 X43.595 Y59.155 E494.67098
G1 X44.483 Y58.989 E494.69742
G1 X45.623 Y58.893 E494.7309
G1 X46.23 Y58.88 E494.74867
G1 X173.393 Y58.88 E498.4706
G1 X174.237 Y58.891 E498.4953
G1 X175.14 Y58.944 E498.52178
G1 X176.034 Y59.076 E498.54823
G1 X176.913 Y59.287 E498.57469
G1 X177.77 Y59.575 E498.60115
G1 X178.598 Y59.938 E498.62761
G1 X179.391 Y60.372 E498.65407
G1 X180.143 Y60.874 E498.68053
G1 X180.847 Y61.441 E498.70699
G1 X181.498 Y62.068 E498.73344
G1 X182.091 Y62.75 E498.7599
G1 X182.622 Y63.482 E498.78636
G1 X183.086 Y64.258 E498.81283
G1 X183.479 Y65.072 E498.83928
G1 X183.799 Y65.917 E498.86573
G1 X184.044 Y66.788 E498.89221
G1 X184.21 Y67.676 E498.91865
G1 X184.307 Y68.823 E498.95234
G1 X184.32 Y69.43 E498.97011
G1 X184.319 Y150.305 E501.33724
G1 X184.309 Y151.032 E501.35852
G1 X184.257 Y151.934 E501.38496
G1 X184.125 Y152.828 E501.41141
G1 X183.914 Y153.707 E501.43787
G1 X183.627 Y154.565 E501.46435
G1 X183.265 Y155.393 E501.4908
G1 X182.831 Y156.186 E501.51726
G1 X182.329 Y156.938 E501.54372
G1 X181.763 Y157.642 E501.57016
G1 X181.136 Y158.294 E501.59664
G1 X180.454 Y158.888 E501.62311
G1 X179.723 Y159.419 E501.64955
G1 X178.947 Y159.883 E501.67602
G1 X178.134 Y160.277 E501.70246
G1 X177.288 Y160.598 E501.72894
G1 X176.418 Y160.842 E501.75539
G1 X175.53 Y161.009 E501.78184
G1 X174.377 Y161.107 E501.81571
G1 X173.77 Y161.12 E501.83348
G1 X46.461 Y161.119 E505.55967
G1 X45.763 Y161.109 E505.58011
G1 X44.86 Y161.056 E505.60658
G1 X43.966 Y160.924 E505.63303
G1 X43.087 Y160.713 E505.65949
G1 X42.23 Y160.425 E505.68595
G1 X41.402 Y160.062 E505.71241
G1 X40.609 Y159.628 E505.73887
G1 X39.857 Y159.126 E505.76533
G1 X39.153 Y158.559 E505.79179
G1 X38.502 Y157.932 E505.81825
G1 X37.909 Y157.25 E505.8447
G1 X37.378 Y156.518 E505.87117
G1 X36.914 Y155.742 E505.89763
G1 X36.521 Y154.928 E505.92409
G1 X36.201 Y154.083 E505.95053
G1 X35.956 Y153.212 E505.97702
G1 X35.79 Y152.324 E506.00346
G1 X35.693 Y151.167 E506.03744
G1 X35.68 Y150.558 E506.05527
G1 X35.681 Y69.62 E508.42424
G1 X35.691 Y68.955 E508.4437
G1 X35.745 Y68.053 E508.47015
G1 X35.878 Y67.159 E508.4966
G1 X36.089 Y66.28 E508.52306
G1 X36.378 Y65.423 E508.54953
G1 X36.741 Y64.595 E508.57599
G1 X37.176 Y63.803 E508.60244
G1 X37.679 Y63.052 E508.6289
G1 X38.246 Y62.348 E508.65536
G1 X38.874 Y61.697 E508.68183
G1 X39.556 Y61.104 E508.70828
G1 X40.288 Y60.574 E508.73473
G1 F1500 E506.73473
;MESH:SmartKiln_Frente.stl
G0 F7500 X110 Y143.236
;TYPE:WALL-INNER
G1 F1500 E508.73473
G1 X61.526 Y143.236 E510.15351
G1 X61.277 Y143.168 E510.16107
G1 X60.89 Y142.946 E510.17413
G1 X60.669 Y142.615 E510.18578
G1 X60.566 Y142.317 E510.19501
G1 X60.565 Y86.353 E511.83301
G1 X60.605 Y86.146 E511.83918
G1 X60.786 Y85.791 E511.85084
G1 X60.977 Y85.597 E511.85881
G1 X61.289 Y85.424 E511.86926
G1 X61.564 Y85.364 E511.87749
G1 X158.436 Y85.364 E514.71283
G1 X158.622 Y85.396 E514.71836
G1 X158.959 Y85.532 E514.72899
G1 X159.214 Y85.79 E514.73961
G1 X159.395 Y86.147 E514.75133
G1 X159.435 Y86.353 E514.75747
G1 X159.43 Y142.256 E516.39369
G1 X159.378 Y142.489 E516.40068
G1 X159.254 Y142.743 E516.40895
G1 X159.036 Y142.986 E516.4185
G1 X158.718 Y143.168 E516.42923
G1 X158.467 Y143.236 E516.43684
G1 X110 Y143.236 E517.85542
G0 F7500 X110 Y142.796
G1 F1500 X61.578 Y142.796 E519.27267
G1 X61.328 Y142.707 E519.28044
G1 X61.167 Y142.576 E519.28652
G1 X61.065 Y142.424 E519.29187
G1 X61.003 Y142.208 E519.29845
G1 X61 Y86.378 E520.93254
G1 X61.102 Y86.106 E520.94104
G1 X61.21 Y85.976 E520.94598
G1 X61.437 Y85.838 E520.95376
G1 X61.602 Y85.802 E520.9587
G1 X158.398 Y85.802 E523.79182
G1 X158.708 Y85.911 E523.80144
G1 X158.865 Y86.058 E523.80773
G1 X159 Y86.373 E523.81776
G1 X158.993 Y142.208 E525.45199
G1 X158.887 Y142.5 E525.46108
G1 X158.756 Y142.646 E525.46682
G1 X158.417 Y142.796 E525.47767
G1 X110 Y142.796 E526.89479
G1 F1500 E524.89479
G0 F7500 X110 Y149.8
G1 F1500 E526.89479
G1 X173 Y149.8 E528.73873
G1 X173 Y70.2 E531.06854
G1 X47 Y70.2 E534.75642
G1 X47 Y149.8 E537.08623
G1 X110 Y149.8 E538.93017
G0 F7500 X110 Y150.24
G1 F1500 X173.44 Y150.24 E540.78699
G1 X173.44 Y69.76 E543.14255
G1 X46.56 Y69.76 E546.85619
G1 X46.56 Y150.24 E549.21175
G1 X110 Y150.24 E551.06857
G0 F7500 X110 Y150.68
;TYPE:WALL-OUTER
G1 F1500 X173.88 Y150.68 E552.93827
G1 X173.88 Y69.32 E555.31959
G1 X46.12 Y69.32 E559.05899
G1 X46.12 Y150.68 E561.44031
G1 X110 Y150.68 E563.31001
G1 F1500 E561.31001
G0 F7500 X110 Y142.353
G1 F1500 E563.31001
G1 X61.62 Y142.353 E564.72604
G1 X61.495 Y142.283 E564.73023
G1 X61.444 Y142.183 E564.73352
G1 X61.44 Y86.394 E566.3664
G1 X61.552 Y86.267 E566.37136
G1 X61.64 Y86.24 E566.37405
G1 X158.36 Y86.24 E569.20494
G1 X158.448 Y86.267 E569.20763
G1 X158.56 Y86.394 E569.21259
G1 X158.555 Y142.21 E570.84626
G1 X158.374 Y142.353 E570.85302
G1 X110 Y142.353 E572.26887
G1 F1500 E570.26887
G0 F7500 X110 Y149.404
;TYPE:SKIN
G1 F1500 E572.26887
G1 X47.396 Y149.404 E574.10122
G1 X47.396 Y70.596 E576.40785
G1 X172.604 Y70.596 E580.07255
G1 X172.604 Y149.404 E582.37917
G1 X110 Y149.404 E584.21153
G1 F1500 E582.21153
G0 F7500 X110 Y143.63
G1 F1500 E584.21153
G1 X158.526 Y143.629 E585.63183
G1 X158.886 Y143.523 E585.64281
G1 X159.286 Y143.293 E585.65632
G1 X159.585 Y142.961 E585.6694
G1 X159.753 Y142.616 E585.68063
G1 X159.831 Y142.254 E585.69146
G1 X159.835 Y86.271 E587.33003
G1 X159.671 Y85.776 E587.34529
G1 X159.524 Y85.546 E587.35328
G1 X159.265 Y85.283 E587.36408
G1 X158.836 Y85.046 E587.37843
G1 X158.476 Y84.969 E587.3892
G1 X61.442 Y84.969 E590.22928
G1 X60.94 Y85.145 E590.24485
G1 X60.544 Y85.457 E590.25961
G1 X60.269 Y85.904 E590.27497
G1 X60.169 Y86.313 E590.28729
G1 X60.165 Y142.254 E591.92463
G1 X60.243 Y142.615 E591.93544
G1 X60.408 Y142.958 E591.94658
G1 X60.706 Y143.292 E591.95968
G1 X61.106 Y143.523 E591.9732
G1 X61.466 Y143.632 E591.98421
G1 X110 Y143.63 E593.40474
G1 F1500 E591.40474
G0 F7500 X172.383 Y148.7
G1 F1500 E593.40474
G1 X171.899 Y149.184 E593.42478
G0 F7500 X171.277 Y149.184
G1 F1500 X172.383 Y148.077 E593.47058
G0 F7500 X172.383 Y147.455
G1 F1500 X170.655 Y149.184 E593.54213
G0 F7500 X170.032 Y149.184
G1 F1500 X172.383 Y146.833 E593.63944
G0 F7500 X172.383 Y146.211
G1 F1500 X169.41 Y149.184 E593.7625
G0 F7500 X168.788 Y149.184
G1 F1500 X172.383 Y145.588 E593.91133
G0 F7500 X172.383 Y144.966
G1 F1500 X168.166 Y149.184 E594.0859
G0 F7500 X167.543 Y149.184
G1 F1500 X172.383 Y144.344 E594.28624
G0 F7500 X172.383 Y143.722
G1 F1500 X166.921 Y149.184 E594.51232
G0 F7500 X166.299 Y149.184
G1 F1500 X172.383 Y143.099 E594.76418
G0 F7500 X172.383 Y142.477
G1 F1500 X165.677 Y149.184 E595.04178
G0 F7500 X165.054 Y149.184
G1 F1500 X172.383 Y141.855 E595.34514
G0 F7500 X172.383 Y141.233
G1 F1500 X164.432 Y149.184 E595.67425
G0 F7500 X163.81 Y149.184
G1 F1500 X172.383 Y140.61 E596.02913
G0 F7500 X172.383 Y139.988
G1 F1500 X163.188 Y149.184 E596.40976
G0 F7500 X162.565 Y149.184
G1 F1500 X172.383 Y139.366 E596.81615
G0 F7500 X172.383 Y138.744
G1 F1500 X161.943 Y149.184 E597.24829
G0 F7500 X161.321 Y149.184
G1 F1500 X172.383 Y138.121 E597.70619
G0 F7500 X172.383 Y137.499
G1 F1500 X160.699 Y149.184 E598.18984
G0 F7500 X160.076 Y149.184
G1 F1500 X172.383 Y136.877 E598.69926
G0 F7500 X172.383 Y136.255
G1 F1500 X159.454 Y149.184 E599.23442
G0 F7500 X158.832 Y149.184
G1 F1500 X172.383 Y135.632 E599.79535
G0 F7500 X172.383 Y135.01
G1 F1500 X158.209 Y149.184 E600.38205
G0 F7500 X157.587 Y149.184
G1 F1500 X172.383 Y134.388 E600.99449
G0 F7500 X172.383 Y133.766
G1 F1500 X156.965 Y149.184 E601.63268
G0 F7500 X156.343 Y149.184
G1 F1500 X172.383 Y133.143 E602.29664
G0 F7500 X172.383 Y132.521
G1 F1500 X155.72 Y149.184 E602.98636
G0 F7500 X155.098 Y149.184
G1 F1500 X172.383 Y131.899 E603.70183
G0 F7500 X172.383 Y131.276
G1 F1500 X154.476 Y149.184 E604.44307
G0 F7500 X153.854 Y149.184
G1 F1500 X172.383 Y130.654 E605.21005
G0 F7500 X172.383 Y130.032
G1 F1500 X160.026 Y142.389 E605.72154
G0 F7500 X160.051 Y141.742
G1 F1500 X172.383 Y129.41 E606.23199
G0 F7500 X172.383 Y128.787
G1 F1500 X160.051 Y141.12 E606.74246
G0 F7500 X160.051 Y140.498
G1 F1500 X172.383 Y128.165 E607.25294
G0 F7500 X172.383 Y127.543
G1 F1500 X160.051 Y139.876 E607.76341
G0 F7500 X160.051 Y139.253
G1 F1500 X172.383 Y126.921 E608.27386
G0 F7500 X172.383 Y126.298
G1 F1500 X160.051 Y138.631 E608.78433
G0 F7500 X160.051 Y138.009
G1 F1500 X172.383 Y125.676 E609.29481
G0 F7500 X172.383 Y125.054
G1 F1500 X160.051 Y137.387 E609.80528
G0 F7500 X160.051 Y136.764
G1 F1500 X172.383 Y124.432 E610.31573
G0 F7500 X172.383 Y123.809
G1 F1500 X160.051 Y136.142 E610.82621
G0 F7500 X160.051 Y135.52
G1 F1500 X172.383 Y123.187 E611.33668
G0 F7500 X172.383 Y122.565
G1 F1500 X160.051 Y134.898 E611.84715
G0 F7500 X160.051 Y134.275
G1 F1500 X172.383 Y121.943 E612.3576
G0 F7500 X172.383 Y121.32
G1 F1500 X160.051 Y133.653 E612.86808
G0 F7500 X160.051 Y133.031
G1 F1500 X172.383 Y120.698 E613.37855
G0 F7500 X172.383 Y120.076
G1 F1500 X160.051 Y132.408 E613.889
G0 F7500 X160.051 Y131.786
G1 F1500 X172.383 Y119.454 E614.39946
G0 F7500 X172.383 Y118.831
G1 F1500 X160.051 Y131.163 E614.90991
G0 F7500 X160.051 Y130.541
G1 F1500 X172.383 Y118.209 E615.42036
G0 F7500 X172.383 Y117.587
G1 F1500 X160.051 Y129.919 E615.93081
G0 F7500 X160.051 Y129.297
G1 F1500 X172.383 Y116.965 E616.44126
G0 F7500 X172.383 Y116.342
G1 F1500 X160.051 Y128.674 E616.95172
G0 F7500 X160.051 Y128.052
G1 F1500 X172.383 Y115.72 E617.46217
G0 F7500 X172.383 Y115.098
G1 F1500 X160.051 Y127.43 E617.97262
G0 F7500 X160.051 Y126.808
G1 F1500 X172.383 Y114.476 E618.48307
G0 F7500 X172.383 Y113.853
G1 F1500 X160.051 Y126.185 E618.99353
G0 F7500 X160.051 Y125.563
G1 F1500 X172.383 Y113.231 E619.50398
G0 F7500 X172.383 Y112.609
G1 F1500 X160.051 Y124.941 E620.01443
G0 F7500 X160.051 Y124.319
G1 F1500 X172.383 Y111.987 E620.52488
G0 F7500 X172.383 Y111.364
G1 F1500 X160.051 Y123.696 E621.03534
G0 F7500 X160.052 Y123.073
G1 F1500 X172.383 Y110.742 E621.54575
G0 F7500 X172.383 Y110.12
G1 F1500 X160.052 Y122.451 E622.05616
G0 F7500 X160.052 Y121.829
G1 F1500 X172.383 Y109.498 E622.56657
G0 F7500 X172.383 Y108.875
G1 F1500 X160.052 Y121.207 E623.077
G0 F7500 X160.052 Y120.584
G1 F1500 X172.383 Y108.253 E623.58741
G0 F7500 X172.383 Y107.631
G1 F1500 X160.052 Y119.962 E624.09782
G0 F7500 X160.052 Y119.34
G1 F1500 X172.383 Y107.009 E624.60823
G0 F7500 X172.383 Y106.386
G1 F1500 X160.052 Y118.718 E625.11866
G0 F7500 X160.052 Y118.095
G1 F1500 X172.383 Y105.764 E625.62908
G0 F7500 X172.383 Y105.142
G1 F1500 X160.052 Y117.473 E626.13949
G0 F7500 X160.052 Y116.851
G1 F1500 X172.383 Y104.52 E626.6499
G0 F7500 X172.383 Y103.897
G1 F1500 X160.052 Y116.229 E627.16033
G0 F7500 X160.052 Y115.606
G1 F1500 X172.383 Y103.275 E627.67074
G0 F7500 X172.383 Y102.653
G1 F1500 X160.052 Y114.984 E628.18115
G0 F7500 X160.052 Y114.362
G1 F1500 X172.383 Y102.031 E628.69156
G0 F7500 X172.383 Y101.408
G1 F1500 X160.053 Y113.739 E629.20195
G0 F7500 X160.053 Y113.117
G1 F1500 X172.383 Y100.786 E629.71234
G0 F7500 X172.383 Y100.164
G1 F1500 X160.053 Y112.494 E630.22271
G0 F7500 X160.053 Y111.872
G1 F1500 X172.383 Y99.542 E630.73308
G0 F7500 X172.383 Y98.919
G1 F1500 X160.053 Y111.25 E631.24347
G0 F7500 X160.053 Y110.628
G1 F1500 X172.383 Y98.297 E631.75386
G0 F7500 X172.383 Y97.675
G1 F1500 X160.053 Y110.005 E632.26423
G0 F7500 X160.053 Y109.383
G1 F1500 X172.383 Y97.053 E632.7746
G0 F7500 X172.383 Y96.43
G1 F1500 X160.053 Y108.761 E633.28499
G0 F7500 X160.053 Y108.139
G1 F1500 X172.383 Y95.808 E633.79538
G0 F7500 X172.383 Y95.186
G1 F1500 X160.053 Y107.516 E634.30575
G0 F7500 X160.053 Y106.894
G1 F1500 X172.383 Y94.564 E634.81612
G0 F7500 X172.383 Y93.941
G1 F1500 X160.053 Y106.272 E635.32651
G0 F7500 X160.053 Y105.65
G1 F1500 X172.383 Y93.319 E635.8369
G0 F7500 X172.383 Y92.697
G1 F1500 X160.053 Y105.027 E636.34727
G0 F7500 X160.054 Y104.404
G1 F1500 X172.383 Y92.074 E636.85762
G0 F7500 X172.383 Y91.452
G1 F1500 X160.054 Y103.782 E637.36797
G0 F7500 X160.054 Y103.16
G1 F1500 X172.383 Y90.83 E637.87832
G0 F7500 X172.383 Y90.208
G1 F1500 X160.054 Y102.538 E638.38867
G0 F7500 X160.054 Y101.915
G1 F1500 X172.383 Y89.585 E638.89901
G0 F7500 X172.383 Y88.963
G1 F1500 X160.054 Y101.293 E639.40936
G0 F7500 X160.054 Y100.671
G1 F1500 X172.383 Y88.341 E639.91971
G0 F7500 X172.383 Y87.719
G1 F1500 X160.054 Y100.049 E640.43006
G0 F7500 X160.054 Y99.426
G1 F1500 X172.383 Y87.096 E640.94041
G0 F7500 X172.383 Y86.474
G1 F1500 X160.054 Y98.804 E641.45076
G0 F7500 X160.054 Y98.182
G1 F1500 X172.383 Y85.852 E641.96111
G0 F7500 X172.383 Y85.23
G1 F1500 X160.054 Y97.56 E642.47146
G0 F7500 X160.054 Y96.937
G1 F1500 X172.383 Y84.607 E642.98181
G0 F7500 X172.383 Y83.985
G1 F1500 X160.054 Y96.315 E643.49215
G0 F7500 X160.054 Y95.693
G1 F1500 X172.383 Y83.363 E644.0025
G0 F7500 X172.383 Y82.741
G1 F1500 X160.054 Y95.07 E644.51283
G0 F7500 X160.054 Y94.448
G1 F1500 X172.383 Y82.118 E645.02318
G0 F7500 X172.383 Y81.496
G1 F1500 X160.054 Y93.825 E645.53351
G0 F7500 X160.054 Y93.203
G1 F1500 X172.383 Y80.874 E646.04384
G0 F7500 X172.383 Y80.252
G1 F1500 X160.054 Y92.581 E646.55417
G0 F7500 X160.054 Y91.959
G1 F1500 X172.383 Y79.629 E647.06451
G0 F7500 X172.383 Y79.007
G1 F1500 X160.054 Y91.336 E647.57484
G0 F7500 X160.054 Y90.714
G1 F1500 X172.383 Y78.385 E648.08517
G0 F7500 X172.383 Y77.763
G1 F1500 X160.054 Y90.092 E648.5955
G0 F7500 X160.054 Y89.47
G1 F1500 X172.383 Y77.14 E649.10585
G0 F7500 X172.383 Y76.518
G1 F1500 X160.054 Y88.847 E649.61618
G0 F7500 X160.054 Y88.225
G1 F1500 X172.383 Y75.896 E650.1265
G0 F7500 X172.383 Y75.274
G1 F1500 X160.054 Y87.603 E650.63683
G0 F7500 X160.054 Y86.98
G1 F1500 X172.383 Y74.651 E651.14716
G0 F7500 X172.383 Y74.029
G1 F1500 X160.054 Y86.358 E651.65749
G0 F7500 X159.931 Y85.86
G1 F1500 X172.383 Y73.407 E652.17293
G0 F7500 X172.383 Y72.785
G1 F1500 X159.721 Y85.447 E652.69704
G0 F7500 X159.421 Y85.125
G1 F1500 X172.383 Y72.162 E653.23359
G0 F7500 X172.383 Y71.54
G1 F1500 X159.025 Y84.898 E653.78651
G0 F7500 X158.542 Y84.759
G1 F1500 X172.383 Y70.918 E654.35942
G0 F7500 X171.863 Y70.816
G1 F1500 X157.929 Y84.75 E654.93619
G0 F7500 X157.307 Y84.75
G1 F1500 X171.241 Y70.816 E655.51295
G0 F7500 X170.619 Y70.816
G1 F1500 X156.684 Y84.75 E656.08973
G0 F7500 X156.062 Y84.75
G1 F1500 X169.996 Y70.816 E656.6665
G0 F7500 X169.374 Y70.816
G1 F1500 X155.44 Y84.75 E657.24326
G0 F7500 X154.817 Y84.75
G1 F1500 X168.752 Y70.816 E657.82005
G0 F7500 X168.129 Y70.816
G1 F1500 X154.195 Y84.75 E658.39681
G0 F7500 X153.573 Y84.75
G1 F1500 X167.507 Y70.816 E658.97357
G0 F7500 X166.885 Y70.816
G1 F1500 X152.951 Y84.75 E659.55033
G0 F7500 X152.328 Y84.75
G1 F1500 X166.263 Y70.816 E660.12712
G0 F7500 X165.64 Y70.816
G1 F1500 X151.706 Y84.75 E660.70388
G0 F7500 X151.084 Y84.75
G1 F1500 X165.018 Y70.816 E661.28064
G0 F7500 X164.396 Y70.816
G1 F1500 X150.462 Y84.75 E661.85741
G0 F7500 X149.839 Y84.75
G1 F1500 X163.774 Y70.816 E662.43419
G0 F7500 X163.151 Y70.816
G1 F1500 X149.217 Y84.75 E663.01095
G0 F7500 X148.595 Y84.75
G1 F1500 X162.529 Y70.816 E663.58772
G0 F7500 X161.907 Y70.816
G1 F1500 X147.973 Y84.75 E664.16448
G0 F7500 X147.35 Y84.75
G1 F1500 X161.285 Y70.816 E664.74126
G0 F7500 X160.662 Y70.816
G1 F1500 X146.728 Y84.75 E665.31803
G0 F7500 X146.106 Y84.75
G1 F1500 X160.04 Y70.816 E665.89479
G0 F7500 X159.418 Y70.816
G1 F1500 X145.484 Y84.75 E666.47155
G0 F7500 X144.861 Y84.75
G1 F1500 X158.796 Y70.816 E667.04834
G0 F7500 X158.173 Y70.816
G1 F1500 X144.24 Y84.75 E667.62508
G0 F7500 X143.618 Y84.75
G1 F1500 X157.551 Y70.816 E668.20182
G0 F7500 X156.929 Y70.816
G1 F1500 X142.995 Y84.75 E668.77859
G0 F7500 X142.373 Y84.75
G1 F1500 X156.307 Y70.816 E669.35535
G0 F7500 X155.684 Y70.816
G1 F1500 X141.751 Y84.75 E669.93209
G0 F7500 X141.129 Y84.75
G1 F1500 X155.062 Y70.816 E670.50883
G0 F7500 X154.44 Y70.816
G1 F1500 X140.506 Y84.75 E671.0856
G0 F7500 X139.884 Y84.75
G1 F1500 X153.818 Y70.816 E671.66236
G0 F7500 X153.195 Y70.816
G1 F1500 X139.262 Y84.75 E672.2391
G0 F7500 X138.64 Y84.75
G1 F1500 X152.573 Y70.816 E672.81584
G0 F7500 X151.951 Y70.816
G1 F1500 X138.017 Y84.75 E673.39261
G0 F7500 X137.395 Y84.75
G1 F1500 X151.329 Y70.816 E673.96937
G0 F7500 X150.706 Y70.816
G1 F1500 X136.773 Y84.75 E674.54611
G0 F7500 X136.151 Y84.75
G1 F1500 X150.084 Y70.816 E675.12286
G0 F7500 X149.462 Y70.816
G1 F1500 X135.528 Y84.75 E675.69962
G0 F7500 X134.906 Y84.75
G1 F1500 X148.84 Y70.816 E676.27638
G0 F7500 X148.217 Y70.816
G1 F1500 X134.284 Y84.75 E676.85312
G0 F7500 X133.662 Y84.75
G1 F1500 X147.595 Y70.816 E677.42987
G0 F7500 X146.973 Y70.816
G1 F1500 X133.039 Y84.75 E678.00663
G0 F7500 X132.417 Y84.75
G1 F1500 X146.351 Y70.816 E678.58339
G0 F7500 X145.728 Y70.816
G1 F1500 X131.795 Y84.75 E679.16014
G0 F7500 X131.173 Y84.75
G1 F1500 X145.106 Y70.816 E679.73688
G0 F7500 X144.484 Y70.816
G1 F1500 X130.551 Y84.749 E680.3136
G0 F7500 X129.929 Y84.749
G1 F1500 X143.862 Y70.816 E680.89032
G0 F7500 X143.239 Y70.816
G1 F1500 X129.306 Y84.749 E681.46704
G0 F7500 X128.684 Y84.749
G1 F1500 X142.617 Y70.816 E682.04377
G0 F7500 X141.995 Y70.816
G1 F1500 X128.062 Y84.749 E682.62049
G0 F7500 X127.44 Y84.749
G1 F1500 X141.373 Y70.816 E683.19721
G0 F7500 X140.75 Y70.816
G1 F1500 X126.817 Y84.749 E683.77393
G0 F7500 X126.195 Y84.749
G1 F1500 X140.128 Y70.816 E684.35065
G0 F7500 X139.506 Y70.816
G1 F1500 X125.573 Y84.749 E684.92737
G0 F7500 X124.951 Y84.749
G1 F1500 X138.884 Y70.816 E685.5041
G0 F7500 X138.261 Y70.816
G1 F1500 X124.328 Y84.749 E686.08082
G0 F7500 X123.706 Y84.749
G1 F1500 X137.639 Y70.816 E686.65754
G0 F7500 X137.017 Y70.816
G1 F1500 X123.084 Y84.749 E687.23426
G0 F7500 X122.462 Y84.749
G1 F1500 X136.395 Y70.816 E687.81098
G0 F7500 X135.772 Y70.816
G1 F1500 X121.839 Y84.749 E688.3877
G0 F7500 X121.217 Y84.749
G1 F1500 X135.15 Y70.816 E688.96443
G0 F7500 X134.528 Y70.816
G1 F1500 X120.595 Y84.749 E689.54115
G0 F7500 X119.973 Y84.749
G1 F1500 X133.906 Y70.816 E690.11787
G0 F7500 X133.283 Y70.816
G1 F1500 X119.35 Y84.749 E690.69459
G0 F7500 X118.728 Y84.749
G1 F1500 X132.661 Y70.816 E691.27131
G0 F7500 X132.039 Y70.816
G1 F1500 X118.106 Y84.749 E691.84803
G0 F7500 X117.484 Y84.749
G1 F1500 X131.417 Y70.816 E692.42476
G0 F7500 X130.794 Y70.816
G1 F1500 X116.862 Y84.748 E693.00144
G0 F7500 X116.24 Y84.748
G1 F1500 X130.172 Y70.816 E693.57812
G0 F7500 X129.55 Y70.816
G1 F1500 X115.618 Y84.748 E694.1548
G0 F7500 X114.995 Y84.748
G1 F1500 X128.927 Y70.816 E694.73148
G0 F7500 X128.305 Y70.816
G1 F1500 X114.373 Y84.748 E695.30816
G0 F7500 X113.751 Y84.748
G1 F1500 X127.683 Y70.816 E695.88484
G0 F7500 X127.061 Y70.816
G1 F1500 X113.129 Y84.748 E696.46152
G0 F7500 X112.506 Y84.748
G1 F1500 X126.438 Y70.816 E697.0382
G0 F7500 X125.816 Y70.816
G1 F1500 X111.884 Y84.748 E697.61488
G0 F7500 X111.262 Y84.748
G1 F1500 X125.194 Y70.816 E698.19156
G0 F7500 X124.572 Y70.816
G1 F1500 X110.64 Y84.748 E698.76824
G0 F7500 X110.017 Y84.748
G1 F1500 X123.949 Y70.816 E699.34492
G0 F7500 X123.327 Y70.816
G1 F1500 X109.395 Y84.748 E699.9216
G0 F7500 X108.773 Y84.748
G1 F1500 X122.705 Y70.816 E700.49828
G0 F7500 X122.083 Y70.816
G1 F1500 X108.151 Y84.748 E701.07496
G0 F7500 X107.528 Y84.748
G1 F1500 X121.46 Y70.816 E701.65164
G0 F7500 X120.838 Y70.816
G1 F1500 X106.906 Y84.748 E702.22832
G0 F7500 X106.284 Y84.748
G1 F1500 X120.216 Y70.816 E702.805
G0 F7500 X119.594 Y70.816
G1 F1500 X105.662 Y84.748 E703.38168
G0 F7500 X105.039 Y84.748
G1 F1500 X118.971 Y70.816 E703.95836
G0 F7500 X118.349 Y70.816
G1 F1500 X104.417 Y84.748 E704.53504
G0 F7500 X103.795 Y84.748
G1 F1500 X117.727 Y70.816 E705.11172
G0 F7500 X117.105 Y70.816
G1 F1500 X103.173 Y84.748 E705.6884
G0 F7500 X102.551 Y84.747
G1 F1500 X116.482 Y70.816 E706.26504
G0 F7500 X115.86 Y70.816
G1 F1500 X101.929 Y84.747 E706.84168
G0 F7500 X101.306 Y84.747
G1 F1500 X115.238 Y70.816 E707.41834
G0 F7500 X114.616 Y70.816
G1 F1500 X100.684 Y84.747 E707.995
G0 F7500 X100.062 Y84.747
G1 F1500 X113.993 Y70.816 E708.57164
G0 F7500 X113.371 Y70.816
G1 F1500 X99.44 Y84.747 E709.14828
G0 F7500 X98.817 Y84.747
G1 F1500 X112.749 Y70.816 E709.72494
G0 F7500 X112.127 Y70.816
G1 F1500 X98.195 Y84.747 E710.3016
G0 F7500 X97.573 Y84.747
G1 F1500 X111.504 Y70.816 E710.87824
G0 F7500 X110.882 Y70.816
G1 F1500 X96.951 Y84.747 E711.45488
G0 F7500 X96.328 Y84.747
G1 F1500 X110.26 Y70.816 E712.03154
G0 F7500 X109.638 Y70.816
G1 F1500 X95.706 Y84.747 E712.6082
G0 F7500 X95.084 Y84.747
G1 F1500 X109.015 Y70.816 E713.18483
G0 F7500 X108.393 Y70.816
G1 F1500 X94.462 Y84.747 E713.76147
G0 F7500 X93.839 Y84.747
G1 F1500 X107.771 Y70.816 E714.33813
G0 F7500 X107.149 Y70.816
G1 F1500 X93.217 Y84.747 E714.91479
G0 F7500 X92.595 Y84.747
G1 F1500 X106.526 Y70.816 E715.49143
G0 F7500 X105.904 Y70.816
G1 F1500 X91.973 Y84.747 E716.06807
G0 F7500 X91.35 Y84.747
G1 F1500 X105.282 Y70.816 E716.64473
G0 F7500 X104.66 Y70.816
G1 F1500 X90.728 Y84.747 E717.22139
G0 F7500 X90.106 Y84.747
G1 F1500 X104.037 Y70.816 E717.79803
G0 F7500 X103.415 Y70.816
G1 F1500 X89.484 Y84.747 E718.37467
G0 F7500 X88.862 Y84.747
G1 F1500 X102.793 Y70.816 E718.95131
G0 F7500 X102.171 Y70.816
G1 F1500 X88.24 Y84.747 E719.52795
G0 F7500 X87.618 Y84.747
G1 F1500 X101.548 Y70.816 E720.10456
G0 F7500 X100.926 Y70.816
G1 F1500 X86.995 Y84.747 E720.6812
G0 F7500 X86.373 Y84.747
G1 F1500 X100.304 Y70.816 E721.25784
G0 F7500 X99.682 Y70.816
G1 F1500 X85.751 Y84.747 E721.83448
G0 F7500 X85.129 Y84.747
G1 F1500 X99.059 Y70.816 E722.4111
G0 F7500 X98.437 Y70.816
G1 F1500 X84.506 Y84.747 E722.98774
G0 F7500 X83.884 Y84.747
G1 F1500 X97.815 Y70.816 E723.56438
G0 F7500 X97.193 Y70.816
G1 F1500 X83.262 Y84.747 E724.14102
G0 F7500 X82.64 Y84.747
G1 F1500 X96.57 Y70.816 E724.71763
G0 F7500 X95.948 Y70.816
G1 F1500 X82.017 Y84.747 E725.29427
G0 F7500 X81.395 Y84.747
G1 F1500 X95.326 Y70.816 E725.87091
G0 F7500 X94.704 Y70.816
G1 F1500 X80.773 Y84.747 E726.44755
G0 F7500 X80.151 Y84.747
G1 F1500 X94.081 Y70.816 E727.02417
G0 F7500 X93.459 Y70.816
G1 F1500 X79.528 Y84.747 E727.60081
G0 F7500 X78.906 Y84.747
G1 F1500 X92.837 Y70.816 E728.17745
G0 F7500 X92.215 Y70.816
G1 F1500 X78.284 Y84.747 E728.75409
G0 F7500 X77.662 Y84.747
G1 F1500 X91.592 Y70.816 E729.3307
G0 F7500 X90.97 Y70.816
G1 F1500 X77.039 Y84.747 E729.90734
G0 F7500 X76.417 Y84.747
G1 F1500 X90.348 Y70.816 E730.48398
G0 F7500 X89.725 Y70.816
G1 F1500 X75.795 Y84.747 E731.0606
G0 F7500 X75.173 Y84.746
G1 F1500 X89.103 Y70.816 E731.6372
G0 F7500 X88.481 Y70.816
G1 F1500 X74.551 Y84.746 E732.2138
G0 F7500 X73.929 Y84.746
G1 F1500 X87.859 Y70.816 E732.79039
G0 F7500 X87.236 Y70.816
G1 F1500 X73.306 Y84.746 E733.36699
G0 F7500 X72.684 Y84.746
G1 F1500 X86.614 Y70.816 E733.94359
G0 F7500 X85.992 Y70.816
G1 F1500 X72.062 Y84.746 E734.52019
G0 F7500 X71.44 Y84.746
G1 F1500 X85.37 Y70.816 E735.09678
G0 F7500 X84.747 Y70.816
G1 F1500 X70.817 Y84.746 E735.67338
G0 F7500 X70.195 Y84.746
G1 F1500 X84.125 Y70.816 E736.24998
G0 F7500 X83.503 Y70.816
G1 F1500 X69.573 Y84.746 E736.82658
G0 F7500 X68.951 Y84.746
G1 F1500 X82.881 Y70.816 E737.40317
G0 F7500 X82.258 Y70.816
G1 F1500 X68.328 Y84.746 E737.97977
G0 F7500 X67.706 Y84.746
G1 F1500 X81.636 Y70.816 E738.55637
G0 F7500 X81.014 Y70.816
G1 F1500 X67.084 Y84.746 E739.13297
G0 F7500 X66.462 Y84.746
G1 F1500 X80.392 Y70.816 E739.70956
G0 F7500 X79.769 Y70.816
G1 F1500 X65.839 Y84.746 E740.28616
G0 F7500 X65.217 Y84.746
G1 F1500 X79.147 Y70.816 E740.86276
G0 F7500 X78.525 Y70.816
G1 F1500 X64.595 Y84.746 E741.43936
G0 F7500 X63.973 Y84.746
G1 F1500 X77.903 Y70.816 E742.01595
G0 F7500 X77.28 Y70.816
G1 F1500 X63.35 Y84.746 E742.59255
G0 F7500 X62.728 Y84.746
G1 F1500 X76.658 Y70.816 E743.16915
G0 F7500 X76.036 Y70.816
G1 F1500 X62.106 Y84.746 E743.74575
G0 F7500 X61.484 Y84.746
G1 F1500 X75.414 Y70.816 E744.32234
G0 F7500 X74.791 Y70.816
G1 F1500 X47.617 Y97.991 E745.44716
G0 F7500 X47.617 Y98.613
G1 F1500 X59.953 Y86.276 E745.9578
G0 F7500 X59.953 Y86.898
G1 F1500 X47.617 Y99.235 E746.46844
G0 F7500 X47.617 Y99.858
G1 F1500 X59.953 Y87.521 E746.97908
G0 F7500 X59.953 Y88.143
G1 F1500 X47.617 Y100.48 E747.48972
G0 F7500 X47.617 Y101.102
G1 F1500 X59.953 Y88.765 E748.00036
G0 F7500 X59.953 Y89.387
G1 F1500 X47.617 Y101.724 E748.511
G0 F7500 X47.617 Y102.347
G1 F1500 X59.953 Y90.01 E749.02163
G0 F7500 X59.953 Y90.632
G1 F1500 X47.617 Y102.969 E749.53227
G0 F7500 X47.617 Y103.591
G1 F1500 X59.953 Y91.255 E750.04289
G0 F7500 X59.953 Y91.877
G1 F1500 X47.617 Y104.213 E750.55351
G0 F7500 X47.617 Y104.836
G1 F1500 X59.953 Y92.499 E751.06415
G0 F7500 X59.953 Y93.122
G1 F1500 X47.617 Y105.458 E751.57477
G0 F7500 X47.617 Y106.08
G1 F1500 X59.953 Y93.744 E752.08538
G0 F7500 X59.953 Y94.366
G1 F1500 X47.617 Y106.702 E752.596
G0 F7500 X47.617 Y107.325
G1 F1500 X59.953 Y94.988 E753.10664
G0 F7500 X59.952 Y95.611
G1 F1500 X47.617 Y107.947 E753.61724
G0 F7500 X47.617 Y108.569
G1 F1500 X59.952 Y96.234 E754.12781
G0 F7500 X59.952 Y96.856
G1 F1500 X47.617 Y109.191 E754.63839
G0 F7500 X47.617 Y109.814
G1 F1500 X59.952 Y97.478 E755.14899
G0 F7500 X59.952 Y98.1
G1 F1500 X47.617 Y110.436 E755.65958
G0 F7500 X47.617 Y111.058
G1 F1500 X59.952 Y98.723 E756.17016
G0 F7500 X59.952 Y99.345
G1 F1500 X47.617 Y111.68 E756.68074
G0 F7500 X47.617 Y112.303
G1 F1500 X59.952 Y99.967 E757.19134
G0 F7500 X59.951 Y100.59
G1 F1500 X47.617 Y112.925 E757.70189
G0 F7500 X47.617 Y113.547
G1 F1500 X59.951 Y101.212 E758.21245
G0 F7500 X59.951 Y101.835
G1 F1500 X47.617 Y114.169 E758.72298
G0 F7500 X47.617 Y114.792
G1 F1500 X59.951 Y102.457 E759.23354
G0 F7500 X59.951 Y103.079
G1 F1500 X47.617 Y115.414 E759.74409
G0 F7500 X47.617 Y116.036
G1 F1500 X59.951 Y103.701 E760.25465
G0 F7500 X59.951 Y104.324
G1 F1500 X47.617 Y116.658 E760.76518
G0 F7500 X47.617 Y117.281
G1 F1500 X59.951 Y104.947 E761.27572
G0 F7500 X59.951 Y105.569
G1 F1500 X47.617 Y117.903 E761.78625
G0 F7500 X47.617 Y118.525
G1 F1500 X59.951 Y106.191 E762.29679
G0 F7500 X59.951 Y106.813
G1 F1500 X47.617 Y119.147 E762.80732
G0 F7500 X47.617 Y119.77
G1 F1500 X59.951 Y107.436 E763.31786
G0 F7500 X59.951 Y108.058
G1 F1500 X47.617 Y120.392 E763.8284
G0 F7500 X47.617 Y121.014
G1 F1500 X59.951 Y108.68 E764.33893
G0 F7500 X59.951 Y109.302
G1 F1500 X47.617 Y121.637 E764.84949
G0 F7500 X47.617 Y122.259
G1 F1500 X59.95 Y109.925 E765.36
G0 F7500 X59.95 Y110.548
G1 F1500 X47.617 Y122.881 E765.87049
G0 F7500 X47.617 Y123.503
G1 F1500 X59.95 Y111.17 E766.38099
G0 F7500 X59.95 Y111.792
G1 F1500 X47.617 Y124.126 E766.8915
G0 F7500 X47.617 Y124.748
G1 F1500 X59.95 Y112.414 E767.40202
G0 F7500 X59.95 Y113.037
G1 F1500 X47.617 Y125.37 E767.91251
G0 F7500 X47.617 Y125.992
G1 F1500 X59.95 Y113.659 E768.423
G0 F7500 X59.949 Y114.282
G1 F1500 X47.617 Y126.615 E768.93348
G0 F7500 X47.617 Y127.237
G1 F1500 X59.949 Y114.904 E769.44395
G0 F7500 X59.949 Y115.526
G1 F1500 X47.617 Y127.859 E769.95442
G0 F7500 X47.617 Y128.481
G1 F1500 X59.949 Y116.149 E770.46488
G0 F7500 X59.949 Y116.771
G1 F1500 X47.617 Y129.104 E770.97535
G0 F7500 X47.617 Y129.726
G1 F1500 X59.949 Y117.393 E771.48582
G0 F7500 X59.949 Y118.015
G1 F1500 X47.617 Y130.348 E771.99629
G0 F7500 X47.617 Y130.97
G1 F1500 X59.949 Y118.638 E772.50675
G0 F7500 X59.949 Y119.261
G1 F1500 X47.617 Y131.593 E773.0172
G0 F7500 X47.617 Y132.215
G1 F1500 X59.949 Y119.883 E773.52765
G0 F7500 X59.949 Y120.505
G1 F1500 X47.617 Y132.837 E774.0381
G0 F7500 X47.617 Y133.459
G1 F1500 X59.949 Y121.127 E774.54856
G0 F7500 X59.949 Y121.75
G1 F1500 X47.617 Y134.082 E775.05901
G0 F7500 X47.617 Y134.704
G1 F1500 X59.949 Y122.372 E775.56946
G0 F7500 X59.949 Y122.994
G1 F1500 X47.617 Y135.326 E776.07991
G0 F7500 X47.617 Y135.948
G1 F1500 X59.948 Y123.617 E776.59032
G0 F7500 X59.948 Y124.239
G1 F1500 X47.617 Y136.571 E777.10076
G0 F7500 X47.617 Y137.193
G1 F1500 X59.948 Y124.862 E777.61117
G0 F7500 X59.948 Y125.484
G1 F1500 X47.617 Y137.815 E778.12158
G0 F7500 X47.617 Y138.437
G1 F1500 X59.948 Y126.106 E778.63199
G0 F7500 X59.948 Y126.728
G1 F1500 X47.617 Y139.06 E779.14242
G0 F7500 X47.617 Y139.682
G1 F1500 X59.948 Y127.351 E779.65283
G0 F7500 X59.948 Y127.973
G1 F1500 X47.617 Y140.304 E780.16324
G0 F7500 X47.617 Y140.926
G1 F1500 X59.947 Y128.596 E780.67361
G0 F7500 X59.947 Y129.218
G1 F1500 X47.617 Y141.549 E781.184
G0 F7500 X47.617 Y142.171
G1 F1500 X59.947 Y129.84 E781.69439
G0 F7500 X59.947 Y130.463
G1 F1500 X47.617 Y142.793 E782.20476
G0 F7500 X47.617 Y143.415
G1 F1500 X59.947 Y131.085 E782.71513
G0 F7500 X59.947 Y131.707
G1 F1500 X47.617 Y144.038 E783.22552
G0 F7500 X47.617 Y144.66
G1 F1500 X59.947 Y132.329 E783.73591
G0 F7500 X59.946 Y132.952
G1 F1500 X47.617 Y145.282 E784.24626
G0 F7500 X47.617 Y145.904
G1 F1500 X59.946 Y133.575 E784.75659
G0 F7500 X59.946 Y134.197
G1 F1500 X47.617 Y146.527 E785.26694
G0 F7500 X47.617 Y147.149
G1 F1500 X59.946 Y134.819 E785.77729
G0 F7500 X59.946 Y135.441
G1 F1500 X47.617 Y147.771 E786.28764
G0 F7500 X47.617 Y148.393
G1 F1500 X59.946 Y136.064 E786.79796
G0 F7500 X59.946 Y136.686
G1 F1500 X47.617 Y149.016 E787.30831
G0 F7500 X48.071 Y149.184
G1 F1500 X59.946 Y137.308 E787.79987
G0 F7500 X59.946 Y137.931
G1 F1500 X48.693 Y149.184 E788.26566
G0 F7500 X49.315 Y149.184
G1 F1500 X59.946 Y138.553 E788.7057
G0 F7500 X59.946 Y139.176
G1 F1500 X49.937 Y149.184 E789.11998
G0 F7500 X50.56 Y149.184
G1 F1500 X59.946 Y139.798 E789.50849
G0 F7500 X59.946 Y140.42
G1 F1500 X51.182 Y149.184 E789.87125
G0 F7500 X51.804 Y149.184
G1 F1500 X59.946 Y141.042 E790.20827
G0 F7500 X59.946 Y141.665
G1 F1500 X52.426 Y149.184 E790.51952
G0 F7500 X53.049 Y149.184
G1 F1500 X59.946 Y142.286 E790.80503
G0 F7500 X60.078 Y142.777
G1 F1500 X53.671 Y149.184 E791.07023
G0 F7500 X54.293 Y149.184
G1 F1500 X60.306 Y143.171 E791.31912
G0 F7500 X60.608 Y143.491
G1 F1500 X54.915 Y149.184 E791.55477
G0 F7500 X55.538 Y149.184
G1 F1500 X61.004 Y143.717 E791.78104
G0 F7500 X61.493 Y143.851
G1 F1500 X56.16 Y149.184 E792.00179
G0 F7500 X56.782 Y149.184
G1 F1500 X62.115 Y143.851 E792.22253
G0 F7500 X62.737 Y143.851
G1 F1500 X57.404 Y149.184 E792.44328
G0 F7500 X58.027 Y149.184
G1 F1500 X63.36 Y143.851 E792.66403
G0 F7500 X63.982 Y143.851
G1 F1500 X58.649 Y149.184 E792.88477
G0 F7500 X59.271 Y149.184
G1 F1500 X64.604 Y143.851 E793.10552
G0 F7500 X65.226 Y143.851
G1 F1500 X59.893 Y149.184 E793.32626
G0 F7500 X60.516 Y149.184
G1 F1500 X65.849 Y143.851 E793.54701
G0 F7500 X66.471 Y143.851
G1 F1500 X61.138 Y149.184 E793.76776
G0 F7500 X61.76 Y149.184
G1 F1500 X67.093 Y143.851 E793.9885
G0 F7500 X67.715 Y143.851
G1 F1500 X62.382 Y149.184 E794.20925
G0 F7500 X63.005 Y149.184
G1 F1500 X68.338 Y143.851 E794.43
G0 F7500 X68.96 Y143.851
G1 F1500 X63.627 Y149.184 E794.65074
G0 F7500 X64.249 Y149.184
G1 F1500 X69.582 Y143.851 E794.87149
G0 F7500 X70.204 Y143.851
G1 F1500 X64.871 Y149.184 E795.09223
G0 F7500 X65.494 Y149.184
G1 F1500 X70.827 Y143.851 E795.31298
G0 F7500 X71.449 Y143.851
G1 F1500 X66.116 Y149.184 E795.53373
G0 F7500 X66.738 Y149.184
G1 F1500 X72.071 Y143.851 E795.75447
G0 F7500 X72.693 Y143.851
G1 F1500 X67.36 Y149.184 E795.97522
G0 F7500 X67.983 Y149.184
G1 F1500 X73.316 Y143.851 E796.19597
G0 F7500 X73.939 Y143.85
G1 F1500 X68.605 Y149.184 E796.41675
G0 F7500 X69.227 Y149.184
G1 F1500 X74.561 Y143.85 E796.63754
G0 F7500 X75.183 Y143.85
G1 F1500 X69.849 Y149.184 E796.85833
G0 F7500 X70.472 Y149.184
G1 F1500 X75.805 Y143.85 E797.0791
G0 F7500 X76.428 Y143.85
G1 F1500 X71.094 Y149.184 E797.29988
G0 F7500 X71.716 Y149.184
G1 F1500 X77.05 Y143.85 E797.52067
G0 F7500 X77.672 Y143.85
G1 F1500 X72.338 Y149.184 E797.74146
G0 F7500 X72.961 Y149.184
G1 F1500 X78.294 Y143.85 E797.96223
G0 F7500 X78.917 Y143.85
G1 F1500 X73.583 Y149.184 E798.18301
G0 F7500 X74.205 Y149.184
G1 F1500 X79.539 Y143.85 E798.4038
G0 F7500 X80.161 Y143.85
G1 F1500 X74.827 Y149.184 E798.62459
G0 F7500 X75.45 Y149.184
G1 F1500 X80.783 Y143.85 E798.84535
G0 F7500 X81.406 Y143.85
G1 F1500 X76.072 Y149.184 E799.06614
G0 F7500 X76.694 Y149.184
G1 F1500 X82.028 Y143.85 E799.28693
G0 F7500 X82.65 Y143.85
G1 F1500 X77.316 Y149.184 E799.50772
G0 F7500 X77.939 Y149.184
G1 F1500 X83.272 Y143.85 E799.72848
G0 F7500 X83.895 Y143.85
G1 F1500 X78.561 Y149.184 E799.94927
G0 F7500 X79.183 Y149.184
G1 F1500 X84.517 Y143.85 E800.17006
G0 F7500 X85.139 Y143.85
G1 F1500 X79.805 Y149.184 E800.39085
G0 F7500 X80.428 Y149.184
G1 F1500 X85.762 Y143.85 E800.61163
G0 F7500 X86.384 Y143.85
G1 F1500 X81.05 Y149.184 E800.83242
G0 F7500 X81.672 Y149.184
G1 F1500 X87.007 Y143.85 E801.05323
G0 F7500 X87.629 Y143.85
G1 F1500 X82.295 Y149.184 E801.27402
G0 F7500 X82.917 Y149.184
G1 F1500 X88.251 Y143.85 E801.49481
G0 F7500 X88.873 Y143.85
G1 F1500 X83.539 Y149.184 E801.71559
G0 F7500 X84.161 Y149.184
G1 F1500 X89.496 Y143.85 E801.9364
G0 F7500 X90.118 Y143.85
G1 F1500 X84.784 Y149.184 E802.15719
G0 F7500 X85.406 Y149.184
G1 F1500 X90.74 Y143.85 E802.37798
G0 F7500 X91.362 Y143.85
G1 F1500 X86.028 Y149.184 E802.59876
G0 F7500 X86.65 Y149.184
G1 F1500 X91.985 Y143.85 E802.81957
G0 F7500 X92.607 Y143.85
G1 F1500 X87.273 Y149.184 E803.04036
G0 F7500 X87.895 Y149.184
G1 F1500 X93.229 Y143.85 E803.26115
G0 F7500 X93.851 Y143.85
G1 F1500 X88.517 Y149.184 E803.48194
G0 F7500 X89.139 Y149.184
G1 F1500 X94.474 Y143.85 E803.70274
G0 F7500 X95.096 Y143.85
G1 F1500 X89.762 Y149.184 E803.92353
G0 F7500 X90.384 Y149.184
G1 F1500 X95.718 Y143.85 E804.14432
G0 F7500 X96.34 Y143.85
G1 F1500 X91.006 Y149.184 E804.36511
G0 F7500 X91.628 Y149.184
G1 F1500 X96.963 Y143.85 E804.58592
G0 F7500 X97.585 Y143.85
G1 F1500 X92.251 Y149.184 E804.8067
G0 F7500 X92.873 Y149.184
G1 F1500 X98.208 Y143.849 E805.02753
G0 F7500 X98.83 Y143.849
G1 F1500 X93.495 Y149.184 E805.24836
G0 F7500 X94.117 Y149.184
G1 F1500 X99.452 Y143.849 E805.46919
G0 F7500 X100.075 Y143.849
G1 F1500 X94.74 Y149.184 E805.69002
G0 F7500 X95.362 Y149.184
G1 F1500 X100.697 Y143.849 E805.91085
G0 F7500 X101.319 Y143.849
G1 F1500 X95.984 Y149.184 E806.13168
G0 F7500 X96.606 Y149.184
G1 F1500 X101.941 Y143.849 E806.35251
G0 F7500 X102.564 Y143.849
G1 F1500 X97.229 Y149.184 E806.57333
G0 F7500 X97.851 Y149.184
G1 F1500 X103.186 Y143.849 E806.79416
G0 F7500 X103.808 Y143.849
G1 F1500 X98.473 Y149.184 E807.01499
G0 F7500 X99.095 Y149.184
G1 F1500 X104.43 Y143.849 E807.23582
G0 F7500 X105.053 Y143.849
G1 F1500 X99.718 Y149.184 E807.45665
G0 F7500 X100.34 Y149.184
G1 F1500 X105.675 Y143.849 E807.67748
G0 F7500 X106.297 Y143.849
G1 F1500 X100.962 Y149.184 E807.89831
G0 F7500 X101.584 Y149.184
G1 F1500 X106.919 Y143.849 E808.11914
G0 F7500 X107.542 Y143.849
G1 F1500 X102.207 Y149.184 E808.33997
G0 F7500 X102.829 Y149.184
G1 F1500 X108.164 Y143.849 E808.5608
G0 F7500 X108.786 Y143.849
G1 F1500 X103.451 Y149.184 E808.78162
G0 F7500 X104.073 Y149.184
G1 F1500 X109.409 Y143.849 E809.00247
G0 F7500 X110.031 Y143.848
G1 F1500 X104.696 Y149.184 E809.22332
G0 F7500 X105.318 Y149.184
G1 F1500 X110.654 Y143.848 E809.44419
G0 F7500 X111.276 Y143.848
G1 F1500 X105.94 Y149.184 E809.66507
G0 F7500 X106.562 Y149.184
G1 F1500 X111.898 Y143.848 E809.88594
G0 F7500 X112.52 Y143.848
G1 F1500 X107.185 Y149.184 E810.10679
G0 F7500 X107.807 Y149.184
G1 F1500 X113.143 Y143.848 E810.32766
G0 F7500 X113.765 Y143.848
G1 F1500 X108.429 Y149.184 E810.54853
G0 F7500 X109.051 Y149.184
G1 F1500 X114.387 Y143.848 E810.7694
G0 F7500 X115.01 Y143.848
G1 F1500 X109.674 Y149.184 E810.99027
G0 F7500 X110.296 Y149.184
G1 F1500 X115.632 Y143.848 E811.21114
G0 F7500 X116.254 Y143.848
G1 F1500 X110.918 Y149.184 E811.43201
G0 F7500 X111.54 Y149.184
G1 F1500 X116.876 Y143.848 E811.65288
G0 F7500 X117.499 Y143.848
G1 F1500 X112.163 Y149.184 E811.87375
G0 F7500 X112.785 Y149.184
G1 F1500 X118.121 Y143.848 E812.09462
G0 F7500 X118.743 Y143.848
G1 F1500 X113.407 Y149.184 E812.31549
G0 F7500 X114.029 Y149.184
G1 F1500 X119.365 Y143.848 E812.53636
G0 F7500 X119.988 Y143.848
G1 F1500 X114.652 Y149.184 E812.75723
G0 F7500 X115.274 Y149.184
G1 F1500 X120.61 Y143.848 E812.9781
G0 F7500 X121.232 Y143.848
G1 F1500 X115.896 Y149.184 E813.19897
G0 F7500 X116.518 Y149.184
G1 F1500 X121.854 Y143.848 E813.41984
G0 F7500 X122.477 Y143.847
G1 F1500 X117.141 Y149.184 E813.64073
G0 F7500 X117.763 Y149.184
G1 F1500 X123.1 Y143.847 E813.86164
G0 F7500 X123.722 Y143.847
G1 F1500 X118.385 Y149.184 E814.08256
G0 F7500 X119.007 Y149.184
G1 F1500 X124.344 Y143.847 E814.30347
G0 F7500 X124.966 Y143.847
G1 F1500 X119.63 Y149.184 E814.52436
G0 F7500 X120.252 Y149.184
G1 F1500 X125.589 Y143.847 E814.74527
G0 F7500 X126.211 Y143.847
G1 F1500 X120.874 Y149.184 E814.96618
G0 F7500 X121.497 Y149.184
G1 F1500 X126.833 Y143.847 E815.18707
G0 F7500 X127.455 Y143.847
G1 F1500 X122.119 Y149.184 E815.40796
G0 F7500 X122.741 Y149.184
G1 F1500 X128.078 Y143.847 E815.62888
G0 F7500 X128.7 Y143.847
G1 F1500 X123.363 Y149.184 E815.84979
G0 F7500 X123.986 Y149.184
G1 F1500 X129.322 Y143.847 E816.07068
G0 F7500 X129.944 Y143.847
G1 F1500 X124.608 Y149.184 E816.29157
G0 F7500 X125.23 Y149.184
G1 F1500 X130.567 Y143.847 E816.51248
G0 F7500 X131.189 Y143.847
G1 F1500 X125.852 Y149.184 E816.73339
G0 F7500 X126.475 Y149.184
G1 F1500 X131.811 Y143.847 E816.95428
G0 F7500 X132.433 Y143.847
G1 F1500 X127.097 Y149.184 E817.17518
G0 F7500 X127.719 Y149.184
G1 F1500 X133.056 Y143.847 E817.39609
G0 F7500 X133.678 Y143.847
G1 F1500 X128.341 Y149.184 E817.617
G0 F7500 X128.964 Y149.184
G1 F1500 X134.301 Y143.847 E817.83791
G0 F7500 X134.923 Y143.847
G1 F1500 X129.586 Y149.184 E818.05882
G0 F7500 X130.208 Y149.184
G1 F1500 X135.545 Y143.847 E818.27973
G0 F7500 X136.168 Y143.847
G1 F1500 X130.83 Y149.184 E818.50067
G0 F7500 X131.453 Y149.184
G1 F1500 X136.79 Y143.847 E818.72158
G0 F7500 X137.412 Y143.847
G1 F1500 X132.075 Y149.184 E818.94249
G0 F7500 X132.697 Y149.184
G1 F1500 X138.034 Y143.847 E819.1634
G0 F7500 X138.657 Y143.847
G1 F1500 X133.319 Y149.184 E819.38434
G0 F7500 X133.942 Y149.184
G1 F1500 X139.279 Y143.847 E819.60525
G0 F7500 X139.901 Y143.847
G1 F1500 X134.564 Y149.184 E819.82616
G0 F7500 X135.186 Y149.184
G1 F1500 X140.523 Y143.847 E820.04707
G0 F7500 X141.146 Y143.847
G1 F1500 X135.808 Y149.184 E820.268
G0 F7500 X136.431 Y149.184
G1 F1500 X141.768 Y143.847 E820.48891
G0 F7500 X142.39 Y143.847
G1 F1500 X137.053 Y149.184 E820.70983
G0 F7500 X137.675 Y149.184
G1 F1500 X143.012 Y143.847 E820.93074
G0 F7500 X143.635 Y143.847
G1 F1500 X138.297 Y149.184 E821.15167
G0 F7500 X138.92 Y149.184
G1 F1500 X144.257 Y143.847 E821.37258
G0 F7500 X144.879 Y143.847
G1 F1500 X139.542 Y149.184 E821.59349
G0 F7500 X140.164 Y149.184
G1 F1500 X145.501 Y143.847 E821.81441
G0 F7500 X146.124 Y143.847
G1 F1500 X140.786 Y149.184 E822.03534
G0 F7500 X141.409 Y149.184
G1 F1500 X146.747 Y143.846 E822.25629
G0 F7500 X147.369 Y143.846
G1 F1500 X142.031 Y149.184 E822.47724
G0 F7500 X142.653 Y149.184
G1 F1500 X147.991 Y143.846 E822.6982
G0 F7500 X148.613 Y143.846
G1 F1500 X143.275 Y149.184 E822.91915
G0 F7500 X143.898 Y149.184
G1 F1500 X149.236 Y143.846 E823.1401
G0 F7500 X149.858 Y143.846
G1 F1500 X144.52 Y149.184 E823.36106
G0 F7500 X145.142 Y149.184
G1 F1500 X150.48 Y143.846 E823.58201
G0 F7500 X151.102 Y143.846
G1 F1500 X145.764 Y149.184 E823.80296
G0 F7500 X146.387 Y149.184
G1 F1500 X151.725 Y143.846 E824.02392
G0 F7500 X152.347 Y143.846
G1 F1500 X147.009 Y149.184 E824.24487
G0 F7500 X147.631 Y149.184
G1 F1500 X152.969 Y143.846 E824.46582
G0 F7500 X153.591 Y143.846
G1 F1500 X148.253 Y149.184 E824.68678
G0 F7500 X148.876 Y149.184
G1 F1500 X154.214 Y143.846 E824.90773
G0 F7500 X154.836 Y143.846
G1 F1500 X149.498 Y149.184 E825.12868
G0 F7500 X150.12 Y149.184
G1 F1500 X155.458 Y143.846 E825.34964
G0 F7500 X156.08 Y143.846
G1 F1500 X150.742 Y149.184 E825.57059
G0 F7500 X151.365 Y149.184
G1 F1500 X156.703 Y143.846 E825.79154
G0 F7500 X157.325 Y143.846
G1 F1500 X151.987 Y149.184 E826.0125
G0 F7500 X152.609 Y149.184
G1 F1500 X157.947 Y143.846 E826.23345
G0 F7500 X158.572 Y143.843
G1 F1500 X153.231 Y149.184 E826.45453
G1 F1500 E824.45453
G0 F7500 X153.231 Y151.565
G0 X174.753 Y151.553
G0 X174.753 Y68.447
G0 X74.169 Y68.435
G0 X74.169 Y70.816
G1 F1500 E826.45453
G1 X47.617 Y97.369 E827.5536
G0 F7500 X47.617 Y96.746
G1 F1500 X73.547 Y70.816 E828.62691
G0 F7500 X72.925 Y70.816
G1 F1500 X47.617 Y96.124 E829.67447
G0 F7500 X47.617 Y95.502
G1 F1500 X72.302 Y70.816 E830.69626
G0 F7500 X71.68 Y70.816
G1 F1500 X47.617 Y94.88 E831.69231
G0 F7500 X47.617 Y94.257
G1 F1500 X71.058 Y70.816 E832.66259
G0 F7500 X70.436 Y70.816
G1 F1500 X47.617 Y93.635 E833.60713
G0 F7500 X47.617 Y93.013
G1 F1500 X69.813 Y70.816 E834.5259
G0 F7500 X69.191 Y70.816
G1 F1500 X47.617 Y92.391 E835.41892
G0 F7500 X47.617 Y91.768
G1 F1500 X68.569 Y70.816 E836.28618
G0 F7500 X67.947 Y70.816
G1 F1500 X47.617 Y91.146 E837.12769
G0 F7500 X47.617 Y90.524
G1 F1500 X67.324 Y70.816 E837.94343
G0 F7500 X66.702 Y70.816
G1 F1500 X47.617 Y89.902 E838.73343
G0 F7500 X47.617 Y89.279
G1 F1500 X66.08 Y70.816 E839.49766
G0 F7500 X65.458 Y70.816
G1 F1500 X47.617 Y88.657 E840.23614
G0 F7500 X47.617 Y88.035
G1 F1500 X64.835 Y70.816 E840.94886
G0 F7500 X64.213 Y70.816
G1 F1500 X47.617 Y87.413 E841.63583
G0 F7500 X47.617 Y86.79
G1 F1500 X63.591 Y70.816 E842.29703
G0 F7500 X62.969 Y70.816
G1 F1500 X47.617 Y86.168 E842.93249
G0 F7500 X47.617 Y85.546
G1 F1500 X62.346 Y70.816 E843.54218
G0 F7500 X61.724 Y70.816
G1 F1500 X47.617 Y84.924 E844.12612
G0 F7500 X47.617 Y84.301
G1 F1500 X61.102 Y70.816 E844.6843
G0 F7500 X60.48 Y70.816
G1 F1500 X47.617 Y83.679 E845.21673
G0 F7500 X47.617 Y83.057
G1 F1500 X59.857 Y70.816 E845.7234
G0 F7500 X59.235 Y70.816
G1 F1500 X47.617 Y82.435 E846.20432
G0 F7500 X47.617 Y81.812
G1 F1500 X58.613 Y70.816 E846.65947
G0 F7500 X57.991 Y70.816
G1 F1500 X47.617 Y81.19 E847.08887
G0 F7500 X47.617 Y80.568
G1 F1500 X57.368 Y70.816 E847.49251
G0 F7500 X56.746 Y70.816
G1 F1500 X47.617 Y79.945 E847.87039
G0 F7500 X47.617 Y79.323
G1 F1500 X56.124 Y70.816 E848.22251
G0 F7500 X55.502 Y70.816
G1 F1500 X47.617 Y78.701 E848.54889
G0 F7500 X47.617 Y78.079
G1 F1500 X54.879 Y70.816 E848.8495
G0 F7500 X54.257 Y70.816
G1 F1500 X47.617 Y77.456 E849.12435
G0 F7500 X47.617 Y76.834
G1 F1500 X53.635 Y70.816 E849.37345
G0 F7500 X53.013 Y70.816
G1 F1500 X47.617 Y76.212 E849.59681
G0 F7500 X47.617 Y75.59
G1 F1500 X52.39 Y70.816 E849.79439
G0 F7500 X51.768 Y70.816
G1 F1500 X47.617 Y74.967 E849.96621
G0 F7500 X47.617 Y74.345
G1 F1500 X51.146 Y70.816 E850.11229
G0 F7500 X50.523 Y70.816
G1 F1500 X47.617 Y73.723 E850.23259
G0 F7500 X47.617 Y73.101
G1 F1500 X49.901 Y70.816 E850.32716
G0 F7500 X49.279 Y70.816
G1 F1500 X47.617 Y72.478 E850.39595
G0 F7500 X47.617 Y71.856
G1 F1500 X48.657 Y70.816 E850.439
G0 F7500 X48.034 Y70.816
G1 F1500 X47.617 Y71.234 E850.45628
G1 F1500 E848.45628
;MESH:NONMESH
G0 F300 Z0.52
G0 F7500 X45.235 Y71.234
G0 X40.288 Y60.574
;TIME_ELAPSED:1279.364933
;LAYER:2
M106 S170
;TYPE:SKIRT
G1 F1500 E850.45628
G1 F1200 X41.064 Y60.111 E850.48273
G1 X41.878 Y59.718 E850.50918
G1 X42.724 Y59.398 E850.53566
G1 X43.595 Y59.155 E850.56212
G1 X44.483 Y58.989 E850.58857
G1 X45.623 Y58.893 E850.62205
G1 X46.23 Y58.88 E850.63982
G1 X173.393 Y58.88 E854.36174
G1 X174.237 Y58.891 E854.38645
G1 X175.14 Y58.944 E854.41292
G1 X176.034 Y59.076 E854.43937
G1 X176.913 Y59.287 E854.46583
G1 X177.77 Y59.575 E854.49229
G1 X178.598 Y59.938 E854.51876
G1 X179.391 Y60.372 E854.54521
G1 X180.143 Y60.874 E854.57168
G1 X180.847 Y61.441 E854.59814
G1 X181.498 Y62.068 E854.62459
G1 X182.091 Y62.75 E854.65104
G1 X182.622 Y63.482 E854.67751
G1 X183.086 Y64.258 E854.70397
G1 X183.479 Y65.072 E854.73043
G1 X183.799 Y65.917 E854.75688
G1 X184.044 Y66.788 E854.78336
G1 X184.21 Y67.676 E854.8098
G1 X184.307 Y68.823 E854.84349
G1 X184.32 Y69.43 E854.86126
G1 X184.319 Y150.305 E857.22839
G1 X184.309 Y151.032 E857.24967
G1 X184.257 Y151.934 E857.27611
G1 X184.125 Y152.828 E857.30256
G1 X183.914 Y153.707 E857.32902
G1 X183.627 Y154.565 E857.3555
G1 X183.265 Y155.393 E857.38195
G1 X182.831 Y156.186 E857.40841
G1 X182.329 Y156.938 E857.43487
G1 X181.763 Y157.642 E857.46131
G1 X181.136 Y158.294 E857.48779
G1 X180.454 Y158.888 E857.51426
G1 X179.723 Y159.419 E857.5407
G1 X178.947 Y159.883 E857.56716
G1 X178.134 Y160.277 E857.59361
G1 X177.288 Y160.598 E857.62009
G1 X176.418 Y160.842 E857.64654
G1 X175.53 Y161.009 E857.67298
G1 X174.377 Y161.107 E857.70685
G1 X173.77 Y161.12 E857.72462
G1 X46.461 Y161.119 E861.45082
G1 X45.763 Y161.109 E861.47125
G1 X44.86 Y161.056 E861.49773
G1 X43.966 Y160.924 E861.52418
G1 X43.087 Y160.713 E861.55064
G1 X42.23 Y160.425 E861.5771
G1 X41.402 Y160.062 E861.60356
G1 X40.609 Y159.628 E861.63002
G1 X39.857 Y159.126 E861.65648
G1 X39.153 Y158.559 E861.68294
G1 X38.502 Y157.932 E861.70939
G1 X37.909 Y157.25 E861.73585
G1 X37.378 Y156.518 E861.76231
G1 X36.914 Y155.742 E861.78878
G1 X36.521 Y154.928 E861.81523
G1 X36.201 Y154.083 E861.84168
G1 X35.956 Y153.212 E861.86816
G1 X35.79 Y152.324 E861.8946
G1 X35.693 Y151.167 E861.92859
G1 X35.68 Y150.558 E861.94641
G1 X35.681 Y69.62 E864.31538
G1 X35.691 Y68.955 E864.33485
G1 X35.745 Y68.053 E864.3613
G1 X35.878 Y67.159 E864.38775
G1 X36.089 Y66.28 E864.41421
G1 X36.378 Y65.423 E864.44068
G1 X36.741 Y64.595 E864.46714
G1 X37.176 Y63.803 E864.49359
G1 X37.679 Y63.052 E864.52004
G1 X38.246 Y62.348 E864.5465
G1 X38.874 Y61.697 E864.57298
G1 X39.556 Y61.104 E864.59943
G1 X40.288 Y60.574 E864.62588
G1 F1500 E862.62588
;MESH:SmartKiln_Frente.stl
G0 F9000 X110 Y143.076
;TYPE:WALL-INNER
G1 F1500 E864.62588
G1 F1800 X61.688 Y143.076 E866.03992
G1 X61.44 Y143.009 E866.04744
G1 X61.125 Y142.83 E866.05804
G1 X60.906 Y142.589 E866.06757
G1 X60.78 Y142.338 E866.07579
G1 X60.72 Y142.074 E866.08372
G1 X60.725 Y86.513 E867.70993
G1 X60.799 Y86.209 E867.71909
G1 X61.006 Y85.879 E867.73049
G1 X61.351 Y85.605 E867.74338
G1 X61.724 Y85.524 E867.75456
G1 X158.276 Y85.524 E870.58053
G1 X158.463 Y85.556 E870.58608
G1 X158.794 Y85.706 E870.59672
G1 X159.054 Y85.951 E870.60717
G1 X159.235 Y86.307 E870.61886
G1 X159.276 Y86.513 E870.62501
G1 X159.276 Y142.063 E872.2509
G1 X159.216 Y142.337 E872.25911
G1 X159.09 Y142.589 E872.26735
G1 X158.871 Y142.829 E872.27686
G1 X158.556 Y143.009 E872.28748
G1 X158.306 Y143.076 E872.29506
G1 X110 Y143.076 E873.70892
G0 F9000 X110 Y142.636
G1 F1800 X61.74 Y142.636 E875.12144
G1 X61.491 Y142.549 E875.12916
G1 X61.33 Y142.419 E875.13522
G1 X61.196 Y142.193 E875.14291
G1 X61.164 Y142.054 E875.14708
G1 X61.163 Y86.556 E876.77145
G1 X61.207 Y86.373 E876.77696
G1 X61.331 Y86.175 E876.7838
G1 X61.497 Y86.044 E876.78998
G1 X61.762 Y85.962 E876.7981
G1 X158.238 Y85.962 E879.62185
G1 X158.404 Y85.998 E879.62682
G1 X158.59 Y86.102 E879.63306
G1 X158.738 Y86.266 E879.63953
G1 X158.838 Y86.556 E879.64851
G1 X158.832 Y142.054 E881.27287
G1 X158.725 Y142.344 E881.28192
G1 X158.593 Y142.488 E881.28764
G1 X158.257 Y142.636 E881.29838
G1 X110 Y142.636 E882.71081
G1 F1500 E880.71081
G0 F9000 X110 Y149.799
G1 F1500 E882.71081
G1 F1800 X173 Y149.8 E884.55475
G1 X173 Y70.2 E886.88456
G1 X47 Y70.2 E890.57244
G1 X47.001 Y149.799 E892.90222
G1 X110 Y149.799 E894.74613
G0 F9000 X110 Y150.24
G1 F1800 X173.44 Y150.24 E896.60295
G1 X173.44 Y69.76 E898.95852
G1 X46.56 Y69.76 E902.67216
G1 X46.561 Y150.239 E905.02769
G1 X110 Y150.24 E906.88448
G0 F9000 X110 Y150.68
;TYPE:WALL-OUTER
G1 F1800 X173.88 Y150.68 E908.75418
G1 X173.88 Y69.32 E911.1355
G1 X46.12 Y69.32 E914.8749
G1 X46.121 Y150.679 E917.25619
G1 X110 Y150.68 E919.12586
G1 F1500 E917.12586
G0 F9000 X110 Y142.193
G1 F1500 E919.12586
G1 F1800 X61.781 Y142.193 E920.53717
G1 X61.681 Y142.147 E920.5404
G1 X61.601 Y142.002 E920.54524
G1 X61.604 Y86.577 E922.16747
G1 X61.657 Y86.471 E922.17094
G1 X61.8 Y86.4 E922.17561
G1 X158.237 Y86.4 E924.99822
G1 X158.343 Y86.471 E925.00195
G1 X158.4 Y86.598 E925.00603
G1 X158.395 Y142.052 E926.62911
G1 X158.214 Y142.193 E926.63582
G1 X110 Y142.193 E928.04699
G1 F1500 E926.04699
G0 F9000 X110 Y149.402
;TYPE:SKIN
G1 F1500 E928.04699
G1 F1800 X47.397 Y149.4 E929.87932
G1 X47.396 Y70.596 E932.18582
G1 X172.604 Y70.596 E935.85053
G1 X172.604 Y149.404 E938.15715
G1 X110 Y149.402 E939.9895
G1 F1500 E937.9895
G0 F9000 X110 Y143.47
G1 F1500 E939.9895
G1 F1800 X158.362 Y143.469 E941.40501
G1 X158.702 Y143.378 E941.41531
G1 X159.121 Y143.137 E941.42946
G1 X159.415 Y142.815 E941.44222
G1 X159.588 Y142.466 E941.45362
G1 X159.671 Y142.108 E941.46438
G1 X159.668 Y86.474 E943.09272
G1 X159.61 Y86.184 E943.10138
G1 X159.446 Y85.823 E943.11298
G1 X159.275 Y85.599 E943.12123
G1 X158.928 Y85.321 E943.13425
G1 X158.704 Y85.215 E943.1415
G1 X158.338 Y85.132 E943.15248
G1 X61.684 Y85.129 E945.98144
G1 X61.186 Y85.26 E945.99651
G1 X60.794 Y85.522 E946.01031
G1 X60.488 Y85.931 E946.02526
G1 X60.383 Y86.191 E946.03347
G1 X60.326 Y86.598 E946.0455
G1 X60.325 Y142.112 E947.67033
G1 X60.401 Y142.446 E947.68036
G1 X60.577 Y142.812 E947.69225
G1 X60.872 Y143.139 E947.70514
G1 X61.271 Y143.364 E947.71854
G1 X61.631 Y143.472 E947.72955
G1 X110 Y143.47 E949.14525
G1 F1500 E947.14525
G0 F9000 X47.752 Y149.18
G1 F1500 E949.14525
G1 F1800 X47.616 Y149.043 E949.1509
G0 F9000 X47.616 Y148.421
G1 F1800 X48.375 Y149.18 E949.18232
G0 F9000 X48.997 Y149.18
G1 F1800 X47.616 Y147.799 E949.23948
G0 F9000 X47.616 Y147.176
G1 F1800 X49.619 Y149.18 E949.32241
G0 F9000 X50.241 Y149.18
G1 F1800 X47.616 Y146.554 E949.43109
G0 F9000 X47.616 Y145.932
G1 F1800 X50.864 Y149.18 E949.56553
G0 F9000 X51.486 Y149.18
G1 F1800 X47.616 Y145.31 E949.72572
G0 F9000 X47.616 Y144.687
G1 F1800 X52.108 Y149.18 E949.91168
G0 F9000 X52.73 Y149.18
G1 F1800 X47.616 Y144.065 E950.12338
G0 F9000 X47.616 Y143.443
G1 F1800 X53.353 Y149.18 E950.36085
G0 F9000 X53.975 Y149.18
G1 F1800 X47.616 Y142.821 E950.62406
G0 F9000 X47.616 Y142.198
G1 F1800 X54.597 Y149.18 E950.91304
G0 F9000 X55.219 Y149.18
G1 F1800 X47.616 Y141.576 E951.22777
G0 F9000 X47.616 Y140.954
G1 F1800 X55.842 Y149.18 E951.56827
G0 F9000 X56.464 Y149.18
G1 F1800 X47.616 Y140.332 E951.93451
G0 F9000 X47.616 Y139.709
G1 F1800 X57.086 Y149.18 E952.32652
G0 F9000 X57.708 Y149.18
G1 F1800 X47.616 Y139.087 E952.74427
G0 F9000 X47.616 Y138.465
G1 F1800 X58.331 Y149.18 E953.18779
G0 F9000 X58.953 Y149.18
G1 F1800 X47.616 Y137.843 E953.65706
G0 F9000 X47.616 Y137.22
G1 F1800 X59.575 Y149.18 E954.15209
G0 F9000 X60.197 Y149.18
G1 F1800 X47.616 Y136.598 E954.67287
G0 F9000 X47.616 Y135.976
G1 F1800 X60.82 Y149.18 E955.21942
G0 F9000 X61.442 Y149.18
G1 F1800 X47.616 Y135.354 E955.79171
G0 F9000 X47.616 Y134.731
G1 F1800 X62.064 Y149.18 E956.38977
G0 F9000 X62.686 Y149.18
G1 F1800 X47.616 Y134.109 E957.01358
G0 F9000 X47.616 Y133.487
G1 F1800 X63.309 Y149.18 E957.66315
G0 F9000 X63.931 Y149.18
G1 F1800 X47.616 Y132.865 E958.33847
G0 F9000 X47.616 Y132.242
G1 F1800 X64.553 Y149.18 E959.03955
G0 F9000 X65.175 Y149.18
G1 F1800 X47.616 Y131.62 E959.76638
G0 F9000 X47.616 Y130.998
G1 F1800 X65.798 Y149.18 E960.51898
G0 F9000 X66.42 Y149.18
G1 F1800 X47.616 Y130.376 E961.29733
G0 F9000 X47.616 Y129.753
G1 F1800 X60.139 Y142.277 E961.81571
G0 F9000 X60.108 Y141.624
G1 F1800 X47.616 Y129.131 E962.3328
G0 F9000 X47.616 Y128.509
G1 F1800 X60.108 Y141.001 E962.84988
G0 F9000 X60.108 Y140.379
G1 F1800 X47.616 Y127.887 E963.36695
G0 F9000 X47.616 Y127.264
G1 F1800 X60.108 Y139.757 E963.88405
G0 F9000 X60.108 Y139.135
G1 F1800 X47.616 Y126.642 E964.40114
G0 F9000 X47.616 Y126.02
G1 F1800 X60.108 Y138.512 E964.91822
G0 F9000 X60.108 Y137.89
G1 F1800 X47.616 Y125.398 E965.43529
G0 F9000 X47.616 Y124.775
G1 F1800 X60.108 Y137.268 E965.95239
G0 F9000 X60.108 Y136.646
G1 F1800 X47.616 Y124.153 E966.46949
G0 F9000 X47.616 Y123.531
G1 F1800 X60.108 Y136.023 E966.98656
G0 F9000 X60.108 Y135.401
G1 F1800 X47.616 Y122.909 E967.50364
G0 F9000 X47.616 Y122.286
G1 F1800 X60.108 Y134.779 E968.02073
G0 F9000 X60.108 Y134.157
G1 F1800 X47.616 Y121.664 E968.53783
G0 F9000 X47.616 Y121.042
G1 F1800 X60.108 Y133.534 E969.0549
G0 F9000 X60.108 Y132.912
G1 F1800 X47.616 Y120.42 E969.57198
G0 F9000 X47.616 Y119.797
G1 F1800 X60.108 Y132.29 E970.08907
G0 F9000 X60.108 Y131.668
G1 F1800 X47.616 Y119.175 E970.60617
G0 F9000 X47.616 Y118.553
G1 F1800 X60.108 Y131.045 E971.12324
G0 F9000 X60.108 Y130.423
G1 F1800 X47.616 Y117.931 E971.64032
G0 F9000 X47.616 Y117.308
G1 F1800 X60.108 Y129.801 E972.15742
G0 F9000 X60.108 Y129.179
G1 F1800 X47.616 Y116.686 E972.67451
G0 F9000 X47.616 Y116.064
G1 F1800 X60.108 Y128.556 E973.19159
G0 F9000 X60.108 Y127.934
G1 F1800 X47.616 Y115.442 E973.70866
G0 F9000 X47.616 Y114.819
G1 F1800 X60.108 Y127.312 E974.22576
G0 F9000 X60.108 Y126.689
G1 F1800 X47.616 Y114.197 E974.74283
G0 F9000 X47.616 Y113.575
G1 F1800 X60.108 Y126.067 E975.25991
G0 F9000 X60.108 Y125.445
G1 F1800 X47.616 Y112.953 E975.77698
G0 F9000 X47.616 Y112.33
G1 F1800 X60.108 Y124.823 E976.29408
G0 F9000 X60.108 Y124.2
G1 F1800 X47.616 Y111.708 E976.81115
G0 F9000 X47.616 Y111.086
G1 F1800 X60.108 Y123.578 E977.32823
G0 F9000 X60.108 Y122.956
G1 F1800 X47.616 Y110.464 E977.8453
G0 F9000 X47.616 Y109.841
G1 F1800 X60.108 Y122.334 E978.3624
G0 F9000 X60.108 Y121.711
G1 F1800 X47.616 Y109.219 E978.87947
G0 F9000 X47.616 Y108.597
G1 F1800 X60.108 Y121.089 E979.39655
G0 F9000 X60.108 Y120.467
G1 F1800 X47.616 Y107.974 E979.91365
G0 F9000 X47.616 Y107.352
G1 F1800 X60.108 Y119.845 E980.43074
G0 F9000 X60.108 Y119.222
G1 F1800 X47.616 Y106.73 E980.94782
G0 F9000 X47.616 Y106.108
G1 F1800 X60.108 Y118.6 E981.46489
G0 F9000 X60.108 Y117.978
G1 F1800 X47.616 Y105.485 E981.98199
G0 F9000 X47.616 Y104.863
G1 F1800 X60.108 Y117.356 E982.49908
G0 F9000 X60.108 Y116.733
G1 F1800 X47.616 Y104.241 E983.01616
G0 F9000 X47.616 Y103.619
G1 F1800 X60.108 Y116.111 E983.53323
G0 F9000 X60.108 Y115.489
G1 F1800 X47.616 Y102.996 E984.05033
G0 F9000 X47.616 Y102.374
G1 F1800 X60.108 Y114.867 E984.56743
G0 F9000 X60.108 Y114.244
G1 F1800 X47.616 Y101.752 E985.0845
G0 F9000 X47.616 Y101.13
G1 F1800 X60.108 Y113.622 E985.60158
G0 F9000 X60.108 Y113
G1 F1800 X47.616 Y100.507 E986.11867
G0 F9000 X47.616 Y99.885
G1 F1800 X60.108 Y112.378 E986.63577
G0 F9000 X60.108 Y111.755
G1 F1800 X47.616 Y99.263 E987.15284
G0 F9000 X47.616 Y98.641
G1 F1800 X60.108 Y111.133 E987.66992
G0 F9000 X60.108 Y110.511
G1 F1800 X47.616 Y98.018 E988.18701
G0 F9000 X47.616 Y97.396
G1 F1800 X60.108 Y109.889 E988.70411
G0 F9000 X60.108 Y109.266
G1 F1800 X47.616 Y96.774 E989.22118
G0 F9000 X47.616 Y96.152
G1 F1800 X60.108 Y108.644 E989.73826
G0 F9000 X60.108 Y108.022
G1 F1800 X47.616 Y95.529 E990.25536
G0 F9000 X47.616 Y94.907
G1 F1800 X60.108 Y107.4 E990.77245
G0 F9000 X60.108 Y106.777
G1 F1800 X47.616 Y94.285 E991.28953
G0 F9000 X47.616 Y93.663
G1 F1800 X60.108 Y106.155 E991.8066
G0 F9000 X60.108 Y105.533
G1 F1800 X47.616 Y93.04 E992.3237
G0 F9000 X47.616 Y92.418
G1 F1800 X60.108 Y104.911 E992.84079
G0 F9000 X60.108 Y104.288
G1 F1800 X47.616 Y91.796 E993.35787
G0 F9000 X47.616 Y91.174
G1 F1800 X60.108 Y103.666 E993.87494
G0 F9000 X60.108 Y103.044
G1 F1800 X47.616 Y90.551 E994.39204
G0 F9000 X47.616 Y89.929
G1 F1800 X60.108 Y102.422 E994.90913
G0 F9000 X60.108 Y101.799
G1 F1800 X47.616 Y89.307 E995.42621
G0 F9000 X47.616 Y88.685
G1 F1800 X60.108 Y101.177 E995.94329
G0 F9000 X60.108 Y100.555
G1 F1800 X47.616 Y88.062 E996.46038
G0 F9000 X47.616 Y87.44
G1 F1800 X60.108 Y99.933 E996.97748
G0 F9000 X60.108 Y99.31
G1 F1800 X47.616 Y86.818 E997.49455
G0 F9000 X47.616 Y86.196
G1 F1800 X60.108 Y98.688 E998.01163
G0 F9000 X60.108 Y98.066
G1 F1800 X47.616 Y85.573 E998.52872
G0 F9000 X47.616 Y84.951
G1 F1800 X60.108 Y97.444 E999.04582
G0 F9000 X60.108 Y96.821
G1 F1800 X47.616 Y84.329 E999.56289
G0 F9000 X47.616 Y83.707
G1 F1800 X60.108 Y96.199 E1000.07997
G0 F9000 X60.108 Y95.577
G1 F1800 X47.616 Y83.084 E1000.59706
G0 F9000 X47.616 Y82.462
G1 F1800 X60.108 Y94.955 E1001.11416
G0 F9000 X60.108 Y94.332
G1 F1800 X47.616 Y81.84 E1001.63124
G0 F9000 X47.616 Y81.218
G1 F1800 X60.108 Y93.71 E1002.14831
G0 F9000 X60.108 Y93.088
G1 F1800 X47.616 Y80.595 E1002.66541
G0 F9000 X47.616 Y79.973
G1 F1800 X60.108 Y92.466 E1003.1825
G0 F9000 X60.108 Y91.843
G1 F1800 X47.616 Y79.351 E1003.69958
G0 F9000 X47.616 Y78.729
G1 F1800 X60.108 Y91.221 E1004.21665
G0 F9000 X60.108 Y90.599
G1 F1800 X47.616 Y78.106 E1004.73375
G0 F9000 X47.616 Y77.484
G1 F1800 X60.108 Y89.977 E1005.25084
G0 F9000 X60.108 Y89.354
G1 F1800 X47.616 Y76.862 E1005.76792
G0 F9000 X47.616 Y76.24
G1 F1800 X60.108 Y88.732 E1006.28499
G0 F9000 X60.108 Y88.11
G1 F1800 X47.616 Y75.617 E1006.80209
G0 F9000 X47.616 Y74.995
G1 F1800 X60.108 Y87.487 E1007.31917
G0 F9000 X60.108 Y86.865
G1 F1800 X47.616 Y74.373 E1007.83624
G0 F9000 X47.616 Y73.751
G1 F1800 X60.149 Y86.284 E1008.35501
G0 F9000 X60.303 Y85.815
G1 F1800 X47.616 Y73.128 E1008.88016
G0 F9000 X47.616 Y72.506
G1 F1800 X60.57 Y85.46 E1009.41636
G0 F9000 X60.912 Y85.179
G1 F1800 X47.616 Y71.884 E1009.96669
G0 F9000 X47.616 Y71.262
G1 F1800 X61.342 Y84.988 E1010.53485
G0 F9000 X61.89 Y84.914
G1 F1800 X47.793 Y70.816 E1011.11838
G0 F9000 X48.415 Y70.816
G1 F1800 X62.512 Y84.914 E1011.70191
G0 F9000 X63.135 Y84.914
G1 F1800 X49.037 Y70.816 E1012.28546
G0 F9000 X49.659 Y70.816
G1 F1800 X63.757 Y84.914 E1012.86901
G0 F9000 X64.379 Y84.914
G1 F1800 X50.282 Y70.816 E1013.45254
G0 F9000 X50.904 Y70.816
G1 F1800 X65.001 Y84.914 E1014.03607
G0 F9000 X65.624 Y84.914
G1 F1800 X51.526 Y70.816 E1014.61962
G0 F9000 X52.148 Y70.816
G1 F1800 X66.246 Y84.914 E1015.20318
G0 F9000 X66.868 Y84.914
G1 F1800 X52.771 Y70.816 E1015.78671
G0 F9000 X53.393 Y70.816
G1 F1800 X67.491 Y84.914 E1016.37026
G0 F9000 X68.113 Y84.914
G1 F1800 X54.015 Y70.816 E1016.95381
G0 F9000 X54.637 Y70.816
G1 F1800 X68.735 Y84.914 E1017.53736
G0 F9000 X69.357 Y84.914
G1 F1800 X55.26 Y70.816 E1018.12089
G0 F9000 X55.882 Y70.816
G1 F1800 X69.98 Y84.914 E1018.70444
G0 F9000 X70.602 Y84.914
G1 F1800 X56.504 Y70.816 E1019.28799
G0 F9000 X57.126 Y70.816
G1 F1800 X71.224 Y84.914 E1019.87155
G0 F9000 X71.846 Y84.914
G1 F1800 X57.749 Y70.816 E1020.45508
G0 F9000 X58.371 Y70.816
G1 F1800 X72.469 Y84.914 E1021.03863
G0 F9000 X73.091 Y84.914
G1 F1800 X58.993 Y70.816 E1021.62218
G0 F9000 X59.615 Y70.816
G1 F1800 X73.713 Y84.914 E1022.20573
G0 F9000 X74.335 Y84.914
G1 F1800 X60.238 Y70.816 E1022.78926
G0 F9000 X60.86 Y70.816
G1 F1800 X74.958 Y84.914 E1023.37281
G0 F9000 X75.58 Y84.914
G1 F1800 X61.482 Y70.816 E1023.95636
G0 F9000 X62.104 Y70.816
G1 F1800 X76.202 Y84.914 E1024.53992
G0 F9000 X76.824 Y84.914
G1 F1800 X62.727 Y70.816 E1025.12345
G0 F9000 X63.349 Y70.816
G1 F1800 X77.447 Y84.914 E1025.707
G0 F9000 X78.068 Y84.913
G1 F1800 X63.971 Y70.816 E1026.29051
G0 F9000 X64.593 Y70.816
G1 F1800 X78.69 Y84.913 E1026.87402
G0 F9000 X79.313 Y84.913
G1 F1800 X65.216 Y70.816 E1027.45753
G0 F9000 X65.838 Y70.816
G1 F1800 X79.935 Y84.913 E1028.04104
G0 F9000 X80.557 Y84.913
G1 F1800 X66.46 Y70.816 E1028.62455
G0 F9000 X67.083 Y70.816
G1 F1800 X81.179 Y84.913 E1029.20804
G0 F9000 X81.802 Y84.913
G1 F1800 X67.705 Y70.816 E1029.79155
G0 F9000 X68.327 Y70.816
G1 F1800 X82.424 Y84.913 E1030.37506
G0 F9000 X83.046 Y84.913
G1 F1800 X68.949 Y70.816 E1030.95857
G0 F9000 X69.572 Y70.816
G1 F1800 X83.668 Y84.913 E1031.54206
G0 F9000 X84.291 Y84.913
G1 F1800 X70.194 Y70.816 E1032.12557
G0 F9000 X70.816 Y70.816
G1 F1800 X84.913 Y84.913 E1032.70908
G0 F9000 X85.535 Y84.913
G1 F1800 X71.438 Y70.816 E1033.29259
G0 F9000 X72.061 Y70.816
G1 F1800 X86.157 Y84.913 E1033.87608
G0 F9000 X86.78 Y84.913
G1 F1800 X72.683 Y70.816 E1034.45959
G0 F9000 X73.305 Y70.816
G1 F1800 X87.402 Y84.913 E1035.0431
G0 F9000 X88.024 Y84.913
G1 F1800 X73.927 Y70.816 E1035.62661
G0 F9000 X74.55 Y70.816
G1 F1800 X88.646 Y84.913 E1036.2101
G0 F9000 X89.269 Y84.913
G1 F1800 X75.172 Y70.816 E1036.79361
G0 F9000 X75.794 Y70.816
G1 F1800 X89.891 Y84.913 E1037.37712
G0 F9000 X90.513 Y84.913
G1 F1800 X76.416 Y70.816 E1037.96063
G0 F9000 X77.039 Y70.816
G1 F1800 X91.135 Y84.913 E1038.54412
G0 F9000 X91.758 Y84.913
G1 F1800 X77.661 Y70.816 E1039.12763
G0 F9000 X78.283 Y70.816
G1 F1800 X92.38 Y84.913 E1039.71114
G0 F9000 X93.002 Y84.913
G1 F1800 X78.905 Y70.816 E1040.29465
G0 F9000 X79.528 Y70.816
G1 F1800 X93.624 Y84.913 E1040.87814
G0 F9000 X94.246 Y84.912
G1 F1800 X80.15 Y70.816 E1041.46161
G0 F9000 X80.772 Y70.816
G1 F1800 X94.868 Y84.912 E1042.04507
G0 F9000 X95.491 Y84.912
G1 F1800 X81.394 Y70.816 E1042.62856
G0 F9000 X82.017 Y70.816
G1 F1800 X96.113 Y84.912 E1043.21203
G0 F9000 X96.735 Y84.912
G1 F1800 X82.639 Y70.816 E1043.7955
G0 F9000 X83.261 Y70.816
G1 F1800 X97.357 Y84.912 E1044.37897
G0 F9000 X97.98 Y84.912
G1 F1800 X83.883 Y70.816 E1044.96246
G0 F9000 X84.506 Y70.816
G1 F1800 X98.602 Y84.912 E1045.54593
G0 F9000 X99.224 Y84.912
G1 F1800 X85.128 Y70.816 E1046.1294
G0 F9000 X85.75 Y70.816
G1 F1800 X99.846 Y84.912 E1046.71287
G0 F9000 X100.469 Y84.912
G1 F1800 X86.372 Y70.816 E1047.29635
G0 F9000 X86.995 Y70.816
G1 F1800 X101.091 Y84.912 E1047.87982
G0 F9000 X101.713 Y84.912
G1 F1800 X87.617 Y70.816 E1048.46329
G0 F9000 X88.239 Y70.816
G1 F1800 X102.335 Y84.912 E1049.04676
G0 F9000 X102.958 Y84.912
G1 F1800 X88.861 Y70.816 E1049.63025
G0 F9000 X89.484 Y70.816
G1 F1800 X103.58 Y84.912 E1050.21372
G0 F9000 X104.202 Y84.912
G1 F1800 X90.106 Y70.816 E1050.79719
G0 F9000 X90.728 Y70.816
G1 F1800 X104.824 Y84.912 E1051.38066
G0 F9000 X105.447 Y84.912
G1 F1800 X91.35 Y70.816 E1051.96415
G0 F9000 X91.973 Y70.816
G1 F1800 X106.069 Y84.912 E1052.54761
G0 F9000 X106.691 Y84.912
G1 F1800 X92.595 Y70.816 E1053.13108
G0 F9000 X93.217 Y70.816
G1 F1800 X107.313 Y84.912 E1053.71455
G0 F9000 X107.936 Y84.912
G1 F1800 X93.839 Y70.816 E1054.29804
G0 F9000 X94.462 Y70.816
G1 F1800 X108.558 Y84.912 E1054.88151
G0 F9000 X109.18 Y84.912
G1 F1800 X95.084 Y70.816 E1055.46498
G0 F9000 X95.706 Y70.816
G1 F1800 X109.802 Y84.912 E1056.04845
G0 F9000 X110.424 Y84.912
G1 F1800 X96.328 Y70.816 E1056.63192
G0 F9000 X96.951 Y70.816
G1 F1800 X111.046 Y84.912 E1057.21536
G0 F9000 X111.668 Y84.912
G1 F1800 X97.573 Y70.816 E1057.79881
G0 F9000 X98.195 Y70.816
G1 F1800 X112.291 Y84.912 E1058.38228
G0 F9000 X112.913 Y84.912
G1 F1800 X98.817 Y70.816 E1058.96575
G0 F9000 X99.44 Y70.816
G1 F1800 X113.535 Y84.912 E1059.5492
G0 F9000 X114.157 Y84.912
G1 F1800 X100.062 Y70.816 E1060.13265
G0 F9000 X100.684 Y70.816
G1 F1800 X114.78 Y84.912 E1060.71611
G0 F9000 X115.402 Y84.912
G1 F1800 X101.306 Y70.816 E1061.29958
G0 F9000 X101.929 Y70.816
G1 F1800 X116.024 Y84.912 E1061.88303
G0 F9000 X116.646 Y84.912
G1 F1800 X102.551 Y70.816 E1062.46648
G0 F9000 X103.173 Y70.816
G1 F1800 X117.269 Y84.912 E1063.04995
G0 F9000 X117.891 Y84.912
G1 F1800 X103.795 Y70.816 E1063.63342
G0 F9000 X104.418 Y70.816
G1 F1800 X118.513 Y84.912 E1064.21686
G0 F9000 X119.135 Y84.912
G1 F1800 X105.04 Y70.816 E1064.80031
G0 F9000 X105.662 Y70.816
G1 F1800 X119.758 Y84.912 E1065.38378
G0 F9000 X120.38 Y84.912
G1 F1800 X106.285 Y70.816 E1065.96723
G0 F9000 X106.907 Y70.816
G1 F1800 X121.002 Y84.912 E1066.55068
G0 F9000 X121.624 Y84.912
G1 F1800 X107.529 Y70.816 E1067.13413
G0 F9000 X108.151 Y70.816
G1 F1800 X122.247 Y84.912 E1067.71759
G0 F9000 X122.869 Y84.912
G1 F1800 X108.774 Y70.816 E1068.30104
G0 F9000 X109.396 Y70.816
G1 F1800 X123.491 Y84.912 E1068.88449
G0 F9000 X124.114 Y84.912
G1 F1800 X110.018 Y70.816 E1069.46796
G0 F9000 X110.64 Y70.816
G1 F1800 X124.736 Y84.912 E1070.05143
G0 F9000 X125.358 Y84.912
G1 F1800 X111.263 Y70.816 E1070.63488
G0 F9000 X111.885 Y70.816
G1 F1800 X125.98 Y84.912 E1071.21832
G0 F9000 X126.602 Y84.911
G1 F1800 X112.507 Y70.816 E1071.80175
G0 F9000 X113.129 Y70.816
G1 F1800 X127.224 Y84.911 E1072.38518
G0 F9000 X127.846 Y84.911
G1 F1800 X113.752 Y70.816 E1072.96858
G0 F9000 X114.374 Y70.816
G1 F1800 X128.469 Y84.911 E1073.55201
G0 F9000 X129.091 Y84.911
G1 F1800 X114.996 Y70.816 E1074.13544
G0 F9000 X115.618 Y70.816
G1 F1800 X129.713 Y84.911 E1074.71887
G0 F9000 X130.335 Y84.911
G1 F1800 X116.241 Y70.816 E1075.30227
G0 F9000 X116.863 Y70.816
G1 F1800 X130.958 Y84.911 E1075.8857
G0 F9000 X131.58 Y84.911
G1 F1800 X117.485 Y70.816 E1076.46913
G0 F9000 X118.107 Y70.816
G1 F1800 X132.202 Y84.911 E1077.05256
G0 F9000 X132.824 Y84.911
G1 F1800 X118.73 Y70.816 E1077.63596
G0 F9000 X119.352 Y70.816
G1 F1800 X133.447 Y84.911 E1078.21939
G0 F9000 X134.069 Y84.911
G1 F1800 X119.974 Y70.816 E1078.80282
G0 F9000 X120.596 Y70.816
G1 F1800 X134.691 Y84.911 E1079.38624
G0 F9000 X135.313 Y84.911
G1 F1800 X121.219 Y70.816 E1079.96965
G0 F9000 X121.841 Y70.816
G1 F1800 X135.936 Y84.911 E1080.55308
G0 F9000 X136.558 Y84.911
G1 F1800 X122.463 Y70.816 E1081.13651
G0 F9000 X123.085 Y70.816
G1 F1800 X137.18 Y84.911 E1081.71993
G0 F9000 X137.802 Y84.911
G1 F1800 X123.708 Y70.816 E1082.30334
G0 F9000 X124.33 Y70.816
G1 F1800 X138.425 Y84.911 E1082.88677
G0 F9000 X139.047 Y84.911
G1 F1800 X124.952 Y70.816 E1083.47019
G0 F9000 X125.574 Y70.816
G1 F1800 X139.669 Y84.911 E1084.05362
G0 F9000 X140.291 Y84.911
G1 F1800 X126.197 Y70.816 E1084.63703
G0 F9000 X126.819 Y70.816
G1 F1800 X140.914 Y84.911 E1085.22045
G0 F9000 X141.536 Y84.911
G1 F1800 X127.441 Y70.816 E1085.80388
G0 F9000 X128.063 Y70.816
G1 F1800 X142.158 Y84.911 E1086.38731
G0 F9000 X142.78 Y84.91
G1 F1800 X128.686 Y70.816 E1086.9707
G0 F9000 X129.308 Y70.816
G1 F1800 X143.402 Y84.91 E1087.55408
G0 F9000 X144.024 Y84.91
G1 F1800 X129.93 Y70.816 E1088.13747
G0 F9000 X130.552 Y70.816
G1 F1800 X144.646 Y84.91 E1088.72085
G0 F9000 X145.269 Y84.91
G1 F1800 X131.175 Y70.816 E1089.30424
G0 F9000 X131.797 Y70.816
G1 F1800 X145.891 Y84.91 E1089.88762
G0 F9000 X146.513 Y84.91
G1 F1800 X132.419 Y70.816 E1090.47101
G0 F9000 X133.041 Y70.816
G1 F1800 X147.135 Y84.91 E1091.0544
G0 F9000 X147.758 Y84.91
G1 F1800 X133.664 Y70.816 E1091.63778
G0 F9000 X134.286 Y70.816
G1 F1800 X148.38 Y84.91 E1092.22117
G0 F9000 X149.002 Y84.91
G1 F1800 X134.908 Y70.816 E1092.80455
G0 F9000 X135.53 Y70.816
G1 F1800 X149.625 Y84.91 E1093.38796
G0 F9000 X150.247 Y84.91
G1 F1800 X136.153 Y70.816 E1093.97135
G0 F9000 X136.775 Y70.816
G1 F1800 X150.869 Y84.91 E1094.55473
G0 F9000 X151.491 Y84.91
G1 F1800 X137.397 Y70.816 E1095.13812
G0 F9000 X138.019 Y70.816
G1 F1800 X152.114 Y84.91 E1095.72153
G0 F9000 X152.736 Y84.91
G1 F1800 X138.642 Y70.816 E1096.30491
G0 F9000 X139.264 Y70.816
G1 F1800 X153.358 Y84.91 E1096.8883
G0 F9000 X153.98 Y84.91
G1 F1800 X139.886 Y70.816 E1097.47168
G0 F9000 X140.508 Y70.816
G1 F1800 X154.603 Y84.91 E1098.05509
G0 F9000 X155.225 Y84.91
G1 F1800 X141.131 Y70.816 E1098.63848
G0 F9000 X141.753 Y70.816
G1 F1800 X155.847 Y84.91 E1099.22186
G0 F9000 X156.469 Y84.91
G1 F1800 X142.375 Y70.816 E1099.80525
G0 F9000 X142.997 Y70.816
G1 F1800 X157.092 Y84.91 E1100.38865
G0 F9000 X157.714 Y84.91
G1 F1800 X143.62 Y70.816 E1100.97204
G0 F9000 X144.242 Y70.816
G1 F1800 X158.336 Y84.91 E1101.55543
G1 F1500 E1099.55543
G0 F9000 X159.887 Y86.461
G1 F1500 E1101.55543
G1 F1800 X172.384 Y98.958 E1102.07271
G0 F9000 X172.384 Y99.58
G1 F1800 X159.887 Y87.084 E1102.58997
G0 F9000 X159.887 Y87.706
G1 F1800 X172.384 Y100.203 E1103.10725
G0 F9000 X172.384 Y100.825
G1 F1800 X159.887 Y88.328 E1103.62453
G0 F9000 X159.887 Y88.95
G1 F1800 X172.384 Y101.447 E1104.14182
G0 F9000 X172.384 Y102.069
G1 F1800 X159.887 Y89.573 E1104.65908
G0 F9000 X159.887 Y90.195
G1 F1800 X172.384 Y102.692 E1105.17636
G0 F9000 X172.384 Y103.314
G1 F1800 X159.887 Y90.817 E1105.69364
G0 F9000 X159.887 Y91.44
G1 F1800 X172.384 Y103.936 E1106.2109
G0 F9000 X172.384 Y104.558
G1 F1800 X159.887 Y92.062 E1106.72816
G0 F9000 X159.887 Y92.684
G1 F1800 X172.384 Y105.181 E1107.24545
G0 F9000 X172.384 Y105.803
G1 F1800 X159.887 Y93.306 E1107.76273
G0 F9000 X159.887 Y93.929
G1 F1800 X172.384 Y106.425 E1108.27999
G0 F9000 X172.384 Y107.047
G1 F1800 X159.887 Y94.551 E1108.79725
G0 F9000 X159.887 Y95.173
G1 F1800 X172.384 Y107.67 E1109.31453
G0 F9000 X172.384 Y108.292
G1 F1800 X159.887 Y95.795 E1109.83182
G0 F9000 X159.887 Y96.418
G1 F1800 X172.384 Y108.914 E1110.34908
G0 F9000 X172.384 Y109.536
G1 F1800 X159.887 Y97.04 E1110.86634
G0 F9000 X159.887 Y97.662
G1 F1800 X172.384 Y110.159 E1111.38362
G0 F9000 X172.384 Y110.781
G1 F1800 X159.887 Y98.284 E1111.9009
G0 F9000 X159.887 Y98.907
G1 F1800 X172.384 Y111.403 E1112.41816
G0 F9000 X172.384 Y112.026
G1 F1800 X159.887 Y99.529 E1112.93545
G0 F9000 X159.887 Y100.151
G1 F1800 X172.384 Y112.648 E1113.45273
G0 F9000 X172.384 Y113.27
G1 F1800 X159.887 Y100.773 E1113.97001
G0 F9000 X159.887 Y101.396
G1 F1800 X172.384 Y113.892 E1114.48727
G0 F9000 X172.384 Y114.515
G1 F1800 X159.887 Y102.018 E1115.00455
G0 F9000 X159.887 Y102.64
G1 F1800 X172.384 Y115.137 E1115.52184
G0 F9000 X172.384 Y115.759
G1 F1800 X159.887 Y103.262 E1116.03912
G0 F9000 X159.887 Y103.885
G1 F1800 X172.384 Y116.381 E1116.55638
G0 F9000 X172.384 Y117.004
G1 F1800 X159.887 Y104.507 E1117.07366
G0 F9000 X159.887 Y105.129
G1 F1800 X172.384 Y117.626 E1117.59094
G0 F9000 X172.384 Y118.248
G1 F1800 X159.887 Y105.751 E1118.10823
G0 F9000 X159.887 Y106.374
G1 F1800 X172.384 Y118.87 E1118.62549
G0 F9000 X172.384 Y119.493
G1 F1800 X159.887 Y106.996 E1119.14277
G0 F9000 X159.887 Y107.618
G1 F1800 X172.384 Y120.115 E1119.66005
G0 F9000 X172.384 Y120.737
G1 F1800 X159.887 Y108.24 E1120.17733
G0 F9000 X159.887 Y108.863
G1 F1800 X172.384 Y121.359 E1120.69459
G0 F9000 X172.384 Y121.982
G1 F1800 X159.887 Y109.485 E1121.21188
G0 F9000 X159.887 Y110.107
G1 F1800 X172.384 Y122.604 E1121.72916
G0 F9000 X172.384 Y123.226
G1 F1800 X159.887 Y110.729 E1122.24644
G0 F9000 X159.887 Y111.352
G1 F1800 X172.384 Y123.848 E1122.7637
G0 F9000 X172.384 Y124.471
G1 F1800 X159.887 Y111.974 E1123.28098
G0 F9000 X159.887 Y112.596
G1 F1800 X172.384 Y125.093 E1123.79827
G0 F9000 X172.384 Y125.715
G1 F1800 X159.887 Y113.218 E1124.31555
G0 F9000 X159.887 Y113.841
G1 F1800 X172.384 Y126.337 E1124.83281
G0 F9000 X172.384 Y126.96
G1 F1800 X159.888 Y114.464 E1125.35005
G0 F9000 X159.888 Y115.086
G1 F1800 X172.384 Y127.582 E1125.86729
G0 F9000 X172.384 Y128.204
G1 F1800 X159.888 Y115.708 E1126.38453
G0 F9000 X159.888 Y116.33
G1 F1800 X172.384 Y128.826 E1126.90177
G0 F9000 X172.384 Y129.449
G1 F1800 X159.888 Y116.953 E1127.41901
G0 F9000 X159.888 Y117.575
G1 F1800 X172.384 Y130.071 E1127.93625
G0 F9000 X172.384 Y130.693
G1 F1800 X159.888 Y118.197 E1128.4535
G0 F9000 X159.888 Y118.819
G1 F1800 X172.384 Y131.315 E1128.97074
G0 F9000 X172.384 Y131.938
G1 F1800 X159.888 Y119.442 E1129.48798
G0 F9000 X159.888 Y120.064
G1 F1800 X172.384 Y132.56 E1130.00522
G0 F9000 X172.384 Y133.182
G1 F1800 X159.888 Y120.686 E1130.52246
G0 F9000 X159.888 Y121.308
G1 F1800 X172.384 Y133.804 E1131.0397
G0 F9000 X172.384 Y134.427
G1 F1800 X159.888 Y121.931 E1131.55694
G0 F9000 X159.888 Y122.553
G1 F1800 X172.384 Y135.049 E1132.07418
G0 F9000 X172.384 Y135.671
G1 F1800 X159.888 Y123.175 E1132.59142
G0 F9000 X159.888 Y123.797
G1 F1800 X172.384 Y136.293 E1133.10866
G0 F9000 X172.384 Y136.916
G1 F1800 X159.888 Y124.42 E1133.6259
G0 F9000 X159.888 Y125.042
G1 F1800 X172.384 Y137.538 E1134.14314
G0 F9000 X172.384 Y138.16
G1 F1800 X159.888 Y125.664 E1134.66038
G0 F9000 X159.888 Y126.286
G1 F1800 X172.384 Y138.782 E1135.17762
G0 F9000 X172.384 Y139.405
G1 F1800 X159.888 Y126.909 E1135.69486
G0 F9000 X159.888 Y127.531
G1 F1800 X172.384 Y140.027 E1136.21211
G0 F9000 X172.384 Y140.649
G1 F1800 X159.888 Y128.153 E1136.72935
G0 F9000 X159.888 Y128.775
G1 F1800 X172.384 Y141.271 E1137.24659
G0 F9000 X172.384 Y141.894
G1 F1800 X159.888 Y129.398 E1137.76383
G0 F9000 X159.888 Y130.02
G1 F1800 X172.384 Y142.516 E1138.28107
G0 F9000 X172.384 Y143.138
G1 F1800 X159.888 Y130.642 E1138.79831
G0 F9000 X159.888 Y131.264
G1 F1800 X172.384 Y143.76 E1139.31555
G0 F9000 X172.384 Y144.383
G1 F1800 X159.888 Y131.887 E1139.83279
G0 F9000 X159.888 Y132.509
G1 F1800 X172.384 Y145.005 E1140.35003
G0 F9000 X172.384 Y145.627
G1 F1800 X159.888 Y133.131 E1140.86727
G0 F9000 X159.888 Y133.753
G1 F1800 X172.384 Y146.249 E1141.38451
G0 F9000 X172.384 Y146.872
G1 F1800 X159.888 Y134.376 E1141.90175
G0 F9000 X159.888 Y134.998
G1 F1800 X172.384 Y147.494 E1142.41899
G0 F9000 X172.384 Y148.116
G1 F1800 X159.888 Y135.62 E1142.93623
G0 F9000 X159.888 Y136.243
G1 F1800 X172.384 Y148.738 E1143.45345
G0 F9000 X172.207 Y149.183
G1 F1800 X159.888 Y136.865 E1143.96335
G0 F9000 X159.888 Y137.487
G1 F1800 X171.584 Y149.183 E1144.44748
G0 F9000 X170.962 Y149.183
G1 F1800 X159.888 Y138.109 E1144.90586
G0 F9000 X159.888 Y138.732
G1 F1800 X170.34 Y149.183 E1145.33847
G0 F9000 X169.718 Y149.183
G1 F1800 X159.888 Y139.354 E1145.74534
G0 F9000 X159.888 Y139.976
G1 F1800 X169.095 Y149.183 E1146.12644
G0 F9000 X168.473 Y149.183
G1 F1800 X159.888 Y140.598 E1146.48179
G0 F9000 X159.888 Y141.221
G1 F1800 X167.851 Y149.183 E1146.81138
G0 F9000 X167.229 Y149.183
G1 F1800 X159.888 Y141.843 E1147.11522
G0 F9000 X159.826 Y142.403
G1 F1800 X166.606 Y149.183 E1147.39586
G0 F9000 X165.984 Y149.183
G1 F1800 X159.642 Y142.841 E1147.65837
G0 F9000 X159.368 Y143.19
G1 F1800 X165.362 Y149.183 E1147.90646
G0 F9000 X164.74 Y149.183
G1 F1800 X159.011 Y143.455 E1148.14358
G0 F9000 X158.574 Y143.64
G1 F1800 X164.117 Y149.183 E1148.37302
G0 F9000 X163.495 Y149.183
G1 F1800 X157.999 Y143.687 E1148.60051
G0 F9000 X157.377 Y143.687
G1 F1800 X162.873 Y149.183 E1148.828
G0 F9000 X162.251 Y149.183
G1 F1800 X156.754 Y143.687 E1149.05552
G0 F9000 X156.132 Y143.687
G1 F1800 X161.628 Y149.183 E1149.28301
G0 F9000 X161.006 Y149.183
G1 F1800 X155.51 Y143.687 E1149.5105
G0 F9000 X154.887 Y143.687
G1 F1800 X160.384 Y149.183 E1149.73802
G0 F9000 X159.762 Y149.183
G1 F1800 X154.265 Y143.687 E1149.96553
G0 F9000 X153.643 Y143.687
G1 F1800 X159.139 Y149.183 E1150.19302
G0 F9000 X158.517 Y149.183
G1 F1800 X153.021 Y143.687 E1150.42052
G0 F9000 X152.398 Y143.687
G1 F1800 X157.895 Y149.183 E1150.64803
G0 F9000 X157.273 Y149.183
G1 F1800 X151.776 Y143.687 E1150.87554
G0 F9000 X151.154 Y143.687
G1 F1800 X156.65 Y149.183 E1151.10304
G0 F9000 X156.028 Y149.183
G1 F1800 X150.532 Y143.687 E1151.33053
G0 F9000 X149.909 Y143.687
G1 F1800 X155.406 Y149.183 E1151.55804
G0 F9000 X154.784 Y149.183
G1 F1800 X149.287 Y143.687 E1151.78556
G0 F9000 X148.665 Y143.687
G1 F1800 X154.161 Y149.183 E1152.01305
G0 F9000 X153.539 Y149.183
G1 F1800 X148.043 Y143.687 E1152.24054
G0 F9000 X147.42 Y143.687
G1 F1800 X152.917 Y149.183 E1152.46806
G0 F9000 X152.295 Y149.183
G1 F1800 X146.798 Y143.687 E1152.69557
G0 F9000 X146.177 Y143.688
G1 F1800 X151.672 Y149.183 E1152.92302
G0 F9000 X151.049 Y149.183
G1 F1800 X145.554 Y143.688 E1153.15048
G0 F9000 X144.932 Y143.688
G1 F1800 X150.427 Y149.183 E1153.37793
G0 F9000 X149.805 Y149.183
G1 F1800 X144.31 Y143.688 E1153.60538
G0 F9000 X143.688 Y143.688
G1 F1800 X149.183 Y149.183 E1153.83283
G0 F9000 X148.56 Y149.183
G1 F1800 X143.065 Y143.688 E1154.06028
G0 F9000 X142.443 Y143.688
G1 F1800 X147.938 Y149.183 E1154.28774
G0 F9000 X147.316 Y149.183
G1 F1800 X141.821 Y143.688 E1154.51519
G0 F9000 X141.199 Y143.688
G1 F1800 X146.694 Y149.183 E1154.74264
G0 F9000 X146.071 Y149.183
G1 F1800 X140.576 Y143.688 E1154.97009
G0 F9000 X139.954 Y143.688
G1 F1800 X145.449 Y149.183 E1155.19754
G0 F9000 X144.827 Y149.183
G1 F1800 X139.332 Y143.688 E1155.42499
G0 F9000 X138.71 Y143.688
G1 F1800 X144.205 Y149.183 E1155.65245
G0 F9000 X143.582 Y149.183
G1 F1800 X138.087 Y143.688 E1155.8799
G0 F9000 X137.465 Y143.688
G1 F1800 X142.96 Y149.183 E1156.10735
G0 F9000 X142.338 Y149.183
G1 F1800 X136.843 Y143.688 E1156.3348
G0 F9000 X136.221 Y143.688
G1 F1800 X141.716 Y149.183 E1156.56225
G0 F9000 X141.093 Y149.183
G1 F1800 X135.598 Y143.688 E1156.78971
G0 F9000 X134.976 Y143.688
G1 F1800 X140.471 Y149.183 E1157.01716
G0 F9000 X139.849 Y149.183
G1 F1800 X134.354 Y143.688 E1157.24461
G0 F9000 X133.732 Y143.688
G1 F1800 X139.226 Y149.183 E1157.47204
G0 F9000 X138.604 Y149.183
G1 F1800 X133.11 Y143.688 E1157.69947
G0 F9000 X132.488 Y143.688
G1 F1800 X137.982 Y149.183 E1157.9269
G0 F9000 X137.36 Y149.183
G1 F1800 X131.866 Y143.688 E1158.15433
G0 F9000 X131.243 Y143.688
G1 F1800 X136.737 Y149.183 E1158.38176
G0 F9000 X136.115 Y149.183
G1 F1800 X130.621 Y143.688 E1158.6092
G0 F9000 X129.999 Y143.688
G1 F1800 X135.493 Y149.183 E1158.83663
G0 F9000 X134.871 Y149.183
G1 F1800 X129.376 Y143.688 E1159.06408
G0 F9000 X128.754 Y143.688
G1 F1800 X134.248 Y149.183 E1159.29151
G0 F9000 X133.626 Y149.183
G1 F1800 X128.132 Y143.688 E1159.51894
G0 F9000 X127.51 Y143.688
G1 F1800 X133.004 Y149.183 E1159.74637
G0 F9000 X132.382 Y149.183
G1 F1800 X126.887 Y143.688 E1159.97382
G0 F9000 X126.265 Y143.688
G1 F1800 X131.759 Y149.183 E1160.20125
G0 F9000 X131.137 Y149.183
G1 F1800 X125.643 Y143.688 E1160.42869
G0 F9000 X125.021 Y143.688
G1 F1800 X130.514 Y149.182 E1160.65608
G0 F9000 X129.892 Y149.182
G1 F1800 X124.398 Y143.688 E1160.88349
G0 F9000 X123.776 Y143.688
G1 F1800 X129.27 Y149.182 E1161.1109
G0 F9000 X128.647 Y149.182
G1 F1800 X123.154 Y143.688 E1161.33829
G0 F9000 X122.532 Y143.688
G1 F1800 X128.025 Y149.182 E1161.56568
G0 F9000 X127.403 Y149.182
G1 F1800 X121.91 Y143.689 E1161.79304
G0 F9000 X121.288 Y143.689
G1 F1800 X126.781 Y149.182 E1162.02041
G0 F9000 X126.158 Y149.182
G1 F1800 X120.666 Y143.689 E1162.24776
G0 F9000 X120.043 Y143.689
G1 F1800 X125.536 Y149.182 E1162.47513
G0 F9000 X124.914 Y149.182
G1 F1800 X119.421 Y143.689 E1162.7025
G0 F9000 X118.799 Y143.689
G1 F1800 X124.292 Y149.182 E1162.92987
G0 F9000 X123.669 Y149.182
G1 F1800 X118.177 Y143.689 E1163.15722
G0 F9000 X117.554 Y143.689
G1 F1800 X123.047 Y149.182 E1163.38459
G0 F9000 X122.425 Y149.182
G1 F1800 X116.932 Y143.689 E1163.61196
G0 F9000 X116.31 Y143.689
G1 F1800 X121.803 Y149.182 E1163.83932
G0 F9000 X121.18 Y149.182
G1 F1800 X115.688 Y143.689 E1164.06667
G0 F9000 X115.065 Y143.689
G1 F1800 X120.558 Y149.182 E1164.29404
G0 F9000 X119.936 Y149.182
G1 F1800 X114.443 Y143.689 E1164.52141
G0 F9000 X113.821 Y143.689
G1 F1800 X119.314 Y149.182 E1164.74878
G0 F9000 X118.691 Y149.182
G1 F1800 X113.199 Y143.689 E1164.97613
G0 F9000 X112.576 Y143.689
G1 F1800 X118.069 Y149.182 E1165.2035
G0 F9000 X117.447 Y149.182
G1 F1800 X111.954 Y143.689 E1165.43087
G0 F9000 X111.332 Y143.689
G1 F1800 X116.825 Y149.182 E1165.65823
G0 F9000 X116.202 Y149.182
G1 F1800 X110.71 Y143.689 E1165.88558
G0 F9000 X110.087 Y143.689
G1 F1800 X115.58 Y149.182 E1166.11295
G0 F9000 X114.958 Y149.182
G1 F1800 X109.466 Y143.69 E1166.34028
G0 F9000 X108.844 Y143.69
G1 F1800 X114.336 Y149.182 E1166.56761
G0 F9000 X113.713 Y149.182
G1 F1800 X108.221 Y143.69 E1166.79494
G0 F9000 X107.599 Y143.69
G1 F1800 X113.091 Y149.182 E1167.02226
G0 F9000 X112.469 Y149.182
G1 F1800 X106.977 Y143.69 E1167.24959
G0 F9000 X106.355 Y143.69
G1 F1800 X111.847 Y149.182 E1167.47692
G0 F9000 X111.224 Y149.182
G1 F1800 X105.732 Y143.69 E1167.70425
G0 F9000 X105.11 Y143.69
G1 F1800 X110.602 Y149.182 E1167.93157
G0 F9000 X109.979 Y149.181
G1 F1800 X104.488 Y143.69 E1168.15886
G0 F9000 X103.866 Y143.69
G1 F1800 X109.357 Y149.181 E1168.38615
G0 F9000 X108.735 Y149.181
G1 F1800 X103.243 Y143.69 E1168.61345
G0 F9000 X102.621 Y143.69
G1 F1800 X108.112 Y149.181 E1168.84074
G0 F9000 X107.49 Y149.181
G1 F1800 X101.999 Y143.69 E1169.06803
G0 F9000 X101.376 Y143.69
G1 F1800 X106.868 Y149.181 E1169.29533
G0 F9000 X106.246 Y149.181
G1 F1800 X100.754 Y143.69 E1169.52264
G0 F9000 X100.132 Y143.69
G1 F1800 X105.623 Y149.181 E1169.74993
G0 F9000 X105.001 Y149.181
G1 F1800 X99.51 Y143.69 E1169.97721
G0 F9000 X98.887 Y143.69
G1 F1800 X104.379 Y149.181 E1170.20452
G0 F9000 X103.757 Y149.181
G1 F1800 X98.265 Y143.69 E1170.43183
G0 F9000 X97.644 Y143.69
G1 F1800 X103.134 Y149.181 E1170.65909
G0 F9000 X102.512 Y149.181
G1 F1800 X97.021 Y143.69 E1170.88638
G0 F9000 X96.399 Y143.69
G1 F1800 X101.89 Y149.181 E1171.11366
G0 F9000 X101.268 Y149.181
G1 F1800 X95.777 Y143.69 E1171.34095
G0 F9000 X95.155 Y143.69
G1 F1800 X100.645 Y149.181 E1171.56821
G0 F9000 X100.023 Y149.181
G1 F1800 X94.532 Y143.69 E1171.7955
G0 F9000 X93.91 Y143.69
G1 F1800 X99.401 Y149.181 E1172.02279
G0 F9000 X98.779 Y149.181
G1 F1800 X93.288 Y143.69 E1172.25007
G0 F9000 X92.666 Y143.69
G1 F1800 X98.156 Y149.181 E1172.47734
G0 F9000 X97.534 Y149.181
G1 F1800 X92.043 Y143.69 E1172.70463
G0 F9000 X91.421 Y143.69
G1 F1800 X96.912 Y149.181 E1172.93191
G0 F9000 X96.29 Y149.181
G1 F1800 X90.799 Y143.69 E1173.1592
G0 F9000 X90.177 Y143.69
G1 F1800 X95.667 Y149.181 E1173.38646
G0 F9000 X95.045 Y149.181
G1 F1800 X89.554 Y143.69 E1173.61375
G0 F9000 X88.932 Y143.69
G1 F1800 X94.423 Y149.181 E1173.84104
G0 F9000 X93.801 Y149.181
G1 F1800 X88.31 Y143.69 E1174.06832
G0 F9000 X87.688 Y143.69
G1 F1800 X93.178 Y149.181 E1174.29559
G0 F9000 X92.556 Y149.181
G1 F1800 X87.065 Y143.69 E1174.52287
G0 F9000 X86.443 Y143.69
G1 F1800 X91.934 Y149.181 E1174.75016
G0 F9000 X91.312 Y149.181
G1 F1800 X85.821 Y143.69 E1174.97745
G0 F9000 X85.199 Y143.691
G1 F1800 X90.689 Y149.181 E1175.20469
G0 F9000 X90.067 Y149.181
G1 F1800 X84.577 Y143.691 E1175.43194
G0 F9000 X83.955 Y143.691
G1 F1800 X89.445 Y149.181 E1175.65918
G0 F9000 X88.822 Y149.18
G1 F1800 X83.333 Y143.691 E1175.88638
G0 F9000 X82.71 Y143.691
G1 F1800 X88.2 Y149.18 E1176.11361
G0 F9000 X87.577 Y149.18
G1 F1800 X82.088 Y143.691 E1176.34081
G0 F9000 X81.466 Y143.691
G1 F1800 X86.955 Y149.18 E1176.56802
G0 F9000 X86.333 Y149.18
G1 F1800 X80.844 Y143.691 E1176.79522
G0 F9000 X80.221 Y143.691
G1 F1800 X85.711 Y149.18 E1177.02244
G0 F9000 X85.088 Y149.18
G1 F1800 X79.599 Y143.691 E1177.24965
G0 F9000 X78.977 Y143.691
G1 F1800 X84.466 Y149.18 E1177.47685
G0 F9000 X83.844 Y149.18
G1 F1800 X78.355 Y143.691 E1177.70405
G0 F9000 X77.732 Y143.691
G1 F1800 X83.222 Y149.18 E1177.93128
G0 F9000 X82.599 Y149.18
G1 F1800 X77.11 Y143.691 E1178.15848
G0 F9000 X76.488 Y143.691
G1 F1800 X81.977 Y149.18 E1178.38568
G0 F9000 X81.355 Y149.18
G1 F1800 X75.865 Y143.691 E1178.61291
G0 F9000 X75.243 Y143.691
G1 F1800 X80.733 Y149.18 E1178.84013
G0 F9000 X80.11 Y149.18
G1 F1800 X74.621 Y143.691 E1179.06734
G0 F9000 X73.999 Y143.691
G1 F1800 X79.488 Y149.18 E1179.29454
G0 F9000 X78.866 Y149.18
G1 F1800 X73.377 Y143.692 E1179.52172
G0 F9000 X72.755 Y143.692
G1 F1800 X78.243 Y149.18 E1179.74888
G0 F9000 X77.621 Y149.18
G1 F1800 X72.133 Y143.692 E1179.97605
G0 F9000 X71.51 Y143.692
G1 F1800 X76.999 Y149.18 E1180.20323
G0 F9000 X76.377 Y149.18
G1 F1800 X70.888 Y143.692 E1180.43041
G0 F9000 X70.266 Y143.692
G1 F1800 X75.754 Y149.18 E1180.65757
G0 F9000 X75.132 Y149.18
G1 F1800 X69.644 Y143.692 E1180.88474
G0 F9000 X69.021 Y143.692
G1 F1800 X74.51 Y149.18 E1181.11192
G0 F9000 X73.888 Y149.18
G1 F1800 X68.399 Y143.692 E1181.3391
G0 F9000 X67.777 Y143.692
G1 F1800 X73.265 Y149.18 E1181.56626
G0 F9000 X72.643 Y149.18
G1 F1800 X67.155 Y143.692 E1181.79343
G0 F9000 X66.532 Y143.692
G1 F1800 X72.021 Y149.18 E1182.02061
G0 F9000 X71.399 Y149.18
G1 F1800 X65.91 Y143.692 E1182.24779
G0 F9000 X65.288 Y143.692
G1 F1800 X70.776 Y149.18 E1182.47495
G0 F9000 X70.154 Y149.18
G1 F1800 X64.666 Y143.692 E1182.70212
G0 F9000 X64.043 Y143.692
G1 F1800 X69.532 Y149.18 E1182.9293
G0 F9000 X68.91 Y149.18
G1 F1800 X63.421 Y143.692 E1183.15648
G0 F9000 X62.799 Y143.692
G1 F1800 X68.287 Y149.18 E1183.38364
G0 F9000 X67.664 Y149.18
G1 F1800 X62.177 Y143.692 E1183.61078
G0 F9000 X61.537 Y143.674
G1 F1800 X67.042 Y149.18 E1183.83867
G1 F1500 E1181.83867
G0 F9000 X67.042 Y151.565
G0 X45.247 Y151.553
G0 X45.247 Y68.447
G0 X144.864 Y68.435
G0 X144.864 Y70.816
G1 F1500 E1183.83867
G1 F1800 X172.384 Y98.336 E1184.97779
G0 F9000 X172.384 Y97.714
G1 F1800 X145.487 Y70.816 E1186.09115
G0 F9000 X146.109 Y70.816
G1 F1800 X172.384 Y97.091 E1187.17873
G0 F9000 X172.384 Y96.469
G1 F1800 X146.731 Y70.816 E1188.24058
G0 F9000 X147.353 Y70.816
G1 F1800 X172.384 Y95.847 E1189.27667
G0 F9000 X172.384 Y95.225
G1 F1800 X147.976 Y70.816 E1190.287
G0 F9000 X148.598 Y70.816
G1 F1800 X172.384 Y94.602 E1191.27156
G0 F9000 X172.384 Y93.98
G1 F1800 X149.22 Y70.816 E1192.23038
G0 F9000 X149.842 Y70.816
G1 F1800 X172.384 Y93.358 E1193.16345
G0 F9000 X172.384 Y92.736
G1 F1800 X150.465 Y70.816 E1194.07075
G0 F9000 X151.087 Y70.816
G1 F1800 X172.384 Y92.113 E1194.95229
G0 F9000 X172.384 Y91.491
G1 F1800 X151.709 Y70.816 E1195.80808
G0 F9000 X152.331 Y70.816
G1 F1800 X172.384 Y90.869 E1196.63812
G0 F9000 X172.384 Y90.247
G1 F1800 X152.954 Y70.816 E1197.4424
G0 F9000 X153.576 Y70.816
G1 F1800 X172.384 Y89.624 E1198.22091
G0 F9000 X172.384 Y89.002
G1 F1800 X154.198 Y70.816 E1198.97367
G0 F9000 X154.82 Y70.816
G1 F1800 X172.384 Y88.38 E1199.70069
G0 F9000 X172.384 Y87.758
G1 F1800 X155.443 Y70.816 E1200.40194
G0 F9000 X156.065 Y70.816
G1 F1800 X172.384 Y87.135 E1201.07743
G0 F9000 X172.384 Y86.513
G1 F1800 X156.687 Y70.816 E1201.72716
G0 F9000 X157.309 Y70.816
G1 F1800 X172.384 Y85.891 E1202.35116
G0 F9000 X172.384 Y85.269
G1 F1800 X157.932 Y70.816 E1202.94938
G0 F9000 X158.554 Y70.816
G1 F1800 X172.384 Y84.646 E1203.52184
G0 F9000 X172.384 Y84.024
G1 F1800 X159.176 Y70.816 E1204.06855
G0 F9000 X159.798 Y70.816
G1 F1800 X172.384 Y83.402 E1204.58952
G0 F9000 X172.384 Y82.78
G1 F1800 X160.421 Y70.816 E1205.08472
G0 F9000 X161.043 Y70.816
G1 F1800 X172.384 Y82.157 E1205.55415
G0 F9000 X172.384 Y81.535
G1 F1800 X161.665 Y70.816 E1205.99784
G0 F9000 X162.287 Y70.816
G1 F1800 X172.384 Y80.913 E1206.41578
G0 F9000 X172.384 Y80.291
G1 F1800 X162.91 Y70.816 E1206.80795
G0 F9000 X163.532 Y70.816
G1 F1800 X172.384 Y79.668 E1207.17436
G0 F9000 X172.384 Y79.046
G1 F1800 X164.154 Y70.816 E1207.51502
G0 F9000 X164.776 Y70.816
G1 F1800 X172.384 Y78.424 E1207.82993
G0 F9000 X172.384 Y77.802
G1 F1800 X165.399 Y70.816 E1208.11908
G0 F9000 X166.021 Y70.816
G1 F1800 X172.384 Y77.179 E1208.38246
G0 F9000 X172.384 Y76.557
G1 F1800 X166.643 Y70.816 E1208.62009
G0 F9000 X167.265 Y70.816
G1 F1800 X172.384 Y75.935 E1208.83198
G0 F9000 X172.384 Y75.313
G1 F1800 X167.888 Y70.816 E1209.0181
G0 F9000 X168.51 Y70.816
G1 F1800 X172.384 Y74.69 E1209.17846
G0 F9000 X172.384 Y74.068
G1 F1800 X169.132 Y70.816 E1209.31306
G0 F9000 X169.754 Y70.816
G1 F1800 X172.384 Y73.446 E1209.42193
G0 F9000 X172.384 Y72.824
G1 F1800 X170.377 Y70.816 E1209.50502
G0 F9000 X170.999 Y70.816
G1 F1800 X172.384 Y72.201 E1209.56235
G0 F9000 X172.384 Y71.579
G1 F1800 X171.621 Y70.816 E1209.59393
G0 F9000 X172.243 Y70.816
G1 F1800 X172.384 Y70.957 E1209.59977
G1 F1500 E1207.59977
;MESH:NONMESH
G0 F300 Z0.68
G0 F9000 X110 Y142.916
;TIME_ELAPSED:1758.328778
;LAYER:3
M106 S255
;TYPE:WALL-INNER
;MESH:SmartKiln_Frente.stl
G1 F1500 E1209.59977
G1 F1800 X61.851 Y142.916 E1211.00904
G1 X61.603 Y142.85 E1211.01655
G1 X61.289 Y142.673 E1211.0271
G1 X61.07 Y142.436 E1211.03655
G1 X60.943 Y142.186 E1211.04475
G1 X60.88 Y141.92 E1211.05275
G1 X60.885 Y86.673 E1212.66977
G1 X61.001 Y86.278 E1212.68182
G1 X61.229 Y85.975 E1212.69292
G1 X61.519 Y85.763 E1212.70344
G1 X61.884 Y85.684 E1212.71437
G1 X158.224 Y85.684 E1215.53413
G1 X158.559 Y85.82 E1215.54472
G1 X158.771 Y85.975 E1215.5524
G1 X158.95 Y86.191 E1215.56061
G1 X159.075 Y86.467 E1215.56948
G1 X159.116 Y86.674 E1215.57566
G1 X159.116 Y141.92 E1217.19265
G1 X159.053 Y142.186 E1217.20065
G1 X158.926 Y142.435 E1217.20883
G1 X158.707 Y142.673 E1217.2183
G1 X158.393 Y142.85 E1217.22885
G1 X158.146 Y142.916 E1217.23633
G1 X110 Y142.916 E1218.64551
G0 F9000 X110 Y142.476
G1 F1800 X61.902 Y142.476 E1220.05329
G1 X61.653 Y142.39 E1220.061
G1 X61.492 Y142.262 E1220.06702
G1 X61.32 Y141.92 E1220.07822
G1 X61.323 Y86.716 E1221.69398
G1 X61.392 Y86.478 E1221.70124
G1 X61.611 Y86.232 E1221.71088
G1 X61.922 Y86.122 E1221.72053
G1 X158.078 Y86.122 E1224.53491
G1 X158.389 Y86.232 E1224.54457
G1 X158.545 Y86.379 E1224.55084
G1 X158.678 Y86.716 E1224.56145
G1 X158.671 Y141.899 E1226.17659
G1 X158.562 Y142.188 E1226.18564
G1 X158.431 Y142.33 E1226.19129
G1 X158.096 Y142.476 E1226.20199
G1 X110 Y142.476 E1227.6097
G1 F1500 E1225.6097
G0 F9000 X110 Y149.8
G1 F1500 E1227.6097
G1 F1800 X173 Y149.8 E1229.45365
G1 X173 Y70.2 E1231.78345
G1 X47 Y70.2 E1235.47134
G1 X47 Y149.8 E1237.80114
G1 X110 Y149.8 E1239.64508
G0 F9000 X110 Y150.24
G1 F1800 X173.44 Y150.24 E1241.5019
G1 X173.44 Y69.76 E1243.85747
G1 X46.56 Y69.76 E1247.57111
G1 X46.56 Y150.24 E1249.92667
G1 X110 Y150.24 E1251.78349
G0 F9000 X110 Y150.68
;TYPE:WALL-OUTER
G1 F1800 X173.88 Y150.68 E1253.65319
G1 X173.88 Y69.32 E1256.03451
G1 X46.12 Y69.32 E1259.7739
G1 X46.12 Y150.68 E1262.15522
G1 X110 Y150.68 E1264.02492
G1 F1500 E1262.02492
G0 F9000 X110 Y142.033
G1 F1500 E1264.02492
G1 F1800 X61.941 Y142.033 E1265.43156
G1 X61.841 Y141.988 E1265.43477
G1 X61.761 Y141.844 E1265.43959
G1 X61.764 Y86.737 E1267.05251
G1 X61.857 Y86.597 E1267.05743
G1 X61.96 Y86.56 E1267.06063
G1 X158.04 Y86.56 E1269.87279
G1 X158.195 Y86.646 E1269.87798
G1 X158.24 Y86.758 E1269.88151
G1 X158.235 Y141.844 E1271.49382
G1 X158.155 Y141.988 E1271.49864
G1 X158.054 Y142.033 E1271.50188
G1 X110 Y142.033 E1272.90837
G1 F1500 E1270.90837
G0 F9000 X110 Y149.404
;TYPE:SKIN
G1 F1500 E1272.90837
G1 F1800 X47.396 Y149.404 E1274.74072
G1 X47.396 Y70.596 E1277.04734
G1 X172.604 Y70.596 E1280.71204
G1 X172.604 Y149.404 E1283.01867
G1 X110 Y149.404 E1284.85102
G1 F1500 E1282.85102
G0 F9000 X110 Y143.31
G1 F1500 E1284.85102
G1 F1800 X158.202 Y143.309 E1286.26184
G1 X158.515 Y143.225 E1286.27133
G1 X158.954 Y142.984 E1286.28598
G1 X159.256 Y142.658 E1286.29899
G1 X159.414 Y142.338 E1286.30944
G1 X159.511 Y141.962 E1286.3208
G1 X159.506 Y86.625 E1287.94046
G1 X159.359 Y86.108 E1287.95619
G1 X159.048 Y85.688 E1287.97148
G1 X158.76 Y85.478 E1287.98192
G1 X158.518 Y85.367 E1287.98971
G1 X158.156 Y85.289 E1288.00055
G1 X61.794 Y85.285 E1290.82096
G1 X61.242 Y85.449 E1290.83781
G1 X60.858 Y85.784 E1290.85273
G1 X60.586 Y86.224 E1290.86787
G1 X60.487 Y86.582 E1290.87874
G1 X60.485 Y141.962 E1292.49965
G1 X60.568 Y142.318 E1292.51035
G1 X60.738 Y142.653 E1292.52135
G1 X61.041 Y142.983 E1292.53446
G1 X61.431 Y143.204 E1292.54758
G1 X61.796 Y143.312 E1292.55872
G1 X110 Y143.31 E1293.9696
G1 F1500 E1291.9696
G0 F9000 X172.383 Y148.7
G1 F1500 E1293.9696
G1 F1800 X171.899 Y149.184 E1293.98963
G0 F9000 X171.277 Y149.184
G1 F1800 X172.383 Y148.077 E1294.03544
G0 F9000 X172.383 Y147.455
G1 F1800 X170.655 Y149.184 E1294.10698
G0 F9000 X170.032 Y149.184
G1 F1800 X172.383 Y146.833 E1294.2043
G0 F9000 X172.383 Y146.211
G1 F1800 X169.41 Y149.184 E1294.32736
G0 F9000 X168.788 Y149.184
G1 F1800 X172.383 Y145.588 E1294.47618
G0 F9000 X172.383 Y144.966
G1 F1800 X168.166 Y149.184 E1294.65076
G0 F9000 X167.543 Y149.184
G1 F1800 X172.383 Y144.344 E1294.8511
G0 F9000 X172.383 Y143.722
G1 F1800 X166.921 Y149.184 E1295.07718
G0 F9000 X166.299 Y149.184
G1 F1800 X172.383 Y143.099 E1295.32903
G0 F9000 X172.383 Y142.477
G1 F1800 X165.677 Y149.184 E1295.60663
G0 F9000 X165.054 Y149.184
G1 F1800 X172.383 Y141.855 E1295.91
G0 F9000 X172.383 Y141.233
G1 F1800 X164.432 Y149.184 E1296.23911
G0 F9000 X163.81 Y149.184
G1 F1800 X172.383 Y140.61 E1296.59399
G0 F9000 X172.383 Y139.988
G1 F1800 X163.188 Y149.184 E1296.97461
G0 F9000 X162.565 Y149.184
G1 F1800 X172.383 Y139.366 E1297.38101
G0 F9000 X172.383 Y138.744
G1 F1800 X161.943 Y149.184 E1297.81314
G0 F9000 X161.321 Y149.184
G1 F1800 X172.383 Y138.121 E1298.27105
G0 F9000 X172.383 Y137.499
G1 F1800 X160.699 Y149.184 E1298.7547
G0 F9000 X160.076 Y149.184
G1 F1800 X172.383 Y136.877 E1299.26412
G0 F9000 X172.383 Y136.255
G1 F1800 X159.454 Y149.184 E1299.79928
G0 F9000 X158.832 Y149.184
G1 F1800 X172.383 Y135.632 E1300.36021
G0 F9000 X172.383 Y135.01
G1 F1800 X158.209 Y149.184 E1300.94691
G0 F9000 X157.587 Y149.184
G1 F1800 X172.383 Y134.388 E1301.55935
G0 F9000 X172.383 Y133.766
G1 F1800 X156.965 Y149.184 E1302.19754
G0 F9000 X156.343 Y149.184
G1 F1800 X172.383 Y133.143 E1302.8615
G0 F9000 X172.383 Y132.521
G1 F1800 X155.72 Y149.184 E1303.55122
G0 F9000 X155.098 Y149.184
G1 F1800 X172.383 Y131.899 E1304.26669
G0 F9000 X172.383 Y131.276
G1 F1800 X154.476 Y149.184 E1305.00793
G0 F9000 X153.854 Y149.184
G1 F1800 X172.383 Y130.654 E1305.77491
G0 F9000 X172.383 Y130.032
G1 F1800 X153.231 Y149.184 E1306.56766
G0 F9000 X152.609 Y149.184
G1 F1800 X158.277 Y143.517 E1306.80225
G0 F9000 X157.645 Y143.526
G1 F1800 X151.987 Y149.184 E1307.03645
G0 F9000 X151.365 Y149.184
G1 F1800 X157.022 Y143.526 E1307.27063
G0 F9000 X156.4 Y143.526
G1 F1800 X150.742 Y149.184 E1307.50482
G0 F9000 X150.12 Y149.184
G1 F1800 X155.778 Y143.526 E1307.73902
G0 F9000 X155.155 Y143.526
G1 F1800 X149.498 Y149.184 E1307.9732
G0 F9000 X148.876 Y149.184
G1 F1800 X154.533 Y143.526 E1308.20738
G0 F9000 X153.911 Y143.526
G1 F1800 X148.253 Y149.184 E1308.44158
G0 F9000 X147.631 Y149.184
G1 F1800 X153.289 Y143.526 E1308.67578
G0 F9000 X152.666 Y143.526
G1 F1800 X147.009 Y149.184 E1308.90996
G0 F9000 X146.387 Y149.184
G1 F1800 X152.044 Y143.526 E1309.14413
G0 F9000 X151.422 Y143.526
G1 F1800 X145.764 Y149.184 E1309.37833
G0 F9000 X145.142 Y149.184
G1 F1800 X150.8 Y143.526 E1309.61253
G0 F9000 X150.177 Y143.526
G1 F1800 X144.52 Y149.184 E1309.84671
G0 F9000 X143.898 Y149.184
G1 F1800 X149.555 Y143.526 E1310.08089
G0 F9000 X148.933 Y143.526
G1 F1800 X143.275 Y149.184 E1310.31509
G0 F9000 X142.653 Y149.184
G1 F1800 X148.311 Y143.526 E1310.54928
G0 F9000 X147.688 Y143.526
G1 F1800 X142.031 Y149.184 E1310.78346
G0 F9000 X141.409 Y149.184
G1 F1800 X147.066 Y143.526 E1311.01764
G0 F9000 X146.444 Y143.526
G1 F1800 X140.786 Y149.184 E1311.25184
G0 F9000 X140.164 Y149.184
G1 F1800 X145.821 Y143.527 E1311.486
G0 F9000 X145.199 Y143.527
G1 F1800 X139.542 Y149.184 E1311.72015
G0 F9000 X138.92 Y149.184
G1 F1800 X144.576 Y143.527 E1311.95429
G0 F9000 X143.954 Y143.527
G1 F1800 X138.297 Y149.184 E1312.18845
G0 F9000 X137.675 Y149.184
G1 F1800 X143.332 Y143.527 E1312.42261
G0 F9000 X142.71 Y143.527
G1 F1800 X137.053 Y149.184 E1312.65676
G0 F9000 X136.431 Y149.184
G1 F1800 X142.087 Y143.527 E1312.8909
G0 F9000 X141.465 Y143.527
G1 F1800 X135.808 Y149.184 E1313.12506
G0 F9000 X135.186 Y149.184
G1 F1800 X140.843 Y143.527 E1313.35921
G0 F9000 X140.221 Y143.527
G1 F1800 X134.564 Y149.184 E1313.59337
G0 F9000 X133.942 Y149.184
G1 F1800 X139.598 Y143.527 E1313.82751
G0 F9000 X138.976 Y143.527
G1 F1800 X133.319 Y149.184 E1314.06167
G0 F9000 X132.697 Y149.184
G1 F1800 X138.354 Y143.527 E1314.29582
G0 F9000 X137.732 Y143.527
G1 F1800 X132.075 Y149.184 E1314.52998
G0 F9000 X131.453 Y149.184
G1 F1800 X137.109 Y143.527 E1314.76412
G0 F9000 X136.487 Y143.527
G1 F1800 X130.83 Y149.184 E1314.99828
G0 F9000 X130.208 Y149.184
G1 F1800 X135.865 Y143.527 E1315.23243
G0 F9000 X135.243 Y143.527
G1 F1800 X129.586 Y149.184 E1315.46659
G0 F9000 X128.964 Y149.184
G1 F1800 X134.62 Y143.527 E1315.70073
G0 F9000 X133.997 Y143.528
G1 F1800 X128.341 Y149.184 E1315.93484
G0 F9000 X127.719 Y149.184
G1 F1800 X133.375 Y143.528 E1316.16896
G0 F9000 X132.753 Y143.528
G1 F1800 X127.097 Y149.184 E1316.40307
G0 F9000 X126.475 Y149.184
G1 F1800 X132.131 Y143.528 E1316.63719
G0 F9000 X131.508 Y143.528
G1 F1800 X125.852 Y149.184 E1316.87131
G0 F9000 X125.23 Y149.184
G1 F1800 X130.886 Y143.528 E1317.10542
G0 F9000 X130.264 Y143.528
G1 F1800 X124.608 Y149.184 E1317.33954
G0 F9000 X123.986 Y149.184
G1 F1800 X129.642 Y143.528 E1317.57365
G0 F9000 X129.019 Y143.528
G1 F1800 X123.363 Y149.184 E1317.80777
G0 F9000 X122.741 Y149.184
G1 F1800 X128.397 Y143.528 E1318.04189
G0 F9000 X127.775 Y143.528
G1 F1800 X122.119 Y149.184 E1318.276
G0 F9000 X121.497 Y149.184
G1 F1800 X127.153 Y143.528 E1318.51012
G0 F9000 X126.53 Y143.528
G1 F1800 X120.874 Y149.184 E1318.74423
G0 F9000 X120.252 Y149.184
G1 F1800 X125.908 Y143.528 E1318.97835
G0 F9000 X125.286 Y143.528
G1 F1800 X119.63 Y149.184 E1319.21247
G0 F9000 X119.007 Y149.184
G1 F1800 X124.664 Y143.528 E1319.4466
G0 F9000 X124.041 Y143.528
G1 F1800 X118.385 Y149.184 E1319.68072
G0 F9000 X117.763 Y149.184
G1 F1800 X123.419 Y143.528 E1319.91484
G0 F9000 X122.797 Y143.528
G1 F1800 X117.141 Y149.184 E1320.14895
G0 F9000 X116.518 Y149.184
G1 F1800 X122.175 Y143.528 E1320.38309
G0 F9000 X121.552 Y143.529
G1 F1800 X115.896 Y149.184 E1320.61718
G0 F9000 X115.274 Y149.184
G1 F1800 X120.929 Y143.529 E1320.85126
G0 F9000 X120.307 Y143.529
G1 F1800 X114.652 Y149.184 E1321.08533
G0 F9000 X114.029 Y149.184
G1 F1800 X119.685 Y143.529 E1321.31943
G0 F9000 X119.063 Y143.529
G1 F1800 X113.407 Y149.184 E1321.55352
G0 F9000 X112.785 Y149.184
G1 F1800 X118.44 Y143.529 E1321.7876
G0 F9000 X117.818 Y143.529
G1 F1800 X112.163 Y149.184 E1322.02167
G0 F9000 X111.54 Y149.184
G1 F1800 X117.196 Y143.529 E1322.25577
G0 F9000 X116.574 Y143.529
G1 F1800 X110.918 Y149.184 E1322.48986
G0 F9000 X110.296 Y149.184
G1 F1800 X115.951 Y143.529 E1322.72394
G0 F9000 X115.329 Y143.529
G1 F1800 X109.674 Y149.184 E1322.95801
G0 F9000 X109.051 Y149.184
G1 F1800 X114.707 Y143.529 E1323.19211
G0 F9000 X114.085 Y143.529
G1 F1800 X108.429 Y149.184 E1323.4262
G0 F9000 X107.807 Y149.184
G1 F1800 X113.462 Y143.529 E1323.66028
G0 F9000 X112.84 Y143.529
G1 F1800 X107.185 Y149.184 E1323.89435
G0 F9000 X106.562 Y149.184
G1 F1800 X112.218 Y143.529 E1324.12845
G0 F9000 X111.596 Y143.529
G1 F1800 X105.94 Y149.184 E1324.36254
G0 F9000 X105.318 Y149.184
G1 F1800 X110.973 Y143.529 E1324.59662
G0 F9000 X110.351 Y143.529
G1 F1800 X104.696 Y149.184 E1324.83069
G0 F9000 X104.073 Y149.184
G1 F1800 X109.728 Y143.529 E1325.06477
G0 F9000 X109.106 Y143.529
G1 F1800 X103.451 Y149.184 E1325.29884
G0 F9000 X102.829 Y149.184
G1 F1800 X108.484 Y143.529 E1325.53292
G0 F9000 X107.861 Y143.529
G1 F1800 X102.207 Y149.184 E1325.76697
G0 F9000 X101.584 Y149.184
G1 F1800 X107.239 Y143.529 E1326.00104
G0 F9000 X106.617 Y143.529
G1 F1800 X100.962 Y149.184 E1326.23512
G0 F9000 X100.34 Y149.184
G1 F1800 X105.995 Y143.529 E1326.46919
G0 F9000 X105.372 Y143.529
G1 F1800 X99.718 Y149.184 E1326.70325
G0 F9000 X99.095 Y149.184
G1 F1800 X104.75 Y143.529 E1326.93732
G0 F9000 X104.128 Y143.529
G1 F1800 X98.473 Y149.184 E1327.1714
G0 F9000 X97.851 Y149.184
G1 F1800 X103.506 Y143.529 E1327.40547
G0 F9000 X102.883 Y143.529
G1 F1800 X97.229 Y149.184 E1327.63952
G0 F9000 X96.606 Y149.184
G1 F1800 X102.261 Y143.529 E1327.8736
G0 F9000 X101.639 Y143.529
G1 F1800 X95.984 Y149.184 E1328.10767
G0 F9000 X95.362 Y149.184
G1 F1800 X101.017 Y143.529 E1328.34175
G0 F9000 X100.394 Y143.529
G1 F1800 X94.74 Y149.184 E1328.5758
G0 F9000 X94.117 Y149.184
G1 F1800 X99.772 Y143.529 E1328.80988
G0 F9000 X99.15 Y143.529
G1 F1800 X93.495 Y149.184 E1329.04395
G0 F9000 X92.873 Y149.184
G1 F1800 X98.528 Y143.529 E1329.27803
G0 F9000 X97.905 Y143.53
G1 F1800 X92.251 Y149.184 E1329.51206
G0 F9000 X91.628 Y149.184
G1 F1800 X97.282 Y143.53 E1329.74609
G0 F9000 X96.66 Y143.53
G1 F1800 X91.006 Y149.184 E1329.98013
G0 F9000 X90.384 Y149.184
G1 F1800 X96.038 Y143.53 E1330.21416
G0 F9000 X95.416 Y143.53
G1 F1800 X89.762 Y149.184 E1330.44819
G0 F9000 X89.139 Y149.184
G1 F1800 X94.793 Y143.53 E1330.68223
G0 F9000 X94.171 Y143.53
G1 F1800 X88.517 Y149.184 E1330.91626
G0 F9000 X87.895 Y149.184
G1 F1800 X93.549 Y143.53 E1331.15029
G0 F9000 X92.927 Y143.53
G1 F1800 X87.273 Y149.184 E1331.38432
G0 F9000 X86.65 Y149.184
G1 F1800 X92.304 Y143.53 E1331.61836
G0 F9000 X91.682 Y143.53
G1 F1800 X86.028 Y149.184 E1331.85239
G0 F9000 X85.406 Y149.184
G1 F1800 X91.06 Y143.53 E1332.08642
G0 F9000 X90.438 Y143.53
G1 F1800 X84.784 Y149.184 E1332.32046
G0 F9000 X84.161 Y149.184
G1 F1800 X89.815 Y143.53 E1332.55449
G0 F9000 X89.193 Y143.53
G1 F1800 X83.539 Y149.184 E1332.78852
G0 F9000 X82.917 Y149.184
G1 F1800 X88.571 Y143.53 E1333.02256
G0 F9000 X87.949 Y143.53
G1 F1800 X82.295 Y149.184 E1333.25659
G0 F9000 X81.672 Y149.184
G1 F1800 X87.326 Y143.53 E1333.49062
G0 F9000 X86.704 Y143.53
G1 F1800 X81.05 Y149.184 E1333.72466
G0 F9000 X80.428 Y149.184
G1 F1800 X86.082 Y143.53 E1333.95869
G0 F9000 X85.459 Y143.531
G1 F1800 X79.805 Y149.184 E1334.1927
G0 F9000 X79.183 Y149.184
G1 F1800 X84.837 Y143.531 E1334.42672
G0 F9000 X84.214 Y143.531
G1 F1800 X78.561 Y149.184 E1334.66071
G0 F9000 X77.939 Y149.184
G1 F1800 X83.592 Y143.531 E1334.8947
G0 F9000 X82.97 Y143.531
G1 F1800 X77.316 Y149.184 E1335.12871
G0 F9000 X76.694 Y149.184
G1 F1800 X82.348 Y143.531 E1335.36272
G0 F9000 X81.725 Y143.531
G1 F1800 X76.072 Y149.184 E1335.59672
G0 F9000 X75.45 Y149.184
G1 F1800 X81.103 Y143.531 E1335.83071
G0 F9000 X80.481 Y143.531
G1 F1800 X74.827 Y149.184 E1336.06472
G0 F9000 X74.205 Y149.184
G1 F1800 X79.859 Y143.531 E1336.29873
G0 F9000 X79.236 Y143.531
G1 F1800 X73.583 Y149.184 E1336.53272
G0 F9000 X72.961 Y149.184
G1 F1800 X78.614 Y143.531 E1336.76672
G0 F9000 X77.992 Y143.531
G1 F1800 X72.338 Y149.184 E1337.00073
G0 F9000 X71.716 Y149.184
G1 F1800 X77.37 Y143.531 E1337.23474
G0 F9000 X76.747 Y143.531
G1 F1800 X71.094 Y149.184 E1337.46873
G0 F9000 X70.472 Y149.184
G1 F1800 X76.125 Y143.531 E1337.70272
G0 F9000 X75.503 Y143.531
G1 F1800 X69.849 Y149.184 E1337.93674
G0 F9000 X69.227 Y149.184
G1 F1800 X74.88 Y143.531 E1338.17073
G0 F9000 X74.258 Y143.531
G1 F1800 X68.605 Y149.184 E1338.40472
G0 F9000 X67.983 Y149.184
G1 F1800 X73.635 Y143.531 E1338.63869
G0 F9000 X73.013 Y143.531
G1 F1800 X67.36 Y149.184 E1338.87268
G0 F9000 X66.738 Y149.184
G1 F1800 X72.391 Y143.531 E1339.10668
G0 F9000 X71.769 Y143.531
G1 F1800 X66.116 Y149.184 E1339.34067
G0 F9000 X65.494 Y149.184
G1 F1800 X71.146 Y143.531 E1339.57464
G0 F9000 X70.524 Y143.531
G1 F1800 X64.871 Y149.184 E1339.80863
G0 F9000 X64.249 Y149.184
G1 F1800 X69.902 Y143.531 E1340.04262
G0 F9000 X69.279 Y143.531
G1 F1800 X63.627 Y149.184 E1340.27659
G0 F9000 X63.005 Y149.184
G1 F1800 X68.657 Y143.531 E1340.51056
G0 F9000 X68.035 Y143.531
G1 F1800 X62.382 Y149.184 E1340.74456
G0 F9000 X61.76 Y149.184
G1 F1800 X67.413 Y143.531 E1340.97855
G0 F9000 X66.79 Y143.531
G1 F1800 X61.138 Y149.184 E1341.21252
G0 F9000 X60.516 Y149.184
G1 F1800 X66.168 Y143.531 E1341.44649
G0 F9000 X65.546 Y143.531
G1 F1800 X59.893 Y149.184 E1341.68048
G0 F9000 X59.271 Y149.184
G1 F1800 X64.924 Y143.531 E1341.91447
G0 F9000 X64.301 Y143.531
G1 F1800 X58.649 Y149.184 E1342.14845
G0 F9000 X58.027 Y149.184
G1 F1800 X63.679 Y143.531 E1342.38242
G0 F9000 X63.057 Y143.531
G1 F1800 X57.404 Y149.184 E1342.61641
G0 F9000 X56.782 Y149.184
G1 F1800 X62.435 Y143.531 E1342.8504
G0 F9000 X61.812 Y143.531
G1 F1800 X56.16 Y149.184 E1343.08437
G0 F9000 X55.538 Y149.184
G1 F1800 X61.326 Y143.396 E1343.32395
G0 F9000 X60.929 Y143.171
G1 F1800 X54.915 Y149.184 E1343.57286
G0 F9000 X54.293 Y149.184
G1 F1800 X60.625 Y142.853 E1343.83494
G0 F9000 X60.395 Y142.46
G1 F1800 X53.671 Y149.184 E1344.11326
G0 F9000 X53.049 Y149.184
G1 F1800 X60.267 Y141.966 E1344.41204
G0 F9000 X60.267 Y141.344
G1 F1800 X52.426 Y149.184 E1344.73657
G0 F9000 X51.804 Y149.184
G1 F1800 X60.267 Y140.721 E1345.08688
G0 F9000 X60.267 Y140.099
G1 F1800 X51.182 Y149.184 E1345.46293
G0 F9000 X50.56 Y149.184
G1 F1800 X60.267 Y139.477 E1345.86473
G0 F9000 X60.267 Y138.855
G1 F1800 X49.937 Y149.184 E1346.29229
G0 F9000 X49.315 Y149.184
G1 F1800 X60.267 Y138.232 E1346.74562
G0 F9000 X60.267 Y137.61
G1 F1800 X48.693 Y149.184 E1347.2247
G0 F9000 X48.071 Y149.184
G1 F1800 X60.267 Y136.988 E1347.72952
G0 F9000 X60.267 Y136.366
G1 F1800 X47.617 Y149.016 E1348.25314
G0 F9000 X47.617 Y148.393
G1 F1800 X60.267 Y135.743 E1348.77675
G0 F9000 X60.267 Y135.121
G1 F1800 X47.617 Y147.771 E1349.30037
G0 F9000 X47.617 Y147.149
G1 F1800 X60.267 Y134.499 E1349.82398
G0 F9000 X60.267 Y133.877
G1 F1800 X47.617 Y146.527 E1350.3476
G0 F9000 X47.617 Y145.904
G1 F1800 X60.267 Y133.254 E1350.87121
G0 F9000 X60.267 Y132.632
G1 F1800 X47.617 Y145.282 E1351.39483
G0 F9000 X47.617 Y144.66
G1 F1800 X60.267 Y132.01 E1351.91844
G0 F9000 X60.267 Y131.388
G1 F1800 X47.617 Y144.038 E1352.44206
G0 F9000 X47.617 Y143.415
G1 F1800 X60.267 Y130.765 E1352.96567
G0 F9000 X60.267 Y130.143
G1 F1800 X47.617 Y142.793 E1353.48929
G0 F9000 X47.617 Y142.171
G1 F1800 X60.267 Y129.521 E1354.0129
G0 F9000 X60.267 Y128.898
G1 F1800 X47.617 Y141.549 E1354.53654
G0 F9000 X47.617 Y140.926
G1 F1800 X60.267 Y128.276 E1355.06015
G0 F9000 X60.267 Y127.653
G1 F1800 X47.617 Y140.304 E1355.58379
G0 F9000 X47.617 Y139.682
G1 F1800 X60.267 Y127.031 E1356.10742
G0 F9000 X60.267 Y126.409
G1 F1800 X47.617 Y139.06 E1356.63106
G0 F9000 X47.617 Y138.437
G1 F1800 X60.267 Y125.787 E1357.15468
G0 F9000 X60.267 Y125.164
G1 F1800 X47.617 Y137.815 E1357.67831
G0 F9000 X47.617 Y137.193
G1 F1800 X60.267 Y124.542 E1358.20195
G0 F9000 X60.267 Y123.92
G1 F1800 X47.617 Y136.571 E1358.72558
G0 F9000 X47.617 Y135.948
G1 F1800 X60.267 Y123.298 E1359.2492
G0 F9000 X60.267 Y122.675
G1 F1800 X47.617 Y135.326 E1359.77283
G0 F9000 X47.617 Y134.704
G1 F1800 X60.267 Y122.053 E1360.29647
G0 F9000 X60.267 Y121.431
G1 F1800 X47.617 Y134.082 E1360.82011
G0 F9000 X47.617 Y133.459
G1 F1800 X60.267 Y120.808 E1361.34374
G0 F9000 X60.267 Y120.186
G1 F1800 X47.617 Y132.837 E1361.86738
G0 F9000 X47.617 Y132.215
G1 F1800 X60.267 Y119.564 E1362.39101
G0 F9000 X60.267 Y118.942
G1 F1800 X47.617 Y131.593 E1362.91465
G0 F9000 X47.617 Y130.97
G1 F1800 X60.267 Y118.319 E1363.43829
G0 F9000 X60.267 Y117.697
G1 F1800 X47.617 Y130.348 E1363.96192
G0 F9000 X47.617 Y129.726
G1 F1800 X60.267 Y117.075 E1364.48556
G0 F9000 X60.267 Y116.453
G1 F1800 X47.617 Y129.104 E1365.00919
G0 F9000 X47.617 Y128.481
G1 F1800 X60.267 Y115.83 E1365.53283
G0 F9000 X60.267 Y115.208
G1 F1800 X47.617 Y127.859 E1366.05646
G0 F9000 X47.617 Y127.237
G1 F1800 X60.267 Y114.586 E1366.5801
G0 F9000 X60.268 Y113.963
G1 F1800 X47.617 Y126.615 E1367.10378
G0 F9000 X47.617 Y125.992
G1 F1800 X60.268 Y113.341 E1367.62743
G0 F9000 X60.268 Y112.718
G1 F1800 X47.617 Y125.37 E1368.15111
G0 F9000 X47.617 Y124.748
G1 F1800 X60.268 Y112.096 E1368.67479
G0 F9000 X60.268 Y111.474
G1 F1800 X47.617 Y124.126 E1369.19847
G0 F9000 X47.617 Y123.503
G1 F1800 X60.268 Y110.852 E1369.72212
G0 F9000 X60.268 Y110.229
G1 F1800 X47.617 Y122.881 E1370.2458
G0 F9000 X47.617 Y122.259
G1 F1800 X60.268 Y109.607 E1370.76948
G0 F9000 X60.268 Y108.985
G1 F1800 X47.617 Y121.637 E1371.29315
G0 F9000 X47.617 Y121.014
G1 F1800 X60.268 Y108.363 E1371.81681
G0 F9000 X60.268 Y107.74
G1 F1800 X47.617 Y120.392 E1372.34049
G0 F9000 X47.617 Y119.77
G1 F1800 X60.268 Y107.118 E1372.86417
G0 F9000 X60.268 Y106.496
G1 F1800 X47.617 Y119.147 E1373.38782
G0 F9000 X47.617 Y118.525
G1 F1800 X60.268 Y105.874 E1373.91148
G0 F9000 X60.268 Y105.251
G1 F1800 X47.617 Y117.903 E1374.43516
G0 F9000 X47.617 Y117.281
G1 F1800 X60.268 Y104.629 E1374.95883
G0 F9000 X60.268 Y104.007
G1 F1800 X47.617 Y116.658 E1375.48249
G0 F9000 X47.617 Y116.036
G1 F1800 X60.268 Y103.385 E1376.00615
G0 F9000 X60.268 Y102.762
G1 F1800 X47.617 Y115.414 E1376.52982
G0 F9000 X47.617 Y114.792
G1 F1800 X60.268 Y102.14 E1377.0535
G0 F9000 X60.268 Y101.518
G1 F1800 X47.617 Y114.169 E1377.57716
G0 F9000 X47.617 Y113.547
G1 F1800 X60.268 Y100.896 E1378.10081
G0 F9000 X60.269 Y100.273
G1 F1800 X47.617 Y112.925 E1378.62451
G0 F9000 X47.617 Y112.303
G1 F1800 X60.269 Y99.65 E1379.14823
G0 F9000 X60.269 Y99.028
G1 F1800 X47.617 Y111.68 E1379.67193
G0 F9000 X47.617 Y111.058
G1 F1800 X60.269 Y98.406 E1380.19563
G0 F9000 X60.269 Y97.784
G1 F1800 X47.617 Y110.436 E1380.71932
G0 F9000 X47.617 Y109.814
G1 F1800 X60.269 Y97.161 E1381.24304
G0 F9000 X60.269 Y96.539
G1 F1800 X47.617 Y109.191 E1381.76674
G0 F9000 X47.617 Y108.569
G1 F1800 X60.269 Y95.917 E1382.29044
G0 F9000 X60.269 Y95.295
G1 F1800 X47.617 Y107.947 E1382.81414
G0 F9000 X47.617 Y107.325
G1 F1800 X60.269 Y94.672 E1383.33785
G0 F9000 X60.269 Y94.05
G1 F1800 X47.617 Y106.702 E1383.86155
G0 F9000 X47.617 Y106.08
G1 F1800 X60.269 Y93.428 E1384.38525
G0 F9000 X60.269 Y92.806
G1 F1800 X47.617 Y105.458 E1384.90895
G0 F9000 X47.617 Y104.836
G1 F1800 X60.269 Y92.183 E1385.43267
G0 F9000 X60.269 Y91.561
G1 F1800 X47.617 Y104.213 E1385.95637
G0 F9000 X47.617 Y103.591
G1 F1800 X60.269 Y90.939 E1386.48006
G0 F9000 X60.269 Y90.317
G1 F1800 X47.617 Y102.969 E1387.00376
G0 F9000 X47.617 Y102.347
G1 F1800 X60.269 Y89.694 E1387.52748
G0 F9000 X60.269 Y89.072
G1 F1800 X47.617 Y101.724 E1388.05118
G0 F9000 X47.617 Y101.102
G1 F1800 X60.269 Y88.45 E1388.57488
G0 F9000 X60.269 Y87.828
G1 F1800 X47.617 Y100.48 E1389.09857
G0 F9000 X47.617 Y99.858
G1 F1800 X60.269 Y87.205 E1389.62229
G0 F9000 X60.269 Y86.583
G1 F1800 X47.617 Y99.235 E1390.14599
G0 F9000 X47.617 Y98.613
G1 F1800 X75.414 Y70.816 E1391.29658
G0 F9000 X76.036 Y70.816
G1 F1800 X61.788 Y85.064 E1391.88634
G0 F9000 X62.41 Y85.064
G1 F1800 X76.658 Y70.816 E1392.4761
G0 F9000 X77.28 Y70.816
G1 F1800 X63.032 Y85.064 E1393.06586
G0 F9000 X63.654 Y85.064
G1 F1800 X77.903 Y70.816 E1393.65564
G0 F9000 X78.525 Y70.816
G1 F1800 X64.277 Y85.064 E1394.2454
G0 F9000 X64.899 Y85.064
G1 F1800 X79.147 Y70.816 E1394.83516
G0 F9000 X79.769 Y70.816
G1 F1800 X65.521 Y85.064 E1395.42492
G0 F9000 X66.143 Y85.064
G1 F1800 X80.392 Y70.816 E1396.0147
G0 F9000 X81.014 Y70.816
G1 F1800 X66.766 Y85.064 E1396.60446
G0 F9000 X67.388 Y85.064
G1 F1800 X81.636 Y70.816 E1397.19422
G0 F9000 X82.258 Y70.816
G1 F1800 X68.01 Y85.064 E1397.78398
G0 F9000 X68.632 Y85.064
G1 F1800 X82.881 Y70.816 E1398.37376
G0 F9000 X83.503 Y70.816
G1 F1800 X69.255 Y85.064 E1398.96352
G0 F9000 X69.877 Y85.064
G1 F1800 X84.125 Y70.816 E1399.55328
G0 F9000 X84.747 Y70.816
G1 F1800 X70.499 Y85.064 E1400.14305
G0 F9000 X71.122 Y85.064
G1 F1800 X85.37 Y70.816 E1400.73281
G0 F9000 X85.992 Y70.816
G1 F1800 X71.744 Y85.064 E1401.32257
G0 F9000 X72.366 Y85.064
G1 F1800 X86.614 Y70.816 E1401.91233
G0 F9000 X87.236 Y70.816
G1 F1800 X72.988 Y85.065 E1402.50211
G0 F9000 X73.61 Y85.065
G1 F1800 X87.859 Y70.816 E1403.09191
G0 F9000 X88.481 Y70.816
G1 F1800 X74.232 Y85.065 E1403.68171
G0 F9000 X74.854 Y85.065
G1 F1800 X89.103 Y70.816 E1404.27151
G0 F9000 X89.725 Y70.816
G1 F1800 X75.477 Y85.065 E1404.86129
G0 F9000 X76.099 Y85.065
G1 F1800 X90.348 Y70.816 E1405.4511
G0 F9000 X90.97 Y70.816
G1 F1800 X76.721 Y85.065 E1406.0409
G0 F9000 X77.343 Y85.065
G1 F1800 X91.592 Y70.816 E1406.6307
G0 F9000 X92.215 Y70.816
G1 F1800 X77.966 Y85.065 E1407.2205
G0 F9000 X78.588 Y85.065
G1 F1800 X92.837 Y70.816 E1407.8103
G0 F9000 X93.459 Y70.816
G1 F1800 X79.21 Y85.065 E1408.4001
G0 F9000 X79.832 Y85.065
G1 F1800 X94.081 Y70.816 E1408.98991
G0 F9000 X94.704 Y70.816
G1 F1800 X80.455 Y85.065 E1409.57971
G0 F9000 X81.077 Y85.065
G1 F1800 X95.326 Y70.816 E1410.16951
G0 F9000 X95.948 Y70.816
G1 F1800 X81.699 Y85.065 E1410.75931
G0 F9000 X82.321 Y85.065
G1 F1800 X96.57 Y70.816 E1411.34911
G0 F9000 X97.193 Y70.816
G1 F1800 X82.944 Y85.065 E1411.93891
G0 F9000 X83.565 Y85.066
G1 F1800 X97.815 Y70.816 E1412.52876
G0 F9000 X98.437 Y70.816
G1 F1800 X84.187 Y85.066 E1413.1186
G0 F9000 X84.81 Y85.066
G1 F1800 X99.059 Y70.816 E1413.70842
G0 F9000 X99.682 Y70.816
G1 F1800 X85.432 Y85.066 E1414.29827
G0 F9000 X86.054 Y85.066
G1 F1800 X100.304 Y70.816 E1414.88811
G0 F9000 X100.926 Y70.816
G1 F1800 X86.676 Y85.066 E1415.47795
G0 F9000 X87.299 Y85.066
G1 F1800 X101.548 Y70.816 E1416.06778
G0 F9000 X102.171 Y70.816
G1 F1800 X87.921 Y85.066 E1416.65762
G0 F9000 X88.543 Y85.066
G1 F1800 X102.793 Y70.816 E1417.24746
G0 F9000 X103.415 Y70.816
G1 F1800 X89.165 Y85.066 E1417.8373
G0 F9000 X89.788 Y85.066
G1 F1800 X104.037 Y70.816 E1418.42713
G0 F9000 X104.66 Y70.816
G1 F1800 X90.41 Y85.066 E1419.01697
G0 F9000 X91.032 Y85.066
G1 F1800 X105.282 Y70.816 E1419.60681
G0 F9000 X105.904 Y70.816
G1 F1800 X91.654 Y85.066 E1420.19666
G0 F9000 X92.277 Y85.066
G1 F1800 X106.526 Y70.816 E1420.78648
G0 F9000 X107.149 Y70.816
G1 F1800 X92.899 Y85.066 E1421.37632
G0 F9000 X93.521 Y85.066
G1 F1800 X107.771 Y70.816 E1421.96617
G0 F9000 X108.393 Y70.816
G1 F1800 X94.143 Y85.066 E1422.55601
G0 F9000 X94.765 Y85.066
G1 F1800 X109.015 Y70.816 E1423.14585
G0 F9000 X109.638 Y70.816
G1 F1800 X95.387 Y85.066 E1423.73572
G0 F9000 X96.01 Y85.066
G1 F1800 X110.26 Y70.816 E1424.32556
G0 F9000 X110.882 Y70.816
G1 F1800 X96.632 Y85.066 E1424.9154
G0 F9000 X97.254 Y85.066
G1 F1800 X111.504 Y70.816 E1425.50525
G0 F9000 X112.127 Y70.816
G1 F1800 X97.876 Y85.066 E1426.09511
G0 F9000 X98.499 Y85.066
G1 F1800 X112.749 Y70.816 E1426.68495
G0 F9000 X113.371 Y70.816
G1 F1800 X99.121 Y85.066 E1427.2748
G0 F9000 X99.743 Y85.066
G1 F1800 X113.993 Y70.816 E1427.86464
G0 F9000 X114.616 Y70.816
G1 F1800 X100.365 Y85.066 E1428.4545
G0 F9000 X100.988 Y85.066
G1 F1800 X115.238 Y70.816 E1429.04435
G0 F9000 X115.86 Y70.816
G1 F1800 X101.61 Y85.066 E1429.63419
G0 F9000 X102.232 Y85.066
G1 F1800 X116.482 Y70.816 E1430.22403
G0 F9000 X117.105 Y70.816
G1 F1800 X102.854 Y85.066 E1430.8139
G0 F9000 X103.477 Y85.066
G1 F1800 X117.727 Y70.816 E1431.40374
G0 F9000 X118.349 Y70.816
G1 F1800 X104.099 Y85.066 E1431.99358
G0 F9000 X104.72 Y85.067
G1 F1800 X118.971 Y70.816 E1432.58347
G0 F9000 X119.594 Y70.816
G1 F1800 X105.343 Y85.067 E1433.17335
G0 F9000 X105.965 Y85.067
G1 F1800 X120.216 Y70.816 E1433.76324
G0 F9000 X120.838 Y70.816
G1 F1800 X106.587 Y85.067 E1434.35312
G0 F9000 X107.209 Y85.067
G1 F1800 X121.46 Y70.816 E1434.943
G0 F9000 X122.083 Y70.816
G1 F1800 X107.832 Y85.067 E1435.53289
G0 F9000 X108.454 Y85.067
G1 F1800 X122.705 Y70.816 E1436.12277
G0 F9000 X123.327 Y70.816
G1 F1800 X109.076 Y85.067 E1436.71266
G0 F9000 X109.698 Y85.067
G1 F1800 X123.949 Y70.816 E1437.30254
G0 F9000 X124.572 Y70.816
G1 F1800 X110.321 Y85.067 E1437.89243
G0 F9000 X110.943 Y85.067
G1 F1800 X125.194 Y70.816 E1438.48231
G0 F9000 X125.816 Y70.816
G1 F1800 X111.565 Y85.067 E1439.0722
G0 F9000 X112.187 Y85.067
G1 F1800 X126.438 Y70.816 E1439.66208
G0 F9000 X127.061 Y70.816
G1 F1800 X112.81 Y85.067 E1440.25197
G0 F9000 X113.432 Y85.067
G1 F1800 X127.683 Y70.816 E1440.84185
G0 F9000 X128.305 Y70.816
G1 F1800 X114.054 Y85.067 E1441.43173
G0 F9000 X114.676 Y85.067
G1 F1800 X128.927 Y70.816 E1442.02162
G0 F9000 X129.55 Y70.816
G1 F1800 X115.299 Y85.067 E1442.6115
G0 F9000 X115.92 Y85.068
G1 F1800 X130.172 Y70.816 E1443.20143
G0 F9000 X130.794 Y70.816
G1 F1800 X116.543 Y85.068 E1443.79133
G0 F9000 X117.165 Y85.068
G1 F1800 X131.417 Y70.816 E1444.38126
G0 F9000 X132.039 Y70.816
G1 F1800 X117.787 Y85.068 E1444.97119
G0 F9000 X118.409 Y85.068
G1 F1800 X132.661 Y70.816 E1445.56111
G0 F9000 X133.283 Y70.816
G1 F1800 X119.032 Y85.068 E1446.15102
G0 F9000 X119.654 Y85.068
G1 F1800 X133.906 Y70.816 E1446.74094
G0 F9000 X134.528 Y70.816
G1 F1800 X120.276 Y85.068 E1447.33087
G0 F9000 X120.898 Y85.068
G1 F1800 X135.15 Y70.816 E1447.9208
G0 F9000 X135.772 Y70.816
G1 F1800 X121.521 Y85.068 E1448.5107
G0 F9000 X122.143 Y85.068
G1 F1800 X136.395 Y70.816 E1449.10063
G0 F9000 X137.017 Y70.816
G1 F1800 X122.765 Y85.068 E1449.69055
G0 F9000 X123.387 Y85.068
G1 F1800 X137.639 Y70.816 E1450.28048
G0 F9000 X138.261 Y70.816
G1 F1800 X124.01 Y85.068 E1450.87038
G0 F9000 X124.632 Y85.068
G1 F1800 X138.884 Y70.816 E1451.46031
G0 F9000 X139.506 Y70.816
G1 F1800 X125.254 Y85.068 E1452.05024
G0 F9000 X125.876 Y85.068
G1 F1800 X140.128 Y70.816 E1452.64016
G0 F9000 X140.75 Y70.816
G1 F1800 X126.498 Y85.068 E1453.23009
G0 F9000 X127.12 Y85.068
G1 F1800 X141.373 Y70.816 E1453.82003
G0 F9000 X141.995 Y70.816
G1 F1800 X127.742 Y85.068 E1454.40998
G0 F9000 X128.365 Y85.068
G1 F1800 X142.617 Y70.816 E1454.99991
G0 F9000 X143.239 Y70.816
G1 F1800 X128.987 Y85.068 E1455.58983
G0 F9000 X129.609 Y85.068
G1 F1800 X143.862 Y70.816 E1456.17978
G0 F9000 X144.484 Y70.816
G1 F1800 X130.231 Y85.068 E1456.76973
G0 F9000 X130.854 Y85.068
G1 F1800 X145.106 Y70.816 E1457.35965
G0 F9000 X145.728 Y70.816
G1 F1800 X131.476 Y85.068 E1457.94958
G0 F9000 X132.098 Y85.068
G1 F1800 X146.351 Y70.816 E1458.53952
G0 F9000 X146.973 Y70.816
G1 F1800 X132.72 Y85.068 E1459.12947
G0 F9000 X133.343 Y85.068
G1 F1800 X147.595 Y70.816 E1459.7194
G0 F9000 X148.217 Y70.816
G1 F1800 X133.965 Y85.068 E1460.30932
G0 F9000 X134.587 Y85.068
G1 F1800 X148.84 Y70.816 E1460.89927
G0 F9000 X149.462 Y70.816
G1 F1800 X135.209 Y85.068 E1461.48922
G0 F9000 X135.832 Y85.068
G1 F1800 X150.084 Y70.816 E1462.07914
G0 F9000 X150.706 Y70.816
G1 F1800 X136.454 Y85.068 E1462.66907
G0 F9000 X137.075 Y85.069
G1 F1800 X151.329 Y70.816 E1463.25906
G0 F9000 X151.951 Y70.816
G1 F1800 X137.698 Y85.069 E1463.84902
G0 F9000 X138.32 Y85.069
G1 F1800 X152.573 Y70.816 E1464.43899
G0 F9000 X153.195 Y70.816
G1 F1800 X138.942 Y85.069 E1465.02896
G0 F9000 X139.564 Y85.069
G1 F1800 X153.818 Y70.816 E1465.61895
G0 F9000 X154.44 Y70.816
G1 F1800 X140.187 Y85.069 E1466.20891
G0 F9000 X140.809 Y85.069
G1 F1800 X155.062 Y70.816 E1466.79888
G0 F9000 X155.684 Y70.816
G1 F1800 X141.431 Y85.069 E1467.38885
G0 F9000 X142.054 Y85.069
G1 F1800 X156.307 Y70.816 E1467.97882
G0 F9000 X156.929 Y70.816
G1 F1800 X142.676 Y85.069 E1468.56878
G0 F9000 X143.298 Y85.069
G1 F1800 X157.551 Y70.816 E1469.15875
G0 F9000 X158.173 Y70.816
G1 F1800 X143.92 Y85.069 E1469.74872
G0 F9000 X144.543 Y85.069
G1 F1800 X158.796 Y70.816 E1470.33869
G0 F9000 X159.418 Y70.816
G1 F1800 X145.165 Y85.069 E1470.92865
G0 F9000 X145.787 Y85.069
G1 F1800 X160.04 Y70.816 E1471.51862
G0 F9000 X160.662 Y70.816
G1 F1800 X146.409 Y85.069 E1472.10859
G0 F9000 X147.032 Y85.069
G1 F1800 X161.285 Y70.816 E1472.69855
G0 F9000 X161.907 Y70.816
G1 F1800 X147.653 Y85.07 E1473.28856
G0 F9000 X148.275 Y85.07
G1 F1800 X162.529 Y70.816 E1473.87857
G0 F9000 X163.151 Y70.816
G1 F1800 X148.898 Y85.07 E1474.46856
G0 F9000 X149.52 Y85.07
G1 F1800 X163.774 Y70.816 E1475.05857
G0 F9000 X164.396 Y70.816
G1 F1800 X150.142 Y85.07 E1475.64858
G0 F9000 X150.764 Y85.07
G1 F1800 X165.018 Y70.816 E1476.23859
G0 F9000 X165.64 Y70.816
G1 F1800 X151.387 Y85.07 E1476.82857
G0 F9000 X152.009 Y85.07
G1 F1800 X166.263 Y70.816 E1477.41858
G0 F9000 X166.885 Y70.816
G1 F1800 X152.631 Y85.07 E1478.00859
G0 F9000 X153.253 Y85.07
G1 F1800 X167.507 Y70.816 E1478.5986
G0 F9000 X168.129 Y70.816
G1 F1800 X153.876 Y85.07 E1479.18859
G0 F9000 X154.498 Y85.07
G1 F1800 X168.752 Y70.816 E1479.7786
G0 F9000 X169.374 Y70.816
G1 F1800 X155.12 Y85.07 E1480.36861
G0 F9000 X155.742 Y85.07
G1 F1800 X169.996 Y70.816 E1480.95861
G0 F9000 X170.619 Y70.816
G1 F1800 X156.365 Y85.07 E1481.54862
G0 F9000 X156.987 Y85.07
G1 F1800 X171.241 Y70.816 E1482.13863
G0 F9000 X171.863 Y70.816
G1 F1800 X157.609 Y85.07 E1482.72864
G0 F9000 X158.222 Y85.08
G1 F1800 X172.383 Y70.918 E1483.31482
G0 F9000 X172.383 Y71.54
G1 F1800 X158.709 Y85.214 E1483.88082
G0 F9000 X159.095 Y85.451
G1 F1800 X172.383 Y72.162 E1484.43087
G0 F9000 X172.383 Y72.785
G1 F1800 X159.392 Y85.776 E1484.9686
G0 F9000 X159.608 Y86.182
G1 F1800 X172.383 Y73.407 E1485.49739
G0 F9000 X172.383 Y74.029
G1 F1800 X159.723 Y86.69 E1486.02143
G0 F9000 X159.723 Y87.312
G1 F1800 X172.383 Y74.651 E1486.54548
G0 F9000 X172.383 Y75.274
G1 F1800 X159.723 Y87.934 E1487.06951
G0 F9000 X159.723 Y88.557
G1 F1800 X172.383 Y75.896 E1487.59356
G0 F9000 X172.383 Y76.518
G1 F1800 X159.723 Y89.179 E1488.11761
G0 F9000 X159.723 Y89.801
G1 F1800 X172.383 Y77.14 E1488.64166
G0 F9000 X172.383 Y77.763
G1 F1800 X159.723 Y90.423 E1489.16569
G0 F9000 X159.723 Y91.046
G1 F1800 X172.383 Y78.385 E1489.68974
G0 F9000 X172.383 Y79.007
G1 F1800 X159.723 Y91.668 E1490.21379
G0 F9000 X159.723 Y92.289
G1 F1800 X172.383 Y79.629 E1490.73782
G0 F9000 X172.383 Y80.252
G1 F1800 X159.723 Y92.912 E1491.26185
G0 F9000 X159.723 Y93.534
G1 F1800 X172.383 Y80.874 E1491.78588
G0 F9000 X172.383 Y81.496
G1 F1800 X159.723 Y94.156 E1492.30991
G0 F9000 X159.723 Y94.778
G1 F1800 X172.383 Y82.118 E1492.83394
G0 F9000 X172.383 Y82.741
G1 F1800 X159.723 Y95.401 E1493.35797
G0 F9000 X159.723 Y96.023
G1 F1800 X172.383 Y83.363 E1493.882
G0 F9000 X172.383 Y83.985
G1 F1800 X159.723 Y96.645 E1494.40602
G0 F9000 X159.723 Y97.267
G1 F1800 X172.383 Y84.607 E1494.93005
G0 F9000 X172.383 Y85.23
G1 F1800 X159.724 Y97.889 E1495.45404
G0 F9000 X159.724 Y98.511
G1 F1800 X172.383 Y85.852 E1495.97803
G0 F9000 X172.383 Y86.474
G1 F1800 X159.724 Y99.134 E1496.50204
G0 F9000 X159.724 Y99.756
G1 F1800 X172.383 Y87.096 E1497.02605
G0 F9000 X172.383 Y87.719
G1 F1800 X159.724 Y100.378 E1497.55003
G0 F9000 X159.724 Y101
G1 F1800 X172.383 Y88.341 E1498.07402
G0 F9000 X172.383 Y88.963
G1 F1800 X159.724 Y101.623 E1498.59803
G0 F9000 X159.724 Y102.245
G1 F1800 X172.383 Y89.585 E1499.12204
G0 F9000 X172.383 Y90.208
G1 F1800 X159.724 Y102.867 E1499.64603
G0 F9000 X159.725 Y103.489
G1 F1800 X172.383 Y90.83 E1500.16999
G0 F9000 X172.383 Y91.452
G1 F1800 X159.725 Y104.111 E1500.69396
G0 F9000 X159.725 Y104.733
G1 F1800 X172.383 Y92.074 E1501.21793
G0 F9000 X172.383 Y92.697
G1 F1800 X159.725 Y105.355 E1501.74187
G0 F9000 X159.725 Y105.978
G1 F1800 X172.383 Y93.319 E1502.26584
G0 F9000 X172.383 Y93.941
G1 F1800 X159.725 Y106.6 E1502.78981
G0 F9000 X159.725 Y107.222
G1 F1800 X172.383 Y94.564 E1503.31375
G0 F9000 X172.383 Y95.186
G1 F1800 X159.725 Y107.844 E1503.8377
G0 F9000 X159.725 Y108.467
G1 F1800 X172.383 Y95.808 E1504.36167
G0 F9000 X172.383 Y96.43
G1 F1800 X159.726 Y109.088 E1504.88559
G0 F9000 X159.726 Y109.71
G1 F1800 X172.383 Y97.053 E1505.4095
G0 F9000 X172.383 Y97.675
G1 F1800 X159.726 Y110.333 E1505.93342
G0 F9000 X159.726 Y110.955
G1 F1800 X172.383 Y98.297 E1506.45735
G0 F9000 X172.383 Y98.919
G1 F1800 X159.726 Y111.577 E1506.98127
G0 F9000 X159.726 Y112.199
G1 F1800 X172.383 Y99.542 E1507.50518
G0 F9000 X172.383 Y100.164
G1 F1800 X159.726 Y112.822 E1508.0291
G0 F9000 X159.726 Y113.444
G1 F1800 X172.383 Y100.786 E1508.55303
G0 F9000 X172.383 Y101.408
G1 F1800 X159.726 Y114.066 E1509.07696
G0 F9000 X159.726 Y114.688
G1 F1800 X172.383 Y102.031 E1509.60086
G0 F9000 X172.383 Y102.653
G1 F1800 X159.726 Y115.31 E1510.12476
G0 F9000 X159.726 Y115.932
G1 F1800 X172.383 Y103.275 E1510.64867
G0 F9000 X172.383 Y103.897
G1 F1800 X159.726 Y116.555 E1511.1726
G0 F9000 X159.726 Y117.177
G1 F1800 X172.383 Y104.52 E1511.6965
G0 F9000 X172.383 Y105.142
G1 F1800 X159.726 Y117.799 E1512.22041
G0 F9000 X159.726 Y118.421
G1 F1800 X172.383 Y105.764 E1512.74431
G0 F9000 X172.383 Y106.386
G1 F1800 X159.726 Y119.044 E1513.26824
G0 F9000 X159.726 Y119.666
G1 F1800 X172.383 Y107.009 E1513.79214
G0 F9000 X172.383 Y107.631
G1 F1800 X159.727 Y120.287 E1514.316
G0 F9000 X159.727 Y120.91
G1 F1800 X172.383 Y108.253 E1514.83989
G0 F9000 X172.383 Y108.875
G1 F1800 X159.727 Y121.532 E1515.36377
G0 F9000 X159.727 Y122.154
G1 F1800 X172.383 Y109.498 E1515.88764
G0 F9000 X172.383 Y110.12
G1 F1800 X159.727 Y122.776 E1516.4115
G0 F9000 X159.727 Y123.399
G1 F1800 X172.383 Y110.742 E1516.93538
G0 F9000 X172.383 Y111.364
G1 F1800 X159.727 Y124.021 E1517.45927
G0 F9000 X159.727 Y124.643
G1 F1800 X172.383 Y111.987 E1517.98313
G0 F9000 X172.383 Y112.609
G1 F1800 X159.727 Y125.265 E1518.50699
G0 F9000 X159.728 Y125.887
G1 F1800 X172.383 Y113.231 E1519.03084
G0 F9000 X172.383 Y113.853
G1 F1800 X159.728 Y126.509 E1519.55468
G0 F9000 X159.728 Y127.131
G1 F1800 X172.383 Y114.476 E1520.0785
G0 F9000 X172.383 Y115.098
G1 F1800 X159.728 Y127.754 E1520.60235
G0 F9000 X159.728 Y128.376
G1 F1800 X172.383 Y115.72 E1521.12619
G0 F9000 X172.383 Y116.342
G1 F1800 X159.728 Y128.998 E1521.65003
G0 F9000 X159.728 Y129.62
G1 F1800 X172.383 Y116.965 E1522.17385
G0 F9000 X172.383 Y117.587
G1 F1800 X159.728 Y130.243 E1522.6977
G0 F9000 X159.728 Y130.865
G1 F1800 X172.383 Y118.209 E1523.22154
G0 F9000 X172.383 Y118.831
G1 F1800 X159.728 Y131.487 E1523.74538
G0 F9000 X159.728 Y132.109
G1 F1800 X172.383 Y119.454 E1524.2692
G0 F9000 X172.383 Y120.076
G1 F1800 X159.728 Y132.731 E1524.79303
G0 F9000 X159.728 Y133.353
G1 F1800 X172.383 Y120.698 E1525.31685
G0 F9000 X172.383 Y121.32
G1 F1800 X159.728 Y133.976 E1525.84069
G0 F9000 X159.728 Y134.598
G1 F1800 X172.383 Y121.943 E1526.36451
G0 F9000 X172.383 Y122.565
G1 F1800 X159.728 Y135.22 E1526.88833
G0 F9000 X159.728 Y135.842
G1 F1800 X172.383 Y123.187 E1527.41216
G0 F9000 X172.383 Y123.809
G1 F1800 X159.729 Y136.464 E1527.93596
G0 F9000 X159.729 Y137.086
G1 F1800 X172.383 Y124.432 E1528.45974
G0 F9000 X172.383 Y125.054
G1 F1800 X159.729 Y137.708 E1528.98352
G0 F9000 X159.729 Y138.331
G1 F1800 X172.383 Y125.676 E1529.50732
G0 F9000 X172.383 Y126.298
G1 F1800 X159.729 Y138.953 E1530.03112
G0 F9000 X159.729 Y139.575
G1 F1800 X172.383 Y126.921 E1530.5549
G0 F9000 X172.383 Y127.543
G1 F1800 X159.729 Y140.197 E1531.07868
G0 F9000 X159.729 Y140.82
G1 F1800 X172.383 Y128.165 E1531.60249
G0 F9000 X172.383 Y128.787
G1 F1800 X159.729 Y141.442 E1532.12629
G0 F9000 X159.706 Y142.087
G1 F1800 X172.383 Y129.41 E1532.65102
G1 F1500 E1530.65102
G0 F9000 X174.765 Y129.41
G0 X174.753 Y68.447
G0 X74.791 Y68.435
G0 X74.791 Y70.816
G1 F1500 E1532.65102
G1 F1800 X47.617 Y97.991 E1533.77584
G0 F9000 X47.617 Y97.369
G1 F1800 X74.169 Y70.816 E1534.87491
G0 F9000 X73.547 Y70.816
G1 F1800 X47.617 Y96.746 E1535.94822
G0 F9000 X47.617 Y96.124
G1 F1800 X72.925 Y70.816 E1536.99578
G0 F9000 X72.302 Y70.816
G1 F1800 X47.617 Y95.502 E1538.01758
G0 F9000 X47.617 Y94.88
G1 F1800 X71.68 Y70.816 E1539.01363
G0 F9000 X71.058 Y70.816
G1 F1800 X47.617 Y94.257 E1539.98391
G0 F9000 X47.617 Y93.635
G1 F1800 X70.436 Y70.816 E1540.92844
G0 F9000 X69.813 Y70.816
G1 F1800 X47.617 Y93.013 E1541.84721
G0 F9000 X47.617 Y92.391
G1 F1800 X69.191 Y70.816 E1542.74024
G0 F9000 X68.569 Y70.816
G1 F1800 X47.617 Y91.768 E1543.60749
G0 F9000 X47.617 Y91.146
G1 F1800 X67.947 Y70.816 E1544.449
G0 F9000 X67.324 Y70.816
G1 F1800 X47.617 Y90.524 E1545.26474
G0 F9000 X47.617 Y89.902
G1 F1800 X66.702 Y70.816 E1546.05474
G0 F9000 X66.08 Y70.816
G1 F1800 X47.617 Y89.279 E1546.81897
G0 F9000 X47.617 Y88.657
G1 F1800 X65.458 Y70.816 E1547.55745
G0 F9000 X64.835 Y70.816
G1 F1800 X47.617 Y88.035 E1548.27017
G0 F9000 X47.617 Y87.413
G1 F1800 X64.213 Y70.816 E1548.95714
G0 F9000 X63.591 Y70.816
G1 F1800 X47.617 Y86.79 E1549.61834
G0 F9000 X47.617 Y86.168
G1 F1800 X62.969 Y70.816 E1550.2538
G0 F9000 X62.346 Y70.816
G1 F1800 X47.617 Y85.546 E1550.86349
G0 F9000 X47.617 Y84.924
G1 F1800 X61.724 Y70.816 E1551.44744
G0 F9000 X61.102 Y70.816
G1 F1800 X47.617 Y84.301 E1552.00562
G0 F9000 X47.617 Y83.679
G1 F1800 X60.48 Y70.816 E1552.53805
G0 F9000 X59.857 Y70.816
G1 F1800 X47.617 Y83.057 E1553.04471
G0 F9000 X47.617 Y82.435
G1 F1800 X59.235 Y70.816 E1553.52563
G0 F9000 X58.613 Y70.816
G1 F1800 X47.617 Y81.812 E1553.98078
G0 F9000 X47.617 Y81.19
G1 F1800 X57.991 Y70.816 E1554.41019
G0 F9000 X57.368 Y70.816
G1 F1800 X47.617 Y80.568 E1554.81383
G0 F9000 X47.617 Y79.945
G1 F1800 X56.746 Y70.816 E1555.1917
G0 F9000 X56.124 Y70.816
G1 F1800 X47.617 Y79.323 E1555.54383
G0 F9000 X47.617 Y78.701
G1 F1800 X55.502 Y70.816 E1555.87021
G0 F9000 X54.879 Y70.816
G1 F1800 X47.617 Y78.079 E1556.17082
G0 F9000 X47.617 Y77.456
G1 F1800 X54.257 Y70.816 E1556.44567
G0 F9000 X53.635 Y70.816
G1 F1800 X47.617 Y76.834 E1556.69477
G0 F9000 X47.617 Y76.212
G1 F1800 X53.013 Y70.816 E1556.91812
G0 F9000 X52.39 Y70.816
G1 F1800 X47.617 Y75.59 E1557.11571
G0 F9000 X47.617 Y74.967
G1 F1800 X51.768 Y70.816 E1557.28753
G0 F9000 X51.146 Y70.816
G1 F1800 X47.617 Y74.345 E1557.4336
G0 F9000 X47.617 Y73.723
G1 F1800 X50.523 Y70.816 E1557.55391
G0 F9000 X49.901 Y70.816
G1 F1800 X47.617 Y73.101 E1557.64847
G0 F9000 X47.617 Y72.478
G1 F1800 X49.279 Y70.816 E1557.71726
G0 F9000 X48.657 Y70.816
G1 F1800 X47.617 Y71.856 E1557.76031
G0 F9000 X47.617 Y71.234
G1 F1800 X48.034 Y70.816 E1557.77759
G1 F1500 E1555.77759
;MESH:NONMESH
G0 F300 Z0.84
G0 F9000 X110 Y142.9
;TIME_ELAPSED:2214.515078
;LAYER:4
;TYPE:WALL-INNER
;MESH:SmartKiln_Frente.stl
G1 F1500 E1557.77759
G1 F1800 X61.871 Y142.9 E1559.18628
G1 X61.517 Y142.806 E1559.197
G1 X61.188 Y142.543 E1559.20933
G1 X60.98 Y142.242 E1559.22003
G1 X60.9 Y141.905 E1559.23017
G1 X60.905 Y86.693 E1560.84617
G1 X60.945 Y86.487 E1560.85231
G1 X61.125 Y86.132 E1560.86396
G1 X61.385 Y85.887 E1560.87442
G1 X61.627 Y85.764 E1560.88236
G1 X61.904 Y85.704 E1560.89066
G1 X158.096 Y85.704 E1563.70609
G1 X158.373 Y85.764 E1563.71439
G1 X158.685 Y85.938 E1563.72484
G1 X158.93 Y86.211 E1563.73558
G1 X159.056 Y86.487 E1563.74446
G1 X159.096 Y86.693 E1563.7506
G1 X159.1 Y141.906 E1565.36663
G1 X159.036 Y142.17 E1565.37458
G1 X158.909 Y142.42 E1565.38279
G1 X158.69 Y142.657 E1565.39223
G1 X158.376 Y142.834 E1565.40278
G1 X158.132 Y142.9 E1565.41018
G1 X110 Y142.9 E1566.81895
G0 F9000 X110 Y142.46
G1 F1800 X61.922 Y142.46 E1568.22614
G1 X61.673 Y142.374 E1568.23385
G1 X61.512 Y142.246 E1568.23987
G1 X61.378 Y142.022 E1568.24751
G1 X61.345 Y141.884 E1568.25166
G1 X61.343 Y86.736 E1569.86579
G1 X61.412 Y86.498 E1569.87304
G1 X61.631 Y86.252 E1569.88268
G1 X61.942 Y86.142 E1569.89233
G1 X158.058 Y86.142 E1572.70555
G1 X158.369 Y86.252 E1572.7152
G1 X158.525 Y86.399 E1572.72147
G1 X158.658 Y86.736 E1572.73208
G1 X158.655 Y141.884 E1574.3462
G1 X158.546 Y142.172 E1574.35521
G1 X158.414 Y142.315 E1574.36091
G1 X158.082 Y142.46 E1574.37151
G1 X110 Y142.46 E1575.77882
G1 F1500 E1573.77882
G0 F9000 X110 Y149.8
G1 F1500 E1575.77882
G1 F1800 X173 Y149.8 E1577.62276
G1 X173 Y70.2 E1579.95257
G1 X47.001 Y70.201 E1583.64042
G1 X47 Y149.8 E1585.9702
G1 X110 Y149.8 E1587.81414
G0 F9000 X110 Y150.24
G1 F1800 X173.44 Y150.24 E1589.67096
G1 X173.44 Y69.76 E1592.02653
G1 X46.561 Y69.761 E1595.74014
G1 X46.56 Y150.24 E1598.09567
G1 X110 Y150.24 E1599.95249
G0 F9000 X110 Y150.68
;TYPE:WALL-OUTER
G1 F1800 X173.88 Y150.68 E1601.82219
G1 X173.88 Y69.32 E1604.20351
G1 X46.121 Y69.321 E1607.94288
G1 X46.12 Y150.68 E1610.32417
G1 X110 Y150.68 E1612.19386
G1 F1500 E1610.19386
G0 F9000 X110 Y142.017
G1 F1500 E1612.19386
G1 F1800 X61.961 Y142.017 E1613.59991
G1 X61.781 Y141.883 E1613.60648
G1 X61.784 Y86.757 E1615.21996
G1 X61.877 Y86.617 E1615.22488
G1 X61.98 Y86.58 E1615.22808
G1 X158.02 Y86.58 E1618.03907
G1 X158.175 Y86.666 E1618.04426
G1 X158.22 Y86.778 E1618.04779
G1 X158.219 Y141.828 E1619.65905
G1 X158.138 Y141.972 E1619.66388
G1 X158.039 Y142.017 E1619.66706
G1 X110 Y142.017 E1621.07311
G1 F1500 E1619.07311
G0 F9000 X110 Y149.404
;TYPE:SKIN
G1 F1500 E1621.07311
G1 F1800 X47.396 Y149.404 E1622.90546
G1 X47.396 Y70.596 E1625.21209
G1 X172.604 Y70.596 E1628.87679
G1 X172.604 Y149.404 E1631.18342
G1 X110 Y149.404 E1633.01577
G1 F1500 E1631.01577
G0 F9000 X110 Y143.294
G1 F1500 E1633.01577
G1 F1800 X158.19 Y143.293 E1634.42624
G1 X158.545 Y143.192 E1634.43704
G1 X158.935 Y142.971 E1634.45016
G1 X159.238 Y142.641 E1634.46327
G1 X159.407 Y142.303 E1634.47433
G1 X159.495 Y141.946 E1634.4851
G1 X159.488 Y86.651 E1636.10352
G1 X159.434 Y86.368 E1636.11195
G1 X159.265 Y86.002 E1636.12375
G1 X159.101 Y85.785 E1636.13171
G1 X158.837 Y85.555 E1636.14196
G1 X158.515 Y85.391 E1636.15254
G1 X158.131 Y85.309 E1636.16403
G1 X61.814 Y85.305 E1638.98313
G1 X61.262 Y85.469 E1638.99998
G1 X60.878 Y85.804 E1639.0149
G1 X60.606 Y86.244 E1639.03004
G1 X60.507 Y86.602 E1639.04091
G1 X60.505 Y141.946 E1640.66077
G1 X60.588 Y142.302 E1640.67147
G1 X60.758 Y142.641 E1640.68257
G1 X61.059 Y142.965 E1640.69551
G1 X61.457 Y143.189 E1640.70888
G1 X61.815 Y143.296 E1640.71981
G1 X110 Y143.294 E1642.13014
G1 F1500 E1640.13014
G0 F9000 X47.616 Y149.043
G1 F1500 E1642.13014
G1 F1800 X47.757 Y149.184 E1642.13597
G0 F9000 X48.379 Y149.184
G1 F1800 X47.616 Y148.421 E1642.16755
G0 F9000 X47.616 Y147.799
G1 F1800 X49.001 Y149.184 E1642.22488
G0 F9000 X49.623 Y149.184
G1 F1800 X47.616 Y147.176 E1642.30798
G0 F9000 X47.616 Y146.554
G1 F1800 X50.246 Y149.184 E1642.41684
G0 F9000 X50.868 Y149.184
G1 F1800 X47.616 Y145.932 E1642.55145
G0 F9000 X47.616 Y145.31
G1 F1800 X51.49 Y149.184 E1642.7118
G0 F9000 X52.112 Y149.184
G1 F1800 X47.616 Y144.687 E1642.89793
G0 F9000 X47.616 Y144.065
G1 F1800 X52.735 Y149.184 E1643.10981
G0 F9000 X53.357 Y149.184
G1 F1800 X47.616 Y143.443 E1643.34745
G0 F9000 X47.616 Y142.821
G1 F1800 X53.979 Y149.184 E1643.61083
G0 F9000 X54.601 Y149.184
G1 F1800 X47.616 Y142.198 E1643.89998
G0 F9000 X47.616 Y141.576
G1 F1800 X55.224 Y149.184 E1644.21489
G0 F9000 X55.846 Y149.184
G1 F1800 X47.616 Y140.954 E1644.55555
G0 F9000 X47.616 Y140.332
G1 F1800 X56.468 Y149.184 E1644.92196
G0 F9000 X57.09 Y149.184
G1 F1800 X47.616 Y139.709 E1645.31413
G0 F9000 X47.616 Y139.087
G1 F1800 X57.713 Y149.184 E1645.73207
G0 F9000 X58.335 Y149.184
G1 F1800 X47.616 Y138.465 E1646.17576
G0 F9000 X47.616 Y137.843
G1 F1800 X58.957 Y149.184 E1646.64519
G0 F9000 X59.579 Y149.184
G1 F1800 X47.616 Y137.22 E1647.14039
G0 F9000 X47.616 Y136.598
G1 F1800 X60.202 Y149.184 E1647.66135
G0 F9000 X60.824 Y149.184
G1 F1800 X47.616 Y135.976 E1648.20807
G0 F9000 X47.616 Y135.354
G1 F1800 X61.446 Y149.184 E1648.78052
G0 F9000 X62.068 Y149.184
G1 F1800 X47.616 Y134.731 E1649.37875
G0 F9000 X47.616 Y134.109
G1 F1800 X62.691 Y149.184 E1650.00274
G0 F9000 X63.313 Y149.184
G1 F1800 X47.616 Y133.487 E1650.65248
G0 F9000 X47.616 Y132.865
G1 F1800 X63.935 Y149.184 E1651.32796
G0 F9000 X64.557 Y149.184
G1 F1800 X47.616 Y132.242 E1652.02921
G0 F9000 X47.616 Y131.62
G1 F1800 X65.18 Y149.184 E1652.75623
G0 F9000 X65.802 Y149.184
G1 F1800 X47.616 Y130.998 E1653.509
G0 F9000 X47.616 Y130.376
G1 F1800 X66.424 Y149.184 E1654.28751
G0 F9000 X67.046 Y149.184
G1 F1800 X61.103 Y143.241 E1654.5335
G0 F9000 X60.523 Y142.661
G1 F1800 X47.616 Y129.753 E1655.06778
G0 F9000 X47.616 Y129.131
G1 F1800 X60.288 Y141.803 E1655.5923
G0 F9000 X60.288 Y141.181
G1 F1800 X47.616 Y128.509 E1656.11683
G0 F9000 X47.616 Y127.887
G1 F1800 X60.288 Y140.559 E1656.64135
G0 F9000 X60.288 Y139.936
G1 F1800 X47.616 Y127.264 E1657.16588
G0 F9000 X47.616 Y126.642
G1 F1800 X60.288 Y139.314 E1657.69041
G0 F9000 X60.288 Y138.692
G1 F1800 X47.616 Y126.02 E1658.21493
G0 F9000 X47.616 Y125.398
G1 F1800 X60.288 Y138.07 E1658.73946
G0 F9000 X60.288 Y137.447
G1 F1800 X47.616 Y124.775 E1659.26398
G0 F9000 X47.616 Y124.153
G1 F1800 X60.288 Y136.825 E1659.78851
G0 F9000 X60.288 Y136.203
G1 F1800 X47.616 Y123.531 E1660.31303
G0 F9000 X47.616 Y122.909
G1 F1800 X60.288 Y135.581 E1660.83756
G0 F9000 X60.288 Y134.958
G1 F1800 X47.616 Y122.286 E1661.36209
G0 F9000 X47.616 Y121.664
G1 F1800 X60.288 Y134.336 E1661.88661
G0 F9000 X60.288 Y133.714
G1 F1800 X47.616 Y121.042 E1662.41114
G0 F9000 X47.616 Y120.42
G1 F1800 X60.288 Y133.092 E1662.93566
G0 F9000 X60.288 Y132.469
G1 F1800 X47.616 Y119.797 E1663.46019
G0 F9000 X47.616 Y119.175
G1 F1800 X60.288 Y131.847 E1663.98471
G0 F9000 X60.288 Y131.225
G1 F1800 X47.616 Y118.553 E1664.50924
G0 F9000 X47.616 Y117.931
G1 F1800 X60.288 Y130.603 E1665.03377
G0 F9000 X60.288 Y129.98
G1 F1800 X47.616 Y117.308 E1665.55829
G0 F9000 X47.616 Y116.686
G1 F1800 X60.288 Y129.358 E1666.08282
G0 F9000 X60.288 Y128.736
G1 F1800 X47.616 Y116.064 E1666.60734
G0 F9000 X47.616 Y115.442
G1 F1800 X60.288 Y128.114 E1667.13187
G0 F9000 X60.288 Y127.491
G1 F1800 X47.616 Y114.819 E1667.65639
G0 F9000 X47.616 Y114.197
G1 F1800 X60.288 Y126.869 E1668.18092
G0 F9000 X60.288 Y126.247
G1 F1800 X47.616 Y113.575 E1668.70545
G0 F9000 X47.616 Y112.953
G1 F1800 X60.288 Y125.625 E1669.22997
G0 F9000 X60.288 Y125.002
G1 F1800 X47.616 Y112.33 E1669.7545
G0 F9000 X47.616 Y111.708
G1 F1800 X60.288 Y124.38 E1670.27902
G0 F9000 X60.288 Y123.758
G1 F1800 X47.616 Y111.086 E1670.80355
G0 F9000 X47.616 Y110.464
G1 F1800 X60.289 Y123.136 E1671.3281
G0 F9000 X60.289 Y122.514
G1 F1800 X47.616 Y109.841 E1671.85266
G0 F9000 X47.616 Y109.219
G1 F1800 X60.289 Y121.892 E1672.37723
G0 F9000 X60.289 Y121.27
G1 F1800 X47.616 Y108.597 E1672.9018
G0 F9000 X47.616 Y107.974
G1 F1800 X60.289 Y120.647 E1673.42636
G0 F9000 X60.289 Y120.025
G1 F1800 X47.616 Y107.352 E1673.95093
G0 F9000 X47.616 Y106.73
G1 F1800 X60.289 Y119.403 E1674.4755
G0 F9000 X60.289 Y118.781
G1 F1800 X47.616 Y106.108 E1675.00007
G0 F9000 X47.616 Y105.485
G1 F1800 X60.289 Y118.158 E1675.52463
G0 F9000 X60.289 Y117.536
G1 F1800 X47.616 Y104.863 E1676.0492
G0 F9000 X47.616 Y104.241
G1 F1800 X60.289 Y116.914 E1676.57377
G0 F9000 X60.289 Y116.291
G1 F1800 X47.616 Y103.619 E1677.09831
G0 F9000 X47.616 Y102.996
G1 F1800 X60.289 Y115.669 E1677.62288
G0 F9000 X60.289 Y115.047
G1 F1800 X47.616 Y102.374 E1678.14745
G0 F9000 X47.616 Y101.752
G1 F1800 X60.289 Y114.425 E1678.67202
G0 F9000 X60.289 Y113.802
G1 F1800 X47.616 Y101.13 E1679.19656
G0 F9000 X47.616 Y100.507
G1 F1800 X60.289 Y113.18 E1679.72113
G0 F9000 X60.289 Y112.558
G1 F1800 X47.616 Y99.885 E1680.2457
G0 F9000 X47.616 Y99.263
G1 F1800 X60.289 Y111.936 E1680.77026
G0 F9000 X60.289 Y111.313
G1 F1800 X47.616 Y98.641 E1681.29481
G0 F9000 X47.616 Y98.018
G1 F1800 X60.289 Y110.691 E1681.81938
G0 F9000 X60.289 Y110.069
G1 F1800 X47.616 Y97.396 E1682.34394
G0 F9000 X47.616 Y96.774
G1 F1800 X60.289 Y109.447 E1682.86851
G0 F9000 X60.289 Y108.824
G1 F1800 X47.616 Y96.152 E1683.39306
G0 F9000 X47.616 Y95.529
G1 F1800 X60.289 Y108.202 E1683.91763
G0 F9000 X60.289 Y107.58
G1 F1800 X47.616 Y94.907 E1684.44219
G0 F9000 X47.616 Y94.285
G1 F1800 X60.289 Y106.958 E1684.96676
G0 F9000 X60.289 Y106.335
G1 F1800 X47.616 Y93.663 E1685.49131
G0 F9000 X47.616 Y93.04
G1 F1800 X60.289 Y105.713 E1686.01587
G0 F9000 X60.289 Y105.091
G1 F1800 X47.616 Y92.418 E1686.54044
G0 F9000 X47.616 Y91.796
G1 F1800 X60.289 Y104.469 E1687.06501
G0 F9000 X60.289 Y103.847
G1 F1800 X47.616 Y91.174 E1687.58958
G0 F9000 X47.616 Y90.551
G1 F1800 X60.289 Y103.225 E1688.11416
G0 F9000 X60.289 Y102.603
G1 F1800 X47.616 Y89.929 E1688.63875
G0 F9000 X47.616 Y89.307
G1 F1800 X60.289 Y101.98 E1689.16332
G0 F9000 X60.289 Y101.358
G1 F1800 X47.616 Y88.685 E1689.68789
G0 F9000 X47.616 Y88.062
G1 F1800 X60.289 Y100.736 E1690.21247
G0 F9000 X60.289 Y100.114
G1 F1800 X47.616 Y87.44 E1690.73706
G0 F9000 X47.616 Y86.818
G1 F1800 X60.289 Y99.491 E1691.26163
G0 F9000 X60.289 Y98.869
G1 F1800 X47.616 Y86.196 E1691.7862
G0 F9000 X47.616 Y85.573
G1 F1800 X60.289 Y98.247 E1692.31078
G0 F9000 X60.289 Y97.625
G1 F1800 X47.616 Y84.951 E1692.83537
G0 F9000 X47.616 Y84.329
G1 F1800 X60.289 Y97.002 E1693.35994
G0 F9000 X60.289 Y96.38
G1 F1800 X47.616 Y83.707 E1693.88451
G0 F9000 X47.616 Y83.084
G1 F1800 X60.289 Y95.758 E1694.40909
G0 F9000 X60.289 Y95.136
G1 F1800 X47.616 Y82.462 E1694.93368
G0 F9000 X47.616 Y81.84
G1 F1800 X60.289 Y94.513 E1695.45825
G0 F9000 X60.289 Y93.891
G1 F1800 X47.616 Y81.218 E1695.98282
G0 F9000 X47.616 Y80.595
G1 F1800 X60.289 Y93.269 E1696.5074
G0 F9000 X60.289 Y92.647
G1 F1800 X47.616 Y79.973 E1697.03199
G0 F9000 X47.616 Y79.351
G1 F1800 X60.289 Y92.024 E1697.55656
G0 F9000 X60.289 Y91.402
G1 F1800 X47.616 Y78.729 E1698.08113
G0 F9000 X47.616 Y78.106
G1 F1800 X60.289 Y90.78 E1698.60571
G0 F9000 X60.289 Y90.158
G1 F1800 X47.616 Y77.484 E1699.1303
G0 F9000 X47.616 Y76.862
G1 F1800 X60.289 Y89.535 E1699.65487
G0 F9000 X60.289 Y88.913
G1 F1800 X47.616 Y76.24 E1700.17944
G0 F9000 X47.616 Y75.617
G1 F1800 X60.289 Y88.291 E1700.70402
G0 F9000 X60.289 Y87.669
G1 F1800 X47.616 Y74.995 E1701.22861
G0 F9000 X47.616 Y74.373
G1 F1800 X60.289 Y87.046 E1701.75318
G0 F9000 X60.321 Y86.456
G1 F1800 X47.616 Y73.751 E1702.27907
G0 F9000 X47.616 Y73.128
G1 F1800 X60.494 Y86.006 E1702.81212
G0 F9000 X60.74 Y85.63
G1 F1800 X47.616 Y72.506 E1703.35536
G0 F9000 X47.616 Y71.884
G1 F1800 X61.074 Y85.342 E1703.91242
G0 F9000 X61.518 Y85.164
G1 F1800 X47.616 Y71.262 E1704.48786
G0 F9000 X47.793 Y70.816
G1 F1800 X62.061 Y85.084 E1705.07845
G0 F9000 X62.683 Y85.084
G1 F1800 X48.415 Y70.816 E1705.66903
G0 F9000 X49.037 Y70.816
G1 F1800 X63.305 Y85.084 E1706.25962
G0 F9000 X63.927 Y85.084
G1 F1800 X49.659 Y70.816 E1706.85021
G0 F9000 X50.282 Y70.816
G1 F1800 X64.55 Y85.084 E1707.4408
G0 F9000 X65.172 Y85.084
G1 F1800 X50.904 Y70.816 E1708.03139
G0 F9000 X51.526 Y70.816
G1 F1800 X65.794 Y85.084 E1708.62197
G0 F9000 X66.416 Y85.084
G1 F1800 X52.148 Y70.816 E1709.21256
G0 F9000 X52.771 Y70.816
G1 F1800 X67.039 Y85.084 E1709.80315
G0 F9000 X67.661 Y85.084
G1 F1800 X53.393 Y70.816 E1710.39374
G0 F9000 X54.015 Y70.816
G1 F1800 X68.283 Y85.084 E1710.98433
G0 F9000 X68.905 Y85.084
G1 F1800 X54.637 Y70.816 E1711.57492
G0 F9000 X55.26 Y70.816
G1 F1800 X69.528 Y85.084 E1712.1655
G0 F9000 X70.15 Y85.084
G1 F1800 X55.882 Y70.816 E1712.75609
G0 F9000 X56.504 Y70.816
G1 F1800 X70.772 Y85.084 E1713.34668
G0 F9000 X71.394 Y85.084
G1 F1800 X57.126 Y70.816 E1713.93727
G0 F9000 X57.749 Y70.816
G1 F1800 X72.017 Y85.084 E1714.52786
G0 F9000 X72.639 Y85.084
G1 F1800 X58.371 Y70.816 E1715.11845
G0 F9000 X58.993 Y70.816
G1 F1800 X73.261 Y85.084 E1715.70903
G0 F9000 X73.884 Y85.085
G1 F1800 X59.615 Y70.816 E1716.29966
G0 F9000 X60.238 Y70.816
G1 F1800 X74.506 Y85.085 E1716.89027
G0 F9000 X75.129 Y85.085
G1 F1800 X60.86 Y70.816 E1717.4809
G0 F9000 X61.482 Y70.816
G1 F1800 X75.751 Y85.085 E1718.07153
G0 F9000 X76.373 Y85.085
G1 F1800 X62.104 Y70.816 E1718.66216
G0 F9000 X62.727 Y70.816
G1 F1800 X76.995 Y85.085 E1719.25277
G0 F9000 X77.618 Y85.085
G1 F1800 X63.349 Y70.816 E1719.8434
G0 F9000 X63.971 Y70.816
G1 F1800 X78.24 Y85.085 E1720.43403
G0 F9000 X78.862 Y85.085
G1 F1800 X64.593 Y70.816 E1721.02466
G0 F9000 X65.216 Y70.816
G1 F1800 X79.484 Y85.085 E1721.61527
G0 F9000 X80.107 Y85.085
G1 F1800 X65.838 Y70.816 E1722.2059
G0 F9000 X66.46 Y70.816
G1 F1800 X80.729 Y85.085 E1722.79653
G0 F9000 X81.351 Y85.085
G1 F1800 X67.083 Y70.816 E1723.38714
G0 F9000 X67.705 Y70.816
G1 F1800 X81.973 Y85.085 E1723.97774
G0 F9000 X82.596 Y85.085
G1 F1800 X68.327 Y70.816 E1724.56837
G0 F9000 X68.949 Y70.816
G1 F1800 X83.218 Y85.085 E1725.159
G0 F9000 X83.84 Y85.085
G1 F1800 X69.572 Y70.816 E1725.74961
G0 F9000 X70.194 Y70.816
G1 F1800 X84.462 Y85.085 E1726.34022
G0 F9000 X85.085 Y85.085
G1 F1800 X70.816 Y70.816 E1726.93085
G0 F9000 X71.438 Y70.816
G1 F1800 X85.707 Y85.085 E1727.52148
G0 F9000 X86.33 Y85.085
G1 F1800 X72.061 Y70.816 E1728.11211
G0 F9000 X72.683 Y70.816
G1 F1800 X86.952 Y85.085 E1728.70274
G0 F9000 X87.574 Y85.085
G1 F1800 X73.305 Y70.816 E1729.29337
G0 F9000 X73.927 Y70.816
G1 F1800 X88.197 Y85.085 E1729.88402
G0 F9000 X88.819 Y85.085
G1 F1800 X74.55 Y70.816 E1730.47465
G0 F9000 X75.172 Y70.816
G1 F1800 X89.441 Y85.085 E1731.06528
G0 F9000 X90.063 Y85.085
G1 F1800 X75.794 Y70.816 E1731.65591
G0 F9000 X76.416 Y70.816
G1 F1800 X90.686 Y85.085 E1732.24656
G0 F9000 X91.308 Y85.085
G1 F1800 X77.039 Y70.816 E1732.83719
G0 F9000 X77.661 Y70.816
G1 F1800 X91.93 Y85.085 E1733.42782
G0 F9000 X92.552 Y85.085
G1 F1800 X78.283 Y70.816 E1734.01845
G0 F9000 X78.905 Y70.816
G1 F1800 X93.175 Y85.085 E1734.6091
G0 F9000 X93.797 Y85.085
G1 F1800 X79.528 Y70.816 E1735.19973
G0 F9000 X80.15 Y70.816
G1 F1800 X94.419 Y85.085 E1735.79036
G0 F9000 X95.042 Y85.085
G1 F1800 X80.772 Y70.816 E1736.38101
G0 F9000 X81.394 Y70.816
G1 F1800 X95.664 Y85.085 E1736.97166
G0 F9000 X96.286 Y85.085
G1 F1800 X82.017 Y70.816 E1737.56229
G0 F9000 X82.639 Y70.816
G1 F1800 X96.908 Y85.085 E1738.15292
G0 F9000 X97.531 Y85.085
G1 F1800 X83.261 Y70.816 E1738.74357
G0 F9000 X83.883 Y70.816
G1 F1800 X98.153 Y85.086 E1739.33424
G0 F9000 X98.776 Y85.086
G1 F1800 X84.506 Y70.816 E1739.92491
G0 F9000 X85.128 Y70.816
G1 F1800 X99.398 Y85.086 E1740.51558
G0 F9000 X100.02 Y85.086
G1 F1800 X85.75 Y70.816 E1741.10625
G0 F9000 X86.372 Y70.816
G1 F1800 X100.643 Y85.086 E1741.69694
G0 F9000 X101.265 Y85.086
G1 F1800 X86.995 Y70.816 E1742.28761
G0 F9000 X87.617 Y70.816
G1 F1800 X101.887 Y85.086 E1742.87829
G0 F9000 X102.509 Y85.086
G1 F1800 X88.239 Y70.816 E1743.46896
G0 F9000 X88.861 Y70.816
G1 F1800 X103.132 Y85.086 E1744.05965
G0 F9000 X103.754 Y85.086
G1 F1800 X89.484 Y70.816 E1744.65032
G0 F9000 X90.106 Y70.816
G1 F1800 X104.376 Y85.086 E1745.24099
G0 F9000 X104.998 Y85.086
G1 F1800 X90.728 Y70.816 E1745.83166
G0 F9000 X91.35 Y70.816
G1 F1800 X105.621 Y85.086 E1746.42235
G0 F9000 X106.243 Y85.086
G1 F1800 X91.973 Y70.816 E1747.01302
G0 F9000 X92.595 Y70.816
G1 F1800 X106.865 Y85.086 E1747.60369
G0 F9000 X107.487 Y85.086
G1 F1800 X93.217 Y70.816 E1748.19437
G0 F9000 X93.839 Y70.816
G1 F1800 X108.11 Y85.086 E1748.78506
G0 F9000 X108.732 Y85.086
G1 F1800 X94.462 Y70.816 E1749.37573
G0 F9000 X95.084 Y70.816
G1 F1800 X109.354 Y85.086 E1749.9664
G0 F9000 X109.977 Y85.087
G1 F1800 X95.706 Y70.816 E1750.55711
G0 F9000 X96.328 Y70.816
G1 F1800 X110.599 Y85.087 E1751.14782
G0 F9000 X111.222 Y85.087
G1 F1800 X96.951 Y70.816 E1751.73854
G0 F9000 X97.573 Y70.816
G1 F1800 X111.844 Y85.087 E1752.32925
G0 F9000 X112.466 Y85.087
G1 F1800 X98.195 Y70.816 E1752.91996
G0 F9000 X98.817 Y70.816
G1 F1800 X113.088 Y85.087 E1753.51067
G0 F9000 X113.711 Y85.087
G1 F1800 X99.44 Y70.816 E1754.10139
G0 F9000 X100.062 Y70.816
G1 F1800 X114.333 Y85.087 E1754.6921
G0 F9000 X114.955 Y85.087
G1 F1800 X100.684 Y70.816 E1755.28281
G0 F9000 X101.306 Y70.816
G1 F1800 X115.577 Y85.087 E1755.87352
G0 F9000 X116.2 Y85.087
G1 F1800 X101.929 Y70.816 E1756.46424
G0 F9000 X102.551 Y70.816
G1 F1800 X116.822 Y85.087 E1757.05495
G0 F9000 X117.444 Y85.087
G1 F1800 X103.173 Y70.816 E1757.64566
G0 F9000 X103.795 Y70.816
G1 F1800 X118.066 Y85.087 E1758.23637
G0 F9000 X118.689 Y85.087
G1 F1800 X104.418 Y70.816 E1758.82709
G0 F9000 X105.04 Y70.816
G1 F1800 X119.311 Y85.087 E1759.4178
G0 F9000 X119.933 Y85.087
G1 F1800 X105.662 Y70.816 E1760.00851
G0 F9000 X106.285 Y70.816
G1 F1800 X120.555 Y85.087 E1760.5992
G0 F9000 X121.178 Y85.087
G1 F1800 X106.907 Y70.816 E1761.18991
G0 F9000 X107.529 Y70.816
G1 F1800 X121.8 Y85.087 E1761.78063
G0 F9000 X122.423 Y85.088
G1 F1800 X108.151 Y70.816 E1762.37138
G0 F9000 X108.774 Y70.816
G1 F1800 X123.045 Y85.088 E1762.96211
G0 F9000 X123.667 Y85.088
G1 F1800 X109.396 Y70.816 E1763.55285
G0 F9000 X110.018 Y70.816
G1 F1800 X124.29 Y85.088 E1764.1436
G0 F9000 X124.912 Y85.088
G1 F1800 X110.64 Y70.816 E1764.73435
G0 F9000 X111.263 Y70.816
G1 F1800 X125.534 Y85.088 E1765.32509
G0 F9000 X126.156 Y85.088
G1 F1800 X111.885 Y70.816 E1765.91582
G0 F9000 X112.507 Y70.816
G1 F1800 X126.779 Y85.088 E1766.50657
G0 F9000 X127.401 Y85.088
G1 F1800 X113.129 Y70.816 E1767.09733
G0 F9000 X113.752 Y70.816
G1 F1800 X128.023 Y85.088 E1767.68806
G0 F9000 X128.645 Y85.088
G1 F1800 X114.374 Y70.816 E1768.27879
G0 F9000 X114.996 Y70.816
G1 F1800 X129.268 Y85.088 E1768.86955
G0 F9000 X129.89 Y85.088
G1 F1800 X115.618 Y70.816 E1769.4603
G0 F9000 X116.241 Y70.816
G1 F1800 X130.512 Y85.088 E1770.05103
G0 F9000 X131.134 Y85.088
G1 F1800 X116.863 Y70.816 E1770.64177
G0 F9000 X117.485 Y70.816
G1 F1800 X131.757 Y85.088 E1771.23252
G0 F9000 X132.379 Y85.088
G1 F1800 X118.107 Y70.816 E1771.82328
G0 F9000 X118.73 Y70.816
G1 F1800 X133.001 Y85.088 E1772.41401
G0 F9000 X133.623 Y85.088
G1 F1800 X119.352 Y70.816 E1773.00474
G0 F9000 X119.974 Y70.816
G1 F1800 X134.246 Y85.088 E1773.5955
G0 F9000 X134.869 Y85.088
G1 F1800 X120.596 Y70.816 E1774.18627
G0 F9000 X121.219 Y70.816
G1 F1800 X135.491 Y85.088 E1774.77702
G0 F9000 X136.113 Y85.088
G1 F1800 X121.841 Y70.816 E1775.36778
G0 F9000 X122.463 Y70.816
G1 F1800 X136.735 Y85.088 E1775.95853
G0 F9000 X137.358 Y85.088
G1 F1800 X123.085 Y70.816 E1776.54931
G0 F9000 X123.708 Y70.816
G1 F1800 X137.98 Y85.088 E1777.14006
G0 F9000 X138.602 Y85.088
G1 F1800 X124.33 Y70.816 E1777.73081
G0 F9000 X124.952 Y70.816
G1 F1800 X139.224 Y85.088 E1778.32157
G0 F9000 X139.847 Y85.088
G1 F1800 X125.574 Y70.816 E1778.91234
G0 F9000 X126.197 Y70.816
G1 F1800 X140.469 Y85.088 E1779.5031
G0 F9000 X141.091 Y85.088
G1 F1800 X126.819 Y70.816 E1780.09385
G0 F9000 X127.441 Y70.816
G1 F1800 X141.713 Y85.088 E1780.6846
G0 F9000 X142.336 Y85.088
G1 F1800 X128.063 Y70.816 E1781.27538
G0 F9000 X128.686 Y70.816
G1 F1800 X142.958 Y85.088 E1781.86613
G0 F9000 X143.58 Y85.088
G1 F1800 X129.308 Y70.816 E1782.45688
G0 F9000 X129.93 Y70.816
G1 F1800 X144.202 Y85.088 E1783.04764
G0 F9000 X144.825 Y85.088
G1 F1800 X130.552 Y70.816 E1783.63841
G0 F9000 X131.175 Y70.816
G1 F1800 X145.447 Y85.088 E1784.22917
G0 F9000 X146.069 Y85.088
G1 F1800 X131.797 Y70.816 E1784.81992
G0 F9000 X132.419 Y70.816
G1 F1800 X146.692 Y85.089 E1785.41072
G0 F9000 X147.314 Y85.089
G1 F1800 X133.041 Y70.816 E1786.00151
G0 F9000 X133.664 Y70.816
G1 F1800 X147.937 Y85.089 E1786.59231
G0 F9000 X148.559 Y85.089
G1 F1800 X134.286 Y70.816 E1787.1831
G0 F9000 X134.908 Y70.816
G1 F1800 X149.181 Y85.089 E1787.7739
G0 F9000 X149.803 Y85.089
G1 F1800 X135.53 Y70.816 E1788.36469
G0 F9000 X136.153 Y70.816
G1 F1800 X150.426 Y85.089 E1788.95549
G0 F9000 X151.048 Y85.089
G1 F1800 X136.775 Y70.816 E1789.54628
G0 F9000 X137.397 Y70.816
G1 F1800 X151.67 Y85.089 E1790.13708
G0 F9000 X152.292 Y85.089
G1 F1800 X138.019 Y70.816 E1790.72787
G0 F9000 X138.642 Y70.816
G1 F1800 X152.915 Y85.089 E1791.31867
G0 F9000 X153.537 Y85.089
G1 F1800 X139.264 Y70.816 E1791.90946
G0 F9000 X139.886 Y70.816
G1 F1800 X154.159 Y85.089 E1792.50026
G0 F9000 X154.781 Y85.089
G1 F1800 X140.508 Y70.816 E1793.09105
G0 F9000 X141.131 Y70.816
G1 F1800 X155.404 Y85.089 E1793.68185
G0 F9000 X156.026 Y85.089
G1 F1800 X141.753 Y70.816 E1794.27264
G0 F9000 X142.375 Y70.816
G1 F1800 X156.648 Y85.089 E1794.86344
G0 F9000 X157.27 Y85.089
G1 F1800 X142.997 Y70.816 E1795.45423
G0 F9000 X143.62 Y70.816
G1 F1800 X157.893 Y85.089 E1796.04503
G0 F9000 X158.629 Y85.203
G1 F1800 X144.242 Y70.816 E1796.64054
G0 F9000 X144.864 Y70.816
G1 F1800 X172.384 Y98.336 E1797.77966
G0 F9000 X172.384 Y98.958
G1 F1800 X159.572 Y86.146 E1798.30999
G0 F9000 X159.707 Y86.903
G1 F1800 X172.384 Y99.58 E1798.83472
G0 F9000 X172.384 Y100.203
G1 F1800 X159.707 Y87.526 E1799.35945
G0 F9000 X159.707 Y88.148
G1 F1800 X172.384 Y100.825 E1799.88418
G0 F9000 X172.384 Y101.447
G1 F1800 X159.707 Y88.77 E1800.40892
G0 F9000 X159.707 Y89.392
G1 F1800 X172.384 Y102.069 E1800.93365
G0 F9000 X172.384 Y102.692
G1 F1800 X159.707 Y90.015 E1801.45838
G0 F9000 X159.707 Y90.637
G1 F1800 X172.384 Y103.314 E1801.98311
G0 F9000 X172.384 Y103.936
G1 F1800 X159.707 Y91.259 E1802.50785
G0 F9000 X159.707 Y91.881
G1 F1800 X172.384 Y104.558 E1803.03258
G0 F9000 X172.384 Y105.181
G1 F1800 X159.707 Y92.504 E1803.55731
G0 F9000 X159.708 Y93.127
G1 F1800 X172.384 Y105.803 E1804.082
G0 F9000 X172.384 Y106.425
G1 F1800 X159.708 Y93.749 E1804.6067
G0 F9000 X159.708 Y94.371
G1 F1800 X172.384 Y107.047 E1805.13139
G0 F9000 X172.384 Y107.67
G1 F1800 X159.708 Y94.993 E1805.6561
G0 F9000 X159.708 Y95.616
G1 F1800 X172.384 Y108.292 E1806.18079
G0 F9000 X172.384 Y108.914
G1 F1800 X159.708 Y96.238 E1806.70548
G0 F9000 X159.708 Y96.86
G1 F1800 X172.384 Y109.536 E1807.23017
G0 F9000 X172.384 Y110.159
G1 F1800 X159.708 Y97.482 E1807.75489
G0 F9000 X159.708 Y98.105
G1 F1800 X172.384 Y110.781 E1808.27958
G0 F9000 X172.384 Y111.403
G1 F1800 X159.708 Y98.727 E1808.80427
G0 F9000 X159.709 Y99.35
G1 F1800 X172.384 Y112.026 E1809.32894
G0 F9000 X172.384 Y112.648
G1 F1800 X159.709 Y99.972 E1809.85361
G0 F9000 X159.709 Y100.594
G1 F1800 X172.384 Y113.27 E1810.37828
G0 F9000 X172.384 Y113.892
G1 F1800 X159.709 Y101.217 E1810.90293
G0 F9000 X159.709 Y101.839
G1 F1800 X172.384 Y114.515 E1811.4276
G0 F9000 X172.384 Y115.137
G1 F1800 X159.709 Y102.461 E1811.95227
G0 F9000 X159.709 Y103.083
G1 F1800 X172.384 Y115.759 E1812.47694
G0 F9000 X172.384 Y116.381
G1 F1800 X159.709 Y103.706 E1813.00159
G0 F9000 X159.709 Y104.328
G1 F1800 X172.384 Y117.004 E1813.52626
G0 F9000 X172.384 Y117.626
G1 F1800 X159.709 Y104.95 E1814.05093
G0 F9000 X159.709 Y105.573
G1 F1800 X172.384 Y118.248 E1814.57558
G0 F9000 X172.384 Y118.87
G1 F1800 X159.709 Y106.195 E1815.10023
G0 F9000 X159.709 Y106.818
G1 F1800 X172.384 Y119.493 E1815.62488
G0 F9000 X172.384 Y120.115
G1 F1800 X159.709 Y107.44 E1816.14953
G0 F9000 X159.709 Y108.062
G1 F1800 X172.384 Y120.737 E1816.67418
G0 F9000 X172.384 Y121.359
G1 F1800 X159.709 Y108.684 E1817.19883
G0 F9000 X159.709 Y109.307
G1 F1800 X172.384 Y121.982 E1817.72348
G0 F9000 X172.384 Y122.604
G1 F1800 X159.709 Y109.929 E1818.24813
G0 F9000 X159.709 Y110.551
G1 F1800 X172.384 Y123.226 E1818.77278
G0 F9000 X172.384 Y123.848
G1 F1800 X159.709 Y111.173 E1819.29743
G0 F9000 X159.71 Y111.796
G1 F1800 X172.384 Y124.471 E1819.82206
G0 F9000 X172.384 Y125.093
G1 F1800 X159.71 Y112.419 E1820.34667
G0 F9000 X159.71 Y113.041
G1 F1800 X172.384 Y125.715 E1820.87128
G0 F9000 X172.384 Y126.337
G1 F1800 X159.71 Y113.663 E1821.39589
G0 F9000 X159.71 Y114.285
G1 F1800 X172.384 Y126.96 E1821.92052
G0 F9000 X172.384 Y127.582
G1 F1800 X159.71 Y114.908 E1822.44513
G0 F9000 X159.71 Y115.53
G1 F1800 X172.384 Y128.204 E1822.96973
G0 F9000 X172.384 Y128.826
G1 F1800 X159.71 Y116.152 E1823.49434
G0 F9000 X159.71 Y116.774
G1 F1800 X172.384 Y129.449 E1824.01897
G0 F9000 X172.384 Y130.071
G1 F1800 X159.711 Y117.397 E1824.54356
G0 F9000 X159.711 Y118.02
G1 F1800 X172.384 Y130.693 E1825.06813
G0 F9000 X172.384 Y131.315
G1 F1800 X159.711 Y118.642 E1825.59269
G0 F9000 X159.711 Y119.264
G1 F1800 X172.384 Y131.938 E1826.11728
G0 F9000 X172.384 Y132.56
G1 F1800 X159.711 Y119.886 E1826.64187
G0 F9000 X159.711 Y120.509
G1 F1800 X172.384 Y133.182 E1827.16644
G0 F9000 X172.384 Y133.804
G1 F1800 X159.711 Y121.131 E1827.691
G0 F9000 X159.711 Y121.753
G1 F1800 X172.384 Y134.427 E1828.21559
G0 F9000 X172.384 Y135.049
G1 F1800 X159.711 Y122.375 E1828.74018
G0 F9000 X159.711 Y122.998
G1 F1800 X172.384 Y135.671 E1829.26475
G0 F9000 X172.384 Y136.293
G1 F1800 X159.711 Y123.621 E1829.78929
G0 F9000 X159.711 Y124.243
G1 F1800 X172.384 Y136.916 E1830.31386
G0 F9000 X172.384 Y137.538
G1 F1800 X159.711 Y124.865 E1830.83843
G0 F9000 X159.711 Y125.487
G1 F1800 X172.384 Y138.16 E1831.363
G0 F9000 X172.384 Y138.782
G1 F1800 X159.711 Y126.11 E1831.88754
G0 F9000 X159.711 Y126.732
G1 F1800 X172.384 Y139.405 E1832.41211
G0 F9000 X172.384 Y140.027
G1 F1800 X159.711 Y127.354 E1832.93668
G0 F9000 X159.711 Y127.976
G1 F1800 X172.384 Y140.649 E1833.46124
G0 F9000 X172.384 Y141.271
G1 F1800 X159.711 Y128.599 E1833.98579
G0 F9000 X159.711 Y129.221
G1 F1800 X172.384 Y141.894 E1834.51036
G0 F9000 X172.384 Y142.516
G1 F1800 X159.712 Y129.844 E1835.03488
G0 F9000 X159.712 Y130.466
G1 F1800 X172.384 Y143.138 E1835.55941
G0 F9000 X172.384 Y143.76
G1 F1800 X159.712 Y131.088 E1836.08393
G0 F9000 X159.712 Y131.711
G1 F1800 X172.384 Y144.383 E1836.60846
G0 F9000 X172.384 Y145.005
G1 F1800 X159.712 Y132.333 E1837.13299
G0 F9000 X159.712 Y132.955
G1 F1800 X172.384 Y145.627 E1837.65751
G0 F9000 X172.384 Y146.249
G1 F1800 X159.712 Y133.577 E1838.18204
G0 F9000 X159.712 Y134.2
G1 F1800 X172.384 Y146.872 E1838.70656
G0 F9000 X172.384 Y147.494
G1 F1800 X159.712 Y134.822 E1839.23109
G0 F9000 X159.712 Y135.444
G1 F1800 X172.384 Y148.116 E1839.75561
G0 F9000 X172.384 Y148.738
G1 F1800 X159.713 Y136.067 E1840.2801
G0 F9000 X159.713 Y136.689
G1 F1800 X172.207 Y149.184 E1840.79728
G0 F9000 X171.585 Y149.184
G1 F1800 X159.713 Y137.312 E1841.28869
G0 F9000 X159.713 Y137.934
G1 F1800 X170.963 Y149.184 E1841.75436
G0 F9000 X170.341 Y149.184
G1 F1800 X159.713 Y138.556 E1842.19427
G0 F9000 X159.713 Y139.178
G1 F1800 X169.718 Y149.184 E1842.60843
G0 F9000 X169.096 Y149.184
G1 F1800 X159.713 Y139.801 E1842.99681
G0 F9000 X159.713 Y140.423
G1 F1800 X168.474 Y149.184 E1843.35945
G0 F9000 X167.852 Y149.184
G1 F1800 X159.713 Y141.045 E1843.69635
G0 F9000 X159.713 Y141.667
G1 F1800 X167.229 Y149.184 E1844.00747
G0 F9000 X166.607 Y149.184
G1 F1800 X159.651 Y142.228 E1844.2954
G0 F9000 X159.471 Y142.67
G1 F1800 X165.985 Y149.184 E1844.56503
G0 F9000 X165.363 Y149.184
G1 F1800 X159.193 Y143.014 E1844.82042
G0 F9000 X158.836 Y143.28
G1 F1800 X164.74 Y149.184 E1845.0648
G0 F9000 X164.118 Y149.184
G1 F1800 X158.4 Y143.466 E1845.30149
G0 F9000 X157.823 Y143.511
G1 F1800 X163.496 Y149.184 E1845.53631
G0 F9000 X162.874 Y149.184
G1 F1800 X157.2 Y143.511 E1845.77115
G0 F9000 X156.578 Y143.511
G1 F1800 X162.251 Y149.184 E1846.00597
G0 F9000 X161.629 Y149.184
G1 F1800 X155.956 Y143.511 E1846.24079
G0 F9000 X155.334 Y143.511
G1 F1800 X161.007 Y149.184 E1846.4756
G0 F9000 X160.385 Y149.184
G1 F1800 X154.711 Y143.511 E1846.71045
G0 F9000 X154.089 Y143.511
G1 F1800 X159.762 Y149.184 E1846.94526
G0 F9000 X159.14 Y149.184
G1 F1800 X153.467 Y143.511 E1847.18008
G0 F9000 X152.845 Y143.511
G1 F1800 X158.518 Y149.184 E1847.4149
G0 F9000 X157.896 Y149.184
G1 F1800 X152.222 Y143.511 E1847.64974
G0 F9000 X151.6 Y143.511
G1 F1800 X157.273 Y149.184 E1847.88456
G0 F9000 X156.651 Y149.184
G1 F1800 X150.978 Y143.511 E1848.11938
G0 F9000 X150.356 Y143.511
G1 F1800 X156.029 Y149.184 E1848.3542
G0 F9000 X155.407 Y149.184
G1 F1800 X149.733 Y143.511 E1848.58904
G0 F9000 X149.111 Y143.511
G1 F1800 X154.784 Y149.184 E1848.82386
G0 F9000 X154.162 Y149.184
G1 F1800 X148.489 Y143.511 E1849.05868
G0 F9000 X147.867 Y143.511
G1 F1800 X153.54 Y149.184 E1849.2935
G0 F9000 X152.917 Y149.184
G1 F1800 X147.244 Y143.511 E1849.52832
G0 F9000 X146.622 Y143.511
G1 F1800 X152.295 Y149.184 E1849.76314
G0 F9000 X151.673 Y149.184
G1 F1800 X146.001 Y143.512 E1849.99792
G0 F9000 X145.378 Y143.512
G1 F1800 X151.051 Y149.184 E1850.23272
G0 F9000 X150.428 Y149.184
G1 F1800 X144.756 Y143.512 E1850.4675
G0 F9000 X144.134 Y143.512
G1 F1800 X149.806 Y149.184 E1850.70228
G0 F9000 X149.184 Y149.184
G1 F1800 X143.512 Y143.512 E1850.93705
G0 F9000 X142.889 Y143.512
G1 F1800 X148.562 Y149.184 E1851.17185
G0 F9000 X147.939 Y149.184
G1 F1800 X142.267 Y143.512 E1851.40663
G0 F9000 X141.645 Y143.512
G1 F1800 X147.317 Y149.184 E1851.64141
G0 F9000 X146.695 Y149.184
G1 F1800 X141.023 Y143.512 E1851.87619
G0 F9000 X140.4 Y143.512
G1 F1800 X146.073 Y149.184 E1852.11099
G0 F9000 X145.45 Y149.184
G1 F1800 X139.778 Y143.512 E1852.34577
G0 F9000 X139.156 Y143.512
G1 F1800 X144.828 Y149.184 E1852.58054
G0 F9000 X144.206 Y149.184
G1 F1800 X138.534 Y143.512 E1852.81532
G0 F9000 X137.911 Y143.512
G1 F1800 X143.584 Y149.184 E1853.05012
G0 F9000 X142.961 Y149.184
G1 F1800 X137.289 Y143.512 E1853.2849
G0 F9000 X136.667 Y143.512
G1 F1800 X142.339 Y149.184 E1853.51968
G0 F9000 X141.717 Y149.184
G1 F1800 X136.045 Y143.512 E1853.75446
G0 F9000 X135.422 Y143.512
G1 F1800 X141.095 Y149.184 E1853.98925
G0 F9000 X140.472 Y149.184
G1 F1800 X134.8 Y143.512 E1854.22403
G0 F9000 X134.178 Y143.512
G1 F1800 X139.85 Y149.184 E1854.45881
G0 F9000 X139.228 Y149.184
G1 F1800 X133.556 Y143.512 E1854.69359
G0 F9000 X132.934 Y143.512
G1 F1800 X138.606 Y149.184 E1854.92837
G0 F9000 X137.983 Y149.184
G1 F1800 X132.312 Y143.512 E1855.16313
G0 F9000 X131.689 Y143.512
G1 F1800 X137.361 Y149.184 E1855.3979
G0 F9000 X136.739 Y149.184
G1 F1800 X131.067 Y143.512 E1855.63268
G0 F9000 X130.445 Y143.512
G1 F1800 X136.117 Y149.184 E1855.86746
G0 F9000 X135.494 Y149.184
G1 F1800 X129.823 Y143.512 E1856.10222
G0 F9000 X129.2 Y143.512
G1 F1800 X134.872 Y149.184 E1856.337
G0 F9000 X134.25 Y149.184
G1 F1800 X128.578 Y143.512 E1856.57177
G0 F9000 X127.956 Y143.512
G1 F1800 X133.628 Y149.184 E1856.80655
G0 F9000 X133.005 Y149.184
G1 F1800 X127.334 Y143.512 E1857.04131
G0 F9000 X126.711 Y143.512
G1 F1800 X132.383 Y149.184 E1857.27609
G0 F9000 X131.761 Y149.184
G1 F1800 X126.089 Y143.512 E1857.51087
G0 F9000 X125.467 Y143.512
G1 F1800 X131.139 Y149.184 E1857.74564
G0 F9000 X130.516 Y149.184
G1 F1800 X124.845 Y143.512 E1857.9804
G0 F9000 X124.222 Y143.512
G1 F1800 X129.894 Y149.184 E1858.21518
G0 F9000 X129.272 Y149.184
G1 F1800 X123.6 Y143.512 E1858.44996
G0 F9000 X122.978 Y143.512
G1 F1800 X128.65 Y149.184 E1858.68474
G0 F9000 X128.027 Y149.184
G1 F1800 X122.356 Y143.512 E1858.91949
G0 F9000 X121.734 Y143.513
G1 F1800 X127.405 Y149.184 E1859.15423
G0 F9000 X126.783 Y149.184
G1 F1800 X121.112 Y143.513 E1859.38897
G0 F9000 X120.49 Y143.513
G1 F1800 X126.161 Y149.184 E1859.62371
G0 F9000 X125.538 Y149.184
G1 F1800 X119.867 Y143.513 E1859.85844
G0 F9000 X119.245 Y143.513
G1 F1800 X124.916 Y149.184 E1860.09318
G0 F9000 X124.294 Y149.184
G1 F1800 X118.623 Y143.513 E1860.32792
G0 F9000 X118.001 Y143.513
G1 F1800 X123.672 Y149.184 E1860.56265
G0 F9000 X123.049 Y149.184
G1 F1800 X117.378 Y143.513 E1860.79739
G0 F9000 X116.756 Y143.513
G1 F1800 X122.427 Y149.184 E1861.03213
G0 F9000 X121.805 Y149.184
G1 F1800 X116.134 Y143.513 E1861.26686
G0 F9000 X115.512 Y143.513
G1 F1800 X121.183 Y149.184 E1861.5016
G0 F9000 X120.56 Y149.184
G1 F1800 X114.889 Y143.513 E1861.73634
G0 F9000 X114.267 Y143.513
G1 F1800 X119.938 Y149.184 E1861.97107
G0 F9000 X119.316 Y149.184
G1 F1800 X113.645 Y143.513 E1862.20581
G0 F9000 X113.023 Y143.513
G1 F1800 X118.694 Y149.184 E1862.44055
G0 F9000 X118.071 Y149.184
G1 F1800 X112.4 Y143.513 E1862.67528
G0 F9000 X111.778 Y143.513
G1 F1800 X117.449 Y149.184 E1862.91002
G0 F9000 X116.827 Y149.184
G1 F1800 X111.156 Y143.513 E1863.14476
G0 F9000 X110.534 Y143.513
G1 F1800 X116.205 Y149.184 E1863.3795
G0 F9000 X115.582 Y149.184
G1 F1800 X109.912 Y143.514 E1863.61419
G0 F9000 X109.29 Y143.514
G1 F1800 X114.96 Y149.184 E1863.84889
G0 F9000 X114.338 Y149.184
G1 F1800 X108.667 Y143.514 E1864.0836
G0 F9000 X108.045 Y143.514
G1 F1800 X113.715 Y149.184 E1864.3183
G0 F9000 X113.093 Y149.184
G1 F1800 X107.423 Y143.514 E1864.55299
G0 F9000 X106.801 Y143.514
G1 F1800 X112.471 Y149.184 E1864.78769
G0 F9000 X111.849 Y149.184
G1 F1800 X106.178 Y143.514 E1865.02241
G0 F9000 X105.556 Y143.514
G1 F1800 X111.226 Y149.184 E1865.2571
G0 F9000 X110.604 Y149.184
G1 F1800 X104.934 Y143.514 E1865.4918
G0 F9000 X104.312 Y143.514
G1 F1800 X109.982 Y149.184 E1865.72649
G0 F9000 X109.36 Y149.184
G1 F1800 X103.689 Y143.514 E1865.96121
G0 F9000 X103.067 Y143.514
G1 F1800 X108.737 Y149.184 E1866.1959
G0 F9000 X108.115 Y149.184
G1 F1800 X102.445 Y143.514 E1866.4306
G0 F9000 X101.823 Y143.514
G1 F1800 X107.493 Y149.184 E1866.66529
G0 F9000 X106.871 Y149.184
G1 F1800 X101.2 Y143.514 E1866.90001
G0 F9000 X100.578 Y143.514
G1 F1800 X106.248 Y149.184 E1867.13471
G0 F9000 X105.626 Y149.184
G1 F1800 X99.956 Y143.514 E1867.3694
G0 F9000 X99.334 Y143.514
G1 F1800 X105.004 Y149.184 E1867.6041
G0 F9000 X104.382 Y149.184
G1 F1800 X98.711 Y143.514 E1867.83881
G0 F9000 X98.089 Y143.514
G1 F1800 X103.759 Y149.184 E1868.07351
G0 F9000 X103.137 Y149.184
G1 F1800 X97.468 Y143.514 E1868.30818
G0 F9000 X96.845 Y143.514
G1 F1800 X102.515 Y149.184 E1868.54288
G0 F9000 X101.893 Y149.184
G1 F1800 X96.223 Y143.514 E1868.77757
G0 F9000 X95.601 Y143.514
G1 F1800 X101.27 Y149.184 E1869.01225
G0 F9000 X100.648 Y149.184
G1 F1800 X94.979 Y143.514 E1869.24692
G0 F9000 X94.356 Y143.514
G1 F1800 X100.026 Y149.184 E1869.48162
G0 F9000 X99.404 Y149.184
G1 F1800 X93.734 Y143.514 E1869.71631
G0 F9000 X93.112 Y143.514
G1 F1800 X98.781 Y149.184 E1869.95099
G0 F9000 X98.159 Y149.184
G1 F1800 X92.49 Y143.514 E1870.18566
G0 F9000 X91.867 Y143.514
G1 F1800 X97.537 Y149.184 E1870.42036
G0 F9000 X96.915 Y149.184
G1 F1800 X91.245 Y143.514 E1870.65506
G0 F9000 X90.623 Y143.514
G1 F1800 X96.292 Y149.184 E1870.88973
G0 F9000 X95.67 Y149.184
G1 F1800 X90.001 Y143.514 E1871.12441
G0 F9000 X89.378 Y143.514
G1 F1800 X95.048 Y149.184 E1871.3591
G0 F9000 X94.426 Y149.184
G1 F1800 X88.756 Y143.514 E1871.5938
G0 F9000 X88.134 Y143.514
G1 F1800 X93.803 Y149.184 E1871.82847
G0 F9000 X93.181 Y149.184
G1 F1800 X87.512 Y143.514 E1872.06315
G0 F9000 X86.889 Y143.514
G1 F1800 X92.559 Y149.184 E1872.29784
G0 F9000 X91.937 Y149.184
G1 F1800 X86.267 Y143.514 E1872.53254
G0 F9000 X85.645 Y143.515
G1 F1800 X91.314 Y149.184 E1872.76719
G0 F9000 X90.692 Y149.184
G1 F1800 X85.023 Y143.515 E1873.00184
G0 F9000 X84.401 Y143.515
G1 F1800 X90.07 Y149.184 E1873.2365
G0 F9000 X89.448 Y149.184
G1 F1800 X83.779 Y143.515 E1873.47115
G0 F9000 X83.156 Y143.515
G1 F1800 X88.825 Y149.184 E1873.70581
G0 F9000 X88.203 Y149.184
G1 F1800 X82.534 Y143.515 E1873.94046
G0 F9000 X81.912 Y143.515
G1 F1800 X87.581 Y149.184 E1874.17512
G0 F9000 X86.959 Y149.184
G1 F1800 X81.29 Y143.515 E1874.40977
G0 F9000 X80.667 Y143.515
G1 F1800 X86.336 Y149.184 E1874.64442
G0 F9000 X85.714 Y149.184
G1 F1800 X80.045 Y143.515 E1874.87908
G0 F9000 X79.423 Y143.515
G1 F1800 X85.092 Y149.184 E1875.11373
G0 F9000 X84.47 Y149.184
G1 F1800 X78.801 Y143.515 E1875.34839
G0 F9000 X78.178 Y143.515
G1 F1800 X83.847 Y149.184 E1875.58304
G0 F9000 X83.225 Y149.184
G1 F1800 X77.556 Y143.515 E1875.81769
G0 F9000 X76.934 Y143.515
G1 F1800 X82.603 Y149.184 E1876.05235
G0 F9000 X81.981 Y149.184
G1 F1800 X76.312 Y143.515 E1876.287
G0 F9000 X75.689 Y143.515
G1 F1800 X81.358 Y149.184 E1876.52166
G0 F9000 X80.736 Y149.184
G1 F1800 X75.067 Y143.515 E1876.75631
G0 F9000 X74.445 Y143.515
G1 F1800 X80.114 Y149.184 E1876.99096
G0 F9000 X79.492 Y149.184
G1 F1800 X73.823 Y143.516 E1877.2256
G0 F9000 X73.201 Y143.516
G1 F1800 X78.869 Y149.184 E1877.46021
G0 F9000 X78.247 Y149.184
G1 F1800 X72.579 Y143.516 E1877.69482
G0 F9000 X71.957 Y143.516
G1 F1800 X77.625 Y149.184 E1877.92944
G0 F9000 X77.003 Y149.184
G1 F1800 X71.334 Y143.516 E1878.16407
G0 F9000 X70.712 Y143.516
G1 F1800 X76.38 Y149.184 E1878.39868
G0 F9000 X75.758 Y149.184
G1 F1800 X70.09 Y143.516 E1878.63329
G0 F9000 X69.468 Y143.516
G1 F1800 X75.136 Y149.184 E1878.86791
G0 F9000 X74.513 Y149.184
G1 F1800 X68.845 Y143.516 E1879.10252
G0 F9000 X68.223 Y143.516
G1 F1800 X73.891 Y149.184 E1879.33713
G0 F9000 X73.269 Y149.184
G1 F1800 X67.601 Y143.516 E1879.57175
G0 F9000 X66.979 Y143.516
G1 F1800 X72.647 Y149.184 E1879.80636
G0 F9000 X72.024 Y149.184
G1 F1800 X66.356 Y143.516 E1880.04097
G0 F9000 X65.734 Y143.516
G1 F1800 X71.402 Y149.184 E1880.27558
G0 F9000 X70.78 Y149.184
G1 F1800 X65.112 Y143.516 E1880.5102
G0 F9000 X64.49 Y143.516
G1 F1800 X70.158 Y149.184 E1880.74481
G0 F9000 X69.535 Y149.184
G1 F1800 X63.867 Y143.516 E1880.97942
G0 F9000 X63.245 Y143.516
G1 F1800 X68.913 Y149.184 E1881.21403
G0 F9000 X68.291 Y149.184
G1 F1800 X62.623 Y143.516 E1881.44865
G0 F9000 X62.001 Y143.516
G1 F1800 X67.669 Y149.184 E1881.68326
G1 F1500 E1879.68326
G0 F9000 X67.669 Y151.565
G0 X45.247 Y151.553
G0 X45.247 Y68.447
G0 X145.487 Y68.435
G0 X145.487 Y70.816
G1 F1500 E1881.68326
G1 F1800 X172.384 Y97.714 E1882.79661
G0 F9000 X172.384 Y97.091
G1 F1800 X146.109 Y70.816 E1883.8842
G0 F9000 X146.731 Y70.816
G1 F1800 X172.384 Y96.469 E1884.94604
G0 F9000 X172.384 Y95.847
G1 F1800 X147.353 Y70.816 E1885.98214
G0 F9000 X147.976 Y70.816
G1 F1800 X172.384 Y95.225 E1886.99247
G0 F9000 X172.384 Y94.602
G1 F1800 X148.598 Y70.816 E1887.97703
G0 F9000 X149.22 Y70.816
G1 F1800 X172.384 Y93.98 E1888.93585
G0 F9000 X172.384 Y93.358
G1 F1800 X149.842 Y70.816 E1889.86892
G0 F9000 X150.465 Y70.816
G1 F1800 X172.384 Y92.736 E1890.77622
G0 F9000 X172.384 Y92.113
G1 F1800 X151.087 Y70.816 E1891.65776
G0 F9000 X151.709 Y70.816
G1 F1800 X172.384 Y91.491 E1892.51355
G0 F9000 X172.384 Y90.869
G1 F1800 X152.331 Y70.816 E1893.34359
G0 F9000 X152.954 Y70.816
G1 F1800 X172.384 Y90.247 E1894.14787
G0 F9000 X172.384 Y89.624
G1 F1800 X153.576 Y70.816 E1894.92638
G0 F9000 X154.198 Y70.816
G1 F1800 X172.384 Y89.002 E1895.67914
G0 F9000 X172.384 Y88.38
G1 F1800 X154.82 Y70.816 E1896.40616
G0 F9000 X155.443 Y70.816
G1 F1800 X172.384 Y87.758 E1897.10741
G0 F9000 X172.384 Y87.135
G1 F1800 X156.065 Y70.816 E1897.78289
G0 F9000 X156.687 Y70.816
G1 F1800 X172.384 Y86.513 E1898.43263
G0 F9000 X172.384 Y85.891
G1 F1800 X157.309 Y70.816 E1899.05662
G0 F9000 X157.932 Y70.816
G1 F1800 X172.384 Y85.269 E1899.65485
G0 F9000 X172.384 Y84.646
G1 F1800 X158.554 Y70.816 E1900.22731
G0 F9000 X159.176 Y70.816
G1 F1800 X172.384 Y84.024 E1900.77402
G0 F9000 X172.384 Y83.402
G1 F1800 X159.798 Y70.816 E1901.29499
G0 F9000 X160.421 Y70.816
G1 F1800 X172.384 Y82.78 E1901.79018
G0 F9000 X172.384 Y82.157
G1 F1800 X161.043 Y70.816 E1902.25962
G0 F9000 X161.665 Y70.816
G1 F1800 X172.384 Y81.535 E1902.7033
G0 F9000 X172.384 Y80.913
G1 F1800 X162.287 Y70.816 E1903.12124
G0 F9000 X162.91 Y70.816
G1 F1800 X172.384 Y80.291 E1903.51342
G0 F9000 X172.384 Y79.668
G1 F1800 X163.532 Y70.816 E1903.87982
G0 F9000 X164.154 Y70.816
G1 F1800 X172.384 Y79.046 E1904.22048
G0 F9000 X172.384 Y78.424
G1 F1800 X164.776 Y70.816 E1904.5354
G0 F9000 X165.399 Y70.816
G1 F1800 X172.384 Y77.802 E1904.82455
G0 F9000 X172.384 Y77.179
G1 F1800 X166.021 Y70.816 E1905.08793
G0 F9000 X166.643 Y70.816
G1 F1800 X172.384 Y76.557 E1905.32556
G0 F9000 X172.384 Y75.935
G1 F1800 X167.265 Y70.816 E1905.53745
G0 F9000 X167.888 Y70.816
G1 F1800 X172.384 Y75.313 E1905.72357
G0 F9000 X172.384 Y74.69
G1 F1800 X168.51 Y70.816 E1905.88392
G0 F9000 X169.132 Y70.816
G1 F1800 X172.384 Y74.068 E1906.01853
G0 F9000 X172.384 Y73.446
G1 F1800 X169.754 Y70.816 E1906.12739
G0 F9000 X170.377 Y70.816
G1 F1800 X172.384 Y72.824 E1906.21049
G0 F9000 X172.384 Y72.201
G1 F1800 X170.999 Y70.816 E1906.26782
G0 F9000 X171.621 Y70.816
G1 F1800 X172.384 Y71.579 E1906.2994
G0 F9000 X172.384 Y70.957
G1 F1800 X172.243 Y70.816 E1906.30524
G1 F1500 E1904.30524
;MESH:NONMESH
G0 F300 Z1.04
G0 F9000 X110 Y142.9
;TIME_ELAPSED:2671.852695
;LAYER:5
;TYPE:WALL-INNER
;MESH:SmartKiln_Frente.stl
G1 F1500 E1906.30524
G1 F1800 X61.871 Y142.9 E1908.06609
G1 X61.517 Y142.806 E1908.07949
G1 X61.188 Y142.543 E1908.0949
G1 X60.98 Y142.242 E1908.10829
G1 X60.9 Y141.905 E1908.12096
G1 X60.905 Y86.693 E1910.14096
G1 X60.945 Y86.487 E1910.14863
G1 X61.125 Y86.132 E1910.1632
G1 X61.385 Y85.887 E1910.17627
G1 X61.627 Y85.764 E1910.1862
G1 X61.904 Y85.704 E1910.19657
G1 X158.096 Y85.704 E1913.71586
G1 X158.373 Y85.764 E1913.72623
G1 X158.685 Y85.938 E1913.7393
G1 X158.93 Y86.211 E1913.75272
G1 X159.056 Y86.487 E1913.76382
G1 X159.096 Y86.693 E1913.7715
G1 X159.1 Y141.906 E1915.79153
G1 X159.036 Y142.17 E1915.80147
G1 X158.909 Y142.42 E1915.81173
G1 X158.69 Y142.657 E1915.82353
G1 X158.376 Y142.834 E1915.83672
G1 X158.132 Y142.9 E1915.84597
G1 X110 Y142.9 E1917.60693
G0 F9000 X110 Y142.46
G1 F1800 X61.922 Y142.46 E1919.36592
G1 X61.673 Y142.374 E1919.37556
G1 X61.512 Y142.246 E1919.38309
G1 X61.378 Y142.022 E1919.39264
G1 X61.345 Y141.884 E1919.39783
G1 X61.343 Y86.736 E1921.41548
G1 X61.412 Y86.498 E1921.42455
G1 X61.631 Y86.252 E1921.4366
G1 X61.942 Y86.142 E1921.44866
G1 X158.058 Y86.142 E1924.96518
G1 X158.369 Y86.252 E1924.97725
G1 X158.525 Y86.399 E1924.98509
G1 X158.658 Y86.736 E1924.99835
G1 X158.655 Y141.884 E1927.016
G1 X158.546 Y142.172 E1927.02726
G1 X158.414 Y142.315 E1927.03438
G1 X158.082 Y142.46 E1927.04764
G1 X110 Y142.46 E1928.80677
G1 F1500 E1926.80677
G0 F9000 X110 Y149.8
G1 F1500 E1928.80677
G1 F1800 X173 Y149.8 E1931.1117
G1 X173 Y70.2 E1934.02396
G1 X47.001 Y70.201 E1938.63378
G1 X47 Y149.8 E1941.546
G1 X110 Y149.8 E1943.85093
G0 F9000 X110 Y150.24
G1 F1800 X173.44 Y150.24 E1946.17195
G1 X173.44 Y69.76 E1949.1164
G1 X46.561 Y69.761 E1953.75842
G1 X46.56 Y150.24 E1956.70283
G1 X110 Y150.24 E1959.02386
G0 F9000 X110 Y150.68
;TYPE:WALL-OUTER
G1 F1800 X173.88 Y150.68 E1961.36098
G1 X173.88 Y69.32 E1964.33763
G1 X46.121 Y69.321 E1969.01184
G1 X46.12 Y150.68 E1971.98845
G1 X110 Y150.68 E1974.32558
G1 F1500 E1972.32558
G0 F9000 X110 Y142.017
G1 F1500 E1974.32558
G1 F1800 X61.961 Y142.017 E1976.08314
G1 X61.781 Y141.883 E1976.09135
G1 X61.784 Y86.757 E1978.1082
G1 X61.877 Y86.617 E1978.11435
G1 X61.98 Y86.58 E1978.11835
G1 X158.02 Y86.58 E1981.63208
G1 X158.175 Y86.666 E1981.63857
G1 X158.22 Y86.778 E1981.64299
G1 X158.219 Y141.828 E1983.65705
G1 X158.138 Y141.972 E1983.6631
G1 X158.039 Y142.017 E1983.66708
G1 X110 Y142.017 E1985.42464
G1 F1500 E1983.42464
G0 F9000 X110 Y149.404
;TYPE:SKIN
G1 F1500 E1985.42464
G1 F1800 X47.396 Y149.404 E1987.71508
G1 X47.396 Y70.596 E1990.59836
G1 X172.604 Y70.596 E1995.17924
G1 X172.604 Y149.404 E1998.06252
G1 X110 Y149.404 E2000.35296
G1 F1500 E1998.35296
G0 F9000 X110 Y143.294
G1 F1500 E2000.35296
G1 F1800 X158.19 Y143.293 E2002.11604
G1 X158.545 Y143.192 E2002.12955
G1 X158.935 Y142.971 E2002.14595
G1 X159.238 Y142.641 E2002.16234
G1 X159.407 Y142.303 E2002.17616
G1 X159.495 Y141.946 E2002.18962
G1 X159.488 Y86.651 E2004.21265
G1 X159.434 Y86.368 E2004.22319
G1 X159.265 Y86.002 E2004.23794
G1 X159.101 Y85.785 E2004.24789
G1 X158.837 Y85.555 E2004.2607
G1 X158.515 Y85.391 E2004.27392
G1 X158.131 Y85.309 E2004.28829
G1 X61.814 Y85.305 E2007.81215
G1 X61.262 Y85.469 E2007.83322
G1 X60.878 Y85.804 E2007.85187
G1 X60.606 Y86.244 E2007.87079
G1 X60.507 Y86.602 E2007.88438
G1 X60.505 Y141.946 E2009.9092
G1 X60.588 Y142.302 E2009.92258
G1 X60.758 Y142.641 E2009.93645
G1 X61.059 Y142.965 E2009.95263
G1 X61.457 Y143.189 E2009.96934
G1 X61.815 Y143.296 E2009.98301
G1 X110 Y143.294 E2011.74592
G1 F1500 E2009.74592
G0 F9000 X172.383 Y148.7
G1 F1500 E2011.74592
G1 F1800 X171.899 Y149.184 E2011.77096
G0 F9000 X171.277 Y149.184
G1 F1800 X172.383 Y148.077 E2011.82821
G0 F9000 X172.383 Y147.455
G1 F1800 X170.655 Y149.184 E2011.91764
G0 F9000 X170.032 Y149.184
G1 F1800 X172.383 Y146.833 E2012.03929
G0 F9000 X172.383 Y146.211
G1 F1800 X169.41 Y149.184 E2012.19311
G0 F9000 X168.788 Y149.184
G1 F1800 X172.383 Y145.588 E2012.37914
G0 F9000 X172.383 Y144.966
G1 F1800 X168.166 Y149.184 E2012.59736
G0 F9000 X167.543 Y149.184
G1 F1800 X172.383 Y144.344 E2012.84778
G0 F9000 X172.383 Y143.722
G1 F1800 X166.921 Y149.184 E2013.13039
G0 F9000 X166.299 Y149.184
G1 F1800 X172.383 Y143.099 E2013.44521
G0 F9000 X172.383 Y142.477
G1 F1800 X165.677 Y149.184 E2013.79221
G0 F9000 X165.054 Y149.184
G1 F1800 X172.383 Y141.855 E2014.17141
G0 F9000 X172.383 Y141.233
G1 F1800 X164.432 Y149.184 E2014.5828
G0 F9000 X163.81 Y149.184
G1 F1800 X172.383 Y140.61 E2015.0264
G0 F9000 X172.383 Y139.988
G1 F1800 X163.188 Y149.184 E2015.50218
G0 F9000 X162.565 Y149.184
G1 F1800 X172.383 Y139.366 E2016.01017
G0 F9000 X172.383 Y138.744
G1 F1800 X161.943 Y149.184 E2016.55034
G0 F9000 X161.321 Y149.184
G1 F1800 X172.383 Y138.121 E2017.12272
G0 F9000 X172.383 Y137.499
G1 F1800 X160.699 Y149.184 E2017.72729
G0 F9000 X160.076 Y149.184
G1 F1800 X172.383 Y136.877 E2018.36406
G0 F9000 X172.383 Y136.255
G1 F1800 X159.454 Y149.184 E2019.03301
G0 F9000 X158.832 Y149.184
G1 F1800 X172.383 Y135.632 E2019.73418
G0 F9000 X172.383 Y135.01
G1 F1800 X158.209 Y149.184 E2020.46755
G0 F9000 X157.587 Y149.184
G1 F1800 X172.383 Y134.388 E2021.2331
G0 F9000 X172.383 Y133.766
G1 F1800 X156.965 Y149.184 E2022.03084
G0 F9000 X156.343 Y149.184
G1 F1800 X172.383 Y133.143 E2022.86079
G0 F9000 X172.383 Y132.521
G1 F1800 X155.72 Y149.184 E2023.72294
G0 F9000 X155.098 Y149.184
G1 F1800 X172.383 Y131.899 E2024.61728
G0 F9000 X172.383 Y131.276
G1 F1800 X154.476 Y149.184 E2025.54382
G0 F9000 X153.854 Y149.184
G1 F1800 X172.383 Y130.654 E2026.50255
G0 F9000 X172.383 Y130.032
G1 F1800 X153.231 Y149.184 E2027.49349
G0 F9000 X152.609 Y149.184
G1 F1800 X158.303 Y143.49 E2027.7881
G0 F9000 X157.661 Y143.51
G1 F1800 X151.987 Y149.184 E2028.08167
G0 F9000 X151.365 Y149.184
G1 F1800 X157.039 Y143.51 E2028.37525
G0 F9000 X156.416 Y143.51
G1 F1800 X150.742 Y149.184 E2028.66883
G0 F9000 X150.12 Y149.184
G1 F1800 X155.794 Y143.51 E2028.9624
G0 F9000 X155.172 Y143.51
G1 F1800 X149.498 Y149.184 E2029.25598
G0 F9000 X148.876 Y149.184
G1 F1800 X154.55 Y143.51 E2029.54956
G0 F9000 X153.927 Y143.51
G1 F1800 X148.253 Y149.184 E2029.84313
G0 F9000 X147.631 Y149.184
G1 F1800 X153.305 Y143.51 E2030.13671
G0 F9000 X152.683 Y143.51
G1 F1800 X147.009 Y149.184 E2030.43028
G0 F9000 X146.387 Y149.184
G1 F1800 X152.06 Y143.51 E2030.72383
G0 F9000 X151.438 Y143.51
G1 F1800 X145.764 Y149.184 E2031.01741
G0 F9000 X145.142 Y149.184
G1 F1800 X150.816 Y143.51 E2031.31099
G0 F9000 X150.194 Y143.51
G1 F1800 X144.52 Y149.184 E2031.60456
G0 F9000 X143.898 Y149.184
G1 F1800 X149.571 Y143.51 E2031.89811
G0 F9000 X148.949 Y143.51
G1 F1800 X143.275 Y149.184 E2032.19169
G0 F9000 X142.653 Y149.184
G1 F1800 X148.327 Y143.51 E2032.48527
G0 F9000 X147.705 Y143.51
G1 F1800 X142.031 Y149.184 E2032.77884
G0 F9000 X141.409 Y149.184
G1 F1800 X147.082 Y143.51 E2033.07239
G0 F9000 X146.46 Y143.51
G1 F1800 X140.786 Y149.184 E2033.36597
G0 F9000 X140.164 Y149.184
G1 F1800 X145.837 Y143.511 E2033.65949
G0 F9000 X145.215 Y143.511
G1 F1800 X139.542 Y149.184 E2033.95302
G0 F9000 X138.92 Y149.184
G1 F1800 X144.593 Y143.511 E2034.24654
G0 F9000 X143.97 Y143.511
G1 F1800 X138.297 Y149.184 E2034.54007
G0 F9000 X137.675 Y149.184
G1 F1800 X143.348 Y143.511 E2034.83359
G0 F9000 X142.726 Y143.511
G1 F1800 X137.053 Y149.184 E2035.12712
G0 F9000 X136.431 Y149.184
G1 F1800 X142.104 Y143.511 E2035.42064
G0 F9000 X141.481 Y143.511
G1 F1800 X135.808 Y149.184 E2035.71417
G0 F9000 X135.186 Y149.184
G1 F1800 X140.859 Y143.511 E2036.00769
G0 F9000 X140.237 Y143.511
G1 F1800 X134.564 Y149.184 E2036.30122
G0 F9000 X133.942 Y149.184
G1 F1800 X139.615 Y143.511 E2036.59474
G0 F9000 X138.992 Y143.511
G1 F1800 X133.319 Y149.184 E2036.88827
G0 F9000 X132.697 Y149.184
G1 F1800 X138.37 Y143.511 E2037.18179
G0 F9000 X137.748 Y143.511
G1 F1800 X132.075 Y149.184 E2037.47531
G0 F9000 X131.453 Y149.184
G1 F1800 X137.126 Y143.511 E2037.76884
G0 F9000 X136.503 Y143.511
G1 F1800 X130.83 Y149.184 E2038.06236
G0 F9000 X130.208 Y149.184
G1 F1800 X135.881 Y143.511 E2038.35589
G0 F9000 X135.259 Y143.511
G1 F1800 X129.586 Y149.184 E2038.64941
G0 F9000 X128.964 Y149.184
G1 F1800 X134.637 Y143.511 E2038.94294
G0 F9000 X134.014 Y143.512
G1 F1800 X128.341 Y149.184 E2039.23644
G0 F9000 X127.719 Y149.184
G1 F1800 X133.391 Y143.512 E2039.52991
G0 F9000 X132.769 Y143.512
G1 F1800 X127.097 Y149.184 E2039.82338
G0 F9000 X126.475 Y149.184
G1 F1800 X132.147 Y143.512 E2040.11685
G0 F9000 X131.525 Y143.512
G1 F1800 X125.852 Y149.184 E2040.41035
G0 F9000 X125.23 Y149.184
G1 F1800 X130.902 Y143.512 E2040.70383
G0 F9000 X130.28 Y143.512
G1 F1800 X124.608 Y149.184 E2040.9973
G0 F9000 X123.986 Y149.184
G1 F1800 X129.658 Y143.512 E2041.29077
G0 F9000 X129.036 Y143.512
G1 F1800 X123.363 Y149.184 E2041.58427
G0 F9000 X122.741 Y149.184
G1 F1800 X128.413 Y143.512 E2041.87774
G0 F9000 X127.791 Y143.512
G1 F1800 X122.119 Y149.184 E2042.17122
G0 F9000 X121.497 Y149.184
G1 F1800 X127.169 Y143.512 E2042.46469
G0 F9000 X126.547 Y143.512
G1 F1800 X120.874 Y149.184 E2042.75819
G0 F9000 X120.252 Y149.184
G1 F1800 X125.924 Y143.512 E2043.05166
G0 F9000 X125.302 Y143.512
G1 F1800 X119.63 Y149.184 E2043.34513
G0 F9000 X119.007 Y149.184
G1 F1800 X124.68 Y143.512 E2043.63863
G0 F9000 X124.058 Y143.512
G1 F1800 X118.385 Y149.184 E2043.93213
G0 F9000 X117.763 Y149.184
G1 F1800 X123.435 Y143.512 E2044.2256
G0 F9000 X122.813 Y143.512
G1 F1800 X117.141 Y149.184 E2044.51908
G0 F9000 X116.518 Y149.184
G1 F1800 X122.191 Y143.512 E2044.81258
G0 F9000 X121.568 Y143.512
G1 F1800 X115.896 Y149.184 E2045.10605
G0 F9000 X115.274 Y149.184
G1 F1800 X120.946 Y143.512 E2045.39952
G0 F9000 X120.323 Y143.512
G1 F1800 X114.652 Y149.184 E2045.69297
G0 F9000 X114.029 Y149.184
G1 F1800 X119.701 Y143.512 E2045.98644
G0 F9000 X119.079 Y143.512
G1 F1800 X113.407 Y149.184 E2046.27991
G0 F9000 X112.785 Y149.184
G1 F1800 X118.457 Y143.512 E2046.57339
G0 F9000 X117.834 Y143.512
G1 F1800 X112.163 Y149.184 E2046.86683
G0 F9000 X111.54 Y149.184
G1 F1800 X117.212 Y143.512 E2047.16031
G0 F9000 X116.59 Y143.512
G1 F1800 X110.918 Y149.184 E2047.45378
G0 F9000 X110.296 Y149.184
G1 F1800 X115.968 Y143.512 E2047.74725
G0 F9000 X115.345 Y143.512
G1 F1800 X109.674 Y149.184 E2048.0407
G0 F9000 X109.051 Y149.184
G1 F1800 X114.723 Y143.512 E2048.33417
G0 F9000 X114.101 Y143.512
G1 F1800 X108.429 Y149.184 E2048.62764
G0 F9000 X107.807 Y149.184
G1 F1800 X113.479 Y143.512 E2048.92112
G0 F9000 X112.856 Y143.512
G1 F1800 X107.185 Y149.184 E2049.21456
G0 F9000 X106.562 Y149.184
G1 F1800 X112.234 Y143.512 E2049.50804
G0 F9000 X111.612 Y143.512
G1 F1800 X105.94 Y149.184 E2049.80151
G0 F9000 X105.318 Y149.184
G1 F1800 X110.99 Y143.512 E2050.09498
G0 F9000 X110.367 Y143.512
G1 F1800 X104.696 Y149.184 E2050.38843
G0 F9000 X104.073 Y149.184
G1 F1800 X109.744 Y143.513 E2050.68185
G0 F9000 X109.122 Y143.513
G1 F1800 X103.451 Y149.184 E2050.97527
G0 F9000 X102.829 Y149.184
G1 F1800 X108.5 Y143.513 E2051.26869
G0 F9000 X107.878 Y143.513
G1 F1800 X102.207 Y149.184 E2051.56211
G0 F9000 X101.584 Y149.184
G1 F1800 X107.255 Y143.513 E2051.85554
G0 F9000 X106.633 Y143.513
G1 F1800 X100.962 Y149.184 E2052.14896
G0 F9000 X100.34 Y149.184
G1 F1800 X106.011 Y143.513 E2052.44238
G0 F9000 X105.389 Y143.513
G1 F1800 X99.718 Y149.184 E2052.7358
G0 F9000 X99.095 Y149.184
G1 F1800 X104.766 Y143.513 E2053.02922
G0 F9000 X104.144 Y143.513
G1 F1800 X98.473 Y149.184 E2053.32264
G0 F9000 X97.851 Y149.184
G1 F1800 X103.522 Y143.513 E2053.61606
G0 F9000 X102.9 Y143.513
G1 F1800 X97.229 Y149.184 E2053.90948
G0 F9000 X96.606 Y149.184
G1 F1800 X102.277 Y143.513 E2054.2029
G0 F9000 X101.655 Y143.513
G1 F1800 X95.984 Y149.184 E2054.49632
G0 F9000 X95.362 Y149.184
G1 F1800 X101.033 Y143.513 E2054.78975
G0 F9000 X100.411 Y143.513
G1 F1800 X94.74 Y149.184 E2055.08317
G0 F9000 X94.117 Y149.184
G1 F1800 X99.788 Y143.513 E2055.37659
G0 F9000 X99.166 Y143.513
G1 F1800 X93.495 Y149.184 E2055.67001
G0 F9000 X92.873 Y149.184
G1 F1800 X98.544 Y143.513 E2055.96343
G0 F9000 X97.921 Y143.514
G1 F1800 X92.251 Y149.184 E2056.2568
G0 F9000 X91.628 Y149.184
G1 F1800 X97.299 Y143.514 E2056.5502
G0 F9000 X96.676 Y143.514
G1 F1800 X91.006 Y149.184 E2056.84356
G0 F9000 X90.384 Y149.184
G1 F1800 X96.054 Y143.514 E2057.13693
G0 F9000 X95.432 Y143.514
G1 F1800 X89.762 Y149.184 E2057.4303
G0 F9000 X89.139 Y149.184
G1 F1800 X94.81 Y143.514 E2057.7237
G0 F9000 X94.187 Y143.514
G1 F1800 X88.517 Y149.184 E2058.01707
G0 F9000 X87.895 Y149.184
G1 F1800 X93.565 Y143.514 E2058.31044
G0 F9000 X92.943 Y143.514
G1 F1800 X87.273 Y149.184 E2058.60381
G0 F9000 X86.65 Y149.184
G1 F1800 X92.321 Y143.514 E2058.8972
G0 F9000 X91.698 Y143.514
G1 F1800 X86.028 Y149.184 E2059.19057
G0 F9000 X85.406 Y149.184
G1 F1800 X91.076 Y143.514 E2059.48394
G0 F9000 X90.454 Y143.514
G1 F1800 X84.784 Y149.184 E2059.77731
G0 F9000 X84.161 Y149.184
G1 F1800 X89.832 Y143.514 E2060.0707
G0 F9000 X89.209 Y143.514
G1 F1800 X83.539 Y149.184 E2060.36407
G0 F9000 X82.917 Y149.184
G1 F1800 X88.587 Y143.514 E2060.65744
G0 F9000 X87.965 Y143.514
G1 F1800 X82.295 Y149.184 E2060.95081
G0 F9000 X81.672 Y149.184
G1 F1800 X87.343 Y143.514 E2061.24421
G0 F9000 X86.72 Y143.514
G1 F1800 X81.05 Y149.184 E2061.53758
G0 F9000 X80.428 Y149.184
G1 F1800 X86.098 Y143.514 E2061.83095
G0 F9000 X85.475 Y143.514
G1 F1800 X79.805 Y149.184 E2062.12432
G0 F9000 X79.183 Y149.184
G1 F1800 X84.853 Y143.514 E2062.41769
G0 F9000 X84.231 Y143.514
G1 F1800 X78.561 Y149.184 E2062.71106
G0 F9000 X77.939 Y149.184
G1 F1800 X83.608 Y143.514 E2063.0044
G0 F9000 X82.986 Y143.514
G1 F1800 X77.316 Y149.184 E2063.29777
G0 F9000 X76.694 Y149.184
G1 F1800 X82.364 Y143.514 E2063.59114
G0 F9000 X81.742 Y143.514
G1 F1800 X76.072 Y149.184 E2063.88451
G0 F9000 X75.45 Y149.184
G1 F1800 X81.119 Y143.514 E2064.17785
G0 F9000 X80.497 Y143.514
G1 F1800 X74.827 Y149.184 E2064.47122
G0 F9000 X74.205 Y149.184
G1 F1800 X79.875 Y143.514 E2064.76459
G0 F9000 X79.253 Y143.514
G1 F1800 X73.583 Y149.184 E2065.05796
G0 F9000 X72.961 Y149.184
G1 F1800 X78.63 Y143.514 E2065.3513
G0 F9000 X78.008 Y143.514
G1 F1800 X72.338 Y149.184 E2065.64467
G0 F9000 X71.716 Y149.184
G1 F1800 X77.386 Y143.514 E2065.93804
G0 F9000 X76.764 Y143.514
G1 F1800 X71.094 Y149.184 E2066.23141
G0 F9000 X70.472 Y149.184
G1 F1800 X76.141 Y143.514 E2066.52475
G0 F9000 X75.519 Y143.514
G1 F1800 X69.849 Y149.184 E2066.81812
G0 F9000 X69.227 Y149.184
G1 F1800 X74.897 Y143.514 E2067.11149
G0 F9000 X74.274 Y143.514
G1 F1800 X68.605 Y149.184 E2067.40484
G0 F9000 X67.983 Y149.184
G1 F1800 X73.652 Y143.515 E2067.69815
G0 F9000 X73.029 Y143.515
G1 F1800 X67.36 Y149.184 E2067.99147
G0 F9000 X66.738 Y149.184
G1 F1800 X72.407 Y143.515 E2068.28479
G0 F9000 X71.785 Y143.515
G1 F1800 X66.116 Y149.184 E2068.57811
G0 F9000 X65.494 Y149.184
G1 F1800 X71.163 Y143.515 E2068.87142
G0 F9000 X70.54 Y143.515
G1 F1800 X64.871 Y149.184 E2069.16474
G0 F9000 X64.249 Y149.184
G1 F1800 X69.918 Y143.515 E2069.45806
G0 F9000 X69.296 Y143.515
G1 F1800 X63.627 Y149.184 E2069.75138
G0 F9000 X63.005 Y149.184
G1 F1800 X68.674 Y143.515 E2070.04469
G0 F9000 X68.051 Y143.515
G1 F1800 X62.382 Y149.184 E2070.33801
G0 F9000 X61.76 Y149.184
G1 F1800 X67.429 Y143.515 E2070.63133
G0 F9000 X66.807 Y143.515
G1 F1800 X61.138 Y149.184 E2070.92465
G0 F9000 X60.516 Y149.184
G1 F1800 X66.184 Y143.515 E2071.21794
G0 F9000 X65.562 Y143.515
G1 F1800 X59.893 Y149.184 E2071.51126
G0 F9000 X59.271 Y149.184
G1 F1800 X64.94 Y143.515 E2071.80457
G0 F9000 X64.318 Y143.515
G1 F1800 X58.649 Y149.184 E2072.09789
G0 F9000 X58.027 Y149.184
G1 F1800 X63.695 Y143.515 E2072.39118
G0 F9000 X63.073 Y143.515
G1 F1800 X57.404 Y149.184 E2072.6845
G0 F9000 X56.782 Y149.184
G1 F1800 X62.451 Y143.515 E2072.97782
G0 F9000 X61.829 Y143.515
G1 F1800 X56.16 Y149.184 E2073.27114
G0 F9000 X55.538 Y149.184
G1 F1800 X61.344 Y143.377 E2073.57157
G0 F9000 X60.948 Y143.152
G1 F1800 X54.915 Y149.184 E2073.88369
G0 F9000 X54.293 Y149.184
G1 F1800 X60.641 Y142.836 E2074.21214
G0 F9000 X60.412 Y142.443
G1 F1800 X53.671 Y149.184 E2074.56093
G0 F9000 X53.049 Y149.184
G1 F1800 X60.287 Y141.945 E2074.93545
G0 F9000 X60.287 Y141.323
G1 F1800 X52.426 Y149.184 E2075.34218
G0 F9000 X51.804 Y149.184
G1 F1800 X60.287 Y140.701 E2075.7811
G0 F9000 X60.287 Y140.079
G1 F1800 X51.182 Y149.184 E2076.2522
G0 F9000 X50.56 Y149.184
G1 F1800 X60.287 Y139.456 E2076.75551
G0 F9000 X60.287 Y138.834
G1 F1800 X49.937 Y149.184 E2077.29102
G0 F9000 X49.315 Y149.184
G1 F1800 X60.287 Y138.212 E2077.85872
G0 F9000 X60.287 Y137.59
G1 F1800 X48.693 Y149.184 E2078.4586
G0 F9000 X48.071 Y149.184
G1 F1800 X60.287 Y136.967 E2079.09069
G0 F9000 X60.287 Y136.345
G1 F1800 X47.617 Y149.016 E2079.74627
G0 F9000 X47.617 Y148.393
G1 F1800 X60.287 Y135.723 E2080.40182
G0 F9000 X60.287 Y135.101
G1 F1800 X47.617 Y147.771 E2081.05738
G0 F9000 X47.617 Y147.149
G1 F1800 X60.287 Y134.478 E2081.71296
G0 F9000 X60.287 Y133.856
G1 F1800 X47.617 Y146.527 E2082.36854
G0 F9000 X47.617 Y145.904
G1 F1800 X60.287 Y133.234 E2083.02409
G0 F9000 X60.287 Y132.612
G1 F1800 X47.617 Y145.282 E2083.67964
G0 F9000 X47.617 Y144.66
G1 F1800 X60.287 Y131.989 E2084.33522
G0 F9000 X60.287 Y131.367
G1 F1800 X47.617 Y144.038 E2084.9908
G0 F9000 X47.617 Y143.415
G1 F1800 X60.287 Y130.745 E2085.64636
G0 F9000 X60.287 Y130.122
G1 F1800 X47.617 Y142.793 E2086.30194
G0 F9000 X47.617 Y142.171
G1 F1800 X60.287 Y129.5 E2086.95752
G0 F9000 X60.287 Y128.878
G1 F1800 X47.617 Y141.549 E2087.61309
G0 F9000 X47.617 Y140.926
G1 F1800 X60.287 Y128.256 E2088.26865
G0 F9000 X60.287 Y127.633
G1 F1800 X47.617 Y140.304 E2088.92423
G0 F9000 X47.617 Y139.682
G1 F1800 X60.287 Y127.011 E2089.57981
G0 F9000 X60.287 Y126.389
G1 F1800 X47.617 Y139.06 E2090.23539
G0 F9000 X47.617 Y138.437
G1 F1800 X60.287 Y125.767 E2090.89094
G0 F9000 X60.287 Y125.144
G1 F1800 X47.617 Y137.815 E2091.54652
G0 F9000 X47.617 Y137.193
G1 F1800 X60.287 Y124.522 E2092.2021
G0 F9000 X60.287 Y123.9
G1 F1800 X47.617 Y136.571 E2092.85768
G0 F9000 X47.617 Y135.948
G1 F1800 X60.288 Y123.277 E2093.51329
G0 F9000 X60.288 Y122.655
G1 F1800 X47.617 Y135.326 E2094.16889
G0 F9000 X47.617 Y134.704
G1 F1800 X60.288 Y122.032 E2094.82452
G0 F9000 X60.288 Y121.41
G1 F1800 X47.617 Y134.082 E2095.48015
G0 F9000 X47.617 Y133.459
G1 F1800 X60.288 Y120.788 E2096.13576
G0 F9000 X60.288 Y120.166
G1 F1800 X47.617 Y132.837 E2096.79136
G0 F9000 X47.617 Y132.215
G1 F1800 X60.288 Y119.543 E2097.447
G0 F9000 X60.288 Y118.921
G1 F1800 X47.617 Y131.593 E2098.10263
G0 F9000 X47.617 Y130.97
G1 F1800 X60.288 Y118.299 E2098.75823
G0 F9000 X60.288 Y117.677
G1 F1800 X47.617 Y130.348 E2099.41384
G0 F9000 X47.617 Y129.726
G1 F1800 X60.288 Y117.054 E2100.06947
G0 F9000 X60.288 Y116.432
G1 F1800 X47.617 Y129.104 E2100.7251
G0 F9000 X47.617 Y128.481
G1 F1800 X60.288 Y115.81 E2101.38071
G0 F9000 X60.288 Y115.188
G1 F1800 X47.617 Y127.859 E2102.03631
G0 F9000 X47.617 Y127.237
G1 F1800 X60.288 Y114.565 E2102.69194
G0 F9000 X60.288 Y113.943
G1 F1800 X47.617 Y126.615 E2103.34757
G0 F9000 X47.617 Y125.992
G1 F1800 X60.288 Y113.321 E2104.00318
G0 F9000 X60.288 Y112.699
G1 F1800 X47.617 Y125.37 E2104.65879
G0 F9000 X47.617 Y124.748
G1 F1800 X60.288 Y112.076 E2105.31442
G0 F9000 X60.288 Y111.454
G1 F1800 X47.617 Y124.126 E2105.97005
G0 F9000 X47.617 Y123.503
G1 F1800 X60.288 Y110.832 E2106.62565
G0 F9000 X60.288 Y110.21
G1 F1800 X47.617 Y122.881 E2107.28126
G0 F9000 X47.617 Y122.259
G1 F1800 X60.288 Y109.587 E2107.93689
G0 F9000 X60.288 Y108.965
G1 F1800 X47.617 Y121.637 E2108.59252
G0 F9000 X47.617 Y121.014
G1 F1800 X60.288 Y108.343 E2109.24813
G0 F9000 X60.288 Y107.721
G1 F1800 X47.617 Y120.392 E2109.90373
G0 F9000 X47.617 Y119.77
G1 F1800 X60.288 Y107.098 E2110.55936
G0 F9000 X60.288 Y106.476
G1 F1800 X47.617 Y119.147 E2111.21497
G0 F9000 X47.617 Y118.525
G1 F1800 X60.288 Y105.854 E2111.87058
G0 F9000 X60.288 Y105.232
G1 F1800 X47.617 Y117.903 E2112.52618
G0 F9000 X47.617 Y117.281
G1 F1800 X60.289 Y104.609 E2113.18184
G0 F9000 X60.289 Y103.986
G1 F1800 X47.617 Y116.658 E2113.8375
G0 F9000 X47.617 Y116.036
G1 F1800 X60.289 Y103.364 E2114.49315
G0 F9000 X60.289 Y102.742
G1 F1800 X47.617 Y115.414 E2115.14881
G0 F9000 X47.617 Y114.792
G1 F1800 X60.289 Y102.12 E2115.80447
G0 F9000 X60.289 Y101.497
G1 F1800 X47.617 Y114.169 E2116.46012
G0 F9000 X47.617 Y113.547
G1 F1800 X60.289 Y100.875 E2117.11578
G0 F9000 X60.289 Y100.253
G1 F1800 X47.617 Y112.925 E2117.77144
G0 F9000 X47.617 Y112.303
G1 F1800 X60.289 Y99.631 E2118.4271
G0 F9000 X60.289 Y99.008
G1 F1800 X47.617 Y111.68 E2119.08275
G0 F9000 X47.617 Y111.058
G1 F1800 X60.289 Y98.386 E2119.73841
G0 F9000 X60.289 Y97.764
G1 F1800 X47.617 Y110.436 E2120.39407
G0 F9000 X47.617 Y109.814
G1 F1800 X60.289 Y97.142 E2121.04972
G0 F9000 X60.289 Y96.519
G1 F1800 X47.617 Y109.191 E2121.70538
G0 F9000 X47.617 Y108.569
G1 F1800 X60.289 Y95.897 E2122.36104
G0 F9000 X60.289 Y95.275
G1 F1800 X47.617 Y107.947 E2123.0167
G0 F9000 X47.617 Y107.325
G1 F1800 X60.289 Y94.653 E2123.67235
G0 F9000 X60.289 Y94.03
G1 F1800 X47.617 Y106.702 E2124.32801
G0 F9000 X47.617 Y106.08
G1 F1800 X60.289 Y93.408 E2124.98367
G0 F9000 X60.289 Y92.786
G1 F1800 X47.617 Y105.458 E2125.63933
G0 F9000 X47.617 Y104.836
G1 F1800 X60.289 Y92.164 E2126.29498
G0 F9000 X60.289 Y91.541
G1 F1800 X47.617 Y104.213 E2126.95064
G0 F9000 X47.617 Y103.591
G1 F1800 X60.289 Y90.919 E2127.6063
G0 F9000 X60.289 Y90.297
G1 F1800 X47.617 Y102.969 E2128.26195
G0 F9000 X47.617 Y102.347
G1 F1800 X60.289 Y89.675 E2128.91761
G0 F9000 X60.289 Y89.052
G1 F1800 X47.617 Y101.724 E2129.57327
G0 F9000 X47.617 Y101.102
G1 F1800 X60.289 Y88.43 E2130.22893
G0 F9000 X60.289 Y87.808
G1 F1800 X47.617 Y100.48 E2130.88458
G0 F9000 X47.617 Y99.858
G1 F1800 X60.289 Y87.186 E2131.54024
G0 F9000 X60.289 Y86.563
G1 F1800 X47.617 Y99.235 E2132.1959
G0 F9000 X47.617 Y98.613
G1 F1800 X75.414 Y70.816 E2133.63413
G0 F9000 X76.036 Y70.816
G1 F1800 X61.762 Y85.09 E2134.37268
G0 F9000 X62.389 Y85.085
G1 F1800 X76.658 Y70.816 E2135.11096
G0 F9000 X77.28 Y70.816
G1 F1800 X63.012 Y85.085 E2135.84923
G0 F9000 X63.634 Y85.085
G1 F1800 X77.903 Y70.816 E2136.58751
G0 F9000 X78.525 Y70.816
G1 F1800 X64.256 Y85.085 E2137.3258
G0 F9000 X64.878 Y85.085
G1 F1800 X79.147 Y70.816 E2138.06409
G0 F9000 X79.769 Y70.816
G1 F1800 X65.501 Y85.085 E2138.80235
G0 F9000 X66.123 Y85.085
G1 F1800 X80.392 Y70.816 E2139.54064
G0 F9000 X81.014 Y70.816
G1 F1800 X66.745 Y85.085 E2140.27892
G0 F9000 X67.367 Y85.085
G1 F1800 X81.636 Y70.816 E2141.01721
G0 F9000 X82.258 Y70.816
G1 F1800 X67.99 Y85.085 E2141.75547
G0 F9000 X68.612 Y85.085
G1 F1800 X82.881 Y70.816 E2142.49376
G0 F9000 X83.503 Y70.816
G1 F1800 X69.234 Y85.085 E2143.23204
G0 F9000 X69.856 Y85.085
G1 F1800 X84.125 Y70.816 E2143.97033
G0 F9000 X84.747 Y70.816
G1 F1800 X70.479 Y85.085 E2144.70859
G0 F9000 X71.101 Y85.085
G1 F1800 X85.37 Y70.816 E2145.44688
G0 F9000 X85.992 Y70.816
G1 F1800 X71.723 Y85.085 E2146.18517
G0 F9000 X72.346 Y85.085
G1 F1800 X86.614 Y70.816 E2146.92343
G0 F9000 X87.236 Y70.816
G1 F1800 X72.968 Y85.085 E2147.66169
G0 F9000 X73.59 Y85.085
G1 F1800 X87.859 Y70.816 E2148.39998
G0 F9000 X88.481 Y70.816
G1 F1800 X74.212 Y85.085 E2149.13826
G0 F9000 X74.834 Y85.085
G1 F1800 X89.103 Y70.816 E2149.87655
G0 F9000 X89.725 Y70.816
G1 F1800 X75.456 Y85.085 E2150.61484
G0 F9000 X76.078 Y85.085
G1 F1800 X90.348 Y70.816 E2151.35315
G0 F9000 X90.97 Y70.816
G1 F1800 X76.701 Y85.085 E2152.09144
G0 F9000 X77.323 Y85.085
G1 F1800 X91.592 Y70.816 E2152.82972
G0 F9000 X92.215 Y70.816
G1 F1800 X77.945 Y85.085 E2153.56804
G0 F9000 X78.567 Y85.085
G1 F1800 X92.837 Y70.816 E2154.30635
G0 F9000 X93.459 Y70.816
G1 F1800 X79.19 Y85.085 E2155.04464
G0 F9000 X79.812 Y85.085
G1 F1800 X94.081 Y70.816 E2155.78292
G0 F9000 X94.704 Y70.816
G1 F1800 X80.434 Y85.085 E2156.52124
G0 F9000 X81.056 Y85.085
G1 F1800 X95.326 Y70.816 E2157.25955
G0 F9000 X95.948 Y70.816
G1 F1800 X81.679 Y85.085 E2157.99784
G0 F9000 X82.301 Y85.085
G1 F1800 X96.57 Y70.816 E2158.73612
G0 F9000 X97.193 Y70.816
G1 F1800 X82.923 Y85.085 E2159.47444
G0 F9000 X83.545 Y85.085
G1 F1800 X97.815 Y70.816 E2160.21275
G0 F9000 X98.437 Y70.816
G1 F1800 X84.168 Y85.085 E2160.95104
G0 F9000 X84.79 Y85.085
G1 F1800 X99.059 Y70.816 E2161.68932
G0 F9000 X99.682 Y70.816
G1 F1800 X85.412 Y85.085 E2162.42764
G0 F9000 X86.034 Y85.086
G1 F1800 X100.304 Y70.816 E2163.16597
G0 F9000 X100.926 Y70.816
G1 F1800 X86.656 Y85.086 E2163.90431
G0 F9000 X87.278 Y85.086
G1 F1800 X101.548 Y70.816 E2164.64265
G0 F9000 X102.171 Y70.816
G1 F1800 X87.9 Y85.086 E2165.38102
G0 F9000 X88.523 Y85.086
G1 F1800 X102.793 Y70.816 E2166.11936
G0 F9000 X103.415 Y70.816
G1 F1800 X89.145 Y85.086 E2166.85769
G0 F9000 X89.767 Y85.086
G1 F1800 X104.037 Y70.816 E2167.59603
G0 F9000 X104.66 Y70.816
G1 F1800 X90.389 Y85.086 E2168.3344
G0 F9000 X91.012 Y85.086
G1 F1800 X105.282 Y70.816 E2169.07274
G0 F9000 X105.904 Y70.816
G1 F1800 X91.634 Y85.086 E2169.81108
G0 F9000 X92.256 Y85.086
G1 F1800 X106.526 Y70.816 E2170.54941
G0 F9000 X107.149 Y70.816
G1 F1800 X92.878 Y85.086 E2171.28778
G0 F9000 X93.501 Y85.086
G1 F1800 X107.771 Y70.816 E2172.02612
G0 F9000 X108.393 Y70.816
G1 F1800 X94.123 Y85.086 E2172.76446
G0 F9000 X94.745 Y85.086
G1 F1800 X109.015 Y70.816 E2173.5028
G0 F9000 X109.638 Y70.816
G1 F1800 X95.367 Y85.086 E2174.24116
G0 F9000 X95.99 Y85.086
G1 F1800 X110.26 Y70.816 E2174.9795
G0 F9000 X110.882 Y70.816
G1 F1800 X96.612 Y85.086 E2175.71784
G0 F9000 X97.234 Y85.086
G1 F1800 X111.504 Y70.816 E2176.45618
G0 F9000 X112.127 Y70.816
G1 F1800 X97.857 Y85.086 E2177.19451
G0 F9000 X98.478 Y85.087
G1 F1800 X112.749 Y70.816 E2177.93291
G0 F9000 X113.371 Y70.816
G1 F1800 X99.1 Y85.087 E2178.6713
G0 F9000 X99.723 Y85.087
G1 F1800 X113.993 Y70.816 E2179.40966
G0 F9000 X114.616 Y70.816
G1 F1800 X100.345 Y85.087 E2180.14805
G0 F9000 X100.967 Y85.087
G1 F1800 X115.238 Y70.816 E2180.88644
G0 F9000 X115.86 Y70.816
G1 F1800 X101.589 Y85.087 E2181.62483
G0 F9000 X102.212 Y85.087
G1 F1800 X116.482 Y70.816 E2182.3632
G0 F9000 X117.105 Y70.816
G1 F1800 X102.834 Y85.087 E2183.10159
G0 F9000 X103.456 Y85.087
G1 F1800 X117.727 Y70.816 E2183.83998
G0 F9000 X118.349 Y70.816
G1 F1800 X104.078 Y85.087 E2184.57837
G0 F9000 X104.701 Y85.087
G1 F1800 X118.971 Y70.816 E2185.31673
G0 F9000 X119.594 Y70.816
G1 F1800 X105.323 Y85.087 E2186.05512
G0 F9000 X105.945 Y85.087
G1 F1800 X120.216 Y70.816 E2186.79351
G0 F9000 X120.838 Y70.816
G1 F1800 X106.567 Y85.087 E2187.5319
G0 F9000 X107.19 Y85.087
G1 F1800 X121.46 Y70.816 E2188.27027
G0 F9000 X122.083 Y70.816
G1 F1800 X107.812 Y85.087 E2189.00866
G0 F9000 X108.434 Y85.087
G1 F1800 X122.705 Y70.816 E2189.74705
G0 F9000 X123.327 Y70.816
G1 F1800 X109.056 Y85.087 E2190.48544
G0 F9000 X109.679 Y85.087
G1 F1800 X123.949 Y70.816 E2191.2238
G0 F9000 X124.572 Y70.816
G1 F1800 X110.3 Y85.088 E2191.96225
G0 F9000 X110.922 Y85.088
G1 F1800 X125.194 Y70.816 E2192.70069
G0 F9000 X125.816 Y70.816
G1 F1800 X111.545 Y85.088 E2193.43911
G0 F9000 X112.167 Y85.088
G1 F1800 X126.438 Y70.816 E2194.17752
G0 F9000 X127.061 Y70.816
G1 F1800 X112.789 Y85.088 E2194.91596
G0 F9000 X113.411 Y85.088
G1 F1800 X127.683 Y70.816 E2195.65441
G0 F9000 X128.305 Y70.816
G1 F1800 X114.034 Y85.088 E2196.39282
G0 F9000 X114.656 Y85.088
G1 F1800 X128.927 Y70.816 E2197.13124
G0 F9000 X129.55 Y70.816
G1 F1800 X115.278 Y85.088 E2197.86968
G0 F9000 X115.9 Y85.088
G1 F1800 X130.172 Y70.816 E2198.60812
G0 F9000 X130.794 Y70.816
G1 F1800 X116.523 Y85.088 E2199.34654
G0 F9000 X117.145 Y85.088
G1 F1800 X131.417 Y70.816 E2200.08498
G0 F9000 X132.039 Y70.816
G1 F1800 X117.767 Y85.088 E2200.82342
G0 F9000 X118.389 Y85.088
G1 F1800 X132.661 Y70.816 E2201.56187
G0 F9000 X133.283 Y70.816
G1 F1800 X119.012 Y85.088 E2202.30028
G0 F9000 X119.634 Y85.088
G1 F1800 X133.906 Y70.816 E2203.03873
G0 F9000 X134.528 Y70.816
G1 F1800 X120.256 Y85.088 E2203.77717
G0 F9000 X120.878 Y85.088
G1 F1800 X135.15 Y70.816 E2204.51561
G0 F9000 X135.772 Y70.816
G1 F1800 X121.501 Y85.088 E2205.25403
G0 F9000 X122.122 Y85.088
G1 F1800 X136.395 Y70.816 E2205.99249
G0 F9000 X137.017 Y70.816
G1 F1800 X122.745 Y85.088 E2206.73094
G0 F9000 X123.367 Y85.088
G1 F1800 X137.639 Y70.816 E2207.46938
G0 F9000 X138.261 Y70.816
G1 F1800 X123.989 Y85.088 E2208.20782
G0 F9000 X124.611 Y85.088
G1 F1800 X138.884 Y70.816 E2208.94629
G0 F9000 X139.506 Y70.816
G1 F1800 X125.234 Y85.088 E2209.68473
G0 F9000 X125.856 Y85.088
G1 F1800 X140.128 Y70.816 E2210.42317
G0 F9000 X140.75 Y70.816
G1 F1800 X126.478 Y85.088 E2211.16162
G0 F9000 X127.1 Y85.088
G1 F1800 X141.373 Y70.816 E2211.90008
G0 F9000 X141.995 Y70.816
G1 F1800 X127.723 Y85.088 E2212.63853
G0 F9000 X128.345 Y85.088
G1 F1800 X142.617 Y70.816 E2213.37697
G0 F9000 X143.239 Y70.816
G1 F1800 X128.967 Y85.088 E2214.11541
G0 F9000 X129.589 Y85.088
G1 F1800 X143.862 Y70.816 E2214.85388
G0 F9000 X144.484 Y70.816
G1 F1800 X130.212 Y85.088 E2215.59232
G0 F9000 X130.834 Y85.088
G1 F1800 X145.106 Y70.816 E2216.33076
G0 F9000 X145.728 Y70.816
G1 F1800 X131.456 Y85.088 E2217.06921
G0 F9000 X132.078 Y85.088
G1 F1800 X146.351 Y70.816 E2217.80767
G0 F9000 X146.973 Y70.816
G1 F1800 X132.701 Y85.088 E2218.54612
G0 F9000 X133.323 Y85.088
G1 F1800 X147.595 Y70.816 E2219.28456
G0 F9000 X148.217 Y70.816
G1 F1800 X133.945 Y85.088 E2220.023
G0 F9000 X134.567 Y85.089
G1 F1800 X148.84 Y70.816 E2220.76149
G0 F9000 X149.462 Y70.816
G1 F1800 X135.189 Y85.089 E2221.49999
G0 F9000 X135.811 Y85.089
G1 F1800 X150.084 Y70.816 E2222.23848
G0 F9000 X150.706 Y70.816
G1 F1800 X136.433 Y85.089 E2222.97698
G0 F9000 X137.056 Y85.089
G1 F1800 X151.329 Y70.816 E2223.71547
G0 F9000 X151.951 Y70.816
G1 F1800 X137.678 Y85.089 E2224.45396
G0 F9000 X138.3 Y85.089
G1 F1800 X152.573 Y70.816 E2225.19246
G0 F9000 X153.195 Y70.816
G1 F1800 X138.922 Y85.089 E2225.93095
G0 F9000 X139.545 Y85.089
G1 F1800 X153.818 Y70.816 E2226.66945
G0 F9000 X154.44 Y70.816
G1 F1800 X140.167 Y85.089 E2227.40794
G0 F9000 X140.789 Y85.089
G1 F1800 X155.062 Y70.816 E2228.14643
G0 F9000 X155.684 Y70.816
G1 F1800 X141.411 Y85.089 E2228.88493
G0 F9000 X142.034 Y85.089
G1 F1800 X156.307 Y70.816 E2229.62342
G0 F9000 X156.929 Y70.816
G1 F1800 X142.656 Y85.089 E2230.36192
G0 F9000 X143.278 Y85.089
G1 F1800 X157.551 Y70.816 E2231.10041
G0 F9000 X158.173 Y70.816
G1 F1800 X143.9 Y85.089 E2231.8389
G0 F9000 X144.523 Y85.089
G1 F1800 X158.796 Y70.816 E2232.5774
G0 F9000 X159.418 Y70.816
G1 F1800 X145.145 Y85.089 E2233.31589
G0 F9000 X145.767 Y85.089
G1 F1800 X160.04 Y70.816 E2234.05439
G0 F9000 X160.662 Y70.816
G1 F1800 X146.389 Y85.09 E2234.79291
G0 F9000 X147.011 Y85.09
G1 F1800 X161.285 Y70.816 E2235.53145
G0 F9000 X161.907 Y70.816
G1 F1800 X147.633 Y85.09 E2236.27
G0 F9000 X148.256 Y85.09
G1 F1800 X162.529 Y70.816 E2237.00852
G0 F9000 X163.151 Y70.816
G1 F1800 X148.878 Y85.09 E2237.74704
G0 F9000 X149.5 Y85.09
G1 F1800 X163.774 Y70.816 E2238.48558
G0 F9000 X164.396 Y70.816
G1 F1800 X150.122 Y85.09 E2239.22413
G0 F9000 X150.745 Y85.09
G1 F1800 X165.018 Y70.816 E2239.96265
G0 F9000 X165.64 Y70.816
G1 F1800 X151.367 Y85.09 E2240.70117
G0 F9000 X151.989 Y85.09
G1 F1800 X166.263 Y70.816 E2241.43971
G0 F9000 X166.885 Y70.816
G1 F1800 X152.611 Y85.09 E2242.17826
G0 F9000 X153.234 Y85.09
G1 F1800 X167.507 Y70.816 E2242.91678
G0 F9000 X168.129 Y70.816
G1 F1800 X153.856 Y85.09 E2243.6553
G0 F9000 X154.478 Y85.09
G1 F1800 X168.752 Y70.816 E2244.39384
G0 F9000 X169.374 Y70.816
G1 F1800 X155.1 Y85.09 E2245.13239
G0 F9000 X155.723 Y85.09
G1 F1800 X169.996 Y70.816 E2245.87091
G0 F9000 X170.619 Y70.816
G1 F1800 X156.345 Y85.09 E2246.60946
G0 F9000 X156.967 Y85.09
G1 F1800 X171.241 Y70.816 E2247.348
G0 F9000 X171.863 Y70.816
G1 F1800 X157.589 Y85.09 E2248.08655
G0 F9000 X158.201 Y85.1
G1 F1800 X172.383 Y70.918 E2248.82033
G0 F9000 X172.383 Y71.54
G1 F1800 X158.689 Y85.235 E2249.52889
G0 F9000 X159.074 Y85.472
G1 F1800 X172.383 Y72.162 E2250.21754
G0 F9000 X172.383 Y72.785
G1 F1800 X159.379 Y85.789 E2250.89037
G0 F9000 X159.595 Y86.195
G1 F1800 X172.383 Y73.407 E2251.55203
G0 F9000 X172.383 Y74.029
G1 F1800 X159.708 Y86.705 E2252.20787
G0 F9000 X159.708 Y87.327
G1 F1800 X172.383 Y74.651 E2252.86371
G0 F9000 X172.383 Y75.274
G1 F1800 X159.708 Y87.949 E2253.51952
G0 F9000 X159.708 Y88.571
G1 F1800 X172.383 Y75.896 E2254.17533
G0 F9000 X172.383 Y76.518
G1 F1800 X159.708 Y89.194 E2254.83117
G0 F9000 X159.708 Y89.816
G1 F1800 X172.383 Y77.14 E2255.48701
G0 F9000 X172.383 Y77.763
G1 F1800 X159.708 Y90.438 E2256.14282
G0 F9000 X159.708 Y91.061
G1 F1800 X172.383 Y78.385 E2256.79866
G0 F9000 X172.383 Y79.007
G1 F1800 X159.708 Y91.683 E2257.4545
G0 F9000 X159.708 Y92.305
G1 F1800 X172.383 Y79.629 E2258.11034
G0 F9000 X172.383 Y80.252
G1 F1800 X159.709 Y92.927 E2258.76612
G0 F9000 X159.709 Y93.549
G1 F1800 X172.383 Y80.874 E2259.42191
G0 F9000 X172.383 Y81.496
G1 F1800 X159.709 Y94.171 E2260.0777
G0 F9000 X159.709 Y94.793
G1 F1800 X172.383 Y82.118 E2260.73348
G0 F9000 X172.383 Y82.741
G1 F1800 X159.709 Y95.416 E2261.38927
G0 F9000 X159.709 Y96.038
G1 F1800 X172.383 Y83.363 E2262.04506
G0 F9000 X172.383 Y83.985
G1 F1800 X159.709 Y96.66 E2262.70084
G0 F9000 X159.709 Y97.282
G1 F1800 X172.383 Y84.607 E2263.35663
G0 F9000 X172.383 Y85.23
G1 F1800 X159.709 Y97.905 E2264.01242
G0 F9000 X159.709 Y98.527
G1 F1800 X172.383 Y85.852 E2264.6682
G0 F9000 X172.383 Y86.474
G1 F1800 X159.709 Y99.148 E2265.32396
G0 F9000 X159.709 Y99.771
G1 F1800 X172.383 Y87.096 E2265.97975
G0 F9000 X172.383 Y87.719
G1 F1800 X159.709 Y100.393 E2266.63551
G0 F9000 X159.709 Y101.015
G1 F1800 X172.383 Y88.341 E2267.29127
G0 F9000 X172.383 Y88.963
G1 F1800 X159.709 Y101.637 E2267.94703
G0 F9000 X159.709 Y102.26
G1 F1800 X172.383 Y89.585 E2268.60282
G0 F9000 X172.383 Y90.208
G1 F1800 X159.709 Y102.882 E2269.25858
G0 F9000 X159.709 Y103.504
G1 F1800 X172.383 Y90.83 E2269.91434
G0 F9000 X172.383 Y91.452
G1 F1800 X159.709 Y104.126 E2270.5701
G0 F9000 X159.709 Y104.749
G1 F1800 X172.383 Y92.074 E2271.22589
G0 F9000 X172.383 Y92.697
G1 F1800 X159.71 Y105.37 E2271.8816
G0 F9000 X159.71 Y105.992
G1 F1800 X172.383 Y93.319 E2272.53731
G0 F9000 X172.383 Y93.941
G1 F1800 X159.71 Y106.615 E2273.19304
G0 F9000 X159.71 Y107.237
G1 F1800 X172.383 Y94.564 E2273.84875
G0 F9000 X172.383 Y95.186
G1 F1800 X159.71 Y107.859 E2274.50446
G0 F9000 X159.71 Y108.481
G1 F1800 X172.383 Y95.808 E2275.16017
G0 F9000 X172.383 Y96.43
G1 F1800 X159.71 Y109.104 E2275.8159
G0 F9000 X159.71 Y109.726
G1 F1800 X172.383 Y97.053 E2276.47161
G0 F9000 X172.383 Y97.675
G1 F1800 X159.71 Y110.348 E2277.12732
G0 F9000 X159.71 Y110.971
G1 F1800 X172.383 Y98.297 E2277.78305
G0 F9000 X172.383 Y98.919
G1 F1800 X159.711 Y111.592 E2278.43874
G0 F9000 X159.711 Y112.214
G1 F1800 X172.383 Y99.542 E2279.09439
G0 F9000 X172.383 Y100.164
G1 F1800 X159.711 Y112.837 E2279.75008
G0 F9000 X159.711 Y113.459
G1 F1800 X172.383 Y100.786 E2280.40576
G0 F9000 X172.383 Y101.408
G1 F1800 X159.711 Y114.081 E2281.06144
G0 F9000 X159.711 Y114.703
G1 F1800 X172.383 Y102.031 E2281.7171
G0 F9000 X172.383 Y102.653
G1 F1800 X159.711 Y115.326 E2282.37278
G0 F9000 X159.711 Y115.948
G1 F1800 X172.383 Y103.275 E2283.02847
G0 F9000 X172.383 Y103.897
G1 F1800 X159.711 Y116.57 E2283.68415
G0 F9000 X159.711 Y117.192
G1 F1800 X172.383 Y104.52 E2284.33981
G0 F9000 X172.383 Y105.142
G1 F1800 X159.711 Y117.814 E2284.99547
G0 F9000 X159.711 Y118.436
G1 F1800 X172.383 Y105.764 E2285.65112
G0 F9000 X172.383 Y106.386
G1 F1800 X159.711 Y119.058 E2286.30678
G0 F9000 X159.711 Y119.681
G1 F1800 X172.383 Y107.009 E2286.96244
G0 F9000 X172.383 Y107.631
G1 F1800 X159.711 Y120.303 E2287.61809
G0 F9000 X159.711 Y120.925
G1 F1800 X172.383 Y108.253 E2288.27375
G0 F9000 X172.383 Y108.875
G1 F1800 X159.711 Y121.547 E2288.92941
G0 F9000 X159.711 Y122.17
G1 F1800 X172.383 Y109.498 E2289.58507
G0 F9000 X172.383 Y110.12
G1 F1800 X159.711 Y122.792 E2290.24072
G0 F9000 X159.711 Y123.414
G1 F1800 X172.383 Y110.742 E2290.89638
G0 F9000 X172.383 Y111.364
G1 F1800 X159.712 Y124.036 E2291.55201
G0 F9000 X159.712 Y124.658
G1 F1800 X172.383 Y111.987 E2292.20762
G0 F9000 X172.383 Y112.609
G1 F1800 X159.712 Y125.28 E2292.86322
G0 F9000 X159.712 Y125.902
G1 F1800 X172.383 Y113.231 E2293.51883
G0 F9000 X172.383 Y113.853
G1 F1800 X159.712 Y126.525 E2294.17446
G0 F9000 X159.712 Y127.147
G1 F1800 X172.383 Y114.476 E2294.83007
G0 F9000 X172.383 Y115.098
G1 F1800 X159.712 Y127.769 E2295.48567
G0 F9000 X159.712 Y128.391
G1 F1800 X172.383 Y115.72 E2296.14128
G0 F9000 X172.383 Y116.342
G1 F1800 X159.712 Y129.014 E2296.79691
G0 F9000 X159.712 Y129.636
G1 F1800 X172.383 Y116.965 E2297.45251
G0 F9000 X172.383 Y117.587
G1 F1800 X159.713 Y130.258 E2298.10809
G0 F9000 X159.713 Y130.88
G1 F1800 X172.383 Y118.209 E2298.76367
G0 F9000 X172.383 Y118.831
G1 F1800 X159.713 Y131.502 E2299.41925
G0 F9000 X159.713 Y132.124
G1 F1800 X172.383 Y119.454 E2300.07481
G0 F9000 X172.383 Y120.076
G1 F1800 X159.713 Y132.747 E2300.73039
G0 F9000 X159.713 Y133.369
G1 F1800 X172.383 Y120.698 E2301.38596
G0 F9000 X172.383 Y121.32
G1 F1800 X159.713 Y133.991 E2302.04154
G0 F9000 X159.713 Y134.613
G1 F1800 X172.383 Y121.943 E2302.6971
G0 F9000 X172.383 Y122.565
G1 F1800 X159.713 Y135.236 E2303.35268
G0 F9000 X159.714 Y135.857
G1 F1800 X172.383 Y123.187 E2304.00821
G0 F9000 X172.383 Y123.809
G1 F1800 X159.714 Y136.479 E2304.66373
G0 F9000 X159.714 Y137.102
G1 F1800 X172.383 Y124.432 E2305.31926
G0 F9000 X172.383 Y125.054
G1 F1800 X159.714 Y137.724 E2305.97479
G0 F9000 X159.714 Y138.346
G1 F1800 X172.383 Y125.676 E2306.63032
G0 F9000 X172.383 Y126.298
G1 F1800 X159.714 Y138.968 E2307.28585
G0 F9000 X159.714 Y139.591
G1 F1800 X172.383 Y126.921 E2307.94137
G0 F9000 X172.383 Y127.543
G1 F1800 X159.714 Y140.213 E2308.5969
G0 F9000 X159.714 Y140.835
G1 F1800 X172.383 Y128.165 E2309.25243
G0 F9000 X172.383 Y128.787
G1 F1800 X159.714 Y141.457 E2309.90796
G0 F9000 X159.68 Y142.114
G1 F1800 X172.383 Y129.41 E2310.56524
G1 F1500 E2308.56524
G0 F9000 X174.765 Y129.41
G0 X174.753 Y68.447
G0 X74.791 Y68.435
G0 X74.791 Y70.816
G1 F1500 E2310.56524
G1 F1800 X47.617 Y97.991 E2311.97127
G0 F9000 X47.617 Y97.369
G1 F1800 X74.169 Y70.816 E2313.34511
G0 F9000 X73.547 Y70.816
G1 F1800 X47.617 Y96.746 E2314.68675
G0 F9000 X47.617 Y96.124
G1 F1800 X72.925 Y70.816 E2315.9962
G0 F9000 X72.302 Y70.816
G1 F1800 X47.617 Y95.502 E2317.27344
G0 F9000 X47.617 Y94.88
G1 F1800 X71.68 Y70.816 E2318.5185
G0 F9000 X71.058 Y70.816
G1 F1800 X47.617 Y94.257 E2319.73135
G0 F9000 X47.617 Y93.635
G1 F1800 X70.436 Y70.816 E2320.91202
G0 F9000 X69.813 Y70.816
G1 F1800 X47.617 Y93.013 E2322.06048
G0 F9000 X47.617 Y92.391
G1 F1800 X69.191 Y70.816 E2323.17676
G0 F9000 X68.569 Y70.816
G1 F1800 X47.617 Y91.768 E2324.26083
G0 F9000 X47.617 Y91.146
G1 F1800 X67.947 Y70.816 E2325.31272
G0 F9000 X67.324 Y70.816
G1 F1800 X47.617 Y90.524 E2326.3324
G0 F9000 X47.617 Y89.902
G1 F1800 X66.702 Y70.816 E2327.31989
G0 F9000 X66.08 Y70.816
G1 F1800 X47.617 Y89.279 E2328.27518
G0 F9000 X47.617 Y88.657
G1 F1800 X65.458 Y70.816 E2329.19829
G0 F9000 X64.835 Y70.816
G1 F1800 X47.617 Y88.035 E2330.08918
G0 F9000 X47.617 Y87.413
G1 F1800 X64.213 Y70.816 E2330.94789
G0 F9000 X63.591 Y70.816
G1 F1800 X47.617 Y86.79 E2331.7744
G0 F9000 X47.617 Y86.168
G1 F1800 X62.969 Y70.816 E2332.56872
G0 F9000 X62.346 Y70.816
G1 F1800 X47.617 Y85.546 E2333.33084
G0 F9000 X47.617 Y84.924
G1 F1800 X61.724 Y70.816 E2334.06077
G0 F9000 X61.102 Y70.816
G1 F1800 X47.617 Y84.301 E2334.75849
G0 F9000 X47.617 Y83.679
G1 F1800 X60.48 Y70.816 E2335.42403
G0 F9000 X59.857 Y70.816
G1 F1800 X47.617 Y83.057 E2336.05736
G0 F9000 X47.617 Y82.435
G1 F1800 X59.235 Y70.816 E2336.65851
G0 F9000 X58.613 Y70.816
G1 F1800 X47.617 Y81.812 E2337.22745
G0 F9000 X47.617 Y81.19
G1 F1800 X57.991 Y70.816 E2337.7642
G0 F9000 X57.368 Y70.816
G1 F1800 X47.617 Y80.568 E2338.26875
G0 F9000 X47.617 Y79.945
G1 F1800 X56.746 Y70.816 E2338.74109
G0 F9000 X56.124 Y70.816
G1 F1800 X47.617 Y79.323 E2339.18125
G0 F9000 X47.617 Y78.701
G1 F1800 X55.502 Y70.816 E2339.58923
G0 F9000 X54.879 Y70.816
G1 F1800 X47.617 Y78.079 E2339.96499
G0 F9000 X47.617 Y77.456
G1 F1800 X54.257 Y70.816 E2340.30855
G0 F9000 X53.635 Y70.816
G1 F1800 X47.617 Y76.834 E2340.61993
G0 F9000 X47.617 Y76.212
G1 F1800 X53.013 Y70.816 E2340.89912
G0 F9000 X52.39 Y70.816
G1 F1800 X47.617 Y75.59 E2341.1461
G0 F9000 X47.617 Y74.967
G1 F1800 X51.768 Y70.816 E2341.36088
G0 F9000 X51.146 Y70.816
G1 F1800 X47.617 Y74.345 E2341.54347
G0 F9000 X47.617 Y73.723
G1 F1800 X50.523 Y70.816 E2341.69385
G0 F9000 X49.901 Y70.816
G1 F1800 X47.617 Y73.101 E2341.81206
G0 F9000 X47.617 Y72.478
G1 F1800 X49.279 Y70.816 E2341.89805
G0 F9000 X48.657 Y70.816
G1 F1800 X47.617 Y71.856 E2341.95186
G0 F9000 X47.617 Y71.234
G1 F1800 X48.034 Y70.816 E2341.97346
G1 F1500 E2339.97346
;MESH:NONMESH
G0 F300 Z1.24
G0 F9000 X48.034 Y68.435
G0 X45.247 Y68.447
G0 X45.235 Y79.913
G0 X51.984 Y79.913
;TIME_ELAPSED:3128.271135
;LAYER:6
;TYPE:WALL-INNER
;MESH:SmartKiln_Frente.stl
G1 F1500 E2341.97346
G1 F1800 X51.295 Y79.784 E2341.99911
G1 X50.913 Y79.594 E2342.01472
G1 X50.662 Y79.406 E2342.02619
G1 X50.39 Y79.134 E2342.04026
G1 X50.153 Y78.78 E2342.05585
G1 X49.941 Y78.275 E2342.07589
G1 X49.889 Y77.727 E2342.09603
G1 X49.998 Y77.192 E2342.116
G1 X50.164 Y76.796 E2342.13171
G1 X50.463 Y76.353 E2342.15126
G1 X50.681 Y76.176 E2342.16154
G1 X51.112 Y75.889 E2342.18048
G1 X51.402 Y75.797 E2342.19161
G1 X51.923 Y75.694 E2342.21104
G1 X52.19 Y75.716 E2342.22085
G1 X52.598 Y75.797 E2342.23606
G1 X52.879 Y75.882 E2342.24681
G1 X53.32 Y76.18 E2342.26628
G1 X53.539 Y76.362 E2342.2767
G1 X53.934 Y76.943 E2342.3024
G1 X54.076 Y77.446 E2342.32152
G1 X54.078 Y78.144 E2342.34706
G1 X53.932 Y78.646 E2342.36619
G1 X53.586 Y79.167 E2342.38907
G1 X53.397 Y79.363 E2342.39903
G1 X52.927 Y79.681 E2342.41979
G1 X52.598 Y79.8 E2342.43259
G1 X51.984 Y79.913 E2342.45543
G0 F9000 X52.01 Y79.463
G1 F1800 X51.431 Y79.362 E2342.47694
G1 X51.049 Y79.171 E2342.49256
G1 X50.701 Y78.823 E2342.51057
G1 X50.559 Y78.611 E2342.5199
G1 X50.371 Y78.163 E2342.53768
G1 X50.331 Y77.757 E2342.5526
G1 X50.429 Y77.28 E2342.57042
G1 X50.528 Y77.042 E2342.57985
G1 X50.816 Y76.615 E2342.59869
G1 X51.356 Y76.254 E2342.62246
G1 X51.886 Y76.149 E2342.64223
G1 X52.114 Y76.149 E2342.65057
G1 X52.641 Y76.253 E2342.67022
G1 X53.178 Y76.614 E2342.69389
G1 X53.529 Y77.129 E2342.7167
G1 X53.638 Y77.507 E2342.73109
G1 X53.639 Y78.086 E2342.75227
G1 X53.528 Y78.462 E2342.76662
G1 X53.179 Y78.988 E2342.78971
G1 X52.625 Y79.347 E2342.81386
G1 X52.01 Y79.463 E2342.83676
G1 F1500 E2340.83676
G0 F9000 X51.926 Y146.902
G1 F1500 E2342.83676
G1 F1800 X51.413 Y146.806 E2342.85586
G1 X50.997 Y146.657 E2342.87202
G1 X50.662 Y146.406 E2342.88734
G1 X50.39 Y146.134 E2342.90141
G1 X50.153 Y145.78 E2342.917
G1 X49.941 Y145.275 E2342.93703
G1 X49.889 Y144.727 E2342.95717
G1 X49.998 Y144.192 E2342.97715
G1 X50.164 Y143.796 E2342.99286
G1 X50.38 Y143.476 E2343.00698
G1 X50.565 Y143.253 E2343.01759
G1 X51.005 Y142.96 E2343.03693
G1 X51.27 Y142.822 E2343.04786
G1 X51.976 Y142.682 E2343.07419
G1 X52.679 Y142.811 E2343.10034
G1 X52.916 Y142.906 E2343.10968
G1 X53.425 Y143.26 E2343.13236
G1 X53.615 Y143.473 E2343.14281
G1 X53.856 Y143.83 E2343.15857
G1 X53.977 Y144.095 E2343.16922
G1 X54.082 Y144.492 E2343.18425
G1 X54.073 Y145.193 E2343.2099
G1 X53.907 Y145.69 E2343.22907
G1 X53.54 Y146.237 E2343.25317
G1 X53.312 Y146.426 E2343.264
G1 X52.992 Y146.637 E2343.27803
G1 X52.598 Y146.799 E2343.29361
G1 X52.19 Y146.88 E2343.30883
G1 X51.926 Y146.902 E2343.31852
G0 F9000 X52.001 Y146.468
G1 F1800 X51.372 Y146.35 E2343.34194
G1 X50.973 Y146.095 E2343.35926
G1 X50.701 Y145.823 E2343.37333
G1 X50.559 Y145.611 E2343.38267
G1 X50.371 Y145.163 E2343.40045
G1 X50.331 Y144.757 E2343.41537
G1 X50.429 Y144.28 E2343.43319
G1 X50.528 Y144.042 E2343.44262
G1 X50.816 Y143.615 E2343.46146
G1 X51.362 Y143.251 E2343.48547
G1 X52.007 Y143.133 E2343.50946
G1 X52.658 Y143.261 E2343.53373
G1 X53.189 Y143.629 E2343.55737
G1 X53.514 Y144.11 E2343.57861
G1 X53.642 Y144.499 E2343.59359
G1 X53.636 Y145.111 E2343.61598
G1 X53.515 Y145.486 E2343.6304
G1 X53.18 Y145.986 E2343.65242
G1 X52.749 Y146.271 E2343.67132
G1 X52.513 Y146.368 E2343.68066
G1 X52.001 Y146.468 E2343.69974
G1 F1500 E2341.69974
G0 F9000 X110 Y149.799
G1 F1500 E2343.69974
G1 F1800 X173 Y149.8 E2346.00467
G1 X173 Y70.2 E2348.91693
G1 X47.001 Y70.201 E2353.52675
G1 X47.001 Y149.799 E2356.43893
G1 X110 Y149.799 E2358.74382
G0 F9000 X110 Y150.24
G1 F1800 X173.44 Y150.24 E2361.06485
G1 X173.44 Y69.76 E2364.0093
G1 X46.561 Y69.761 E2368.65131
G1 X46.561 Y150.239 E2371.59569
G1 X110 Y150.24 E2373.91668
G1 F1500 E2371.91668
G0 F9000 X110 Y142.9
G1 F1500 E2373.91668
G1 F1800 X61.876 Y142.9 E2375.67735
G1 X61.488 Y142.775 E2375.69227
G1 X61.227 Y142.583 E2375.70412
G1 X60.981 Y142.217 E2375.72026
G1 X60.9 Y141.897 E2375.73233
G1 X60.9 Y86.645 E2377.75379
G1 X61.019 Y86.3 E2377.76714
G1 X61.287 Y85.962 E2377.78293
G1 X61.561 Y85.791 E2377.79474
G1 X61.906 Y85.703 E2377.80777
G1 X158.066 Y85.701 E2381.32589
G1 X158.364 Y85.762 E2381.33702
G1 X158.681 Y85.935 E2381.35023
G1 X158.969 Y86.278 E2381.36662
G1 X159.096 Y86.608 E2381.37956
G1 X159.1 Y141.935 E2383.40376
G1 X159.03 Y142.187 E2383.41333
G1 X158.906 Y142.425 E2383.42315
G1 X158.652 Y142.687 E2383.4365
G1 X158.352 Y142.843 E2383.44887
G1 X158.124 Y142.9 E2383.45747
G1 X110 Y142.9 E2385.21814
G0 F9000 X110 Y142.46
G1 F1800 X61.911 Y142.46 E2386.97753
G1 X61.693 Y142.385 E2386.98596
G1 X61.486 Y142.216 E2386.99574
G1 X61.345 Y141.886 E2387.00887
G1 X61.343 Y86.73 E2389.02682
G1 X61.411 Y86.5 E2389.03559
G1 X61.604 Y86.271 E2389.04655
G1 X61.927 Y86.14 E2389.0593
G1 X158.04 Y86.141 E2392.5757
G1 X158.219 Y86.177 E2392.58238
G1 X158.409 Y86.281 E2392.59031
G1 X158.582 Y86.486 E2392.60012
G1 X158.658 Y86.741 E2392.60986
G1 X158.66 Y141.88 E2394.62718
G1 X158.615 Y142.042 E2394.63333
G1 X158.483 Y142.251 E2394.64238
G1 X158.307 Y142.385 E2394.65047
G1 X158.076 Y142.46 E2394.65936
G1 X110 Y142.46 E2396.41827
G1 F1500 E2394.41827
G0 F9000 X167.926 Y146.902
G1 F1500 E2396.41827
G1 F1800 X167.413 Y146.806 E2396.43737
G1 X166.997 Y146.657 E2396.45353
G1 X166.662 Y146.406 E2396.46885
G1 X166.39 Y146.134 E2396.48292
G1 X166.205 Y145.908 E2396.49361
G1 X165.956 Y145.311 E2396.51727
G1 X165.881 Y144.767 E2396.53736
G1 X166.025 Y144.06 E2396.56376
G1 X166.144 Y143.827 E2396.57333
G1 X166.435 Y143.394 E2396.59242
G1 X166.608 Y143.225 E2396.60127
G1 X167.1 Y142.897 E2396.6229
G1 X167.402 Y142.796 E2396.63455
G1 X168.024 Y142.682 E2396.65769
G1 X168.737 Y142.824 E2396.68429
G1 X169 Y142.964 E2396.69519
G1 X169.437 Y143.259 E2396.71448
G1 X169.615 Y143.474 E2396.72469
G1 X169.834 Y143.798 E2396.739
G1 X170.019 Y144.182 E2396.75459
G1 X170.08 Y144.6 E2396.77005
G1 X170.08 Y145.123 E2396.78918
G1 X169.979 Y145.495 E2396.80328
G1 X169.838 Y145.793 E2396.81534
G1 X169.539 Y146.239 E2396.83499
G1 X169.312 Y146.426 E2396.84575
G1 X168.992 Y146.637 E2396.85977
G1 X168.598 Y146.799 E2396.87536
G1 X168.19 Y146.88 E2396.89058
G1 X167.926 Y146.902 E2396.90027
G0 F9000 X168.001 Y146.468
G1 F1800 X167.372 Y146.35 E2396.92368
G1 X166.973 Y146.095 E2396.94101
G1 X166.607 Y145.729 E2396.95995
G1 X166.379 Y145.182 E2396.98163
G1 X166.327 Y144.781 E2396.99642
G1 X166.456 Y144.146 E2397.02013
G1 X166.824 Y143.616 E2397.04373
G1 X167.344 Y143.261 E2397.06677
G1 X167.993 Y143.133 E2397.09097
G1 X168.64 Y143.251 E2397.11503
G1 X169.18 Y143.615 E2397.13886
G1 X169.539 Y144.148 E2397.16237
G1 X169.64 Y144.6 E2397.17931
G1 X169.64 Y145.074 E2397.19666
G1 X169.532 Y145.458 E2397.21125
G1 X169.18 Y145.985 E2397.23444
G1 X168.749 Y146.271 E2397.25336
G1 X168.513 Y146.368 E2397.2627
G1 X168.001 Y146.468 E2397.28178
G1 F1500 E2395.28178
G0 F9000 X167.87 Y79.892
G1 F1500 E2397.28178
G1 F1800 X167.247 Y79.771 E2397.305
G1 X166.775 Y79.521 E2397.32454
G1 X166.315 Y79.052 E2397.34858
G1 X166.152 Y78.78 E2397.36018
G1 X165.94 Y78.262 E2397.38066
G1 X165.887 Y77.777 E2397.39851
G1 X166.013 Y77.111 E2397.42331
G1 X166.106 Y76.882 E2397.43235
G1 X166.457 Y76.362 E2397.4553
G1 X166.681 Y76.176 E2397.46595
G1 X167.127 Y75.879 E2397.48556
G1 X167.402 Y75.797 E2397.49606
G1 X167.923 Y75.694 E2397.51549
G1 X168.19 Y75.716 E2397.52529
G1 X168.598 Y75.797 E2397.54051
G1 X168.889 Y75.889 E2397.55167
G1 X169.437 Y76.259 E2397.57586
G1 X169.615 Y76.474 E2397.58608
G1 X169.834 Y76.798 E2397.60038
G1 X170.019 Y77.182 E2397.61598
G1 X170.08 Y77.6 E2397.63143
G1 X170.08 Y78.123 E2397.65057
G1 X169.979 Y78.495 E2397.66467
G1 X169.838 Y78.793 E2397.67673
G1 X169.618 Y79.121 E2397.69118
G1 X169.431 Y79.347 E2397.70191
G1 X168.992 Y79.638 E2397.72118
G1 X168.731 Y79.774 E2397.73195
G1 X168.114 Y79.896 E2397.75496
G1 X167.87 Y79.892 E2397.76389
G0 F9000 X167.996 Y79.463
G1 F1800 X167.391 Y79.352 E2397.78639
G1 X167.046 Y79.159 E2397.80086
G1 X166.611 Y78.729 E2397.82324
G1 X166.378 Y78.18 E2397.84506
G1 X166.332 Y77.777 E2397.8599
G1 X166.462 Y77.14 E2397.88368
G1 X166.816 Y76.615 E2397.90685
G1 X167.358 Y76.253 E2397.93069
G1 X167.886 Y76.149 E2397.95038
G1 X168.114 Y76.149 E2397.95872
G1 X168.644 Y76.254 E2397.97849
G1 X169.18 Y76.615 E2398.00213
G1 X169.539 Y77.148 E2398.02565
G1 X169.64 Y77.6 E2398.04259
G1 X169.64 Y78.074 E2398.05993
G1 X169.532 Y78.458 E2398.07453
G1 X169.18 Y78.985 E2398.09771
G1 X168.637 Y79.345 E2398.12155
G1 X167.996 Y79.463 E2398.14539
G0 F9000 X167.994 Y79.02
;TYPE:WALL-OUTER
G1 F1800 X167.559 Y78.937 E2398.1616
G1 X167.308 Y78.805 E2398.17197
G1 X166.993 Y78.491 E2398.18824
G1 X166.801 Y78.052 E2398.20577
G1 X166.776 Y77.784 E2398.21562
G1 X166.872 Y77.319 E2398.23299
G1 X167.135 Y76.937 E2398.24996
G1 X167.531 Y76.672 E2398.26739
G1 X167.999 Y76.575 E2398.28488
G1 X168.473 Y76.669 E2398.30256
G1 X168.859 Y76.934 E2398.31969
G1 X169.106 Y77.292 E2398.3356
G1 X169.2 Y77.561 E2398.34603
G1 X169.197 Y78.03 E2398.36319
G1 X169.107 Y78.303 E2398.3737
G1 X168.858 Y78.666 E2398.38981
G1 X168.466 Y78.925 E2398.407
G1 X167.994 Y79.02 E2398.42461
G1 F1500 E2396.42461
G0 F9000 X168 Y146.021
G1 F1500 E2398.42461
G1 F1800 X167.537 Y145.934 E2398.44185
G1 X167.284 Y145.784 E2398.45261
G1 X166.98 Y145.48 E2398.46834
G1 X166.802 Y145.046 E2398.4855
G1 X166.776 Y144.794 E2398.49477
G1 X166.872 Y144.329 E2398.51214
G1 X167.132 Y143.932 E2398.5295
G1 X167.526 Y143.67 E2398.54682
G1 X168.003 Y143.576 E2398.5646
G1 X168.466 Y143.671 E2398.58189
G1 X168.859 Y143.934 E2398.5992
G1 X169.106 Y144.292 E2398.61511
G1 X169.2 Y144.561 E2398.62553
G1 X169.197 Y145.03 E2398.64269
G1 X169.107 Y145.303 E2398.65321
G1 X168.86 Y145.664 E2398.66921
G1 X168.472 Y145.927 E2398.68636
G1 X168 Y146.021 E2398.70397
G1 F1500 E2396.70397
G0 F9000 X110 Y142.017
G1 F1500 E2398.70397
G1 F1800 X61.961 Y142.017 E2400.46153
G1 X61.869 Y141.978 E2400.46519
G1 X61.781 Y141.829 E2400.47152
G1 X61.781 Y86.724 E2402.4876
G1 X61.882 Y86.613 E2402.49309
G1 X61.966 Y86.582 E2402.49637
G1 X158.085 Y86.581 E2406.01299
G1 X158.218 Y86.764 E2406.02127
G1 X158.217 Y141.839 E2408.03625
G1 X158.131 Y141.978 E2408.04223
G1 X158.036 Y142.018 E2408.046
G1 X110 Y142.017 E2409.80345
G1 F1500 E2407.80345
G0 F9000 X110 Y150.68
G1 F1500 E2409.80345
G1 F1800 X173.88 Y150.68 E2412.14057
G1 X173.88 Y69.32 E2415.11722
G1 X46.121 Y69.321 E2419.79143
G1 X46.121 Y150.679 E2422.76801
G1 X110 Y150.68 E2425.1051
G1 F1500 E2423.1051
G0 F9000 X52 Y146.021
G1 F1500 E2425.1051
G1 F1800 X51.537 Y145.934 E2425.12233
G1 X51.284 Y145.784 E2425.13309
G1 X50.981 Y145.481 E2425.14877
G1 X50.799 Y145.03 E2425.16656
G1 X50.776 Y144.804 E2425.17487
G1 X50.868 Y144.324 E2425.19276
G1 X51.134 Y143.931 E2425.21012
G1 X51.534 Y143.671 E2425.22757
G1 X51.997 Y143.576 E2425.24486
G1 X52.475 Y143.67 E2425.26269
G1 X52.865 Y143.936 E2425.27996
G1 X53.111 Y144.298 E2425.29597
G1 X53.201 Y144.565 E2425.30628
G1 X53.199 Y145.017 E2425.32282
G1 X53.124 Y145.273 E2425.33258
G1 X52.861 Y145.663 E2425.34979
G1 X52.472 Y145.927 E2425.36699
G1 X52 Y146.021 E2425.38459
G1 F1500 E2423.38459
G0 F9000 X51.997 Y79.02
G1 F1500 E2425.38459
G1 F1800 X51.543 Y78.932 E2425.40151
G1 X51.309 Y78.809 E2425.41119
G1 X50.981 Y78.481 E2425.42816
G1 X50.799 Y78.03 E2425.44595
G1 X50.776 Y77.804 E2425.45426
G1 X50.868 Y77.324 E2425.47214
G1 X51.134 Y76.931 E2425.4895
G1 X51.526 Y76.675 E2425.50663
G1 X52 Y76.575 E2425.52436
G1 X52.47 Y76.673 E2425.54192
G1 X52.863 Y76.932 E2425.55914
G1 X53.124 Y77.322 E2425.57631
G1 X53.197 Y77.558 E2425.58535
G1 X53.199 Y78.021 E2425.60229
G1 X53.117 Y78.288 E2425.61251
G1 X52.86 Y78.67 E2425.62935
G1 X52.464 Y78.926 E2425.6466
G1 X51.997 Y79.02 E2425.66403
G1 F1500 E2423.66403
G0 F9000 X167.809 Y80.284
;TYPE:SKIN
G1 F1500 E2425.66403
G1 F1800 X168.12 Y80.292 E2425.67541
G1 X168.869 Y80.15 E2425.70331
G1 X169.196 Y79.975 E2425.71688
G1 X169.693 Y79.646 E2425.73868
G1 X169.937 Y79.354 E2425.7526
G1 X170.18 Y78.99 E2425.76862
G1 X170.348 Y78.634 E2425.78302
G1 X170.476 Y78.177 E2425.80038
G1 X170.474 Y77.566 E2425.82274
G1 X170.397 Y77.061 E2425.84143
G1 X170.175 Y76.6 E2425.86015
G1 X169.923 Y76.224 E2425.87671
G1 X169.703 Y75.955 E2425.88942
G1 X169.057 Y75.528 E2425.91775
G1 X168.673 Y75.408 E2425.93247
G1 X168.265 Y75.324 E2425.94771
G1 X167.896 Y75.294 E2425.96125
G1 X167.121 Y75.45 E2425.99018
G1 X166.797 Y75.621 E2426.00358
G1 X166.443 Y75.854 E2426.01909
G1 X166.154 Y76.096 E2426.03288
G1 X165.769 Y76.669 E2426.05813
G1 X165.623 Y77.023 E2426.07214
G1 X165.488 Y77.77 E2426.09992
G1 X165.556 Y78.366 E2426.12186
G1 X165.832 Y79.037 E2426.14841
G1 X166.014 Y79.317 E2426.16063
G1 X166.558 Y79.853 E2426.18857
G1 X167.121 Y80.146 E2426.21179
G1 X167.809 Y80.284 E2426.23746
G1 F1500 E2424.23746
G0 F9000 X167.901 Y147.298
G1 F1500 E2426.23746
G1 F1800 X168.241 Y147.272 E2426.24994
G1 X168.668 Y147.188 E2426.26586
G1 X169.218 Y146.964 E2426.28758
G1 X169.531 Y146.756 E2426.30133
G1 X169.748 Y146.579 E2426.31158
G1 X169.939 Y146.352 E2426.32243
G1 X170.18 Y145.99 E2426.33834
G1 X170.348 Y145.634 E2426.35275
G1 X170.476 Y145.177 E2426.37011
G1 X170.474 Y144.566 E2426.39246
G1 X170.397 Y144.061 E2426.41115
G1 X170.175 Y143.6 E2426.42987
G1 X169.923 Y143.224 E2426.44643
G1 X169.703 Y142.956 E2426.45912
G1 X169.202 Y142.62 E2426.48119
G1 X168.868 Y142.447 E2426.49495
G1 X168.167 Y142.308 E2426.5211
G1 X167.844 Y142.308 E2426.53291
G1 X167.217 Y142.428 E2426.55627
G1 X166.912 Y142.548 E2426.56826
G1 X166.374 Y142.9 E2426.59178
G1 X166.146 Y143.118 E2426.60332
G1 X165.804 Y143.619 E2426.62552
G1 X165.643 Y143.936 E2426.63853
G1 X165.496 Y144.66 E2426.66555
G1 X165.504 Y144.954 E2426.67631
G1 X165.57 Y145.418 E2426.69346
G1 X165.856 Y146.107 E2426.72075
G1 X166.092 Y146.399 E2426.73449
G1 X166.404 Y146.705 E2426.75048
G1 X166.809 Y147.007 E2426.76896
G1 X167.34 Y147.197 E2426.7896
G1 X167.901 Y147.298 E2426.81045
G1 F1500 E2424.81045
G0 F9000 X110 Y143.296
G1 F1500 E2426.81045
G1 F1800 X158.205 Y143.296 E2428.57409
G1 X158.714 Y143.115 E2428.59385
G1 X158.906 Y142.986 E2428.60231
G1 X159.234 Y142.65 E2428.61949
G1 X159.398 Y142.332 E2428.63258
G1 X159.495 Y141.981 E2428.64591
G1 X159.494 Y86.624 E2430.67121
G1 X159.392 Y86.263 E2430.68493
G1 X159.179 Y85.879 E2430.701
G1 X158.942 Y85.634 E2430.71347
G1 X158.502 Y85.389 E2430.73189
G1 X158.097 Y85.304 E2430.74703
G1 X61.864 Y85.309 E2434.26783
G1 X61.388 Y85.429 E2434.28579
G1 X61.027 Y85.657 E2434.30141
G1 X60.822 Y85.872 E2434.31228
G1 X60.584 Y86.245 E2434.32847
G1 X60.506 Y86.733 E2434.34655
G1 X60.505 Y142.045 E2436.3702
G1 X60.648 Y142.445 E2436.38574
G1 X60.949 Y142.869 E2436.40476
G1 X61.299 Y143.125 E2436.42063
G1 X61.795 Y143.296 E2436.43982
G1 X110 Y143.296 E2438.20346
G1 F1500 E2436.20346
G0 F9000 X110 Y149.402
G1 F1500 E2438.20346
G1 F1800 X47.396 Y149.4 E2440.4939
G1 X47.396 Y70.596 E2443.37703
G1 X172.604 Y70.596 E2447.95791
G1 X172.604 Y149.404 E2450.84119
G1 X110 Y149.402 E2453.13163
G1 F1500 E2451.13163
G0 F9000 X51.901 Y147.298
G1 F1500 E2453.13163
G1 F1800 X52.241 Y147.272 E2453.14411
G1 X52.668 Y147.188 E2453.16003
G1 X53.179 Y146.984 E2453.18016
G1 X53.531 Y146.755 E2453.19552
G1 X53.842 Y146.502 E2453.21019
G1 X54.261 Y145.872 E2453.23787
G1 X54.464 Y145.248 E2453.26188
G1 X54.475 Y144.413 E2453.29243
G1 X54.295 Y143.775 E2453.31669
G1 X53.879 Y143.157 E2453.34394
G1 X53.654 Y142.93 E2453.35564
G1 X53.124 Y142.566 E2453.37916
G1 X52.817 Y142.439 E2453.39131
G1 X52.191 Y142.312 E2453.41468
G1 X51.876 Y142.304 E2453.42621
G1 X51.135 Y142.446 E2453.45382
G1 X50.811 Y142.612 E2453.46713
G1 X50.298 Y142.951 E2453.48963
G1 X50.057 Y143.244 E2453.50351
G1 X49.838 Y143.563 E2453.51767
G1 X49.62 Y144.075 E2453.53803
G1 X49.528 Y144.494 E2453.55372
G1 X49.496 Y144.823 E2453.56582
G1 X49.541 Y145.239 E2453.58112
G1 X49.633 Y145.571 E2453.59373
G1 X49.785 Y145.927 E2453.60789
G1 X50.084 Y146.386 E2453.62793
G1 X50.377 Y146.681 E2453.64314
G1 X50.811 Y147.008 E2453.66303
G1 X51.34 Y147.197 E2453.68358
G1 X51.901 Y147.298 E2453.70443
G1 F1500 E2451.70443
G0 F9000 X52.2 Y80.28
G1 F1500 E2453.70443
G1 F1800 X52.801 Y80.158 E2453.72687
G1 X53.133 Y80.022 E2453.74
G1 X53.648 Y79.667 E2453.76288
G1 X53.896 Y79.411 E2453.77592
G1 X54.297 Y78.803 E2453.80257
G1 X54.472 Y78.188 E2453.82596
G1 X54.467 Y77.391 E2453.85512
G1 X54.357 Y76.985 E2453.87051
G1 X54.235 Y76.68 E2453.88253
G1 X53.838 Y76.094 E2453.90842
G1 X53.557 Y75.862 E2453.92176
G1 X53.223 Y75.637 E2453.93649
G1 X52.983 Y75.503 E2453.94655
G1 X52.695 Y75.412 E2453.9576
G1 X52.264 Y75.324 E2453.97369
G1 X51.897 Y75.294 E2453.98716
G1 X51.317 Y75.408 E2454.00879
G1 X50.947 Y75.524 E2454.02298
G1 X50.298 Y75.95 E2454.05138
G1 X50.057 Y76.244 E2454.06529
G1 X49.838 Y76.563 E2454.07944
G1 X49.62 Y77.075 E2454.0998
G1 X49.528 Y77.494 E2454.1155
G1 X49.496 Y77.823 E2454.12759
G1 X49.547 Y78.271 E2454.14409
G1 X49.623 Y78.547 E2454.15456
G1 X49.785 Y78.934 E2454.16991
G1 X50.085 Y79.384 E2454.1897
G1 X50.38 Y79.684 E2454.20509
G1 X50.727 Y79.946 E2454.221
G1 X51.176 Y80.164 E2454.23926
G1 X51.83 Y80.289 E2454.26362
G1 X52.2 Y80.28 E2454.27716
G1 F1500 E2452.27716
G0 F9000 X47.753 Y149.18
G1 F1500 E2454.27716
G1 F1800 X47.616 Y149.043 E2454.28425
G0 F9000 X47.616 Y148.421
G1 F1800 X48.375 Y149.18 E2454.32352
G0 F9000 X48.998 Y149.18
G1 F1800 X47.616 Y147.799 E2454.395
G0 F9000 X47.616 Y147.176
G1 F1800 X49.62 Y149.18 E2454.49869
G0 F9000 X50.242 Y149.18
G1 F1800 X47.616 Y146.554 E2454.63456
G0 F9000 X47.616 Y145.932
G1 F1800 X50.864 Y149.18 E2454.80261
G0 F9000 X51.487 Y149.18
G1 F1800 X47.616 Y145.31 E2455.00287
G0 F9000 X47.616 Y144.687
G1 F1800 X52.109 Y149.18 E2455.23535
G0 F9000 X52.731 Y149.18
G1 F1800 X50.782 Y147.232 E2455.33616
G0 F9000 X51.65 Y147.477
G1 F1800 X53.353 Y149.18 E2455.42428
G0 F9000 X53.976 Y149.18
G1 F1800 X52.283 Y147.488 E2455.51185
G0 F9000 X52.795 Y147.378
G1 F1800 X54.598 Y149.18 E2455.60511
G0 F9000 X55.22 Y149.18
G1 F1800 X53.237 Y147.198 E2455.70769
G0 F9000 X53.621 Y146.959
G1 F1800 X55.842 Y149.18 E2455.8226
G0 F9000 X56.465 Y149.18
G1 F1800 X53.968 Y146.684 E2455.95177
G0 F9000 X54.227 Y146.32
G1 F1800 X57.087 Y149.18 E2456.09975
G0 F9000 X57.709 Y149.18
G1 F1800 X54.47 Y145.941 E2456.26734
G0 F9000 X54.625 Y145.474
G1 F1800 X58.331 Y149.18 E2456.45909
G0 F9000 X58.954 Y149.18
G1 F1800 X54.688 Y144.914 E2456.67981
G0 F9000 X54.664 Y144.269
G1 F1800 X59.576 Y149.18 E2456.93394
G0 F9000 X60.198 Y149.18
G1 F1800 X54.08 Y143.062 E2457.25049
G0 F9000 X53.73 Y142.713
G1 F1800 X47.616 Y136.598 E2457.56686
G0 F9000 X47.616 Y137.22
G1 F1800 X52.554 Y142.159 E2457.82238
G0 F9000 X51.856 Y142.083
G1 F1800 X47.616 Y137.843 E2458.04176
G0 F9000 X47.616 Y138.465
G1 F1800 X51.332 Y142.181 E2458.23403
G0 F9000 X50.865 Y142.336
G1 F1800 X47.616 Y139.087 E2458.40213
G0 F9000 X47.616 Y139.709
G1 F1800 X50.476 Y142.57 E2458.55013
G0 F9000 X50.113 Y142.828
G1 F1800 X47.616 Y140.332 E2458.67931
G0 F9000 X47.616 Y140.954
G1 F1800 X49.838 Y143.176 E2458.79427
G0 F9000 X49.597 Y143.558
G1 F1800 X47.616 Y141.576 E2458.8968
G0 F9000 X47.616 Y142.198
G1 F1800 X49.415 Y143.998 E2458.9899
G0 F9000 X49.307 Y144.511
G1 F1800 X47.616 Y142.821 E2459.07737
G0 F9000 X47.616 Y143.443
G1 F1800 X49.308 Y145.135 E2459.16492
G0 F9000 X49.597 Y146.047
G1 F1800 X47.616 Y144.065 E2459.26744
G1 F1500 E2457.26744
G0 F9000 X45.235 Y144.065
G0 X45.235 Y135.976
G0 X47.616 Y135.976
G1 F1500 E2459.26744
G1 F1800 X60.82 Y149.18 E2459.95062
G0 F9000 X61.443 Y149.18
G1 F1800 X47.616 Y135.354 E2460.66602
G0 F9000 X47.616 Y134.731
G1 F1800 X62.065 Y149.18 E2461.41362
G0 F9000 X62.687 Y149.18
G1 F1800 X47.616 Y134.109 E2462.1934
G0 F9000 X47.616 Y133.487
G1 F1800 X63.309 Y149.18 E2463.00536
G0 F9000 X63.932 Y149.18
G1 F1800 X47.616 Y132.865 E2463.84954
G0 F9000 X47.616 Y132.242
G1 F1800 X64.554 Y149.18 E2464.72592
G0 F9000 X65.176 Y149.18
G1 F1800 X47.616 Y131.62 E2465.63449
G0 F9000 X47.616 Y130.998
G1 F1800 X65.798 Y149.18 E2466.57524
G0 F9000 X66.421 Y149.18
G1 F1800 X47.616 Y130.376 E2467.54819
G0 F9000 X47.616 Y129.753
G1 F1800 X60.544 Y142.681 E2468.21709
G0 F9000 X61.156 Y143.293
G1 F1800 X67.043 Y149.18 E2468.52169
G0 F9000 X67.665 Y149.18
G1 F1800 X62.001 Y143.516 E2468.81475
G0 F9000 X62.623 Y143.516
G1 F1800 X68.287 Y149.18 E2469.10781
G0 F9000 X68.91 Y149.18
G1 F1800 X63.245 Y143.516 E2469.40089
G0 F9000 X63.867 Y143.516
G1 F1800 X69.532 Y149.18 E2469.69398
G0 F9000 X70.154 Y149.18
G1 F1800 X64.49 Y143.516 E2469.98704
G0 F9000 X65.112 Y143.516
G1 F1800 X70.776 Y149.18 E2470.2801
G0 F9000 X71.399 Y149.18
G1 F1800 X65.734 Y143.516 E2470.57318
G0 F9000 X66.356 Y143.516
G1 F1800 X72.021 Y149.18 E2470.86627
G0 F9000 X72.644 Y149.181
G1 F1800 X66.979 Y143.516 E2471.15938
G0 F9000 X67.601 Y143.516
G1 F1800 X73.266 Y149.181 E2471.45249
G0 F9000 X73.888 Y149.181
G1 F1800 X68.223 Y143.516 E2471.7456
G0 F9000 X68.845 Y143.516
G1 F1800 X74.511 Y149.181 E2472.03874
G0 F9000 X75.133 Y149.181
G1 F1800 X69.468 Y143.516 E2472.33185
G0 F9000 X70.09 Y143.516
G1 F1800 X75.755 Y149.181 E2472.62496
G0 F9000 X76.377 Y149.181
G1 F1800 X70.712 Y143.516 E2472.91807
G0 F9000 X71.334 Y143.516
G1 F1800 X77 Y149.181 E2473.2112
G0 F9000 X77.622 Y149.181
G1 F1800 X71.957 Y143.516 E2473.50431
G0 F9000 X72.578 Y143.515
G1 F1800 X78.244 Y149.181 E2473.79748
G0 F9000 X78.866 Y149.181
G1 F1800 X73.2 Y143.515 E2474.09064
G0 F9000 X73.823 Y143.515
G1 F1800 X79.489 Y149.181 E2474.3838
G0 F9000 X80.111 Y149.181
G1 F1800 X74.445 Y143.515 E2474.67696
G0 F9000 X75.067 Y143.515
G1 F1800 X80.733 Y149.181 E2474.97013
G0 F9000 X81.355 Y149.181
G1 F1800 X75.689 Y143.515 E2475.26329
G0 F9000 X76.312 Y143.515
G1 F1800 X81.978 Y149.181 E2475.55645
G0 F9000 X82.6 Y149.181
G1 F1800 X76.934 Y143.515 E2475.84961
G0 F9000 X77.556 Y143.515
G1 F1800 X83.222 Y149.181 E2476.14278
G0 F9000 X83.844 Y149.181
G1 F1800 X78.178 Y143.515 E2476.43594
G0 F9000 X78.801 Y143.515
G1 F1800 X84.467 Y149.181 E2476.7291
G0 F9000 X85.089 Y149.181
G1 F1800 X79.423 Y143.515 E2477.02226
G0 F9000 X80.045 Y143.515
G1 F1800 X85.711 Y149.181 E2477.31543
G0 F9000 X86.333 Y149.181
G1 F1800 X80.667 Y143.515 E2477.60859
G0 F9000 X81.29 Y143.515
G1 F1800 X86.956 Y149.181 E2477.90175
G0 F9000 X87.578 Y149.181
G1 F1800 X81.912 Y143.515 E2478.19491
G0 F9000 X82.534 Y143.515
G1 F1800 X88.2 Y149.181 E2478.48808
G0 F9000 X88.823 Y149.181
G1 F1800 X83.156 Y143.515 E2478.78126
G0 F9000 X83.778 Y143.514
G1 F1800 X89.445 Y149.181 E2479.07448
G0 F9000 X90.067 Y149.181
G1 F1800 X84.4 Y143.514 E2479.36769
G0 F9000 X85.023 Y143.514
G1 F1800 X90.689 Y149.181 E2479.66088
G0 F9000 X91.312 Y149.181
G1 F1800 X85.645 Y143.514 E2479.95409
G0 F9000 X86.267 Y143.514
G1 F1800 X91.934 Y149.181 E2480.24731
G0 F9000 X92.556 Y149.181
G1 F1800 X86.889 Y143.514 E2480.54052
G0 F9000 X87.512 Y143.514
G1 F1800 X93.178 Y149.181 E2480.83371
G0 F9000 X93.801 Y149.181
G1 F1800 X88.134 Y143.514 E2481.12692
G0 F9000 X88.756 Y143.514
G1 F1800 X94.423 Y149.181 E2481.42014
G0 F9000 X95.045 Y149.181
G1 F1800 X89.378 Y143.514 E2481.71335
G0 F9000 X90.001 Y143.514
G1 F1800 X95.667 Y149.181 E2482.00654
G0 F9000 X96.29 Y149.181
G1 F1800 X90.623 Y143.514 E2482.29976
G0 F9000 X91.245 Y143.514
G1 F1800 X96.912 Y149.181 E2482.59297
G0 F9000 X97.535 Y149.182
G1 F1800 X91.867 Y143.514 E2482.88624
G0 F9000 X92.49 Y143.514
G1 F1800 X98.157 Y149.182 E2483.17948
G0 F9000 X98.779 Y149.182
G1 F1800 X93.112 Y143.514 E2483.47272
G0 F9000 X93.734 Y143.514
G1 F1800 X99.402 Y149.182 E2483.76598
G0 F9000 X100.024 Y149.182
G1 F1800 X94.356 Y143.514 E2484.05925
G0 F9000 X94.978 Y143.514
G1 F1800 X100.646 Y149.182 E2484.35251
G0 F9000 X101.268 Y149.182
G1 F1800 X95.6 Y143.514 E2484.64578
G0 F9000 X96.222 Y143.514
G1 F1800 X101.891 Y149.182 E2484.93907
G0 F9000 X102.513 Y149.182
G1 F1800 X96.845 Y143.514 E2485.23234
G0 F9000 X97.467 Y143.514
G1 F1800 X103.135 Y149.182 E2485.5256
G0 F9000 X103.757 Y149.182
G1 F1800 X98.089 Y143.514 E2485.81887
G0 F9000 X98.711 Y143.514
G1 F1800 X104.38 Y149.182 E2486.11216
G0 F9000 X105.002 Y149.182
G1 F1800 X99.334 Y143.514 E2486.40543
G0 F9000 X99.956 Y143.514
G1 F1800 X105.624 Y149.182 E2486.69869
G0 F9000 X106.246 Y149.182
G1 F1800 X100.578 Y143.514 E2486.99196
G0 F9000 X101.2 Y143.514
G1 F1800 X106.869 Y149.182 E2487.28525
G0 F9000 X107.491 Y149.182
G1 F1800 X101.823 Y143.514 E2487.57852
G0 F9000 X102.445 Y143.514
G1 F1800 X108.113 Y149.182 E2487.87178
G0 F9000 X108.735 Y149.182
G1 F1800 X103.067 Y143.514 E2488.16505
G0 F9000 X103.689 Y143.514
G1 F1800 X109.358 Y149.182 E2488.45834
G0 F9000 X109.98 Y149.182
G1 F1800 X104.312 Y143.514 E2488.7516
G0 F9000 X104.933 Y143.513
G1 F1800 X110.602 Y149.182 E2489.04492
G0 F9000 X111.224 Y149.182
G1 F1800 X105.555 Y143.513 E2489.33824
G0 F9000 X106.178 Y143.513
G1 F1800 X111.847 Y149.182 E2489.63156
G0 F9000 X112.469 Y149.182
G1 F1800 X106.8 Y143.513 E2489.92488
G0 F9000 X107.422 Y143.513
G1 F1800 X113.091 Y149.182 E2490.21819
G0 F9000 X113.713 Y149.182
G1 F1800 X108.045 Y143.513 E2490.51148
G0 F9000 X108.667 Y143.513
G1 F1800 X114.336 Y149.182 E2490.8048
G0 F9000 X114.958 Y149.182
G1 F1800 X109.289 Y143.513 E2491.09812
G0 F9000 X109.911 Y143.513
G1 F1800 X115.58 Y149.182 E2491.39144
G0 F9000 X116.202 Y149.182
G1 F1800 X110.534 Y143.513 E2491.68473
G0 F9000 X111.156 Y143.513
G1 F1800 X116.825 Y149.182 E2491.97805
G0 F9000 X117.447 Y149.182
G1 F1800 X111.778 Y143.513 E2492.27136
G0 F9000 X112.4 Y143.513
G1 F1800 X118.069 Y149.182 E2492.56468
G0 F9000 X118.691 Y149.182
G1 F1800 X113.023 Y143.513 E2492.85797
G0 F9000 X113.645 Y143.513
G1 F1800 X119.314 Y149.182 E2493.15129
G0 F9000 X119.936 Y149.182
G1 F1800 X114.267 Y143.513 E2493.44461
G0 F9000 X114.889 Y143.513
G1 F1800 X120.558 Y149.182 E2493.73793
G0 F9000 X121.18 Y149.182
G1 F1800 X115.511 Y143.512 E2494.03127
G0 F9000 X116.133 Y143.512
G1 F1800 X121.803 Y149.182 E2494.32464
G0 F9000 X122.425 Y149.182
G1 F1800 X116.755 Y143.512 E2494.61801
G0 F9000 X117.378 Y143.512
G1 F1800 X123.048 Y149.183 E2494.9114
G0 F9000 X123.67 Y149.183
G1 F1800 X118 Y143.512 E2495.2048
G0 F9000 X118.622 Y143.512
G1 F1800 X124.292 Y149.183 E2495.49819
G0 F9000 X124.915 Y149.183
G1 F1800 X119.244 Y143.512 E2495.79162
G0 F9000 X119.867 Y143.512
G1 F1800 X125.537 Y149.183 E2496.08501
G0 F9000 X126.159 Y149.183
G1 F1800 X120.489 Y143.512 E2496.37841
G0 F9000 X121.111 Y143.512
G1 F1800 X126.781 Y149.183 E2496.6718
G0 F9000 X127.404 Y149.183
G1 F1800 X121.733 Y143.512 E2496.96522
G0 F9000 X122.356 Y143.512
G1 F1800 X128.026 Y149.183 E2497.25862
G0 F9000 X128.648 Y149.183
G1 F1800 X122.978 Y143.512 E2497.55201
G0 F9000 X123.6 Y143.512
G1 F1800 X129.27 Y149.183 E2497.84541
G0 F9000 X129.893 Y149.183
G1 F1800 X124.222 Y143.512 E2498.13883
G0 F9000 X124.845 Y143.512
G1 F1800 X130.515 Y149.183 E2498.43222
G0 F9000 X131.137 Y149.183
G1 F1800 X125.467 Y143.512 E2498.72562
G0 F9000 X126.088 Y143.512
G1 F1800 X131.759 Y149.183 E2499.01904
G0 F9000 X132.382 Y149.183
G1 F1800 X126.711 Y143.512 E2499.31246
G0 F9000 X127.333 Y143.512
G1 F1800 X133.004 Y149.183 E2499.60588
G0 F9000 X133.626 Y149.183
G1 F1800 X127.955 Y143.512 E2499.8993
G0 F9000 X128.577 Y143.512
G1 F1800 X134.248 Y149.183 E2500.19273
G0 F9000 X134.871 Y149.183
G1 F1800 X129.2 Y143.512 E2500.48615
G0 F9000 X129.822 Y143.512
G1 F1800 X135.493 Y149.183 E2500.77957
G0 F9000 X136.115 Y149.183
G1 F1800 X130.444 Y143.512 E2501.07299
G0 F9000 X131.066 Y143.512
G1 F1800 X136.737 Y149.183 E2501.36641
G0 F9000 X137.36 Y149.183
G1 F1800 X131.689 Y143.512 E2501.65983
G0 F9000 X132.311 Y143.512
G1 F1800 X137.982 Y149.183 E2501.95325
G0 F9000 X138.604 Y149.183
G1 F1800 X132.933 Y143.512 E2502.24667
G0 F9000 X133.556 Y143.512
G1 F1800 X139.226 Y149.183 E2502.54007
G0 F9000 X139.849 Y149.183
G1 F1800 X134.178 Y143.512 E2502.83349
G0 F9000 X134.8 Y143.512
G1 F1800 X140.471 Y149.183 E2503.12691
G0 F9000 X141.093 Y149.183
G1 F1800 X135.422 Y143.512 E2503.42033
G0 F9000 X136.045 Y143.512
G1 F1800 X141.716 Y149.183 E2503.71375
G0 F9000 X142.338 Y149.183
G1 F1800 X136.667 Y143.512 E2504.00717
G0 F9000 X137.288 Y143.511
G1 F1800 X142.96 Y149.183 E2504.30065
G0 F9000 X143.582 Y149.183
G1 F1800 X137.911 Y143.511 E2504.59409
G0 F9000 X138.533 Y143.511
G1 F1800 X144.205 Y149.183 E2504.88757
G0 F9000 X144.827 Y149.183
G1 F1800 X139.155 Y143.511 E2505.18104
G0 F9000 X139.777 Y143.511
G1 F1800 X145.449 Y149.183 E2505.47451
G0 F9000 X146.071 Y149.183
G1 F1800 X140.4 Y143.511 E2505.76796
G0 F9000 X141.022 Y143.511
G1 F1800 X146.694 Y149.183 E2506.06143
G0 F9000 X147.316 Y149.183
G1 F1800 X141.644 Y143.511 E2506.3549
G0 F9000 X142.266 Y143.511
G1 F1800 X147.939 Y149.183 E2506.6484
G0 F9000 X148.561 Y149.183
G1 F1800 X142.889 Y143.511 E2506.94188
G0 F9000 X143.511 Y143.511
G1 F1800 X149.183 Y149.183 E2507.23535
G0 F9000 X149.806 Y149.183
G1 F1800 X144.133 Y143.511 E2507.52885
G0 F9000 X144.755 Y143.511
G1 F1800 X150.428 Y149.183 E2507.82235
G0 F9000 X151.05 Y149.183
G1 F1800 X145.378 Y143.511 E2508.11582
G0 F9000 X146 Y143.511
G1 F1800 X151.672 Y149.183 E2508.40929
G0 F9000 X152.295 Y149.183
G1 F1800 X146.622 Y143.511 E2508.70279
G0 F9000 X147.244 Y143.511
G1 F1800 X152.917 Y149.183 E2508.99629
G0 F9000 X153.539 Y149.183
G1 F1800 X147.866 Y143.51 E2509.28981
G0 F9000 X148.488 Y143.51
G1 F1800 X154.161 Y149.183 E2509.58334
G0 F9000 X154.784 Y149.183
G1 F1800 X149.11 Y143.51 E2509.87689
G0 F9000 X149.733 Y143.51
G1 F1800 X155.406 Y149.183 E2510.17041
G0 F9000 X156.028 Y149.183
G1 F1800 X150.355 Y143.51 E2510.46394
G0 F9000 X150.977 Y143.51
G1 F1800 X156.65 Y149.183 E2510.75746
G0 F9000 X157.273 Y149.183
G1 F1800 X151.599 Y143.51 E2511.05101
G0 F9000 X152.222 Y143.51
G1 F1800 X157.895 Y149.183 E2511.34454
G0 F9000 X158.517 Y149.183
G1 F1800 X152.844 Y143.51 E2511.63806
G0 F9000 X153.466 Y143.51
G1 F1800 X159.139 Y149.183 E2511.93159
G0 F9000 X159.762 Y149.183
G1 F1800 X154.088 Y143.51 E2512.22514
G0 F9000 X154.711 Y143.51
G1 F1800 X160.384 Y149.183 E2512.51866
G0 F9000 X161.006 Y149.183
G1 F1800 X155.333 Y143.51 E2512.81219
G0 F9000 X155.955 Y143.51
G1 F1800 X161.628 Y149.183 E2513.10571
G0 F9000 X162.251 Y149.183
G1 F1800 X156.577 Y143.51 E2513.39926
G0 F9000 X157.2 Y143.51
G1 F1800 X162.873 Y149.183 E2513.69279
G0 F9000 X163.495 Y149.183
G1 F1800 X157.822 Y143.51 E2513.98631
G0 F9000 X158.393 Y143.459
G1 F1800 X164.117 Y149.183 E2514.28247
G0 F9000 X164.74 Y149.183
G1 F1800 X158.847 Y143.29 E2514.58738
G0 F9000 X159.189 Y143.01
G1 F1800 X165.362 Y149.183 E2514.90678
G0 F9000 X165.984 Y149.183
G1 F1800 X159.468 Y142.667 E2515.24392
G0 F9000 X159.655 Y142.232
G1 F1800 X166.606 Y149.183 E2515.60357
G0 F9000 X167.229 Y149.183
G1 F1800 X159.716 Y141.671 E2515.99227
G0 F9000 X159.716 Y141.049
G1 F1800 X167.851 Y149.183 E2516.41315
G0 F9000 X168.473 Y149.183
G1 F1800 X159.716 Y140.426 E2516.86625
G0 F9000 X159.716 Y139.804
G1 F1800 X165.351 Y145.438 E2517.15778
G0 F9000 X165.278 Y144.744
G1 F1800 X159.716 Y139.182 E2517.44556
G0 F9000 X159.716 Y138.56
G1 F1800 X165.365 Y144.209 E2517.73784
G0 F9000 X165.505 Y143.726
G1 F1800 X159.716 Y137.937 E2518.03737
G0 F9000 X159.716 Y137.315
G1 F1800 X165.733 Y143.332 E2518.34869
G0 F9000 X165.988 Y142.964
G1 F1800 X159.716 Y136.693 E2518.67318
G0 F9000 X159.716 Y136.071
G1 F1800 X166.318 Y142.672 E2519.01475
G0 F9000 X166.692 Y142.424
G1 F1800 X159.716 Y135.448 E2519.37569
G0 F9000 X159.716 Y134.826
G1 F1800 X167.117 Y142.227 E2519.75862
G0 F9000 X167.634 Y142.121
G1 F1800 X159.716 Y134.204 E2520.16828
G0 F9000 X159.716 Y133.581
G1 F1800 X168.23 Y142.095 E2520.6088
G0 F9000 X169.052 Y142.295
G1 F1800 X159.716 Y132.959 E2521.09185
G0 F9000 X159.716 Y132.336
G1 F1800 X172.384 Y145.005 E2521.74733
G0 F9000 X172.384 Y145.627
G1 F1800 X170.476 Y143.719 E2521.84605
G0 F9000 X170.691 Y144.557
G1 F1800 X172.384 Y146.249 E2521.93362
G0 F9000 X172.384 Y146.872
G1 F1800 X170.69 Y145.178 E2522.02127
G0 F9000 X170.562 Y145.672
G1 F1800 X172.384 Y147.494 E2522.11554
G0 F9000 X172.384 Y148.116
G1 F1800 X170.367 Y146.099 E2522.2199
G0 F9000 X170.12 Y146.474
G1 F1800 X172.384 Y148.738 E2522.33704
G0 F9000 X172.207 Y149.183
G1 F1800 X169.823 Y146.8 E2522.46036
G0 F9000 X169.465 Y147.064
G1 F1800 X171.584 Y149.183 E2522.57
G0 F9000 X170.962 Y149.183
G1 F1800 X169.053 Y147.274 E2522.66878
G0 F9000 X168.586 Y147.429
G1 F1800 X170.34 Y149.183 E2522.75953
G0 F9000 X169.718 Y149.183
G1 F1800 X168.04 Y147.506 E2522.84632
G0 F9000 X167.332 Y147.42
G1 F1800 X169.095 Y149.183 E2522.93754
G1 F1500 E2520.93754
G0 F9000 X169.095 Y151.565
G0 X174.753 Y151.553
G0 X174.765 Y144.383
G0 X172.384 Y144.383
G1 F1500 E2522.93754
G1 F1800 X159.716 Y131.714 E2523.59302
G0 F9000 X159.716 Y131.092
G1 F1800 X172.384 Y143.76 E2524.24847
G0 F9000 X172.384 Y143.138
G1 F1800 X159.716 Y130.47 E2524.90392
G0 F9000 X159.716 Y129.847
G1 F1800 X172.384 Y142.516 E2525.5594
G0 F9000 X172.384 Y141.894
G1 F1800 X159.716 Y129.225 E2526.21487
G0 F9000 X159.716 Y128.603
G1 F1800 X172.384 Y141.271 E2526.87032
G0 F9000 X172.384 Y140.649
G1 F1800 X159.716 Y127.981 E2527.52577
G0 F9000 X159.716 Y127.358
G1 F1800 X172.384 Y140.027 E2528.18125
G0 F9000 X172.384 Y139.405
G1 F1800 X159.716 Y126.736 E2528.83672
G0 F9000 X159.715 Y126.113
G1 F1800 X172.384 Y138.782 E2529.49223
G0 F9000 X172.384 Y138.16
G1 F1800 X159.715 Y125.491 E2530.14773
G0 F9000 X159.715 Y124.869
G1 F1800 X172.384 Y137.538 E2530.80323
G0 F9000 X172.384 Y136.916
G1 F1800 X159.715 Y124.246 E2531.45876
G0 F9000 X159.715 Y123.624
G1 F1800 X172.384 Y136.293 E2532.11426
G0 F9000 X172.384 Y135.671
G1 F1800 X159.715 Y123.002 E2532.76976
G0 F9000 X159.715 Y122.38
G1 F1800 X172.384 Y135.049 E2533.42526
G0 F9000 X172.384 Y134.427
G1 F1800 X159.715 Y121.757 E2534.08079
G0 F9000 X159.715 Y121.135
G1 F1800 X172.384 Y133.804 E2534.73629
G0 F9000 X172.384 Y133.182
G1 F1800 X159.715 Y120.513 E2535.3918
G0 F9000 X159.715 Y119.891
G1 F1800 X172.384 Y132.56 E2536.0473
G0 F9000 X172.384 Y131.938
G1 F1800 X159.715 Y119.268 E2536.70283
G0 F9000 X159.715 Y118.646
G1 F1800 X172.384 Y131.315 E2537.35833
G0 F9000 X172.384 Y130.693
G1 F1800 X159.714 Y118.023 E2538.01388
G0 F9000 X159.714 Y117.401
G1 F1800 X172.384 Y130.071 E2538.66944
G0 F9000 X172.384 Y129.449
G1 F1800 X159.714 Y116.779 E2539.32499
G0 F9000 X159.714 Y116.156
G1 F1800 X172.384 Y128.826 E2539.98054
G0 F9000 X172.384 Y128.204
G1 F1800 X159.714 Y115.534 E2540.6361
G0 F9000 X159.714 Y114.912
G1 F1800 X172.384 Y127.582 E2541.29165
G0 F9000 X172.384 Y126.96
G1 F1800 X159.714 Y114.29 E2541.9472
G0 F9000 X159.714 Y113.667
G1 F1800 X172.384 Y126.337 E2542.60276
G0 F9000 X172.384 Y125.715
G1 F1800 X159.714 Y113.045 E2543.25831
G0 F9000 X159.714 Y112.423
G1 F1800 X172.384 Y125.093 E2543.91387
G0 F9000 X172.384 Y124.471
G1 F1800 X159.714 Y111.801 E2544.56942
G0 F9000 X159.714 Y111.178
G1 F1800 X172.384 Y123.848 E2545.22497
G0 F9000 X172.384 Y123.226
G1 F1800 X159.714 Y110.556 E2545.88053
G0 F9000 X159.714 Y109.933
G1 F1800 X172.384 Y122.604 E2546.53611
G0 F9000 X172.384 Y121.982
G1 F1800 X159.714 Y109.311 E2547.19169
G0 F9000 X159.714 Y108.689
G1 F1800 X172.384 Y121.359 E2547.84724
G0 F9000 X172.384 Y120.737
G1 F1800 X159.714 Y108.066 E2548.50282
G0 F9000 X159.714 Y107.444
G1 F1800 X172.384 Y120.115 E2549.1584
G0 F9000 X172.384 Y119.493
G1 F1800 X159.714 Y106.822 E2549.81398
G0 F9000 X159.714 Y106.2
G1 F1800 X172.384 Y118.87 E2550.46953
G0 F9000 X172.384 Y118.248
G1 F1800 X159.714 Y105.577 E2551.12511
G0 F9000 X159.714 Y104.955
G1 F1800 X172.384 Y117.626 E2551.78069
G0 F9000 X172.384 Y117.004
G1 F1800 X159.714 Y104.333 E2552.43627
G0 F9000 X159.714 Y103.711
G1 F1800 X172.384 Y116.381 E2553.09183
G0 F9000 X172.384 Y115.759
G1 F1800 X159.714 Y103.088 E2553.7474
G0 F9000 X159.714 Y102.466
G1 F1800 X172.384 Y115.137 E2554.40298
G0 F9000 X172.384 Y114.515
G1 F1800 X159.713 Y101.843 E2555.05862
G0 F9000 X159.713 Y101.221
G1 F1800 X172.384 Y113.892 E2555.71422
G0 F9000 X172.384 Y113.27
G1 F1800 X159.713 Y100.599 E2556.36983
G0 F9000 X159.713 Y99.976
G1 F1800 X172.384 Y112.648 E2557.02546
G0 F9000 X172.384 Y112.026
G1 F1800 X159.713 Y99.354 E2557.68109
G0 F9000 X159.713 Y98.732
G1 F1800 X172.384 Y111.403 E2558.3367
G0 F9000 X172.384 Y110.781
G1 F1800 X159.713 Y98.11 E2558.9923
G0 F9000 X159.713 Y97.487
G1 F1800 X172.384 Y110.159 E2559.64793
G0 F9000 X172.384 Y109.536
G1 F1800 X159.713 Y96.865 E2560.30354
G0 F9000 X159.713 Y96.243
G1 F1800 X172.384 Y108.914 E2560.95914
G0 F9000 X172.384 Y108.292
G1 F1800 X159.713 Y95.621 E2561.61475
G0 F9000 X159.713 Y94.998
G1 F1800 X172.384 Y107.67 E2562.27038
G0 F9000 X172.384 Y107.047
G1 F1800 X159.712 Y94.375 E2562.92604
G0 F9000 X159.712 Y93.753
G1 F1800 X172.384 Y106.425 E2563.58169
G0 F9000 X172.384 Y105.803
G1 F1800 X159.712 Y93.131 E2564.23735
G0 F9000 X159.712 Y92.509
G1 F1800 X172.384 Y105.181 E2564.89301
G0 F9000 X172.384 Y104.558
G1 F1800 X159.712 Y91.886 E2565.54867
G0 F9000 X159.712 Y91.264
G1 F1800 X172.384 Y103.936 E2566.20432
G0 F9000 X172.384 Y103.314
G1 F1800 X159.712 Y90.642 E2566.85998
G0 F9000 X159.712 Y90.02
G1 F1800 X172.384 Y102.692 E2567.51564
G0 F9000 X172.384 Y102.069
G1 F1800 X159.712 Y89.397 E2568.17129
G0 F9000 X159.712 Y88.775
G1 F1800 X172.384 Y101.447 E2568.82695
G0 F9000 X172.384 Y100.825
G1 F1800 X159.712 Y88.153 E2569.48261
G0 F9000 X159.712 Y87.531
G1 F1800 X172.384 Y100.203 E2570.13827
G0 F9000 X172.384 Y99.58
G1 F1800 X159.712 Y86.908 E2570.79392
G0 F9000 X159.585 Y86.159
G1 F1800 X172.384 Y98.958 E2571.45615
G0 F9000 X172.384 Y98.336
G1 F1800 X144.864 Y70.816 E2572.88005
G0 F9000 X144.242 Y70.816
G1 F1800 X158.641 Y85.215 E2573.62507
G0 F9000 X157.888 Y85.085
G1 F1800 X143.62 Y70.816 E2574.36333
G0 F9000 X142.997 Y70.816
G1 F1800 X157.266 Y85.085 E2575.10162
G0 F9000 X156.644 Y85.085
G1 F1800 X142.375 Y70.816 E2575.8399
G0 F9000 X141.753 Y70.816
G1 F1800 X156.022 Y85.085 E2576.57819
G0 F9000 X155.399 Y85.085
G1 F1800 X141.131 Y70.816 E2577.31645
G0 F9000 X140.508 Y70.816
G1 F1800 X154.777 Y85.085 E2578.05474
G0 F9000 X154.155 Y85.085
G1 F1800 X139.886 Y70.816 E2578.79302
G0 F9000 X139.264 Y70.816
G1 F1800 X153.533 Y85.085 E2579.53131
G0 F9000 X152.91 Y85.085
G1 F1800 X138.642 Y70.816 E2580.26957
G0 F9000 X138.019 Y70.816
G1 F1800 X152.288 Y85.085 E2581.00786
G0 F9000 X151.666 Y85.085
G1 F1800 X137.397 Y70.816 E2581.74615
G0 F9000 X136.775 Y70.816
G1 F1800 X151.044 Y85.085 E2582.48443
G0 F9000 X150.421 Y85.085
G1 F1800 X136.153 Y70.816 E2583.2227
G0 F9000 X135.53 Y70.816
G1 F1800 X149.799 Y85.085 E2583.96098
G0 F9000 X149.177 Y85.085
G1 F1800 X134.908 Y70.816 E2584.69927
G0 F9000 X134.286 Y70.816
G1 F1800 X148.555 Y85.085 E2585.43756
G0 F9000 X147.932 Y85.085
G1 F1800 X133.664 Y70.816 E2586.17582
G0 F9000 X133.041 Y70.816
G1 F1800 X147.311 Y85.085 E2586.91413
G0 F9000 X146.689 Y85.085
G1 F1800 X132.419 Y70.816 E2587.65244
G0 F9000 X131.797 Y70.816
G1 F1800 X146.066 Y85.085 E2588.39073
G0 F9000 X145.444 Y85.085
G1 F1800 X131.175 Y70.816 E2589.12902
G0 F9000 X130.552 Y70.816
G1 F1800 X144.822 Y85.085 E2589.86733
G0 F9000 X144.2 Y85.085
G1 F1800 X129.93 Y70.816 E2590.60564
G0 F9000 X129.308 Y70.816
G1 F1800 X143.577 Y85.085 E2591.34393
G0 F9000 X142.955 Y85.085
G1 F1800 X128.686 Y70.816 E2592.08222
G0 F9000 X128.063 Y70.816
G1 F1800 X142.333 Y85.085 E2592.82053
G0 F9000 X141.711 Y85.085
G1 F1800 X127.441 Y70.816 E2593.55884
G0 F9000 X126.819 Y70.816
G1 F1800 X141.088 Y85.085 E2594.29713
G0 F9000 X140.466 Y85.085
G1 F1800 X126.197 Y70.816 E2595.03542
G0 F9000 X125.574 Y70.816
G1 F1800 X139.844 Y85.085 E2595.77373
G0 F9000 X139.222 Y85.085
G1 F1800 X124.952 Y70.816 E2596.51204
G0 F9000 X124.33 Y70.816
G1 F1800 X138.599 Y85.085 E2597.25033
G0 F9000 X137.977 Y85.085
G1 F1800 X123.708 Y70.816 E2597.98862
G0 F9000 X123.085 Y70.816
G1 F1800 X137.355 Y85.085 E2598.72693
G0 F9000 X136.733 Y85.085
G1 F1800 X122.463 Y70.816 E2599.46524
G0 F9000 X121.841 Y70.816
G1 F1800 X136.111 Y85.086 E2600.20358
G0 F9000 X135.489 Y85.086
G1 F1800 X121.219 Y70.816 E2600.94192
G0 F9000 X120.596 Y70.816
G1 F1800 X134.866 Y85.086 E2601.68026
G0 F9000 X134.244 Y85.086
G1 F1800 X119.974 Y70.816 E2602.4186
G0 F9000 X119.352 Y70.816
G1 F1800 X133.622 Y85.086 E2603.15694
G0 F9000 X133 Y85.086
G1 F1800 X118.73 Y70.816 E2603.89527
G0 F9000 X118.107 Y70.816
G1 F1800 X132.377 Y85.086 E2604.63361
G0 F9000 X131.755 Y85.086
G1 F1800 X117.485 Y70.816 E2605.37195
G0 F9000 X116.863 Y70.816
G1 F1800 X131.133 Y85.086 E2606.11029
G0 F9000 X130.511 Y85.086
G1 F1800 X116.241 Y70.816 E2606.84863
G0 F9000 X115.618 Y70.816
G1 F1800 X129.888 Y85.086 E2607.58697
G0 F9000 X129.266 Y85.086
G1 F1800 X114.996 Y70.816 E2608.32531
G0 F9000 X114.374 Y70.816
G1 F1800 X128.644 Y85.086 E2609.06365
G0 F9000 X128.022 Y85.086
G1 F1800 X113.752 Y70.816 E2609.80198
G0 F9000 X113.129 Y70.816
G1 F1800 X127.399 Y85.086 E2610.54032
G0 F9000 X126.777 Y85.086
G1 F1800 X112.507 Y70.816 E2611.27866
G0 F9000 X111.885 Y70.816
G1 F1800 X126.155 Y85.086 E2612.017
G0 F9000 X125.533 Y85.087
G1 F1800 X111.263 Y70.816 E2612.75537
G0 F9000 X110.64 Y70.816
G1 F1800 X124.911 Y85.087 E2613.49376
G0 F9000 X124.289 Y85.087
G1 F1800 X110.018 Y70.816 E2614.23215
G0 F9000 X109.396 Y70.816
G1 F1800 X123.667 Y85.087 E2614.97054
G0 F9000 X123.044 Y85.087
G1 F1800 X108.774 Y70.816 E2615.7089
G0 F9000 X108.151 Y70.816
G1 F1800 X122.422 Y85.087 E2616.44729
G0 F9000 X121.8 Y85.087
G1 F1800 X107.529 Y70.816 E2617.18568
G0 F9000 X106.907 Y70.816
G1 F1800 X121.178 Y85.087 E2617.92407
G0 F9000 X120.555 Y85.087
G1 F1800 X106.285 Y70.816 E2618.66244
G0 F9000 X105.662 Y70.816
G1 F1800 X119.933 Y85.087 E2619.40083
G0 F9000 X119.311 Y85.087
G1 F1800 X105.04 Y70.816 E2620.13922
G0 F9000 X104.418 Y70.816
G1 F1800 X118.689 Y85.087 E2620.87761
G0 F9000 X118.066 Y85.087
G1 F1800 X103.795 Y70.816 E2621.616
G0 F9000 X103.173 Y70.816
G1 F1800 X117.444 Y85.087 E2622.35439
G0 F9000 X116.822 Y85.087
G1 F1800 X102.551 Y70.816 E2623.09278
G0 F9000 X101.929 Y70.816
G1 F1800 X116.2 Y85.087 E2623.83117
G0 F9000 X115.577 Y85.087
G1 F1800 X101.306 Y70.816 E2624.56956
G0 F9000 X100.684 Y70.816
G1 F1800 X114.956 Y85.088 E2625.308
G0 F9000 X114.334 Y85.088
G1 F1800 X100.062 Y70.816 E2626.04645
G0 F9000 X99.44 Y70.816
G1 F1800 X113.711 Y85.088 E2626.78486
G0 F9000 X113.089 Y85.088
G1 F1800 X98.817 Y70.816 E2627.5233
G0 F9000 X98.195 Y70.816
G1 F1800 X112.467 Y85.088 E2628.26175
G0 F9000 X111.844 Y85.088
G1 F1800 X97.573 Y70.816 E2629.00016
G0 F9000 X96.951 Y70.816
G1 F1800 X111.222 Y85.088 E2629.73858
G0 F9000 X110.6 Y85.088
G1 F1800 X96.328 Y70.816 E2630.47702
G0 F9000 X95.706 Y70.816
G1 F1800 X109.978 Y85.088 E2631.21546
G0 F9000 X109.355 Y85.088
G1 F1800 X95.084 Y70.816 E2631.95388
G0 F9000 X94.462 Y70.816
G1 F1800 X108.733 Y85.088 E2632.6923
G0 F9000 X108.111 Y85.088
G1 F1800 X93.839 Y70.816 E2633.43074
G0 F9000 X93.217 Y70.816
G1 F1800 X107.489 Y85.088 E2634.16918
G0 F9000 X106.866 Y85.088
G1 F1800 X92.595 Y70.816 E2634.9076
G0 F9000 X91.973 Y70.816
G1 F1800 X106.244 Y85.088 E2635.64601
G0 F9000 X105.622 Y85.088
G1 F1800 X91.35 Y70.816 E2636.38446
G0 F9000 X90.728 Y70.816
G1 F1800 X105 Y85.088 E2637.1229
G0 F9000 X104.378 Y85.088
G1 F1800 X90.106 Y70.816 E2637.86134
G0 F9000 X89.484 Y70.816
G1 F1800 X103.756 Y85.088 E2638.59978
G0 F9000 X103.134 Y85.088
G1 F1800 X88.861 Y70.816 E2639.33825
G0 F9000 X88.239 Y70.816
G1 F1800 X102.511 Y85.088 E2640.07669
G0 F9000 X101.889 Y85.088
G1 F1800 X87.617 Y70.816 E2640.81514
G0 F9000 X86.995 Y70.816
G1 F1800 X101.267 Y85.088 E2641.55358
G0 F9000 X100.645 Y85.088
G1 F1800 X86.372 Y70.816 E2642.29205
G0 F9000 X85.75 Y70.816
G1 F1800 X100.022 Y85.088 E2643.03049
G0 F9000 X99.4 Y85.088
G1 F1800 X85.128 Y70.816 E2643.76893
G0 F9000 X84.506 Y70.816
G1 F1800 X98.778 Y85.088 E2644.50737
G0 F9000 X98.156 Y85.088
G1 F1800 X83.883 Y70.816 E2645.24584
G0 F9000 X83.261 Y70.816
G1 F1800 X97.533 Y85.088 E2645.98428
G0 F9000 X96.911 Y85.088
G1 F1800 X82.639 Y70.816 E2646.72273
G0 F9000 X82.017 Y70.816
G1 F1800 X96.289 Y85.088 E2647.46117
G0 F9000 X95.667 Y85.088
G1 F1800 X81.394 Y70.816 E2648.19964
G0 F9000 X80.772 Y70.816
G1 F1800 X95.044 Y85.088 E2648.93808
G0 F9000 X94.422 Y85.088
G1 F1800 X80.15 Y70.816 E2649.67652
G0 F9000 X79.528 Y70.816
G1 F1800 X93.801 Y85.089 E2650.41501
G0 F9000 X93.178 Y85.089
G1 F1800 X78.905 Y70.816 E2651.15351
G0 F9000 X78.283 Y70.816
G1 F1800 X92.556 Y85.089 E2651.892
G0 F9000 X91.934 Y85.089
G1 F1800 X77.661 Y70.816 E2652.6305
G0 F9000 X77.039 Y70.816
G1 F1800 X91.312 Y85.089 E2653.36899
G0 F9000 X90.689 Y85.089
G1 F1800 X76.416 Y70.816 E2654.10748
G0 F9000 X75.794 Y70.816
G1 F1800 X90.067 Y85.089 E2654.84598
G0 F9000 X89.445 Y85.089
G1 F1800 X75.172 Y70.816 E2655.58447
G0 F9000 X74.55 Y70.816
G1 F1800 X88.823 Y85.089 E2656.32297
G0 F9000 X88.2 Y85.089
G1 F1800 X73.927 Y70.816 E2657.06146
G0 F9000 X73.305 Y70.816
G1 F1800 X87.578 Y85.089 E2657.79995
G0 F9000 X86.956 Y85.089
G1 F1800 X72.683 Y70.816 E2658.53845
G0 F9000 X72.061 Y70.816
G1 F1800 X86.333 Y85.089 E2659.27692
G0 F9000 X85.711 Y85.089
G1 F1800 X71.438 Y70.816 E2660.01541
G0 F9000 X70.816 Y70.816
G1 F1800 X85.089 Y85.089 E2660.7539
G0 F9000 X84.467 Y85.089
G1 F1800 X70.194 Y70.816 E2661.4924
G0 F9000 X69.572 Y70.816
G1 F1800 X83.844 Y85.089 E2662.23087
G0 F9000 X83.223 Y85.09
G1 F1800 X68.949 Y70.816 E2662.96941
G0 F9000 X68.327 Y70.816
G1 F1800 X82.601 Y85.09 E2663.70796
G0 F9000 X81.978 Y85.09
G1 F1800 X67.705 Y70.816 E2664.44648
G0 F9000 X67.083 Y70.816
G1 F1800 X81.356 Y85.09 E2665.185
G0 F9000 X80.734 Y85.09
G1 F1800 X66.46 Y70.816 E2665.92354
G0 F9000 X65.838 Y70.816
G1 F1800 X80.112 Y85.09 E2666.66209
G0 F9000 X79.489 Y85.09
G1 F1800 X65.216 Y70.816 E2667.40061
G0 F9000 X64.593 Y70.816
G1 F1800 X78.867 Y85.09 E2668.13915
G0 F9000 X78.245 Y85.09
G1 F1800 X63.971 Y70.816 E2668.8777
G0 F9000 X63.349 Y70.816
G1 F1800 X77.623 Y85.09 E2669.61625
G0 F9000 X77 Y85.09
G1 F1800 X62.727 Y70.816 E2670.35477
G0 F9000 X62.104 Y70.816
G1 F1800 X76.378 Y85.09 E2671.09331
G0 F9000 X75.756 Y85.09
G1 F1800 X61.482 Y70.816 E2671.83186
G0 F9000 X60.86 Y70.816
G1 F1800 X75.134 Y85.09 E2672.5704
G0 F9000 X74.511 Y85.09
G1 F1800 X60.238 Y70.816 E2673.30892
G0 F9000 X59.615 Y70.816
G1 F1800 X73.889 Y85.09 E2674.04747
G0 F9000 X73.267 Y85.09
G1 F1800 X58.993 Y70.816 E2674.78601
G0 F9000 X58.371 Y70.816
G1 F1800 X72.645 Y85.09 E2675.52456
G0 F9000 X72.023 Y85.09
G1 F1800 X57.749 Y70.816 E2676.26311
G0 F9000 X57.126 Y70.816
G1 F1800 X71.401 Y85.09 E2677.00168
G0 F9000 X70.779 Y85.09
G1 F1800 X56.504 Y70.816 E2677.74025
G0 F9000 X55.882 Y70.816
G1 F1800 X70.156 Y85.09 E2678.47879
G0 F9000 X69.534 Y85.09
G1 F1800 X55.26 Y70.816 E2679.21734
G0 F9000 X54.637 Y70.816
G1 F1800 X68.912 Y85.09 E2679.95591
G0 F9000 X68.29 Y85.09
G1 F1800 X54.015 Y70.816 E2680.69448
G0 F9000 X53.393 Y70.816
G1 F1800 X67.667 Y85.09 E2681.43303
G0 F9000 X67.045 Y85.09
G1 F1800 X52.771 Y70.816 E2682.17157
G0 F9000 X52.148 Y70.816
G1 F1800 X66.423 Y85.09 E2682.91015
G0 F9000 X65.801 Y85.09
G1 F1800 X51.526 Y70.816 E2683.64872
G0 F9000 X50.904 Y70.816
G1 F1800 X65.178 Y85.09 E2684.38726
G0 F9000 X64.556 Y85.09
G1 F1800 X50.282 Y70.816 E2685.12581
G0 F9000 X49.659 Y70.816
G1 F1800 X63.934 Y85.09 E2685.86438
G0 F9000 X63.312 Y85.09
G1 F1800 X49.037 Y70.816 E2686.60295
G0 F9000 X48.415 Y70.816
G1 F1800 X52.817 Y75.218 E2686.83071
G0 F9000 X52.064 Y75.088
G1 F1800 X47.793 Y70.816 E2687.05172
G0 F9000 X47.616 Y71.262
G1 F1800 X51.501 Y75.147 E2687.25274
G0 F9000 X51.007 Y75.275
G1 F1800 X47.616 Y71.884 E2687.42819
G0 F9000 X47.616 Y72.506
G1 F1800 X50.597 Y75.487 E2687.58243
G0 F9000 X50.224 Y75.736
G1 F1800 X47.616 Y73.128 E2687.71737
G0 F9000 X47.616 Y73.751
G1 F1800 X49.925 Y76.059 E2687.83681
G0 F9000 X49.666 Y76.423
G1 F1800 X47.616 Y74.373 E2687.94288
G0 F9000 X47.616 Y74.995
G1 F1800 X49.475 Y76.854 E2688.03907
G0 F9000 X49.337 Y77.338
G1 F1800 X47.616 Y75.617 E2688.12811
G0 F9000 X47.616 Y76.24
G1 F1800 X49.28 Y77.904 E2688.21421
G0 F9000 X49.448 Y78.694
G1 F1800 X47.616 Y76.862 E2688.309
G0 F9000 X47.616 Y77.484
G1 F1800 X60.285 Y90.153 E2688.9645
G0 F9000 X60.285 Y89.531
G1 F1800 X51.134 Y80.38 E2689.43798
G0 F9000 X51.888 Y80.512
G1 F1800 X60.285 Y88.909 E2689.87244
G0 F9000 X60.285 Y88.287
G1 F1800 X52.452 Y80.454 E2690.27773
G0 F9000 X52.955 Y80.334
G1 F1800 X60.285 Y87.664 E2690.65699
G0 F9000 X60.285 Y87.042
G1 F1800 X53.367 Y80.124 E2691.01493
G0 F9000 X53.736 Y79.871
G1 F1800 X60.329 Y86.464 E2691.35605
G0 F9000 X60.484 Y85.997
G1 F1800 X54.049 Y79.562 E2691.689
G0 F9000 X54.305 Y79.195
G1 F1800 X60.747 Y85.637 E2692.02232
G0 F9000 X61.09 Y85.358
G1 F1800 X54.526 Y78.794 E2692.36194
G0 F9000 X54.668 Y78.313
G1 F1800 X61.52 Y85.166 E2692.7165
G0 F9000 X62.067 Y85.09
G1 F1800 X54.687 Y77.71 E2693.09834
G0 F9000 X54.584 Y76.986
G1 F1800 X62.689 Y85.09 E2693.51767
G1 F1500 E2691.51767
G0 F9000 X62.653 Y87.453
G0 X62.665 Y90.776
G0 X60.285 Y90.776
G1 F1500 E2693.51767
G1 F1800 X47.616 Y78.106 E2694.1732
G0 F9000 X47.616 Y78.729
G1 F1800 X60.285 Y91.398 E2694.8287
G0 F9000 X60.285 Y92.02
G1 F1800 X47.616 Y79.351 E2695.48421
G0 F9000 X47.616 Y79.973
G1 F1800 X60.285 Y92.642 E2696.13971
G0 F9000 X60.285 Y93.265
G1 F1800 X47.616 Y80.595 E2696.79524
G0 F9000 X47.616 Y81.218
G1 F1800 X60.285 Y93.887 E2697.45074
G0 F9000 X60.285 Y94.509
G1 F1800 X47.616 Y81.84 E2698.10624
G0 F9000 X47.616 Y82.462
G1 F1800 X60.285 Y95.131 E2698.76174
G0 F9000 X60.285 Y95.754
G1 F1800 X47.616 Y83.084 E2699.41727
G0 F9000 X47.616 Y83.707
G1 F1800 X60.285 Y96.376 E2700.07277
G0 F9000 X60.285 Y96.998
G1 F1800 X47.616 Y84.329 E2700.72827
G0 F9000 X47.616 Y84.951
G1 F1800 X60.285 Y97.62 E2701.38378
G0 F9000 X60.285 Y98.243
G1 F1800 X47.616 Y85.573 E2702.0393
G0 F9000 X47.616 Y86.196
G1 F1800 X60.285 Y98.865 E2702.6948
G0 F9000 X60.285 Y99.487
G1 F1800 X47.616 Y86.818 E2703.35031
G0 F9000 X47.616 Y87.44
G1 F1800 X60.285 Y100.109 E2704.00581
G0 F9000 X60.285 Y100.732
G1 F1800 X47.616 Y88.062 E2704.66134
G0 F9000 X47.616 Y88.685
G1 F1800 X60.285 Y101.354 E2705.31684
G0 F9000 X60.285 Y101.976
G1 F1800 X47.616 Y89.307 E2705.97234
G0 F9000 X47.616 Y89.929
G1 F1800 X60.285 Y102.598 E2706.62784
G0 F9000 X60.285 Y103.221
G1 F1800 X47.616 Y90.551 E2707.28337
G0 F9000 X47.616 Y91.174
G1 F1800 X60.285 Y103.843 E2707.93887
G0 F9000 X60.285 Y104.465
G1 F1800 X47.616 Y91.796 E2708.59437
G0 F9000 X47.616 Y92.418
G1 F1800 X60.285 Y105.087 E2709.24988
G0 F9000 X60.286 Y105.71
G1 F1800 X47.616 Y93.04 E2709.90543
G0 F9000 X47.616 Y93.663
G1 F1800 X60.286 Y106.333 E2710.56098
G0 F9000 X60.286 Y106.955
G1 F1800 X47.616 Y94.285 E2711.21654
G0 F9000 X47.616 Y94.907
G1 F1800 X60.286 Y107.577 E2711.87209
G0 F9000 X60.286 Y108.199
G1 F1800 X47.616 Y95.529 E2712.52765
G0 F9000 X47.616 Y96.152
G1 F1800 X60.286 Y108.822 E2713.1832
G0 F9000 X60.286 Y109.444
G1 F1800 X47.616 Y96.774 E2713.83875
G0 F9000 X47.616 Y97.396
G1 F1800 X60.286 Y110.066 E2714.49431
G0 F9000 X60.286 Y110.688
G1 F1800 X47.616 Y98.018 E2715.14986
G0 F9000 X47.616 Y98.641
G1 F1800 X60.286 Y111.311 E2715.80541
G0 F9000 X60.286 Y111.933
G1 F1800 X47.616 Y99.263 E2716.46097
G0 F9000 X47.616 Y99.885
G1 F1800 X60.286 Y112.555 E2717.11652
G0 F9000 X60.286 Y113.177
G1 F1800 X47.616 Y100.507 E2717.77208
G0 F9000 X47.616 Y101.13
G1 F1800 X60.286 Y113.8 E2718.42763
G0 F9000 X60.286 Y114.422
G1 F1800 X47.616 Y101.752 E2719.08318
G0 F9000 X47.616 Y102.374
G1 F1800 X60.286 Y115.044 E2719.73874
G0 F9000 X60.286 Y115.666
G1 F1800 X47.616 Y102.996 E2720.39429
G0 F9000 X47.616 Y103.619
G1 F1800 X60.286 Y116.289 E2721.04984
G0 F9000 X60.286 Y116.911
G1 F1800 X47.616 Y104.241 E2721.7054
G0 F9000 X47.616 Y104.863
G1 F1800 X60.286 Y117.533 E2722.36095
G0 F9000 X60.286 Y118.155
G1 F1800 X47.616 Y105.485 E2723.01651
G0 F9000 X47.616 Y106.108
G1 F1800 X60.286 Y118.778 E2723.67206
G0 F9000 X60.286 Y119.4
G1 F1800 X47.616 Y106.73 E2724.32761
G0 F9000 X47.616 Y107.352
G1 F1800 X60.286 Y120.022 E2724.98317
G0 F9000 X60.286 Y120.644
G1 F1800 X47.616 Y107.974 E2725.63872
G0 F9000 X47.616 Y108.597
G1 F1800 X60.286 Y121.267 E2726.29427
G0 F9000 X60.286 Y121.889
G1 F1800 X47.616 Y109.219 E2726.94983
G0 F9000 X47.616 Y109.841
G1 F1800 X60.286 Y122.511 E2727.60538
G0 F9000 X60.286 Y123.133
G1 F1800 X47.616 Y110.464 E2728.26091
G0 F9000 X47.616 Y111.086
G1 F1800 X60.287 Y123.756 E2728.91649
G0 F9000 X60.287 Y124.379
G1 F1800 X47.616 Y111.708 E2729.57209
G0 F9000 X47.616 Y112.33
G1 F1800 X60.287 Y125.001 E2730.2277
G0 F9000 X60.287 Y125.623
G1 F1800 X47.616 Y112.953 E2730.88328
G0 F9000 X47.616 Y113.575
G1 F1800 X60.287 Y126.245 E2731.53886
G0 F9000 X60.287 Y126.868
G1 F1800 X47.616 Y114.197 E2732.19446
G0 F9000 X47.616 Y114.819
G1 F1800 X60.287 Y127.49 E2732.85007
G0 F9000 X60.287 Y128.112
G1 F1800 X47.616 Y115.442 E2733.50565
G0 F9000 X47.616 Y116.064
G1 F1800 X60.287 Y128.734 E2734.16123
G0 F9000 X60.287 Y129.357
G1 F1800 X47.616 Y116.686 E2734.81684
G0 F9000 X47.616 Y117.308
G1 F1800 X60.287 Y129.979 E2735.47244
G0 F9000 X60.287 Y130.601
G1 F1800 X47.616 Y117.931 E2736.12802
G0 F9000 X47.616 Y118.553
G1 F1800 X60.287 Y131.223 E2736.7836
G0 F9000 X60.287 Y131.846
G1 F1800 X47.616 Y119.175 E2737.43921
G0 F9000 X47.616 Y119.797
G1 F1800 X60.287 Y132.468 E2738.09481
G0 F9000 X60.287 Y133.09
G1 F1800 X47.616 Y120.42 E2738.75039
G0 F9000 X47.616 Y121.042
G1 F1800 X60.287 Y133.712 E2739.40597
G0 F9000 X60.287 Y134.335
G1 F1800 X47.616 Y121.664 E2740.06158
G0 F9000 X47.616 Y122.286
G1 F1800 X60.287 Y134.957 E2740.71718
G0 F9000 X60.287 Y135.579
G1 F1800 X47.616 Y122.909 E2741.37276
G0 F9000 X47.616 Y123.531
G1 F1800 X60.287 Y136.201 E2742.02834
G0 F9000 X60.287 Y136.824
G1 F1800 X47.616 Y124.153 E2742.68395
G0 F9000 X47.616 Y124.775
G1 F1800 X60.287 Y137.446 E2743.33955
G0 F9000 X60.287 Y138.068
G1 F1800 X47.616 Y125.398 E2743.99513
G0 F9000 X47.616 Y126.02
G1 F1800 X60.287 Y138.691 E2744.65074
G0 F9000 X60.287 Y139.313
G1 F1800 X47.616 Y126.642 E2745.30634
G0 F9000 X47.616 Y127.264
G1 F1800 X60.287 Y139.935 E2745.96195
G0 F9000 X60.287 Y140.557
G1 F1800 X47.616 Y127.887 E2746.61753
G0 F9000 X47.616 Y128.509
G1 F1800 X60.287 Y141.18 E2747.27313
G0 F9000 X60.287 Y141.802
G1 F1800 X47.616 Y129.131 E2747.92874
G1 F1500 E2745.92874
G0 F9000 X45.235 Y129.131
G0 X45.247 Y68.447
G0 X145.487 Y68.435
G0 X145.487 Y70.816
G1 F1500 E2747.92874
G1 F1800 X172.384 Y97.714 E2749.32043
G0 F9000 X172.384 Y97.091
G1 F1800 X146.109 Y70.816 E2750.67992
G0 F9000 X146.731 Y70.816
G1 F1800 X172.384 Y96.469 E2752.00722
G0 F9000 X172.384 Y95.847
G1 F1800 X147.353 Y70.816 E2753.30234
G0 F9000 X147.976 Y70.816
G1 F1800 X172.384 Y95.225 E2754.56525
G0 F9000 X172.384 Y94.602
G1 F1800 X148.598 Y70.816 E2755.79595
G0 F9000 X149.22 Y70.816
G1 F1800 X172.384 Y93.98 E2756.99447
G0 F9000 X172.384 Y93.358
G1 F1800 X149.842 Y70.816 E2758.16081
G0 F9000 X150.465 Y70.816
G1 F1800 X172.384 Y92.736 E2759.29494
G0 F9000 X172.384 Y92.113
G1 F1800 X151.087 Y70.816 E2760.39686
G0 F9000 X151.709 Y70.816
G1 F1800 X172.384 Y91.491 E2761.4666
G0 F9000 X172.384 Y90.869
G1 F1800 X152.331 Y70.816 E2762.50415
G0 F9000 X152.954 Y70.816
G1 F1800 X172.384 Y90.247 E2763.5095
G0 F9000 X172.384 Y89.624
G1 F1800 X153.576 Y70.816 E2764.48263
G0 F9000 X154.198 Y70.816
G1 F1800 X172.384 Y89.002 E2765.42359
G0 F9000 X172.384 Y88.38
G1 F1800 X154.82 Y70.816 E2766.33236
G0 F9000 X155.443 Y70.816
G1 F1800 X172.384 Y87.758 E2767.20893
G0 F9000 X172.384 Y87.135
G1 F1800 X156.065 Y70.816 E2768.05328
G0 F9000 X156.687 Y70.816
G1 F1800 X172.384 Y86.513 E2768.86545
G0 F9000 X172.384 Y85.891
G1 F1800 X166.637 Y80.144 E2769.16281
G0 F9000 X167.578 Y80.462
G1 F1800 X172.384 Y85.269 E2769.4115
G0 F9000 X172.384 Y84.646
G1 F1800 X168.237 Y80.499 E2769.62607
G0 F9000 X168.757 Y80.397
G1 F1800 X172.384 Y84.024 E2769.81373
G0 F9000 X172.384 Y83.402
G1 F1800 X169.204 Y80.221 E2769.97829
G0 F9000 X169.585 Y79.981
G1 F1800 X172.384 Y82.78 E2770.12311
G0 F9000 X172.384 Y82.157
G1 F1800 X169.93 Y79.703 E2770.25008
G0 F9000 X170.203 Y79.354
G1 F1800 X172.384 Y81.535 E2770.36293
G0 F9000 X172.384 Y80.913
G1 F1800 X170.433 Y78.962 E2770.46388
G0 F9000 X170.607 Y78.514
G1 F1800 X172.384 Y80.291 E2770.55582
G0 F9000 X172.384 Y79.668
G1 F1800 X170.691 Y77.975 E2770.64342
G0 F9000 X170.659 Y77.321
G1 F1800 X172.384 Y79.046 E2770.73267
G0 F9000 X172.384 Y78.424
G1 F1800 X170.189 Y76.229 E2770.84624
G0 F9000 X169.547 Y75.587
G1 F1800 X164.776 Y70.816 E2771.09309
G0 F9000 X164.154 Y70.816
G1 F1800 X168.484 Y75.146 E2771.31713
G0 F9000 X167.803 Y75.087
G1 F1800 X163.532 Y70.816 E2771.53812
G0 F9000 X162.91 Y70.816
G1 F1800 X167.286 Y75.192 E2771.76453
G0 F9000 X166.827 Y75.356
G1 F1800 X162.287 Y70.816 E2771.99944
G0 F9000 X161.665 Y70.816
G1 F1800 X166.442 Y75.593 E2772.2466
G0 F9000 X166.089 Y75.863
G1 F1800 X161.043 Y70.816 E2772.50771
G0 F9000 X160.421 Y70.816
G1 F1800 X165.813 Y76.208 E2772.78669
G0 F9000 X165.563 Y76.58
G1 F1800 X159.798 Y70.816 E2773.08495
G0 F9000 X159.176 Y70.816
G1 F1800 X165.397 Y77.036 E2773.40681
G0 F9000 X165.298 Y77.56
G1 F1800 X158.554 Y70.816 E2773.75574
G0 F9000 X157.932 Y70.816
G1 F1800 X165.319 Y78.203 E2774.13795
G0 F9000 X165.645 Y79.151
G1 F1800 X157.309 Y70.816 E2774.56924
G1 F1500 E2772.56924
G0 F9000 X157.309 Y68.435
G0 X165.399 Y68.435
G0 X165.399 Y70.816
G1 F1500 E2774.56924
G1 F1800 X172.384 Y77.802 E2774.93067
G0 F9000 X172.384 Y77.179
G1 F1800 X166.021 Y70.816 E2775.2599
G0 F9000 X166.643 Y70.816
G1 F1800 X172.384 Y76.557 E2775.55694
G0 F9000 X172.384 Y75.935
G1 F1800 X167.265 Y70.816 E2775.8218
G0 F9000 X167.888 Y70.816
G1 F1800 X172.384 Y75.313 E2776.05445
G0 F9000 X172.384 Y74.69
G1 F1800 X168.51 Y70.816 E2776.25489
G0 F9000 X169.132 Y70.816
G1 F1800 X172.384 Y74.068 E2776.42316
G0 F9000 X172.384 Y73.446
G1 F1800 X169.754 Y70.816 E2776.55923
G0 F9000 X170.377 Y70.816
G1 F1800 X172.384 Y72.824 E2776.6631
G0 F9000 X172.384 Y72.201
G1 F1800 X170.999 Y70.816 E2776.73476
G0 F9000 X171.621 Y70.816
G1 F1800 X172.384 Y71.579 E2776.77424
G0 F9000 X172.384 Y70.957
G1 F1800 X172.243 Y70.816 E2776.78154
G1 F1500 E2774.78154
;MESH:NONMESH
G0 F300 Z1.44
G0 F9000 X51.976 Y79.914
;TIME_ELAPSED:3604.149560
;LAYER:7
;TYPE:WALL-INNER
;MESH:SmartKiln_Frente.stl
G1 F1500 E2776.78154
G1 F1800 X51.27 Y79.774 E2776.80787
G1 X51.005 Y79.636 E2776.8188
G1 X50.567 Y79.344 E2776.83806
G1 X50.38 Y79.12 E2776.84874
G1 X50.164 Y78.8 E2776.86286
G1 X49.997 Y78.398 E2776.87879
G1 X49.893 Y77.874 E2776.89833
G1 X49.92 Y77.586 E2776.90892
G1 X49.997 Y77.202 E2776.92324
G1 X50.16 Y76.805 E2776.93895
G1 X50.459 Y76.357 E2776.95865
G1 X50.681 Y76.176 E2776.96913
G1 X51.112 Y75.889 E2776.98808
G1 X51.402 Y75.797 E2776.99921
G1 X51.923 Y75.694 E2777.01864
G1 X52.19 Y75.716 E2777.02844
G1 X52.598 Y75.797 E2777.04366
G1 X52.879 Y75.882 E2777.0544
G1 X53.32 Y76.18 E2777.07387
G1 X53.539 Y76.363 E2777.08431
G1 X53.936 Y76.947 E2777.11015
G1 X54.076 Y77.451 E2777.12929
G1 X54.078 Y78.144 E2777.15464
G1 X53.932 Y78.646 E2777.17377
G1 X53.586 Y79.167 E2777.19665
G1 X53.397 Y79.363 E2777.20661
G1 X52.927 Y79.681 E2777.22737
G1 X52.598 Y79.8 E2777.24017
G1 X51.976 Y79.914 E2777.26331
G0 F9000 X52.006 Y79.463
G1 F1800 X51.362 Y79.346 E2777.28725
G1 X50.816 Y78.981 E2777.31128
G1 X50.528 Y78.554 E2777.33013
G1 X50.428 Y78.313 E2777.33967
G1 X50.326 Y77.8 E2777.35881
G1 X50.428 Y77.287 E2777.37795
G1 X50.526 Y77.049 E2777.38736
G1 X50.816 Y76.615 E2777.40646
G1 X51.356 Y76.254 E2777.43022
G1 X51.886 Y76.149 E2777.44999
G1 X52.114 Y76.149 E2777.45833
G1 X52.641 Y76.253 E2777.47799
G1 X53.178 Y76.614 E2777.50166
G1 X53.53 Y77.131 E2777.52454
G1 X53.638 Y77.514 E2777.5391
G1 X53.639 Y78.086 E2777.56003
G1 X53.528 Y78.462 E2777.57437
G1 X53.179 Y78.988 E2777.59747
G1 X52.625 Y79.347 E2777.62162
G1 X52.006 Y79.463 E2777.64466
G1 F1500 E2775.64466
G0 F9000 X52.074 Y146.903
G1 F1500 E2777.64466
G1 F1800 X51.786 Y146.876 E2777.65524
G1 X51.402 Y146.799 E2777.66957
G1 X51.006 Y146.636 E2777.68524
G1 X50.681 Y146.42 E2777.69952
G1 X50.46 Y146.239 E2777.70997
G1 X50.164 Y145.8 E2777.72934
G1 X49.997 Y145.398 E2777.74527
G1 X49.893 Y144.874 E2777.76481
G1 X49.92 Y144.586 E2777.77539
G1 X49.997 Y144.202 E2777.78972
G1 X50.16 Y143.805 E2777.80542
G1 X50.376 Y143.481 E2777.81967
G1 X50.564 Y143.254 E2777.83045
G1 X51.005 Y142.96 E2777.84984
G1 X51.27 Y142.822 E2777.86078
G1 X51.976 Y142.682 E2777.88711
G1 X52.679 Y142.811 E2777.91326
G1 X52.916 Y142.906 E2777.9226
G1 X53.425 Y143.26 E2777.94528
G1 X53.615 Y143.473 E2777.95573
G1 X53.936 Y143.948 E2777.9767
G1 X54.082 Y144.465 E2777.99636
G1 X54.073 Y145.193 E2778.02299
G1 X53.907 Y145.69 E2778.04216
G1 X53.54 Y146.237 E2778.06626
G1 X53.312 Y146.426 E2778.0771
G1 X52.992 Y146.637 E2778.09112
G1 X52.598 Y146.799 E2778.10671
G1 X52.074 Y146.903 E2778.12625
G0 F9000 X51.997 Y146.469
G1 F1800 X51.487 Y146.368 E2778.14527
G1 X51.25 Y146.27 E2778.15466
G1 X50.817 Y145.982 E2778.17368
G1 X50.528 Y145.554 E2778.19258
G1 X50.428 Y145.313 E2778.20212
G1 X50.326 Y144.8 E2778.22126
G1 X50.428 Y144.287 E2778.24039
G1 X50.526 Y144.049 E2778.24981
G1 X50.816 Y143.615 E2778.26891
G1 X51.362 Y143.251 E2778.29292
G1 X52.007 Y143.133 E2778.31691
G1 X52.658 Y143.261 E2778.34118
G1 X53.189 Y143.629 E2778.36482
G1 X53.533 Y144.138 E2778.38729
G1 X53.634 Y144.511 E2778.40143
G1 X53.636 Y145.109 E2778.42331
G1 X53.515 Y145.486 E2778.4378
G1 X53.18 Y145.986 E2778.45982
G1 X52.749 Y146.271 E2778.47872
G1 X52.513 Y146.368 E2778.48805
G1 X51.997 Y146.469 E2778.50729
G1 F1500 E2776.50729
G0 F9000 X110 Y149.799
G1 F1500 E2778.50729
G1 F1800 X173 Y149.8 E2780.81222
G1 X173 Y70.2 E2783.72448
G1 X47.001 Y70.201 E2788.33429
G1 X47.001 Y149.799 E2791.24648
G1 X110 Y149.799 E2793.55137
G0 F9000 X110 Y150.24
G1 F1800 X173.44 Y150.24 E2795.87239
G1 X173.44 Y69.76 E2798.81685
G1 X46.561 Y69.761 E2803.45886
G1 X46.561 Y150.239 E2806.40324
G1 X110 Y150.24 E2808.72423
G1 F1500 E2806.72423
G0 F9000 X110 Y142.9
G1 F1500 E2808.72423
G1 F1800 X61.876 Y142.9 E2810.4849
G1 X61.488 Y142.775 E2810.49982
G1 X61.227 Y142.583 E2810.51167
G1 X61.093 Y142.424 E2810.51928
G1 X60.945 Y142.115 E2810.53181
G1 X60.9 Y141.905 E2810.53967
G1 X60.9 Y86.645 E2812.56142
G1 X61.019 Y86.3 E2812.57477
G1 X61.287 Y85.962 E2812.59056
G1 X61.561 Y85.791 E2812.60237
G1 X61.906 Y85.703 E2812.6154
G1 X158.11 Y85.705 E2816.13513
G1 X158.477 Y85.787 E2816.14889
G1 X158.793 Y86.037 E2816.16363
G1 X158.979 Y86.297 E2816.17533
G1 X159.1 Y86.643 E2816.18874
G1 X159.1 Y141.936 E2818.2117
G1 X159.027 Y142.197 E2818.22161
G1 X158.843 Y142.533 E2818.23563
G1 X158.512 Y142.774 E2818.25061
G1 X158.124 Y142.9 E2818.26553
G1 X110 Y142.9 E2820.0262
G0 F9000 X110 Y142.46
G1 F1800 X61.911 Y142.46 E2821.7856
G1 X61.693 Y142.385 E2821.79403
G1 X61.536 Y142.27 E2821.80115
G1 X61.408 Y142.094 E2821.80911
G1 X61.345 Y141.888 E2821.81699
G1 X61.343 Y86.73 E2823.83501
G1 X61.411 Y86.5 E2823.84379
G1 X61.604 Y86.271 E2823.85474
G1 X61.927 Y86.14 E2823.8675
G1 X158.066 Y86.143 E2827.38485
G1 X158.398 Y86.272 E2827.39788
G1 X158.605 Y86.533 E2827.41007
G1 X158.657 Y86.73 E2827.41753
G1 X158.66 Y141.882 E2829.43532
G1 X158.534 Y142.189 E2829.44747
G1 X158.392 Y142.332 E2829.45484
G1 X158.076 Y142.46 E2829.46731
G1 X110 Y142.46 E2831.22623
G1 F1500 E2829.22623
G0 F9000 X168.074 Y146.903
G1 F1500 E2831.22623
G1 F1800 X167.786 Y146.876 E2831.23681
G1 X167.402 Y146.799 E2831.25114
G1 X167.006 Y146.636 E2831.26681
G1 X166.681 Y146.42 E2831.28108
G1 X166.457 Y146.234 E2831.29174
G1 X166.164 Y145.8 E2831.31089
G1 X166.023 Y145.536 E2831.32184
G1 X165.911 Y144.962 E2831.34324
G1 X165.896 Y144.71 E2831.35248
G1 X166.022 Y144.072 E2831.37627
G1 X166.144 Y143.83 E2831.38619
G1 X166.431 Y143.398 E2831.40516
G1 X166.608 Y143.225 E2831.41422
G1 X167.1 Y142.897 E2831.43585
G1 X167.402 Y142.796 E2831.4475
G1 X168.024 Y142.682 E2831.47064
G1 X168.737 Y142.824 E2831.49723
G1 X169 Y142.964 E2831.50813
G1 X169.437 Y143.259 E2831.52742
G1 X169.615 Y143.474 E2831.53764
G1 X169.834 Y143.798 E2831.55194
G1 X170.02 Y144.187 E2831.56772
G1 X170.08 Y144.604 E2831.58313
G1 X170.08 Y145.123 E2831.60212
G1 X169.979 Y145.495 E2831.61622
G1 X169.838 Y145.793 E2831.62829
G1 X169.539 Y146.239 E2831.64793
G1 X169.312 Y146.426 E2831.65869
G1 X168.992 Y146.637 E2831.67271
G1 X168.598 Y146.799 E2831.6883
G1 X168.074 Y146.903 E2831.70785
G0 F9000 X167.997 Y146.469
G1 F1800 X167.487 Y146.368 E2831.72687
G1 X167.25 Y146.27 E2831.73625
G1 X166.818 Y145.983 E2831.75523
G1 X166.453 Y145.442 E2831.7791
G1 X166.327 Y144.796 E2831.80318
G1 X166.454 Y144.155 E2831.82709
G1 X166.822 Y143.618 E2831.85091
G1 X167.344 Y143.261 E2831.87404
G1 X167.993 Y143.133 E2831.89825
G1 X168.64 Y143.251 E2831.92231
G1 X169.18 Y143.615 E2831.94613
G1 X169.54 Y144.148 E2831.96967
G1 X169.64 Y144.604 E2831.98674
G1 X169.64 Y145.074 E2832.00394
G1 X169.532 Y145.458 E2832.01853
G1 X169.18 Y145.985 E2832.04172
G1 X168.749 Y146.271 E2832.06065
G1 X168.513 Y146.368 E2832.06998
G1 X167.997 Y146.469 E2832.08922
G1 F1500 E2830.08922
G0 F9000 X167.865 Y79.892
G1 F1500 E2832.08922
G1 F1800 X167.313 Y79.778 E2832.10984
G1 X167.076 Y79.684 E2832.11917
G1 X166.597 Y79.358 E2832.14037
G1 X166.41 Y79.163 E2832.15025
G1 X166.101 Y78.695 E2832.17077
G1 X166.019 Y78.491 E2832.17881
G1 X165.92 Y78.014 E2832.19664
G1 X165.903 Y77.707 E2832.20788
G1 X166.012 Y77.12 E2832.22973
G1 X166.103 Y76.89 E2832.23878
G1 X166.454 Y76.364 E2832.26191
G1 X166.681 Y76.176 E2832.2727
G1 X167.127 Y75.879 E2832.2923
G1 X167.402 Y75.797 E2832.3028
G1 X167.923 Y75.694 E2832.32223
G1 X168.19 Y75.716 E2832.33203
G1 X168.598 Y75.797 E2832.34725
G1 X168.889 Y75.889 E2832.35842
G1 X169.437 Y76.259 E2832.38261
G1 X169.615 Y76.474 E2832.39282
G1 X169.834 Y76.798 E2832.40713
G1 X170.02 Y77.187 E2832.4229
G1 X170.08 Y77.604 E2832.43832
G1 X170.08 Y78.123 E2832.4573
G1 X169.979 Y78.495 E2832.47141
G1 X169.838 Y78.793 E2832.48347
G1 X169.618 Y79.121 E2832.49792
G1 X169.431 Y79.347 E2832.50865
G1 X168.992 Y79.638 E2832.52792
G1 X168.731 Y79.774 E2832.53869
G1 X168.113 Y79.896 E2832.56173
G1 X167.865 Y79.892 E2832.57081
G0 F9000 X167.978 Y79.466
G1 F1800 X167.349 Y79.338 E2832.59429
G1 X166.82 Y78.98 E2832.61766
G1 X166.452 Y78.444 E2832.64145
G1 X166.331 Y77.801 E2832.66539
G1 X166.461 Y77.147 E2832.68978
G1 X166.814 Y76.616 E2832.71311
G1 X167.358 Y76.253 E2832.73704
G1 X167.886 Y76.149 E2832.75673
G1 X168.114 Y76.149 E2832.76507
G1 X168.644 Y76.254 E2832.78484
G1 X169.18 Y76.615 E2832.80848
G1 X169.54 Y77.148 E2832.83201
G1 X169.64 Y77.604 E2832.84909
G1 X169.64 Y78.074 E2832.86629
G1 X169.532 Y78.458 E2832.88088
G1 X169.18 Y78.985 E2832.90407
G1 X168.637 Y79.345 E2832.9279
G1 X167.978 Y79.466 E2832.95242
G0 F9000 X168.003 Y79.02
;TYPE:WALL-OUTER
G1 F1800 X167.536 Y78.926 E2832.96984
G1 X167.134 Y78.666 E2832.98736
G1 X166.869 Y78.273 E2833.0047
G1 X166.776 Y77.802 E2833.02227
G1 X166.87 Y77.326 E2833.04002
G1 X167.133 Y76.931 E2833.05738
G1 X167.531 Y76.672 E2833.07475
G1 X167.999 Y76.575 E2833.09224
G1 X168.473 Y76.669 E2833.10992
G1 X168.859 Y76.934 E2833.12705
G1 X169.106 Y77.292 E2833.14296
G1 X169.2 Y77.568 E2833.15363
G1 X169.197 Y78.03 E2833.17053
G1 X169.107 Y78.303 E2833.18105
G1 X168.858 Y78.666 E2833.19715
G1 X168.466 Y78.925 E2833.21434
G1 X168.003 Y79.02 E2833.23163
G1 F1500 E2831.23163
G0 F9000 X168 Y146.021
G1 F1500 E2833.23163
G1 F1800 X167.529 Y145.927 E2833.24921
G1 X167.133 Y145.664 E2833.2666
G1 X166.871 Y145.266 E2833.28403
G1 X166.775 Y144.8 E2833.30144
G1 X166.871 Y144.334 E2833.31885
G1 X167.138 Y143.929 E2833.33659
G1 X167.526 Y143.67 E2833.35366
G1 X168.003 Y143.576 E2833.37145
G1 X168.466 Y143.671 E2833.38874
G1 X168.859 Y143.934 E2833.40604
G1 X169.106 Y144.292 E2833.42195
G1 X169.2 Y144.568 E2833.43262
G1 X169.197 Y145.03 E2833.44953
G1 X169.107 Y145.303 E2833.46004
G1 X168.86 Y145.664 E2833.47605
G1 X168.472 Y145.927 E2833.49319
G1 X168 Y146.021 E2833.5108
G1 F1500 E2831.5108
G0 F9000 X110 Y142.017
G1 F1500 E2833.5108
G1 F1800 X61.961 Y142.017 E2835.26836
G1 X61.869 Y141.978 E2835.27202
G1 X61.781 Y141.83 E2835.27832
G1 X61.781 Y86.724 E2837.29444
G1 X61.882 Y86.613 E2837.29993
G1 X61.966 Y86.582 E2837.3032
G1 X158.054 Y86.586 E2840.81869
G1 X158.177 Y86.668 E2840.8241
G1 X158.219 Y86.776 E2840.82834
G1 X158.217 Y141.84 E2842.84292
G1 X158.155 Y141.957 E2842.84776
G1 X158.036 Y142.018 E2842.85266
G1 X110 Y142.017 E2844.61011
G1 F1500 E2842.61011
G0 F9000 X110 Y150.68
G1 F1500 E2844.61011
G1 F1800 X173.88 Y150.68 E2846.94723
G1 X173.88 Y69.32 E2849.92388
G1 X46.121 Y69.321 E2854.59809
G1 X46.121 Y150.679 E2857.57467
G1 X110 Y150.68 E2859.91175
G1 F1500 E2857.91175
G0 F9000 X52 Y146.021
G1 F1500 E2859.91175
G1 F1800 X51.529 Y145.927 E2859.92933
G1 X51.134 Y145.665 E2859.94667
G1 X50.868 Y145.271 E2859.96406
G1 X50.78 Y144.8 E2859.98159
G1 X50.868 Y144.328 E2859.99916
G1 X51.133 Y143.931 E2860.01662
G1 X51.534 Y143.671 E2860.0341
G1 X51.997 Y143.576 E2860.0514
G1 X52.475 Y143.67 E2860.06922
G1 X52.866 Y143.937 E2860.08654
G1 X53.125 Y144.324 E2860.10358
G1 X53.198 Y144.573 E2860.11307
G1 X53.199 Y145.017 E2860.12932
G1 X53.124 Y145.273 E2860.13908
G1 X52.861 Y145.663 E2860.15629
G1 X52.472 Y145.927 E2860.17349
G1 X52 Y146.021 E2860.19109
G1 F1500 E2858.19109
G0 F9000 X51.997 Y79.02
G1 F1500 E2860.19109
G1 F1800 X51.534 Y78.925 E2860.20839
G1 X51.134 Y78.665 E2860.22584
G1 X50.869 Y78.273 E2860.24315
G1 X50.775 Y77.8 E2860.2608
G1 X50.869 Y77.327 E2860.27844
G1 X51.133 Y76.931 E2860.29585
G1 X51.526 Y76.675 E2860.31301
G1 X52 Y76.575 E2860.33074
G1 X52.47 Y76.673 E2860.3483
G1 X52.863 Y76.932 E2860.36552
G1 X53.124 Y77.323 E2860.38272
G1 X53.2 Y77.584 E2860.39267
G1 X53.199 Y78.021 E2860.40865
G1 X53.117 Y78.288 E2860.41887
G1 X52.86 Y78.67 E2860.43572
G1 X52.464 Y78.926 E2860.45297
G1 X51.997 Y79.02 E2860.4704
G1 F1500 E2858.4704
G0 F9000 X167.8 Y80.28
;TYPE:SKIN
G1 F1500 E2860.4704
G1 F1800 X168.166 Y80.285 E2860.48379
G1 X168.863 Y80.151 E2860.50976
G1 X169.188 Y79.979 E2860.52321
G1 X169.692 Y79.647 E2860.54529
G1 X169.937 Y79.354 E2860.55926
G1 X170.18 Y78.99 E2860.57528
G1 X170.348 Y78.634 E2860.58968
G1 X170.473 Y78.182 E2860.60684
G1 X170.474 Y77.58 E2860.62886
G1 X170.401 Y77.071 E2860.64767
G1 X170.175 Y76.597 E2860.66689
G1 X169.939 Y76.244 E2860.68242
G1 X169.701 Y75.954 E2860.69615
G1 X169.057 Y75.528 E2860.7244
G1 X168.673 Y75.408 E2860.73912
G1 X168.265 Y75.324 E2860.75436
G1 X167.896 Y75.294 E2860.7679
G1 X167.12 Y75.45 E2860.79686
G1 X166.802 Y75.616 E2860.80998
G1 X166.451 Y75.854 E2860.8255
G1 X166.155 Y76.098 E2860.83953
G1 X165.743 Y76.717 E2860.86674
G1 X165.635 Y76.985 E2860.87731
G1 X165.511 Y77.653 E2860.90217
G1 X165.508 Y77.948 E2860.91296
G1 X165.638 Y78.608 E2860.93757
G1 X165.761 Y78.912 E2860.94957
G1 X166.133 Y79.456 E2860.97368
G1 X166.349 Y79.668 E2860.98475
G1 X166.798 Y79.974 E2861.00463
G1 X167.125 Y80.141 E2861.01807
G1 X167.8 Y80.28 E2861.04328
G1 F1500 E2859.04328
G0 F9000 X168.089 Y147.303
G1 F1500 E2861.04328
G1 F1800 X168.667 Y147.188 E2861.06484
G1 X169.218 Y146.964 E2861.0866
G1 X169.531 Y146.756 E2861.10035
G1 X169.748 Y146.579 E2861.1106
G1 X169.939 Y146.352 E2861.12145
G1 X170.18 Y145.99 E2861.13736
G1 X170.348 Y145.634 E2861.15176
G1 X170.473 Y145.182 E2861.16892
G1 X170.474 Y144.58 E2861.19095
G1 X170.401 Y144.071 E2861.20976
G1 X170.175 Y143.597 E2861.22897
G1 X169.939 Y143.244 E2861.24451
G1 X169.701 Y142.954 E2861.25823
G1 X169.202 Y142.62 E2861.2802
G1 X168.868 Y142.447 E2861.29396
G1 X168.167 Y142.308 E2861.32011
G1 X167.844 Y142.308 E2861.33193
G1 X167.217 Y142.428 E2861.35528
G1 X166.912 Y142.548 E2861.36727
G1 X166.377 Y142.901 E2861.39072
G1 X166.135 Y143.129 E2861.40289
G1 X165.804 Y143.623 E2861.42464
G1 X165.639 Y143.957 E2861.43827
G1 X165.497 Y144.672 E2861.46494
G1 X165.518 Y145.02 E2861.4777
G1 X165.647 Y145.67 E2861.50194
G1 X165.832 Y146.015 E2861.51627
G1 X166.153 Y146.496 E2861.53742
G1 X166.443 Y146.738 E2861.55124
G1 X166.815 Y146.98 E2861.56748
G1 X167.287 Y147.176 E2861.58618
G1 X167.711 Y147.261 E2861.602
G1 X168.089 Y147.303 E2861.61591
G1 F1500 E2859.61591
G0 F9000 X110 Y143.295
G1 F1500 E2861.61591
G1 F1800 X158.182 Y143.293 E2863.37871
G1 X158.463 Y143.222 E2863.38931
G1 X158.888 Y143.004 E2863.40679
G1 X159.215 Y142.676 E2863.42373
G1 X159.398 Y142.336 E2863.43786
G1 X159.496 Y141.963 E2863.45197
G1 X159.494 Y86.584 E2865.47807
G1 X159.339 Y86.093 E2865.49691
G1 X158.999 Y85.663 E2865.51697
G1 X158.602 Y85.432 E2865.53377
G1 X158.148 Y85.308 E2865.55099
G1 X61.864 Y85.309 E2869.07365
G1 X61.388 Y85.429 E2869.09161
G1 X61.027 Y85.657 E2869.10723
G1 X60.822 Y85.872 E2869.1181
G1 X60.584 Y86.245 E2869.13429
G1 X60.506 Y86.733 E2869.15237
G1 X60.506 Y141.951 E2871.17258
G1 X60.65 Y142.46 E2871.19193
G1 X60.949 Y142.865 E2871.21035
G1 X61.297 Y143.124 E2871.22622
G1 X61.795 Y143.296 E2871.2455
G1 X110 Y143.295 E2873.00914
G1 F1500 E2871.00914
G0 F9000 X110 Y149.402
G1 F1500 E2873.00914
G1 F1800 X47.396 Y149.4 E2875.29957
G1 X47.396 Y70.596 E2878.18271
G1 X172.604 Y70.596 E2882.76359
G1 X172.604 Y149.404 E2885.64687
G1 X110 Y149.402 E2887.93731
G1 F1500 E2885.93731
G0 F9000 X52.089 Y147.303
G1 F1500 E2887.93731
G1 F1800 X52.667 Y147.188 E2887.95887
G1 X53.179 Y146.984 E2887.97903
G1 X53.548 Y146.743 E2887.99516
G1 X53.836 Y146.507 E2888.00878
G1 X54.26 Y145.873 E2888.03669
G1 X54.468 Y145.244 E2888.06092
G1 X54.475 Y144.579 E2888.08525
G1 X54.44 Y144.281 E2888.09623
G1 X54.296 Y143.779 E2888.11534
G1 X53.879 Y143.156 E2888.14277
G1 X53.654 Y142.93 E2888.15443
G1 X53.124 Y142.566 E2888.17796
G1 X52.817 Y142.439 E2888.19011
G1 X52.191 Y142.312 E2888.21348
G1 X51.876 Y142.304 E2888.22501
G1 X51.134 Y142.446 E2888.25265
G1 X50.789 Y142.624 E2888.26685
G1 X50.295 Y142.953 E2888.28857
G1 X50.053 Y143.248 E2888.30253
G1 X49.832 Y143.577 E2888.31703
G1 X49.616 Y144.087 E2888.33729
G1 X49.531 Y144.506 E2888.35293
G1 X49.489 Y144.895 E2888.36725
G1 X49.616 Y145.505 E2888.39005
G1 X49.816 Y145.985 E2888.40907
G1 X50.044 Y146.335 E2888.42435
G1 X50.296 Y146.64 E2888.43883
G1 X50.778 Y146.96 E2888.45999
G1 X51.287 Y147.176 E2888.48022
G1 X51.711 Y147.261 E2888.49605
G1 X52.089 Y147.303 E2888.50996
G1 F1500 E2886.50996
G0 F9000 X52.16 Y80.284
G1 F1500 E2888.50996
G1 F1800 X52.801 Y80.158 E2888.53386
G1 X53.133 Y80.022 E2888.54699
G1 X53.648 Y79.667 E2888.56987
G1 X53.896 Y79.411 E2888.58291
G1 X54.297 Y78.803 E2888.60956
G1 X54.472 Y78.188 E2888.63295
G1 X54.467 Y77.395 E2888.66197
G1 X54.361 Y76.998 E2888.677
G1 X54.234 Y76.675 E2888.6897
G1 X53.836 Y76.093 E2888.71549
G1 X53.544 Y75.853 E2888.72932
G1 X53.224 Y75.637 E2888.74345
G1 X52.983 Y75.503 E2888.75354
G1 X52.695 Y75.412 E2888.76459
G1 X52.264 Y75.324 E2888.78068
G1 X51.897 Y75.294 E2888.79415
G1 X51.317 Y75.408 E2888.81578
G1 X50.947 Y75.524 E2888.82996
G1 X50.299 Y75.955 E2888.85844
G1 X50.055 Y76.246 E2888.87233
G1 X49.832 Y76.577 E2888.88693
G1 X49.616 Y77.087 E2888.9072
G1 X49.531 Y77.506 E2888.92284
G1 X49.489 Y77.894 E2888.93712
G1 X49.616 Y78.509 E2888.96009
G1 X49.816 Y78.989 E2888.97912
G1 X50.045 Y79.336 E2888.99433
G1 X50.299 Y79.638 E2889.00876
G1 X50.804 Y79.975 E2889.03098
G1 X51.134 Y80.151 E2889.04466
G1 X51.83 Y80.285 E2889.07059
G1 X52.16 Y80.284 E2889.08267
G1 F1500 E2887.08267
G0 F9000 X48.034 Y70.816
G1 F1500 E2889.08267
G1 F1800 X47.616 Y71.235 E2889.10432
G0 F9000 X47.616 Y71.857
G1 F1800 X48.657 Y70.816 E2889.15818
G0 F9000 X49.279 Y70.816
G1 F1800 X47.616 Y72.479 E2889.24423
G0 F9000 X47.616 Y73.101
G1 F1800 X49.901 Y70.816 E2889.36245
G0 F9000 X50.523 Y70.816
G1 F1800 X47.616 Y73.724 E2889.51289
G0 F9000 X47.616 Y74.346
G1 F1800 X51.146 Y70.816 E2889.69553
G0 F9000 X51.768 Y70.816
G1 F1800 X47.616 Y74.968 E2889.91036
G0 F9000 X47.616 Y75.59
G1 F1800 X52.39 Y70.816 E2890.15737
G0 F9000 X53.013 Y70.816
G1 F1800 X47.616 Y76.213 E2890.43661
G0 F9000 X47.616 Y76.835
G1 F1800 X53.635 Y70.816 E2890.74804
G0 F9000 X54.257 Y70.816
G1 F1800 X47.616 Y77.457 E2891.09165
G0 F9000 X47.616 Y78.079
G1 F1800 X54.879 Y70.816 E2891.46744
G0 F9000 X55.502 Y70.816
G1 F1800 X51.057 Y75.261 E2891.69743
G0 F9000 X51.865 Y75.075
G1 F1800 X56.124 Y70.816 E2891.91779
G0 F9000 X56.746 Y70.816
G1 F1800 X52.428 Y75.134 E2892.14121
G0 F9000 X52.932 Y75.252
G1 F1800 X57.368 Y70.816 E2892.37073
G0 F9000 X57.991 Y70.816
G1 F1800 X53.349 Y75.457 E2892.61088
G0 F9000 X53.718 Y75.711
G1 F1800 X58.613 Y70.816 E2892.86415
G0 F9000 X59.235 Y70.816
G1 F1800 X54.045 Y76.006 E2893.13269
G0 F9000 X54.297 Y76.376
G1 F1800 X59.857 Y70.816 E2893.42037
G0 F9000 X60.48 Y70.816
G1 F1800 X54.515 Y76.78 E2893.72897
G0 F9000 X54.657 Y77.261
G1 F1800 X61.102 Y70.816 E2894.06244
G0 F9000 X61.724 Y70.816
G1 F1800 X54.688 Y77.852 E2894.42649
G0 F9000 X54.594 Y78.569
G1 F1800 X62.346 Y70.816 E2894.82761
G0 F9000 X62.969 Y70.816
G1 F1800 X47.616 Y86.169 E2895.62198
G0 F9000 X47.616 Y86.791
G1 F1800 X63.591 Y70.816 E2896.44854
G0 F9000 X64.213 Y70.816
G1 F1800 X47.616 Y87.413 E2897.30728
G0 F9000 X47.616 Y88.036
G1 F1800 X64.835 Y70.816 E2898.19823
G0 F9000 X65.458 Y70.816
G1 F1800 X47.616 Y88.658 E2899.12138
G0 F9000 X47.616 Y89.28
G1 F1800 X66.08 Y70.816 E2900.07672
G0 F9000 X66.702 Y70.816
G1 F1800 X47.616 Y89.902 E2901.06424
G0 F9000 X47.616 Y90.525
G1 F1800 X67.324 Y70.816 E2902.08397
G0 F9000 X67.947 Y70.816
G1 F1800 X47.616 Y91.147 E2903.13591
G0 F9000 X47.616 Y91.769
G1 F1800 X68.569 Y70.816 E2904.22003
G0 F9000 X69.191 Y70.816
G1 F1800 X47.616 Y92.391 E2905.33634
G0 F9000 X47.616 Y93.014
G1 F1800 X69.813 Y70.816 E2906.48485
G0 F9000 X70.436 Y70.816
G1 F1800 X47.616 Y93.636 E2907.66557
G0 F9000 X47.616 Y94.258
G1 F1800 X71.058 Y70.816 E2908.87847
G0 F9000 X71.68 Y70.816
G1 F1800 X47.616 Y94.88 E2910.12356
G0 F9000 X47.616 Y95.503
G1 F1800 X72.302 Y70.816 E2911.40086
G0 F9000 X72.925 Y70.816
G1 F1800 X47.616 Y96.125 E2912.71036
G0 F9000 X47.616 Y96.747
G1 F1800 X73.547 Y70.816 E2914.05205
G0 F9000 X74.169 Y70.816
G1 F1800 X47.616 Y97.369 E2915.42591
G0 F9000 X47.616 Y97.992
G1 F1800 X74.791 Y70.816 E2916.83199
G0 F9000 X75.414 Y70.816
G1 F1800 X47.616 Y98.614 E2918.27028
G0 F9000 X47.616 Y99.236
G1 F1800 X60.317 Y86.535 E2918.92744
G0 F9000 X60.284 Y87.191
G1 F1800 X47.616 Y99.858 E2919.58286
G0 F9000 X47.616 Y100.481
G1 F1800 X60.284 Y87.813 E2920.23831
G0 F9000 X60.284 Y88.435
G1 F1800 X47.616 Y101.103 E2920.89376
G0 F9000 X47.616 Y101.725
G1 F1800 X60.284 Y89.057 E2921.54921
G0 F9000 X60.284 Y89.68
G1 F1800 X47.616 Y102.347 E2922.20463
G0 F9000 X47.616 Y102.97
G1 F1800 X60.284 Y90.302 E2922.86009
G0 F9000 X60.284 Y90.924
G1 F1800 X47.616 Y103.592 E2923.51554
G0 F9000 X47.616 Y104.214
G1 F1800 X60.284 Y91.546 E2924.17099
G0 F9000 X60.284 Y92.169
G1 F1800 X47.616 Y104.836 E2924.82641
G0 F9000 X47.616 Y105.459
G1 F1800 X60.284 Y92.791 E2925.48186
G0 F9000 X60.284 Y93.413
G1 F1800 X47.616 Y106.081 E2926.13731
G0 F9000 X47.616 Y106.703
G1 F1800 X60.284 Y94.035 E2926.79276
G0 F9000 X60.284 Y94.658
G1 F1800 X47.616 Y107.325 E2927.44819
G0 F9000 X47.616 Y107.948
G1 F1800 X60.284 Y95.28 E2928.10364
G0 F9000 X60.284 Y95.902
G1 F1800 X47.616 Y108.57 E2928.75909
G0 F9000 X47.616 Y109.192
G1 F1800 X60.284 Y96.524 E2929.41454
G0 F9000 X60.284 Y97.146
G1 F1800 X47.616 Y109.814 E2930.06999
G0 F9000 X47.616 Y110.437
G1 F1800 X60.284 Y97.768 E2930.72546
G0 F9000 X60.284 Y98.39
G1 F1800 X47.616 Y111.059 E2931.38094
G0 F9000 X47.616 Y111.681
G1 F1800 X60.284 Y99.013 E2932.03639
G0 F9000 X60.284 Y99.635
G1 F1800 X47.616 Y112.303 E2932.69184
G0 F9000 X47.616 Y112.926
G1 F1800 X60.284 Y100.257 E2933.34732
G0 F9000 X60.284 Y100.879
G1 F1800 X47.616 Y113.548 E2934.00279
G0 F9000 X47.616 Y114.17
G1 F1800 X60.284 Y101.502 E2934.65824
G0 F9000 X60.284 Y102.124
G1 F1800 X47.616 Y114.792 E2935.31369
G0 F9000 X47.616 Y115.415
G1 F1800 X60.284 Y102.746 E2935.96917
G0 F9000 X60.284 Y103.368
G1 F1800 X47.616 Y116.037 E2936.62464
G0 F9000 X47.616 Y116.659
G1 F1800 X60.284 Y103.991 E2937.28009
G0 F9000 X60.284 Y104.613
G1 F1800 X47.616 Y117.281 E2937.93554
G0 F9000 X47.616 Y117.904
G1 F1800 X60.285 Y105.234 E2938.59107
G0 F9000 X60.285 Y105.857
G1 F1800 X47.616 Y118.526 E2939.24657
G0 F9000 X47.616 Y119.148
G1 F1800 X60.285 Y106.479 E2939.90208
G0 F9000 X60.285 Y107.101
G1 F1800 X47.616 Y119.77 E2940.55758
G0 F9000 X47.616 Y120.393
G1 F1800 X60.285 Y107.723 E2941.21311
G0 F9000 X60.285 Y108.346
G1 F1800 X47.616 Y121.015 E2941.86861
G0 F9000 X47.616 Y121.637
G1 F1800 X60.285 Y108.968 E2942.52411
G0 F9000 X60.285 Y109.59
G1 F1800 X47.616 Y122.259 E2943.17961
G0 F9000 X47.616 Y122.882
G1 F1800 X60.285 Y110.212 E2943.83514
G0 F9000 X60.285 Y110.835
G1 F1800 X47.616 Y123.504 E2944.49064
G0 F9000 X47.616 Y124.126
G1 F1800 X60.285 Y111.457 E2945.14614
G0 F9000 X60.285 Y112.079
G1 F1800 X47.616 Y124.748 E2945.80165
G0 F9000 X47.616 Y125.371
G1 F1800 X60.285 Y112.702 E2946.45715
G0 F9000 X60.285 Y113.324
G1 F1800 X47.616 Y125.993 E2947.11265
G0 F9000 X47.616 Y126.615
G1 F1800 X60.285 Y113.946 E2947.76815
G0 F9000 X60.286 Y114.568
G1 F1800 X47.616 Y127.238 E2948.42371
G0 F9000 X47.616 Y127.86
G1 F1800 X60.286 Y115.19 E2949.07926
G0 F9000 X60.286 Y115.812
G1 F1800 X47.616 Y128.482 E2949.73481
G0 F9000 X47.616 Y129.104
G1 F1800 X60.286 Y116.434 E2950.39037
G0 F9000 X60.286 Y117.057
G1 F1800 X47.616 Y129.727 E2951.04592
G0 F9000 X47.616 Y130.349
G1 F1800 X60.286 Y117.679 E2951.70148
G0 F9000 X60.286 Y118.301
G1 F1800 X47.616 Y130.971 E2952.35703
G0 F9000 X47.616 Y131.593
G1 F1800 X60.286 Y118.923 E2953.01258
G0 F9000 X60.286 Y119.546
G1 F1800 X47.616 Y132.216 E2953.66814
G0 F9000 X47.616 Y132.838
G1 F1800 X60.286 Y120.168 E2954.32369
G0 F9000 X60.286 Y120.79
G1 F1800 X47.616 Y133.46 E2954.97924
G0 F9000 X47.616 Y134.082
G1 F1800 X60.286 Y121.412 E2955.6348
G0 F9000 X60.286 Y122.035
G1 F1800 X47.616 Y134.705 E2956.29035
G0 F9000 X47.616 Y135.327
G1 F1800 X60.286 Y122.657 E2956.94591
G0 F9000 X60.286 Y123.279
G1 F1800 X47.616 Y135.949 E2957.60146
G0 F9000 X47.616 Y136.571
G1 F1800 X60.287 Y123.901 E2958.25704
G0 F9000 X60.287 Y124.523
G1 F1800 X47.616 Y137.194 E2958.91264
G0 F9000 X47.616 Y137.816
G1 F1800 X60.287 Y125.145 E2959.56825
G0 F9000 X60.287 Y125.767
G1 F1800 X47.616 Y138.438 E2960.22385
G0 F9000 X47.616 Y139.06
G1 F1800 X60.287 Y126.39 E2960.87943
G0 F9000 X60.287 Y127.012
G1 F1800 X47.616 Y139.683 E2961.53504
G0 F9000 X47.616 Y140.305
G1 F1800 X60.287 Y127.634 E2962.19065
G0 F9000 X60.287 Y128.256
G1 F1800 X47.616 Y140.927 E2962.84625
G0 F9000 X47.616 Y141.549
G1 F1800 X60.287 Y128.879 E2963.50183
G0 F9000 X60.287 Y129.501
G1 F1800 X47.616 Y142.172 E2964.15744
G0 F9000 X47.616 Y142.794
G1 F1800 X60.287 Y130.123 E2964.81304
G0 F9000 X60.287 Y130.745
G1 F1800 X47.616 Y143.416 E2965.46865
G0 F9000 X47.616 Y144.038
G1 F1800 X60.287 Y131.368 E2966.12423
G0 F9000 X60.287 Y131.99
G1 F1800 X47.616 Y144.661 E2966.77983
G0 F9000 X47.616 Y145.283
G1 F1800 X60.287 Y132.612 E2967.43544
G0 F9000 X60.287 Y133.234
G1 F1800 X51.34 Y142.181 E2967.89836
G0 F9000 X52.053 Y142.09
G1 F1800 X60.287 Y133.856 E2968.32439
G0 F9000 X60.287 Y134.478
G1 F1800 X52.597 Y142.168 E2968.72228
G0 F9000 X53.08 Y142.308
G1 F1800 X60.287 Y135.101 E2969.09517
G0 F9000 X60.287 Y135.723
G1 F1800 X53.472 Y142.538 E2969.44779
G0 F9000 X53.83 Y142.802
G1 F1800 X60.287 Y136.345 E2969.78188
G0 F9000 X60.287 Y136.967
G1 F1800 X54.125 Y143.129 E2970.1007
G0 F9000 X54.377 Y143.5
G1 F1800 X60.287 Y137.59 E2970.40649
G0 F9000 X60.287 Y138.212
G1 F1800 X54.57 Y143.929 E2970.70229
G0 F9000 X54.681 Y144.441
G1 F1800 X60.287 Y138.834 E2970.99237
G0 F9000 X60.287 Y139.456
G1 F1800 X54.69 Y145.054 E2971.28199
G0 F9000 X54.492 Y145.874
G1 F1800 X60.287 Y140.079 E2971.58183
G0 F9000 X60.287 Y140.701
G1 F1800 X51.807 Y149.181 E2972.02059
G0 F9000 X52.429 Y149.181
G1 F1800 X60.287 Y141.323 E2972.42717
G0 F9000 X60.287 Y141.945
G1 F1800 X53.051 Y149.181 E2972.80156
G0 F9000 X53.674 Y149.181
G1 F1800 X60.417 Y142.437 E2973.15047
G0 F9000 X60.65 Y142.827
G1 F1800 X54.296 Y149.181 E2973.47923
G0 F9000 X54.918 Y149.181
G1 F1800 X60.957 Y143.142 E2973.7917
G0 F9000 X61.347 Y143.374
G1 F1800 X55.54 Y149.181 E2974.09215
G0 F9000 X56.163 Y149.181
G1 F1800 X61.828 Y143.516 E2974.38526
G0 F9000 X62.45 Y143.516
G1 F1800 X56.785 Y149.181 E2974.67838
G0 F9000 X57.407 Y149.181
G1 F1800 X63.073 Y143.516 E2974.97151
G0 F9000 X63.695 Y143.516
G1 F1800 X58.029 Y149.181 E2975.26465
G0 F9000 X58.652 Y149.181
G1 F1800 X64.317 Y143.516 E2975.55776
G0 F9000 X64.939 Y143.516
G1 F1800 X59.274 Y149.181 E2975.85087
G0 F9000 X59.896 Y149.181
G1 F1800 X65.562 Y143.516 E2976.14401
G0 F9000 X66.184 Y143.516
G1 F1800 X60.518 Y149.181 E2976.43714
G0 F9000 X61.141 Y149.181
G1 F1800 X66.806 Y143.516 E2976.73025
G0 F9000 X67.428 Y143.516
G1 F1800 X61.763 Y149.181 E2977.02336
G0 F9000 X62.385 Y149.181
G1 F1800 X68.051 Y143.516 E2977.3165
G0 F9000 X68.673 Y143.516
G1 F1800 X63.007 Y149.181 E2977.60964
G0 F9000 X63.63 Y149.181
G1 F1800 X69.295 Y143.516 E2977.90275
G0 F9000 X69.917 Y143.516
G1 F1800 X64.252 Y149.181 E2978.19586
G0 F9000 X64.874 Y149.181
G1 F1800 X70.54 Y143.516 E2978.48899
G0 F9000 X71.162 Y143.516
G1 F1800 X65.496 Y149.181 E2978.78213
G0 F9000 X66.119 Y149.181
G1 F1800 X71.785 Y143.515 E2979.07529
G0 F9000 X72.407 Y143.515
G1 F1800 X66.741 Y149.181 E2979.36846
G0 F9000 X67.363 Y149.181
G1 F1800 X73.029 Y143.515 E2979.66162
G0 F9000 X73.652 Y143.515
G1 F1800 X67.985 Y149.181 E2979.95481
G0 F9000 X68.608 Y149.181
G1 F1800 X74.274 Y143.515 E2980.24797
G0 F9000 X74.896 Y143.515
G1 F1800 X69.23 Y149.181 E2980.54113
G0 F9000 X69.852 Y149.181
G1 F1800 X75.518 Y143.515 E2980.83429
G0 F9000 X76.141 Y143.515
G1 F1800 X70.475 Y149.181 E2981.12746
G0 F9000 X71.097 Y149.181
G1 F1800 X76.763 Y143.515 E2981.42062
G0 F9000 X77.385 Y143.515
G1 F1800 X71.719 Y149.181 E2981.71378
G0 F9000 X72.341 Y149.181
G1 F1800 X78.007 Y143.515 E2982.00694
G0 F9000 X78.63 Y143.515
G1 F1800 X72.963 Y149.182 E2982.30016
G0 F9000 X73.585 Y149.182
G1 F1800 X79.252 Y143.515 E2982.59337
G0 F9000 X79.874 Y143.515
G1 F1800 X74.207 Y149.182 E2982.88659
G0 F9000 X74.83 Y149.182
G1 F1800 X80.496 Y143.515 E2983.17977
G0 F9000 X81.119 Y143.514
G1 F1800 X75.452 Y149.182 E2983.47301
G0 F9000 X76.074 Y149.182
G1 F1800 X81.742 Y143.514 E2983.76628
G0 F9000 X82.364 Y143.514
G1 F1800 X76.696 Y149.182 E2984.05955
G0 F9000 X77.319 Y149.182
G1 F1800 X82.986 Y143.514 E2984.35279
G0 F9000 X83.608 Y143.514
G1 F1800 X77.941 Y149.182 E2984.64603
G0 F9000 X78.563 Y149.182
G1 F1800 X84.231 Y143.514 E2984.93929
G0 F9000 X84.853 Y143.514
G1 F1800 X79.185 Y149.182 E2985.23256
G0 F9000 X79.808 Y149.182
G1 F1800 X85.475 Y143.514 E2985.5258
G0 F9000 X86.097 Y143.514
G1 F1800 X80.43 Y149.182 E2985.81904
G0 F9000 X81.052 Y149.182
G1 F1800 X86.72 Y143.514 E2986.1123
G0 F9000 X87.342 Y143.514
G1 F1800 X81.674 Y149.182 E2986.40557
G0 F9000 X82.297 Y149.182
G1 F1800 X87.964 Y143.514 E2986.69881
G0 F9000 X88.586 Y143.514
G1 F1800 X82.919 Y149.182 E2986.99205
G0 F9000 X83.541 Y149.182
G1 F1800 X89.209 Y143.514 E2987.28532
G0 F9000 X89.831 Y143.514
G1 F1800 X84.163 Y149.182 E2987.57858
G0 F9000 X84.786 Y149.182
G1 F1800 X90.453 Y143.514 E2987.87182
G0 F9000 X91.076 Y143.514
G1 F1800 X85.408 Y149.182 E2988.16509
G0 F9000 X86.03 Y149.182
G1 F1800 X91.698 Y143.514 E2988.45835
G0 F9000 X92.321 Y143.514
G1 F1800 X86.652 Y149.182 E2988.75164
G0 F9000 X87.275 Y149.182
G1 F1800 X92.943 Y143.514 E2989.04491
G0 F9000 X93.565 Y143.514
G1 F1800 X87.897 Y149.182 E2989.33818
G0 F9000 X88.519 Y149.182
G1 F1800 X94.187 Y143.514 E2989.63144
G0 F9000 X94.81 Y143.514
G1 F1800 X89.141 Y149.182 E2989.92473
G0 F9000 X89.764 Y149.182
G1 F1800 X95.432 Y143.514 E2990.218
G0 F9000 X96.054 Y143.514
G1 F1800 X90.386 Y149.182 E2990.51127
G0 F9000 X91.008 Y149.182
G1 F1800 X96.676 Y143.514 E2990.80453
G0 F9000 X97.299 Y143.514
G1 F1800 X91.63 Y149.182 E2991.09782
G0 F9000 X92.253 Y149.182
G1 F1800 X97.921 Y143.514 E2991.39109
G0 F9000 X98.543 Y143.514
G1 F1800 X92.875 Y149.182 E2991.68436
G0 F9000 X93.497 Y149.182
G1 F1800 X99.165 Y143.514 E2991.97762
G0 F9000 X99.788 Y143.514
G1 F1800 X94.119 Y149.182 E2992.27091
G0 F9000 X94.742 Y149.182
G1 F1800 X100.411 Y143.513 E2992.56423
G0 F9000 X101.033 Y143.513
G1 F1800 X95.364 Y149.182 E2992.85755
G0 F9000 X95.986 Y149.182
G1 F1800 X101.655 Y143.513 E2993.15087
G0 F9000 X102.277 Y143.513
G1 F1800 X96.608 Y149.182 E2993.44418
G0 F9000 X97.231 Y149.182
G1 F1800 X102.9 Y143.513 E2993.7375
G0 F9000 X103.522 Y143.513
G1 F1800 X97.852 Y149.183 E2994.03087
G0 F9000 X98.475 Y149.183
G1 F1800 X104.144 Y143.513 E2994.32421
G0 F9000 X104.766 Y143.513
G1 F1800 X99.097 Y149.183 E2994.61756
G0 F9000 X99.719 Y149.183
G1 F1800 X105.389 Y143.513 E2994.91093
G0 F9000 X106.011 Y143.513
G1 F1800 X100.341 Y149.183 E2995.2043
G0 F9000 X100.964 Y149.183
G1 F1800 X106.633 Y143.513 E2995.49764
G0 F9000 X107.255 Y143.513
G1 F1800 X101.586 Y149.183 E2995.79098
G0 F9000 X102.208 Y149.183
G1 F1800 X107.878 Y143.513 E2996.08435
G0 F9000 X108.5 Y143.513
G1 F1800 X102.83 Y149.183 E2996.37772
G0 F9000 X103.453 Y149.183
G1 F1800 X109.122 Y143.513 E2996.67107
G0 F9000 X109.744 Y143.513
G1 F1800 X104.075 Y149.183 E2996.96441
G0 F9000 X104.697 Y149.183
G1 F1800 X110.367 Y143.512 E2997.2578
G0 F9000 X110.99 Y143.512
G1 F1800 X105.319 Y149.183 E2997.55123
G0 F9000 X105.942 Y149.183
G1 F1800 X111.612 Y143.512 E2997.84462
G0 F9000 X112.234 Y143.512
G1 F1800 X106.564 Y149.183 E2998.13802
G0 F9000 X107.186 Y149.183
G1 F1800 X112.856 Y143.512 E2998.43141
G0 F9000 X113.479 Y143.512
G1 F1800 X107.808 Y149.183 E2998.72483
G0 F9000 X108.431 Y149.183
G1 F1800 X114.101 Y143.512 E2999.01823
G0 F9000 X114.723 Y143.512
G1 F1800 X109.053 Y149.183 E2999.31162
G0 F9000 X109.675 Y149.183
G1 F1800 X115.345 Y143.512 E2999.60502
G0 F9000 X115.968 Y143.512
G1 F1800 X110.297 Y149.183 E2999.89844
G0 F9000 X110.92 Y149.183
G1 F1800 X116.59 Y143.512 E3000.19183
G0 F9000 X117.212 Y143.512
G1 F1800 X111.542 Y149.183 E3000.48523
G0 F9000 X112.164 Y149.183
G1 F1800 X117.834 Y143.512 E3000.77862
G0 F9000 X118.457 Y143.512
G1 F1800 X112.786 Y149.183 E3001.07205
G0 F9000 X113.409 Y149.183
G1 F1800 X119.079 Y143.512 E3001.36544
G0 F9000 X119.702 Y143.512
G1 F1800 X114.031 Y149.183 E3001.65886
G0 F9000 X114.653 Y149.183
G1 F1800 X120.324 Y143.512 E3001.95228
G0 F9000 X120.946 Y143.512
G1 F1800 X115.275 Y149.183 E3002.2457
G0 F9000 X115.898 Y149.183
G1 F1800 X121.569 Y143.512 E3002.53913
G0 F9000 X122.191 Y143.512
G1 F1800 X116.52 Y149.183 E3002.83255
G0 F9000 X117.142 Y149.183
G1 F1800 X122.813 Y143.512 E3003.12597
G0 F9000 X123.435 Y143.512
G1 F1800 X117.764 Y149.183 E3003.41939
G0 F9000 X118.387 Y149.183
G1 F1800 X124.058 Y143.512 E3003.71281
G0 F9000 X124.68 Y143.512
G1 F1800 X119.009 Y149.183 E3004.00623
G0 F9000 X119.631 Y149.183
G1 F1800 X125.302 Y143.512 E3004.29965
G0 F9000 X125.924 Y143.512
G1 F1800 X120.253 Y149.183 E3004.59307
G0 F9000 X120.876 Y149.183
G1 F1800 X126.547 Y143.512 E3004.88649
G0 F9000 X127.169 Y143.512
G1 F1800 X121.498 Y149.183 E3005.17991
G0 F9000 X122.12 Y149.183
G1 F1800 X127.791 Y143.512 E3005.47334
G0 F9000 X128.413 Y143.512
G1 F1800 X122.742 Y149.183 E3005.76676
G0 F9000 X123.364 Y149.183
G1 F1800 X129.036 Y143.512 E3006.0602
G0 F9000 X129.659 Y143.511
G1 F1800 X123.986 Y149.183 E3006.3537
G0 F9000 X124.608 Y149.183
G1 F1800 X130.281 Y143.511 E3006.6472
G0 F9000 X130.903 Y143.511
G1 F1800 X125.231 Y149.183 E3006.94067
G0 F9000 X125.853 Y149.183
G1 F1800 X131.525 Y143.511 E3007.23415
G0 F9000 X132.148 Y143.511
G1 F1800 X126.475 Y149.183 E3007.52765
G0 F9000 X127.097 Y149.183
G1 F1800 X132.77 Y143.511 E3007.82114
G0 F9000 X133.392 Y143.511
G1 F1800 X127.72 Y149.183 E3008.11462
G0 F9000 X128.342 Y149.183
G1 F1800 X134.014 Y143.511 E3008.40809
G0 F9000 X134.637 Y143.511
G1 F1800 X128.964 Y149.183 E3008.70159
G0 F9000 X129.587 Y149.183
G1 F1800 X135.259 Y143.511 E3008.99506
G0 F9000 X135.881 Y143.511
G1 F1800 X130.209 Y149.183 E3009.28853
G0 F9000 X130.831 Y149.183
G1 F1800 X136.503 Y143.511 E3009.58201
G0 F9000 X137.126 Y143.511
G1 F1800 X131.453 Y149.183 E3009.87551
G0 F9000 X132.076 Y149.183
G1 F1800 X137.748 Y143.511 E3010.16898
G0 F9000 X138.37 Y143.511
G1 F1800 X132.698 Y149.183 E3010.46245
G0 F9000 X133.32 Y149.183
G1 F1800 X138.993 Y143.51 E3010.75598
G0 F9000 X139.615 Y143.51
G1 F1800 X133.942 Y149.183 E3011.0495
G0 F9000 X134.565 Y149.183
G1 F1800 X140.238 Y143.51 E3011.34303
G0 F9000 X140.86 Y143.51
G1 F1800 X135.187 Y149.183 E3011.63655
G0 F9000 X135.809 Y149.183
G1 F1800 X141.482 Y143.51 E3011.93007
G0 F9000 X142.104 Y143.51
G1 F1800 X136.431 Y149.183 E3012.2236
G0 F9000 X137.054 Y149.183
G1 F1800 X142.727 Y143.51 E3012.51712
G0 F9000 X143.349 Y143.51
G1 F1800 X137.676 Y149.183 E3012.81065
G0 F9000 X138.298 Y149.183
G1 F1800 X143.971 Y143.51 E3013.10417
G0 F9000 X144.593 Y143.51
G1 F1800 X138.92 Y149.183 E3013.3977
G0 F9000 X139.543 Y149.183
G1 F1800 X145.216 Y143.51 E3013.69122
G0 F9000 X145.838 Y143.51
G1 F1800 X140.165 Y149.183 E3013.98475
G0 F9000 X140.787 Y149.183
G1 F1800 X146.46 Y143.51 E3014.27827
G0 F9000 X147.082 Y143.51
G1 F1800 X141.409 Y149.183 E3014.5718
G0 F9000 X142.032 Y149.183
G1 F1800 X147.705 Y143.51 E3014.86532
G0 F9000 X148.327 Y143.51
G1 F1800 X142.654 Y149.183 E3015.15885
G0 F9000 X143.276 Y149.183
G1 F1800 X148.95 Y143.509 E3015.45242
G0 F9000 X149.572 Y143.509
G1 F1800 X143.898 Y149.183 E3015.746
G0 F9000 X144.521 Y149.183
G1 F1800 X150.194 Y143.509 E3016.03955
G0 F9000 X150.817 Y143.509
G1 F1800 X145.143 Y149.183 E3016.33312
G0 F9000 X145.765 Y149.183
G1 F1800 X151.439 Y143.509 E3016.6267
G0 F9000 X152.061 Y143.509
G1 F1800 X146.387 Y149.183 E3016.92028
G0 F9000 X147.01 Y149.183
G1 F1800 X152.683 Y143.509 E3017.21383
G0 F9000 X153.306 Y143.509
G1 F1800 X147.631 Y149.184 E3017.50746
G0 F9000 X148.253 Y149.184
G1 F1800 X153.928 Y143.509 E3017.80108
G0 F9000 X154.55 Y143.509
G1 F1800 X148.876 Y149.184 E3018.09469
G0 F9000 X149.498 Y149.184
G1 F1800 X155.172 Y143.509 E3018.38829
G0 F9000 X155.795 Y143.509
G1 F1800 X150.12 Y149.184 E3018.68192
G0 F9000 X150.742 Y149.184
G1 F1800 X156.417 Y143.509 E3018.97554
G0 F9000 X157.039 Y143.509
G1 F1800 X151.365 Y149.184 E3019.26915
G0 F9000 X151.987 Y149.184
G1 F1800 X157.661 Y143.509 E3019.56275
G0 F9000 X158.306 Y143.488
G1 F1800 X152.609 Y149.184 E3019.85749
G0 F9000 X153.231 Y149.184
G1 F1800 X172.383 Y130.032 E3020.84843
G0 F9000 X172.383 Y130.654
G1 F1800 X153.854 Y149.184 E3021.80715
G0 F9000 X154.476 Y149.184
G1 F1800 X172.383 Y131.276 E3022.7337
G0 F9000 X172.383 Y131.899
G1 F1800 X155.098 Y149.184 E3023.62804
G0 F9000 X155.72 Y149.184
G1 F1800 X172.383 Y132.521 E3024.49019
G0 F9000 X172.383 Y133.143
G1 F1800 X156.343 Y149.184 E3025.32014
G0 F9000 X156.965 Y149.184
G1 F1800 X172.383 Y133.766 E3026.11787
G0 F9000 X172.383 Y134.388
G1 F1800 X157.587 Y149.184 E3026.88343
G0 F9000 X158.209 Y149.184
G1 F1800 X172.383 Y135.01 E3027.6168
G0 F9000 X172.383 Y135.632
G1 F1800 X158.832 Y149.184 E3028.31796
G0 F9000 X159.454 Y149.184
G1 F1800 X172.383 Y136.255 E3028.98692
G0 F9000 X172.383 Y136.877
G1 F1800 X166.975 Y142.285 E3029.26673
G0 F9000 X167.787 Y142.095
G1 F1800 X172.383 Y137.499 E3029.50453
G0 F9000 X172.383 Y138.121
G1 F1800 X168.379 Y142.126 E3029.71172
G0 F9000 X168.899 Y142.228
G1 F1800 X172.383 Y138.744 E3029.89199
G0 F9000 X172.383 Y139.366
G1 F1800 X169.315 Y142.435 E3030.05076
G0 F9000 X169.69 Y142.681
G1 F1800 X172.383 Y139.988 E3030.19009
G0 F9000 X172.383 Y140.61
G1 F1800 X170.01 Y142.983 E3030.31287
G0 F9000 X170.271 Y143.345
G1 F1800 X172.383 Y141.233 E3030.42215
G0 F9000 X172.383 Y141.855
G1 F1800 X170.491 Y143.747 E3030.52004
G0 F9000 X170.645 Y144.216
G1 F1800 X172.383 Y142.477 E3030.60999
G0 F9000 X172.383 Y143.099
G1 F1800 X170.691 Y144.791 E3030.69754
G0 F9000 X170.614 Y145.491
G1 F1800 X172.383 Y143.722 E3030.78907
G0 F9000 X172.383 Y144.344
G1 F1800 X167.543 Y149.184 E3031.03949
G0 F9000 X166.921 Y149.184
G1 F1800 X168.699 Y147.406 E3031.13149
G0 F9000 X167.973 Y147.51
G1 F1800 X166.299 Y149.184 E3031.2181
G0 F9000 X165.677 Y149.184
G1 F1800 X167.429 Y147.431 E3031.30878
G0 F9000 X166.961 Y147.278
G1 F1800 X165.054 Y149.184 E3031.40742
G0 F9000 X164.432 Y149.184
G1 F1800 X166.547 Y147.069 E3031.51685
G0 F9000 X166.185 Y146.809
G1 F1800 X163.81 Y149.184 E3031.63974
G0 F9000 X163.188 Y149.184
G1 F1800 X165.883 Y146.488 E3031.7792
G0 F9000 X165.636 Y146.114
G1 F1800 X162.565 Y149.184 E3031.93807
G0 F9000 X161.943 Y149.184
G1 F1800 X165.428 Y145.699 E3032.11839
G0 F9000 X165.324 Y145.18
G1 F1800 X161.321 Y149.184 E3032.32553
G0 F9000 X160.699 Y149.184
G1 F1800 X165.29 Y144.593 E3032.56307
G0 F9000 X165.475 Y143.785
G1 F1800 X160.076 Y149.184 E3032.84242
G1 F1500 E3030.84242
G0 F9000 X159.692 Y142.101
G1 F1500 E3032.84242
G1 F1800 X172.383 Y129.41 E3033.49906
G0 F9000 X172.383 Y128.787
G1 F1800 X159.716 Y141.455 E3034.15449
G0 F9000 X159.716 Y140.833
G1 F1800 X172.383 Y128.165 E3034.80991
G0 F9000 X172.383 Y127.543
G1 F1800 X159.716 Y140.211 E3035.46533
G0 F9000 X159.716 Y139.589
G1 F1800 X172.383 Y126.921 E3036.12076
G0 F9000 X172.383 Y126.298
G1 F1800 X159.716 Y138.966 E3036.77618
G0 F9000 X159.716 Y138.344
G1 F1800 X172.383 Y125.676 E3037.43161
G0 F9000 X172.383 Y125.054
G1 F1800 X159.716 Y137.722 E3038.08703
G0 F9000 X159.716 Y137.1
G1 F1800 X172.383 Y124.432 E3038.74246
G0 F9000 X172.383 Y123.809
G1 F1800 X159.716 Y136.477 E3039.39788
G0 F9000 X159.716 Y135.855
G1 F1800 X172.383 Y123.187 E3040.0533
G0 F9000 X172.383 Y122.565
G1 F1800 X159.716 Y135.233 E3040.70873
G0 F9000 X159.716 Y134.611
G1 F1800 X172.383 Y121.943 E3041.36415
G0 F9000 X172.383 Y121.32
G1 F1800 X159.716 Y133.988 E3042.01958
G0 F9000 X159.716 Y133.366
G1 F1800 X172.383 Y120.698 E3042.675
G0 F9000 X172.383 Y120.076
G1 F1800 X159.715 Y132.744 E3043.33045
G0 F9000 X159.715 Y132.122
G1 F1800 X172.383 Y119.454 E3043.9859
G0 F9000 X172.383 Y118.831
G1 F1800 X159.715 Y131.5 E3044.64138
G0 F9000 X159.715 Y130.878
G1 F1800 X172.383 Y118.209 E3045.29686
G0 F9000 X172.383 Y117.587
G1 F1800 X159.715 Y130.255 E3045.95231
G0 F9000 X159.715 Y129.633
G1 F1800 X172.383 Y116.965 E3046.60776
G0 F9000 X172.383 Y116.342
G1 F1800 X159.715 Y129.011 E3047.26323
G0 F9000 X159.715 Y128.389
G1 F1800 X172.383 Y115.72 E3047.91871
G0 F9000 X172.383 Y115.098
G1 F1800 X159.715 Y127.766 E3048.57416
G0 F9000 X159.715 Y127.144
G1 F1800 X172.383 Y114.476 E3049.22961
G0 F9000 X172.383 Y113.853
G1 F1800 X159.715 Y126.522 E3049.88508
G0 F9000 X159.715 Y125.9
G1 F1800 X172.383 Y113.231 E3050.54056
G0 F9000 X172.383 Y112.609
G1 F1800 X159.715 Y125.277 E3051.19601
G0 F9000 X159.715 Y124.655
G1 F1800 X172.383 Y111.987 E3051.85146
G0 F9000 X172.383 Y111.364
G1 F1800 X159.715 Y124.033 E3052.50694
G0 F9000 X159.714 Y123.411
G1 F1800 X172.383 Y110.742 E3053.16244
G0 F9000 X172.383 Y110.12
G1 F1800 X159.714 Y122.789 E3053.81794
G0 F9000 X159.714 Y122.167
G1 F1800 X172.383 Y109.498 E3054.47344
G0 F9000 X172.383 Y108.875
G1 F1800 X159.714 Y121.545 E3055.12897
G0 F9000 X159.714 Y120.922
G1 F1800 X172.383 Y108.253 E3055.78447
G0 F9000 X172.383 Y107.631
G1 F1800 X159.714 Y120.3 E3056.43998
G0 F9000 X159.714 Y119.678
G1 F1800 X172.383 Y107.009 E3057.09548
G0 F9000 X172.383 Y106.386
G1 F1800 X159.714 Y119.056 E3057.75101
G0 F9000 X159.714 Y118.433
G1 F1800 X172.383 Y105.764 E3058.40651
G0 F9000 X172.383 Y105.142
G1 F1800 X159.714 Y117.811 E3059.06201
G0 F9000 X159.714 Y117.189
G1 F1800 X172.383 Y104.52 E3059.71751
G0 F9000 X172.383 Y103.897
G1 F1800 X159.714 Y116.567 E3060.37304
G0 F9000 X159.714 Y115.944
G1 F1800 X172.383 Y103.275 E3061.02854
G0 F9000 X172.383 Y102.653
G1 F1800 X159.714 Y115.322 E3061.68404
G0 F9000 X159.714 Y114.7
G1 F1800 X172.383 Y102.031 E3062.33955
G0 F9000 X172.383 Y101.408
G1 F1800 X159.714 Y114.078 E3062.99507
G0 F9000 X159.714 Y113.456
G1 F1800 X172.383 Y100.786 E3063.6506
G0 F9000 X172.383 Y100.164
G1 F1800 X159.714 Y112.834 E3064.30613
G0 F9000 X159.714 Y112.211
G1 F1800 X172.383 Y99.542 E3064.96163
G0 F9000 X172.383 Y98.919
G1 F1800 X159.714 Y111.589 E3065.61716
G0 F9000 X159.714 Y110.967
G1 F1800 X172.383 Y98.297 E3066.27269
G0 F9000 X172.383 Y97.675
G1 F1800 X159.714 Y110.345 E3066.92821
G0 F9000 X159.714 Y109.722
G1 F1800 X172.383 Y97.053 E3067.58372
G0 F9000 X172.383 Y96.43
G1 F1800 X159.714 Y109.1 E3068.23924
G0 F9000 X159.714 Y108.478
G1 F1800 X172.383 Y95.808 E3068.89477
G0 F9000 X172.383 Y95.186
G1 F1800 X159.714 Y107.856 E3069.5503
G0 F9000 X159.714 Y107.233
G1 F1800 X172.383 Y94.564 E3070.2058
G0 F9000 X172.383 Y93.941
G1 F1800 X159.714 Y106.611 E3070.86133
G0 F9000 X159.714 Y105.989
G1 F1800 X172.383 Y93.319 E3071.51686
G0 F9000 X172.383 Y92.697
G1 F1800 X159.714 Y105.367 E3072.17239
G0 F9000 X159.713 Y104.745
G1 F1800 X172.383 Y92.074 E3072.82797
G0 F9000 X172.383 Y91.452
G1 F1800 X159.713 Y104.123 E3073.48355
G0 F9000 X159.713 Y103.501
G1 F1800 X172.383 Y90.83 E3074.13912
G0 F9000 X172.383 Y90.208
G1 F1800 X159.713 Y102.878 E3074.79468
G0 F9000 X159.713 Y102.256
G1 F1800 X172.383 Y89.585 E3075.45026
G0 F9000 X172.383 Y88.963
G1 F1800 X159.713 Y101.634 E3076.10584
G0 F9000 X159.713 Y101.012
G1 F1800 X172.383 Y88.341 E3076.76142
G0 F9000 X172.383 Y87.719
G1 F1800 X159.713 Y100.389 E3077.41697
G0 F9000 X159.713 Y99.767
G1 F1800 X172.383 Y87.096 E3078.07255
G0 F9000 X172.383 Y86.474
G1 F1800 X159.713 Y99.145 E3078.72813
G0 F9000 X159.713 Y98.523
G1 F1800 X172.383 Y85.852 E3079.38371
G0 F9000 X172.383 Y85.23
G1 F1800 X159.713 Y97.9 E3080.03926
G0 F9000 X159.713 Y97.278
G1 F1800 X172.383 Y84.607 E3080.69484
G0 F9000 X172.383 Y83.985
G1 F1800 X159.713 Y96.656 E3081.35042
G0 F9000 X159.713 Y96.034
G1 F1800 X172.383 Y83.363 E3082.006
G0 F9000 X172.383 Y82.741
G1 F1800 X159.712 Y95.412 E3082.66161
G0 F9000 X159.712 Y94.79
G1 F1800 X172.383 Y82.118 E3083.31724
G0 F9000 X172.383 Y81.496
G1 F1800 X159.712 Y94.168 E3083.97287
G0 F9000 X159.712 Y93.545
G1 F1800 X172.383 Y80.874 E3084.62848
G0 F9000 X172.383 Y80.252
G1 F1800 X159.712 Y92.923 E3085.28408
G0 F9000 X159.712 Y92.301
G1 F1800 X172.383 Y79.629 E3085.93971
G0 F9000 X172.383 Y79.007
G1 F1800 X159.712 Y91.679 E3086.59534
G0 F9000 X159.712 Y91.056
G1 F1800 X172.383 Y78.385 E3087.25095
G0 F9000 X172.383 Y77.763
G1 F1800 X159.712 Y90.434 E3087.90656
G0 F9000 X159.712 Y89.812
G1 F1800 X169.466 Y80.058 E3088.41123
G0 F9000 X168.446 Y80.455
G1 F1800 X159.712 Y89.189 E3088.86314
G0 F9000 X159.712 Y88.567
G1 F1800 X167.782 Y80.497 E3089.28068
G0 F9000 X167.265 Y80.392
G1 F1800 X159.712 Y87.945 E3089.67148
G0 F9000 X159.712 Y87.323
G1 F1800 X166.81 Y80.225 E3090.03874
G0 F9000 X166.426 Y79.987
G1 F1800 X159.712 Y86.7 E3090.3861
G0 F9000 X159.598 Y86.192
G1 F1800 X166.08 Y79.711 E3090.72145
G0 F9000 X165.804 Y79.364
G1 F1800 X159.38 Y85.788 E3091.05383
G0 F9000 X159.086 Y85.46
G1 F1800 X165.556 Y78.99 E3091.3886
G0 F9000 X165.397 Y78.527
G1 F1800 X158.694 Y85.23 E3091.73541
G0 F9000 X158.202 Y85.099
G1 F1800 X165.296 Y78.005 E3092.10246
G0 F9000 X165.343 Y77.336
G1 F1800 X157.589 Y85.09 E3092.50366
G0 F9000 X156.967 Y85.09
G1 F1800 X165.749 Y76.307 E3092.95807
G0 F9000 X166.505 Y75.552
G1 F1800 X171.241 Y70.816 E3093.20311
G0 F9000 X171.863 Y70.816
G1 F1800 X167.538 Y75.141 E3093.42689
G0 F9000 X168.2 Y75.101
G1 F1800 X172.383 Y70.918 E3093.64332
G0 F9000 X172.383 Y71.54
G1 F1800 X168.726 Y75.197 E3093.83254
G0 F9000 X169.194 Y75.352
G1 F1800 X172.383 Y72.162 E3093.99757
G0 F9000 X172.383 Y72.785
G1 F1800 X169.567 Y75.601 E3094.14327
G0 F9000 X169.918 Y75.872
G1 F1800 X172.383 Y73.407 E3094.27081
G0 F9000 X172.383 Y74.029
G1 F1800 X170.19 Y76.223 E3094.3843
G0 F9000 X170.425 Y76.609
G1 F1800 X172.383 Y74.651 E3094.48561
G0 F9000 X172.383 Y75.274
G1 F1800 X170.619 Y77.038 E3094.57688
G0 F9000 X170.692 Y77.587
G1 F1800 X172.383 Y75.896 E3094.66437
G0 F9000 X172.383 Y76.518
G1 F1800 X170.691 Y78.211 E3094.75194
G0 F9000 X170.274 Y79.25
G1 F1800 X172.383 Y77.14 E3094.86109
G1 F1500 E3092.86109
G0 F9000 X174.765 Y77.14
G0 X174.753 Y68.447
G0 X170.619 Y68.435
G0 X170.619 Y70.816
G1 F1500 E3094.86109
G1 F1800 X156.345 Y85.09 E3095.59964
G0 F9000 X155.723 Y85.09
G1 F1800 X169.996 Y70.816 E3096.33816
G0 F9000 X169.374 Y70.816
G1 F1800 X155.1 Y85.09 E3097.0767
G0 F9000 X154.478 Y85.09
G1 F1800 X168.752 Y70.816 E3097.81525
G0 F9000 X168.129 Y70.816
G1 F1800 X153.856 Y85.09 E3098.55377
G0 F9000 X153.234 Y85.09
G1 F1800 X167.507 Y70.816 E3099.29229
G0 F9000 X166.885 Y70.816
G1 F1800 X152.611 Y85.09 E3100.03083
G0 F9000 X151.989 Y85.09
G1 F1800 X166.263 Y70.816 E3100.76938
G0 F9000 X165.64 Y70.816
G1 F1800 X151.367 Y85.09 E3101.5079
G0 F9000 X150.745 Y85.09
G1 F1800 X165.018 Y70.816 E3102.24642
G0 F9000 X164.396 Y70.816
G1 F1800 X150.122 Y85.09 E3102.98496
G0 F9000 X149.5 Y85.09
G1 F1800 X163.774 Y70.816 E3103.72351
G0 F9000 X163.151 Y70.816
G1 F1800 X148.878 Y85.09 E3104.46203
G0 F9000 X148.256 Y85.09
G1 F1800 X162.529 Y70.816 E3105.20055
G0 F9000 X161.907 Y70.816
G1 F1800 X147.633 Y85.09 E3105.9391
G0 F9000 X147.011 Y85.09
G1 F1800 X161.285 Y70.816 E3106.67764
G0 F9000 X160.662 Y70.816
G1 F1800 X146.389 Y85.09 E3107.41616
G0 F9000 X145.767 Y85.09
G1 F1800 X160.04 Y70.816 E3108.15468
G0 F9000 X159.418 Y70.816
G1 F1800 X145.144 Y85.09 E3108.89323
G0 F9000 X144.522 Y85.09
G1 F1800 X158.796 Y70.816 E3109.63177
G0 F9000 X158.173 Y70.816
G1 F1800 X143.9 Y85.09 E3110.37029
G0 F9000 X143.278 Y85.09
G1 F1800 X157.551 Y70.816 E3111.10881
G0 F9000 X156.929 Y70.816
G1 F1800 X142.655 Y85.09 E3111.84736
G0 F9000 X142.033 Y85.09
G1 F1800 X156.307 Y70.816 E3112.5859
G0 F9000 X155.684 Y70.816
G1 F1800 X141.411 Y85.09 E3113.32442
G0 F9000 X140.788 Y85.09
G1 F1800 X155.062 Y70.816 E3114.06297
G0 F9000 X154.44 Y70.816
G1 F1800 X140.166 Y85.09 E3114.80151
G0 F9000 X139.544 Y85.09
G1 F1800 X153.818 Y70.816 E3115.54006
G0 F9000 X153.195 Y70.816
G1 F1800 X138.922 Y85.09 E3116.27858
G0 F9000 X138.299 Y85.09
G1 F1800 X152.573 Y70.816 E3117.01713
G0 F9000 X151.951 Y70.816
G1 F1800 X137.677 Y85.09 E3117.75567
G0 F9000 X137.055 Y85.09
G1 F1800 X151.329 Y70.816 E3118.49422
G0 F9000 X150.706 Y70.816
G1 F1800 X136.433 Y85.09 E3119.23274
G0 F9000 X135.81 Y85.09
G1 F1800 X150.084 Y70.816 E3119.97128
G0 F9000 X149.462 Y70.816
G1 F1800 X135.188 Y85.09 E3120.70983
G0 F9000 X134.566 Y85.09
G1 F1800 X148.84 Y70.816 E3121.44837
G0 F9000 X148.217 Y70.816
G1 F1800 X133.944 Y85.09 E3122.18689
G0 F9000 X133.321 Y85.09
G1 F1800 X147.595 Y70.816 E3122.92544
G0 F9000 X146.973 Y70.816
G1 F1800 X132.699 Y85.09 E3123.66399
G0 F9000 X132.077 Y85.09
G1 F1800 X146.351 Y70.816 E3124.40253
G0 F9000 X145.728 Y70.816
G1 F1800 X131.455 Y85.09 E3125.14105
G0 F9000 X130.832 Y85.09
G1 F1800 X145.106 Y70.816 E3125.8796
G0 F9000 X144.484 Y70.816
G1 F1800 X130.21 Y85.09 E3126.61814
G0 F9000 X129.588 Y85.09
G1 F1800 X143.862 Y70.816 E3127.35669
G0 F9000 X143.239 Y70.816
G1 F1800 X128.966 Y85.09 E3128.09521
G0 F9000 X128.343 Y85.09
G1 F1800 X142.617 Y70.816 E3128.83375
G0 F9000 X141.995 Y70.816
G1 F1800 X127.721 Y85.09 E3129.5723
G0 F9000 X127.099 Y85.09
G1 F1800 X141.373 Y70.816 E3130.31085
G0 F9000 X140.75 Y70.816
G1 F1800 X126.477 Y85.09 E3131.04937
G0 F9000 X125.854 Y85.09
G1 F1800 X140.128 Y70.816 E3131.78791
G0 F9000 X139.506 Y70.816
G1 F1800 X125.231 Y85.09 E3132.52648
G0 F9000 X124.609 Y85.09
G1 F1800 X138.884 Y70.816 E3133.26505
G0 F9000 X138.261 Y70.816
G1 F1800 X123.987 Y85.09 E3134.0036
G0 F9000 X123.365 Y85.09
G1 F1800 X137.639 Y70.816 E3134.74215
G0 F9000 X137.017 Y70.816
G1 F1800 X122.742 Y85.09 E3135.48072
G0 F9000 X122.12 Y85.09
G1 F1800 X136.395 Y70.816 E3136.21929
G0 F9000 X135.772 Y70.816
G1 F1800 X121.498 Y85.09 E3136.95783
G0 F9000 X120.876 Y85.09
G1 F1800 X135.15 Y70.816 E3137.69638
G0 F9000 X134.528 Y70.816
G1 F1800 X120.253 Y85.09 E3138.43495
G0 F9000 X119.631 Y85.09
G1 F1800 X133.906 Y70.816 E3139.17352
G0 F9000 X133.283 Y70.816
G1 F1800 X119.009 Y85.09 E3139.91207
G0 F9000 X118.387 Y85.09
G1 F1800 X132.661 Y70.816 E3140.65061
G0 F9000 X132.039 Y70.816
G1 F1800 X117.764 Y85.09 E3141.38919
G0 F9000 X117.142 Y85.09
G1 F1800 X131.417 Y70.816 E3142.12776
G0 F9000 X130.794 Y70.816
G1 F1800 X116.52 Y85.09 E3142.8663
G0 F9000 X115.898 Y85.09
G1 F1800 X130.172 Y70.816 E3143.60485
G0 F9000 X129.55 Y70.816
G1 F1800 X115.275 Y85.09 E3144.34342
G0 F9000 X114.653 Y85.09
G1 F1800 X128.927 Y70.816 E3145.08197
G0 F9000 X128.305 Y70.816
G1 F1800 X114.031 Y85.09 E3145.82051
G0 F9000 X113.409 Y85.09
G1 F1800 X127.683 Y70.816 E3146.55906
G0 F9000 X127.061 Y70.816
G1 F1800 X112.786 Y85.09 E3147.29763
G0 F9000 X112.164 Y85.09
G1 F1800 X126.438 Y70.816 E3148.03618
G0 F9000 X125.816 Y70.816
G1 F1800 X111.542 Y85.09 E3148.77472
G0 F9000 X110.92 Y85.09
G1 F1800 X125.194 Y70.816 E3149.51327
G0 F9000 X124.572 Y70.816
G1 F1800 X110.297 Y85.09 E3150.25184
G0 F9000 X109.675 Y85.09
G1 F1800 X123.949 Y70.816 E3150.99038
G0 F9000 X123.327 Y70.816
G1 F1800 X109.053 Y85.09 E3151.72893
G0 F9000 X108.431 Y85.09
G1 F1800 X122.705 Y70.816 E3152.46748
G0 F9000 X122.083 Y70.816
G1 F1800 X107.808 Y85.09 E3153.20605
G0 F9000 X107.186 Y85.09
G1 F1800 X121.46 Y70.816 E3153.94459
G0 F9000 X120.838 Y70.816
G1 F1800 X106.564 Y85.09 E3154.68314
G0 F9000 X105.942 Y85.09
G1 F1800 X120.216 Y70.816 E3155.42168
G0 F9000 X119.594 Y70.816
G1 F1800 X105.319 Y85.09 E3156.16026
G0 F9000 X104.697 Y85.09
G1 F1800 X118.971 Y70.816 E3156.8988
G0 F9000 X118.349 Y70.816
G1 F1800 X104.075 Y85.09 E3157.63735
G0 F9000 X103.453 Y85.09
G1 F1800 X117.727 Y70.816 E3158.37589
G0 F9000 X117.105 Y70.816
G1 F1800 X102.83 Y85.09 E3159.11446
G0 F9000 X102.208 Y85.09
G1 F1800 X116.482 Y70.816 E3159.85301
G0 F9000 X115.86 Y70.816
G1 F1800 X101.586 Y85.09 E3160.59156
G0 F9000 X100.964 Y85.09
G1 F1800 X115.238 Y70.816 E3161.3301
G0 F9000 X114.616 Y70.816
G1 F1800 X100.341 Y85.09 E3162.06867
G0 F9000 X99.719 Y85.09
G1 F1800 X113.993 Y70.816 E3162.80722
G0 F9000 X113.371 Y70.816
G1 F1800 X99.097 Y85.09 E3163.54576
G0 F9000 X98.475 Y85.09
G1 F1800 X112.749 Y70.816 E3164.28431
G0 F9000 X112.127 Y70.816
G1 F1800 X97.852 Y85.09 E3165.02288
G0 F9000 X97.23 Y85.09
G1 F1800 X111.504 Y70.816 E3165.76143
G0 F9000 X110.882 Y70.816
G1 F1800 X96.608 Y85.09 E3166.49997
G0 F9000 X95.986 Y85.09
G1 F1800 X110.26 Y70.816 E3167.23852
G0 F9000 X109.638 Y70.816
G1 F1800 X95.363 Y85.09 E3167.97709
G0 F9000 X94.741 Y85.09
G1 F1800 X109.015 Y70.816 E3168.71564
G0 F9000 X108.393 Y70.816
G1 F1800 X94.119 Y85.09 E3169.45418
G0 F9000 X93.496 Y85.091
G1 F1800 X107.771 Y70.816 E3170.19278
G0 F9000 X107.149 Y70.816
G1 F1800 X92.874 Y85.091 E3170.93138
G0 F9000 X92.251 Y85.091
G1 F1800 X106.526 Y70.816 E3171.66997
G0 F9000 X105.904 Y70.816
G1 F1800 X91.629 Y85.091 E3172.40857
G0 F9000 X91.007 Y85.091
G1 F1800 X105.282 Y70.816 E3173.14717
G0 F9000 X104.66 Y70.816
G1 F1800 X90.385 Y85.091 E3173.88577
G0 F9000 X89.762 Y85.091
G1 F1800 X104.037 Y70.816 E3174.62436
G0 F9000 X103.415 Y70.816
G1 F1800 X89.14 Y85.091 E3175.36296
G0 F9000 X88.518 Y85.091
G1 F1800 X102.793 Y70.816 E3176.10156
G0 F9000 X102.171 Y70.816
G1 F1800 X87.895 Y85.091 E3176.84018
G0 F9000 X87.273 Y85.091
G1 F1800 X101.548 Y70.816 E3177.57878
G0 F9000 X100.926 Y70.816
G1 F1800 X86.651 Y85.091 E3178.31738
G0 F9000 X86.029 Y85.091
G1 F1800 X100.304 Y70.816 E3179.05598
G0 F9000 X99.682 Y70.816
G1 F1800 X85.406 Y85.091 E3179.7946
G0 F9000 X84.784 Y85.091
G1 F1800 X99.059 Y70.816 E3180.5332
G0 F9000 X98.437 Y70.816
G1 F1800 X84.162 Y85.091 E3181.27179
G0 F9000 X83.54 Y85.091
G1 F1800 X97.815 Y70.816 E3182.01039
G0 F9000 X97.193 Y70.816
G1 F1800 X82.917 Y85.091 E3182.74901
G0 F9000 X82.295 Y85.091
G1 F1800 X96.57 Y70.816 E3183.48761
G0 F9000 X95.948 Y70.816
G1 F1800 X81.673 Y85.091 E3184.22621
G0 F9000 X81.051 Y85.091
G1 F1800 X95.326 Y70.816 E3184.96481
G0 F9000 X94.704 Y70.816
G1 F1800 X80.428 Y85.091 E3185.70343
G0 F9000 X79.806 Y85.091
G1 F1800 X94.081 Y70.816 E3186.44203
G0 F9000 X93.459 Y70.816
G1 F1800 X79.184 Y85.091 E3187.18062
G0 F9000 X78.562 Y85.091
G1 F1800 X92.837 Y70.816 E3187.91922
G0 F9000 X92.215 Y70.816
G1 F1800 X77.939 Y85.091 E3188.65785
G0 F9000 X77.317 Y85.091
G1 F1800 X91.592 Y70.816 E3189.39644
G0 F9000 X90.97 Y70.816
G1 F1800 X76.695 Y85.091 E3190.13504
G0 F9000 X76.073 Y85.091
G1 F1800 X90.348 Y70.816 E3190.87364
G0 F9000 X89.725 Y70.816
G1 F1800 X75.45 Y85.091 E3191.61224
G0 F9000 X74.828 Y85.091
G1 F1800 X89.103 Y70.816 E3192.35083
G0 F9000 X88.481 Y70.816
G1 F1800 X74.206 Y85.091 E3193.08943
G0 F9000 X73.584 Y85.091
G1 F1800 X87.859 Y70.816 E3193.82803
G0 F9000 X87.236 Y70.816
G1 F1800 X72.961 Y85.091 E3194.56663
G0 F9000 X72.339 Y85.091
G1 F1800 X86.614 Y70.816 E3195.30522
G0 F9000 X85.992 Y70.816
G1 F1800 X71.717 Y85.091 E3196.04382
G0 F9000 X71.095 Y85.091
G1 F1800 X85.37 Y70.816 E3196.78242
G0 F9000 X84.747 Y70.816
G1 F1800 X70.472 Y85.091 E3197.52102
G0 F9000 X69.85 Y85.091
G1 F1800 X84.125 Y70.816 E3198.25961
G0 F9000 X83.503 Y70.816
G1 F1800 X69.228 Y85.091 E3198.99821
G0 F9000 X68.606 Y85.091
G1 F1800 X82.881 Y70.816 E3199.73681
G0 F9000 X82.258 Y70.816
G1 F1800 X67.983 Y85.091 E3200.47541
G0 F9000 X67.361 Y85.091
G1 F1800 X81.636 Y70.816 E3201.214
G0 F9000 X81.014 Y70.816
G1 F1800 X66.739 Y85.091 E3201.9526
G0 F9000 X66.117 Y85.091
G1 F1800 X80.392 Y70.816 E3202.6912
G0 F9000 X79.769 Y70.816
G1 F1800 X65.494 Y85.091 E3203.42979
G0 F9000 X64.872 Y85.091
G1 F1800 X79.147 Y70.816 E3204.16839
G0 F9000 X78.525 Y70.816
G1 F1800 X64.25 Y85.091 E3204.90699
G0 F9000 X63.628 Y85.091
G1 F1800 X77.903 Y70.816 E3205.64559
G0 F9000 X77.28 Y70.816
G1 F1800 X63.005 Y85.091 E3206.38418
G0 F9000 X62.383 Y85.091
G1 F1800 X76.658 Y70.816 E3207.12278
G0 F9000 X76.036 Y70.816
G1 F1800 X61.737 Y85.115 E3207.86262
G1 F1500 E3205.86262
G0 F9000 X52.776 Y80.386
G1 F1500 E3207.86262
G1 F1800 X47.616 Y85.546 E3208.1296
G0 F9000 X47.616 Y84.924
G1 F1800 X52.037 Y80.503 E3208.35835
G0 F9000 X51.477 Y80.44
G1 F1800 X47.616 Y84.302 E3208.55814
G0 F9000 X47.616 Y83.68
G1 F1800 X50.979 Y80.317 E3208.73215
G0 F9000 X50.583 Y80.09
G1 F1800 X47.616 Y83.057 E3208.88566
G0 F9000 X47.616 Y82.435
G1 F1800 X50.209 Y79.842 E3209.01983
G0 F9000 X49.911 Y79.518
G1 F1800 X47.616 Y81.813 E3209.13857
G0 F9000 X47.616 Y81.191
G1 F1800 X49.655 Y79.151 E3209.2441
G0 F9000 X49.465 Y78.719
G1 F1800 X47.616 Y80.568 E3209.33976
G0 F9000 X47.616 Y79.946
G1 F1800 X49.332 Y78.23 E3209.42855
G0 F9000 X49.297 Y77.643
G1 F1800 X47.616 Y79.324 E3209.51553
G0 F9000 X47.616 Y78.702
G1 F1800 X49.482 Y76.836 E3209.61208
G1 F1500 E3207.61208
G0 F9000 X49.376 Y144.145
G1 F1500 E3209.61208
G1 F1800 X47.616 Y145.905 E3209.70314
G0 F9000 X47.616 Y146.527
G1 F1800 X49.273 Y144.87 E3209.78887
G0 F9000 X49.366 Y145.4
G1 F1800 X47.616 Y147.15 E3209.87942
G0 F9000 X47.616 Y147.772
G1 F1800 X49.526 Y145.862 E3209.97824
G0 F9000 X49.737 Y146.273
G1 F1800 X47.616 Y148.394 E3210.08799
G0 F9000 X47.616 Y149.016
G1 F1800 X50.002 Y146.63 E3210.21144
G0 F9000 X50.329 Y146.925
G1 F1800 X48.073 Y149.181 E3210.32817
G0 F9000 X48.696 Y149.181
G1 F1800 X50.705 Y147.172 E3210.43211
G0 F9000 X51.144 Y147.355
G1 F1800 X49.318 Y149.181 E3210.52659
G0 F9000 X49.94 Y149.181
G1 F1800 X51.648 Y147.473 E3210.61496
G0 F9000 X52.248 Y147.495
G1 F1800 X50.562 Y149.181 E3210.7022
G0 F9000 X51.185 Y149.181
G1 F1800 X53.121 Y147.245 E3210.80237
G1 F1500 E3208.80237
G0 F9000 X168.166 Y149.184
G1 F1500 E3210.80237
G1 F1800 X172.383 Y144.966 E3211.02058
G0 F9000 X172.383 Y145.588
G1 F1800 X168.788 Y149.184 E3211.20662
G0 F9000 X169.41 Y149.184
G1 F1800 X172.383 Y146.211 E3211.36044
G0 F9000 X172.383 Y146.833
G1 F1800 X170.032 Y149.184 E3211.48209
G0 F9000 X170.655 Y149.184
G1 F1800 X172.383 Y147.455 E3211.57152
G0 F9000 X172.383 Y148.077
G1 F1800 X171.277 Y149.184 E3211.62877
G0 F9000 X171.899 Y149.184
G1 F1800 X172.383 Y148.7 E3211.65381
G1 F1500 E3209.65381
;MESH:NONMESH
G0 F300 Z1.64
G0 F9000 X51.976 Y79.914
;TIME_ELAPSED:4078.673599
;LAYER:8
;TYPE:WALL-INNER
;MESH:SmartKiln_Frente.stl
G1 F1500 E3211.65381
G1 F1800 X51.27 Y79.774 E3211.68015
G1 X51.005 Y79.636 E3211.69108
G1 X50.567 Y79.344 E3211.71034
G1 X50.38 Y79.12 E3211.72101
G1 X50.164 Y78.8 E3211.73514
G1 X49.997 Y78.398 E3211.75106
G1 X49.893 Y77.874 E3211.77061
G1 X49.92 Y77.586 E3211.78119
G1 X49.997 Y77.202 E3211.79552
G1 X50.16 Y76.805 E3211.81122
G1 X50.459 Y76.357 E3211.83093
G1 X50.681 Y76.176 E3211.84141
G1 X51.112 Y75.889 E3211.86035
G1 X51.402 Y75.797 E3211.87148
G1 X51.923 Y75.694 E3211.89091
G1 X52.19 Y75.716 E3211.90071
G1 X52.598 Y75.797 E3211.91593
G1 X52.879 Y75.882 E3211.92667
G1 X53.32 Y76.18 E3211.94615
G1 X53.539 Y76.363 E3211.95659
G1 X53.936 Y76.947 E3211.98242
G1 X54.076 Y77.451 E3212.00156
G1 X54.078 Y78.144 E3212.02692
G1 X53.932 Y78.646 E3212.04604
G1 X53.586 Y79.167 E3212.06892
G1 X53.397 Y79.363 E3212.07889
G1 X52.927 Y79.681 E3212.09965
G1 X52.598 Y79.8 E3212.11245
G1 X51.976 Y79.914 E3212.13558
G0 F9000 X52.006 Y79.463
G1 F1800 X51.362 Y79.346 E3212.15953
G1 X50.816 Y78.981 E3212.18356
G1 X50.528 Y78.554 E3212.2024
G1 X50.428 Y78.313 E3212.21195
G1 X50.326 Y77.8 E3212.23108
G1 X50.428 Y77.287 E3212.25022
G1 X50.526 Y77.049 E3212.25964
G1 X50.816 Y76.615 E3212.27873
G1 X51.356 Y76.254 E3212.3025
G1 X51.886 Y76.149 E3212.32227
G1 X52.114 Y76.149 E3212.33061
G1 X52.641 Y76.253 E3212.35026
G1 X53.178 Y76.614 E3212.37393
G1 X53.53 Y77.132 E3212.39685
G1 X53.638 Y77.514 E3212.41137
G1 X53.639 Y78.086 E3212.4323
G1 X53.528 Y78.462 E3212.44664
G1 X53.179 Y78.988 E3212.46974
G1 X52.625 Y79.347 E3212.49389
G1 X52.006 Y79.463 E3212.51693
G1 F1500 E3210.51693
G0 F9000 X52.074 Y146.903
G1 F1500 E3212.51693
G1 F1800 X51.786 Y146.876 E3212.52751
G1 X51.402 Y146.799 E3212.54184
G1 X51.006 Y146.636 E3212.55751
G1 X50.681 Y146.42 E3212.57179
G1 X50.46 Y146.239 E3212.58224
G1 X50.164 Y145.8 E3212.60161
G1 X49.997 Y145.398 E3212.61754
G1 X49.893 Y144.874 E3212.63708
G1 X49.92 Y144.586 E3212.64766
G1 X49.997 Y144.202 E3212.66199
G1 X50.16 Y143.805 E3212.67769
G1 X50.376 Y143.481 E3212.69194
G1 X50.564 Y143.254 E3212.70272
G1 X51.005 Y142.96 E3212.72212
G1 X51.27 Y142.822 E3212.73305
G1 X51.976 Y142.682 E3212.75938
G1 X52.679 Y142.811 E3212.78553
G1 X52.916 Y142.906 E3212.79487
G1 X53.425 Y143.26 E3212.81755
G1 X53.615 Y143.473 E3212.828
G1 X53.936 Y143.948 E3212.84897
G1 X54.082 Y144.465 E3212.86863
G1 X54.073 Y145.193 E3212.89526
G1 X53.907 Y145.69 E3212.91443
G1 X53.54 Y146.237 E3212.93853
G1 X53.312 Y146.426 E3212.94937
G1 X52.992 Y146.637 E3212.96339
G1 X52.598 Y146.799 E3212.97898
G1 X52.074 Y146.903 E3212.99852
G0 F9000 X51.997 Y146.469
G1 F1800 X51.487 Y146.368 E3213.01754
G1 X51.25 Y146.27 E3213.02693
G1 X50.817 Y145.982 E3213.04595
G1 X50.528 Y145.554 E3213.06485
G1 X50.428 Y145.313 E3213.07439
G1 X50.326 Y144.8 E3213.09353
G1 X50.428 Y144.287 E3213.11267
G1 X50.526 Y144.049 E3213.12208
G1 X50.816 Y143.615 E3213.14118
G1 X51.362 Y143.251 E3213.16519
G1 X52.007 Y143.133 E3213.18918
G1 X52.658 Y143.261 E3213.21345
G1 X53.189 Y143.629 E3213.23709
G1 X53.533 Y144.138 E3213.25956
G1 X53.634 Y144.511 E3213.2737
G1 X53.636 Y145.109 E3213.29558
G1 X53.515 Y145.486 E3213.31007
G1 X53.18 Y145.986 E3213.33209
G1 X52.749 Y146.271 E3213.35099
G1 X52.513 Y146.368 E3213.36033
G1 X51.997 Y146.469 E3213.37956
G1 F1500 E3211.37956
G0 F9000 X110 Y149.799
G1 F1500 E3213.37956
G1 F1800 X173 Y149.8 E3215.68449
G1 X173 Y70.2 E3218.59675
G1 X47.001 Y70.201 E3223.20657
G1 X47.001 Y149.799 E3226.11875
G1 X110 Y149.799 E3228.42364
G0 F9000 X110 Y150.24
G1 F1800 X173.44 Y150.24 E3230.74467
G1 X173.44 Y69.76 E3233.68912
G1 X46.561 Y69.761 E3238.33113
G1 X46.561 Y150.239 E3241.27551
G1 X110 Y150.24 E3243.5965
G1 F1500 E3241.5965
G0 F9000 X110 Y142.9
G1 F1500 E3243.5965
G1 F1800 X61.876 Y142.9 E3245.35717
G1 X61.488 Y142.775 E3245.37209
G1 X61.227 Y142.583 E3245.38394
G1 X61.093 Y142.424 E3245.39155
G1 X60.945 Y142.115 E3245.40408
G1 X60.9 Y141.905 E3245.41194
G1 X60.9 Y86.645 E3247.43369
G1 X61.019 Y86.3 E3247.44704
G1 X61.287 Y85.962 E3247.46283
G1 X61.561 Y85.791 E3247.47464
G1 X61.906 Y85.703 E3247.48767
G1 X158.11 Y85.705 E3251.0074
G1 X158.477 Y85.787 E3251.02116
G1 X158.793 Y86.037 E3251.0359
G1 X158.979 Y86.297 E3251.0476
G1 X159.1 Y86.643 E3251.06101
G1 X159.1 Y141.936 E3253.08397
G1 X159.027 Y142.197 E3253.09388
G1 X158.843 Y142.533 E3253.1079
G1 X158.512 Y142.774 E3253.12288
G1 X158.124 Y142.9 E3253.1378
G1 X110 Y142.9 E3254.89847
G0 F9000 X110 Y142.46
G1 F1800 X61.911 Y142.46 E3256.65787
G1 X61.693 Y142.385 E3256.6663
G1 X61.536 Y142.27 E3256.67342
G1 X61.408 Y142.094 E3256.68138
G1 X61.345 Y141.888 E3256.68926
G1 X61.343 Y86.73 E3258.70728
G1 X61.411 Y86.5 E3258.71606
G1 X61.604 Y86.271 E3258.72701
G1 X61.927 Y86.14 E3258.73977
G1 X158.066 Y86.143 E3262.25712
G1 X158.398 Y86.272 E3262.27015
G1 X158.605 Y86.533 E3262.28234
G1 X158.657 Y86.73 E3262.2898
G1 X158.66 Y141.882 E3264.3076
G1 X158.534 Y142.189 E3264.31974
G1 X158.392 Y142.332 E3264.32711
G1 X158.076 Y142.46 E3264.33958
G1 X110 Y142.46 E3266.0985
G1 F1500 E3264.0985
G0 F9000 X168.074 Y146.903
G1 F1500 E3266.0985
G1 F1800 X167.786 Y146.876 E3266.10908
G1 X167.402 Y146.799 E3266.12341
G1 X167.006 Y146.636 E3266.13908
G1 X166.681 Y146.42 E3266.15336
G1 X166.457 Y146.234 E3266.16401
G1 X166.164 Y145.8 E3266.18317
G1 X166.023 Y145.536 E3266.19412
G1 X165.911 Y144.962 E3266.21551
G1 X165.896 Y144.71 E3266.22475
G1 X166.022 Y144.072 E3266.24854
G1 X166.144 Y143.83 E3266.25846
G1 X166.431 Y143.398 E3266.27743
G1 X166.608 Y143.225 E3266.28649
G1 X167.1 Y142.897 E3266.30812
G1 X167.402 Y142.796 E3266.31977
G1 X168.024 Y142.682 E3266.34291
G1 X168.737 Y142.824 E3266.3695
G1 X169 Y142.964 E3266.38041
G1 X169.437 Y143.259 E3266.3997
G1 X169.615 Y143.474 E3266.40991
G1 X169.834 Y143.798 E3266.42422
G1 X170.02 Y144.187 E3266.43999
G1 X170.08 Y144.604 E3266.4554
G1 X170.08 Y145.123 E3266.47439
G1 X169.979 Y145.495 E3266.48849
G1 X169.838 Y145.793 E3266.50056
G1 X169.539 Y146.239 E3266.5202
G1 X169.312 Y146.426 E3266.53096
G1 X168.992 Y146.637 E3266.54499
G1 X168.598 Y146.799 E3266.56057
G1 X168.074 Y146.903 E3266.58012
G0 F9000 X167.997 Y146.469
G1 F1800 X167.487 Y146.368 E3266.59914
G1 X167.25 Y146.27 E3266.60852
G1 X166.818 Y145.983 E3266.6275
G1 X166.453 Y145.442 E3266.65137
G1 X166.327 Y144.796 E3266.67545
G1 X166.454 Y144.155 E3266.69936
G1 X166.822 Y143.618 E3266.72318
G1 X167.344 Y143.261 E3266.74631
G1 X167.993 Y143.133 E3266.77052
G1 X168.64 Y143.251 E3266.79458
G1 X169.18 Y143.615 E3266.8184
G1 X169.54 Y144.148 E3266.84194
G1 X169.64 Y144.604 E3266.85902
G1 X169.64 Y145.074 E3266.87621
G1 X169.532 Y145.458 E3266.89081
G1 X169.18 Y145.985 E3266.91399
G1 X168.749 Y146.271 E3266.93292
G1 X168.513 Y146.368 E3266.94225
G1 X167.997 Y146.469 E3266.96149
G1 F1500 E3264.96149
G0 F9000 X167.865 Y79.892
G1 F1500 E3266.96149
G1 F1800 X167.313 Y79.778 E3266.98211
G1 X167.076 Y79.684 E3266.99144
G1 X166.597 Y79.358 E3267.01264
G1 X166.41 Y79.163 E3267.02252
G1 X166.101 Y78.695 E3267.04304
G1 X166.019 Y78.491 E3267.05108
G1 X165.92 Y78.014 E3267.06891
G1 X165.903 Y77.707 E3267.08015
G1 X166.012 Y77.12 E3267.102
G1 X166.103 Y76.89 E3267.11105
G1 X166.454 Y76.364 E3267.13418
G1 X166.681 Y76.176 E3267.14497
G1 X167.127 Y75.879 E3267.16457
G1 X167.402 Y75.797 E3267.17507
G1 X167.923 Y75.694 E3267.1945
G1 X168.19 Y75.716 E3267.2043
G1 X168.598 Y75.797 E3267.21952
G1 X168.889 Y75.889 E3267.23069
G1 X169.437 Y76.259 E3267.25488
G1 X169.615 Y76.474 E3267.26509
G1 X169.834 Y76.798 E3267.2794
G1 X170.02 Y77.187 E3267.29517
G1 X170.08 Y77.604 E3267.31059
G1 X170.08 Y78.123 E3267.32957
G1 X169.979 Y78.495 E3267.34368
G1 X169.838 Y78.793 E3267.35574
G1 X169.618 Y79.121 E3267.37019
G1 X169.431 Y79.347 E3267.38092
G1 X168.992 Y79.638 E3267.40019
G1 X168.731 Y79.774 E3267.41096
G1 X168.113 Y79.896 E3267.434
G1 X167.865 Y79.892 E3267.44308
G0 F9000 X167.978 Y79.466
G1 F1800 X167.349 Y79.338 E3267.46656
G1 X166.82 Y78.98 E3267.48993
G1 X166.452 Y78.444 E3267.51372
G1 X166.331 Y77.801 E3267.53766
G1 X166.461 Y77.147 E3267.56205
G1 X166.814 Y76.616 E3267.58538
G1 X167.358 Y76.253 E3267.60931
G1 X167.886 Y76.149 E3267.629
G1 X168.114 Y76.149 E3267.63734
G1 X168.644 Y76.254 E3267.65711
G1 X169.18 Y76.615 E3267.68075
G1 X169.54 Y77.148 E3267.70428
G1 X169.64 Y77.604 E3267.72136
G1 X169.64 Y78.074 E3267.73856
G1 X169.532 Y78.458 E3267.75315
G1 X169.18 Y78.985 E3267.77634
G1 X168.637 Y79.345 E3267.80017
G1 X167.978 Y79.466 E3267.82469
G0 F9000 X168.003 Y79.02
;TYPE:WALL-OUTER
G1 F1800 X167.536 Y78.926 E3267.84211
G1 X167.134 Y78.666 E3267.85963
G1 X166.869 Y78.273 E3267.87697
G1 X166.776 Y77.802 E3267.89454
G1 X166.87 Y77.326 E3267.91229
G1 X167.133 Y76.931 E3267.92965
G1 X167.531 Y76.672 E3267.94702
G1 X167.999 Y76.575 E3267.96451
G1 X168.473 Y76.669 E3267.98219
G1 X168.859 Y76.934 E3267.99932
G1 X169.106 Y77.292 E3268.01523
G1 X169.2 Y77.568 E3268.0259
G1 X169.197 Y78.03 E3268.0428
G1 X169.107 Y78.303 E3268.05332
G1 X168.858 Y78.666 E3268.06942
G1 X168.466 Y78.925 E3268.08661
G1 X168.003 Y79.02 E3268.10391
G1 F1500 E3266.10391
G0 F9000 X168 Y146.021
G1 F1500 E3268.10391
G1 F1800 X167.529 Y145.927 E3268.12148
G1 X167.133 Y145.664 E3268.13887
G1 X166.871 Y145.266 E3268.1563
G1 X166.775 Y144.8 E3268.17371
G1 X166.871 Y144.334 E3268.19112
G1 X167.138 Y143.929 E3268.20886
G1 X167.526 Y143.67 E3268.22593
G1 X168.003 Y143.576 E3268.24372
G1 X168.466 Y143.671 E3268.26101
G1 X168.859 Y143.934 E3268.27831
G1 X169.106 Y144.292 E3268.29423
G1 X169.2 Y144.568 E3268.30489
G1 X169.197 Y145.03 E3268.3218
G1 X169.107 Y145.303 E3268.33231
G1 X168.86 Y145.664 E3268.34832
G1 X168.472 Y145.927 E3268.36547
G1 X168 Y146.021 E3268.38307
G1 F1500 E3266.38307
G0 F9000 X110 Y142.017
G1 F1500 E3268.38307
G1 F1800 X61.961 Y142.017 E3270.14063
G1 X61.869 Y141.978 E3270.14429
G1 X61.781 Y141.83 E3270.15059
G1 X61.781 Y86.724 E3272.16671
G1 X61.882 Y86.613 E3272.1722
G1 X61.966 Y86.582 E3272.17547
G1 X158.054 Y86.586 E3275.69096
G1 X158.177 Y86.668 E3275.69637
G1 X158.219 Y86.776 E3275.70061
G1 X158.217 Y141.84 E3277.71519
G1 X158.155 Y141.957 E3277.72004
G1 X158.036 Y142.018 E3277.72493
G1 X110 Y142.017 E3279.48238
G1 F1500 E3277.48238
G0 F9000 X110 Y150.68
G1 F1500 E3279.48238
G1 F1800 X173.88 Y150.68 E3281.8195
G1 X173.88 Y69.32 E3284.79615
G1 X46.121 Y69.321 E3289.47036
G1 X46.121 Y150.679 E3292.44694
G1 X110 Y150.68 E3294.78402
G1 F1500 E3292.78402
G0 F9000 X52 Y146.021
G1 F1500 E3294.78402
G1 F1800 X51.529 Y145.927 E3294.8016
G1 X51.134 Y145.665 E3294.81894
G1 X50.869 Y145.273 E3294.83625
G1 X50.775 Y144.8 E3294.85389
G1 X50.869 Y144.327 E3294.87154
G1 X51.133 Y143.931 E3294.88895
G1 X51.534 Y143.671 E3294.90643
G1 X51.997 Y143.576 E3294.92373
G1 X52.475 Y143.67 E3294.94155
G1 X52.866 Y143.937 E3294.95887
G1 X53.125 Y144.324 E3294.97591
G1 X53.198 Y144.573 E3294.9854
G1 X53.199 Y145.017 E3295.00165
G1 X53.124 Y145.273 E3295.01141
G1 X52.861 Y145.663 E3295.02862
G1 X52.472 Y145.927 E3295.04582
G1 X52 Y146.021 E3295.06342
G1 F1500 E3293.06342
G0 F9000 X51.997 Y79.02
G1 F1500 E3295.06342
G1 F1800 X51.534 Y78.925 E3295.08072
G1 X51.134 Y78.665 E3295.09817
G1 X50.869 Y78.273 E3295.11548
G1 X50.775 Y77.8 E3295.13313
G1 X50.869 Y77.327 E3295.15077
G1 X51.133 Y76.931 E3295.16818
G1 X51.526 Y76.675 E3295.18534
G1 X52 Y76.575 E3295.20307
G1 X52.47 Y76.673 E3295.22063
G1 X52.863 Y76.932 E3295.23785
G1 X53.124 Y77.323 E3295.25505
G1 X53.2 Y77.584 E3295.265
G1 X53.199 Y78.021 E3295.28098
G1 X53.117 Y78.288 E3295.2912
G1 X52.86 Y78.67 E3295.30805
G1 X52.464 Y78.926 E3295.3253
G1 X51.997 Y79.02 E3295.34273
G1 F1500 E3293.34273
G0 F9000 X167.8 Y80.28
;TYPE:SKIN
G1 F1500 E3295.34273
G1 F1800 X168.166 Y80.285 E3295.35612
G1 X168.863 Y80.151 E3295.38209
G1 X169.188 Y79.979 E3295.39554
G1 X169.692 Y79.647 E3295.41762
G1 X169.937 Y79.354 E3295.43159
G1 X170.18 Y78.99 E3295.44761
G1 X170.348 Y78.634 E3295.46201
G1 X170.473 Y78.182 E3295.47917
G1 X170.474 Y77.58 E3295.50119
G1 X170.401 Y77.071 E3295.52
G1 X170.175 Y76.597 E3295.53922
G1 X169.939 Y76.244 E3295.55475
G1 X169.701 Y75.954 E3295.56848
G1 X169.057 Y75.528 E3295.59673
G1 X168.673 Y75.408 E3295.61145
G1 X168.265 Y75.324 E3295.62669
G1 X167.896 Y75.294 E3295.64023
G1 X167.12 Y75.45 E3295.66919
G1 X166.802 Y75.616 E3295.68231
G1 X166.451 Y75.854 E3295.69783
G1 X166.155 Y76.098 E3295.71186
G1 X165.743 Y76.717 E3295.73907
G1 X165.635 Y76.985 E3295.74964
G1 X165.511 Y77.653 E3295.7745
G1 X165.508 Y77.948 E3295.78529
G1 X165.638 Y78.608 E3295.8099
G1 X165.761 Y78.912 E3295.8219
G1 X166.133 Y79.456 E3295.84601
G1 X166.349 Y79.668 E3295.85708
G1 X166.798 Y79.974 E3295.87696
G1 X167.125 Y80.141 E3295.8904
G1 X167.8 Y80.28 E3295.91561
G1 F1500 E3293.91561
G0 F9000 X168.089 Y147.303
G1 F1500 E3295.91561
G1 F1800 X168.667 Y147.188 E3295.93717
G1 X169.218 Y146.964 E3295.95893
G1 X169.531 Y146.756 E3295.97268
G1 X169.748 Y146.579 E3295.98293
G1 X169.939 Y146.352 E3295.99378
G1 X170.18 Y145.99 E3296.00969
G1 X170.348 Y145.634 E3296.02409
G1 X170.476 Y145.177 E3296.04146
G1 X170.474 Y144.58 E3296.0633
G1 X170.401 Y144.071 E3296.08211
G1 X170.175 Y143.597 E3296.10132
G1 X169.939 Y143.244 E3296.11686
G1 X169.701 Y142.954 E3296.13059
G1 X169.202 Y142.62 E3296.15255
G1 X168.868 Y142.447 E3296.16632
G1 X168.167 Y142.308 E3296.19246
G1 X167.844 Y142.308 E3296.20428
G1 X167.217 Y142.428 E3296.22764
G1 X166.912 Y142.548 E3296.23963
G1 X166.377 Y142.901 E3296.26308
G1 X166.135 Y143.129 E3296.27524
G1 X165.804 Y143.623 E3296.297
G1 X165.639 Y143.957 E3296.31063
G1 X165.497 Y144.672 E3296.3373
G1 X165.516 Y145.004 E3296.34946
G1 X165.647 Y145.669 E3296.37426
G1 X165.832 Y146.015 E3296.38862
G1 X166.153 Y146.496 E3296.40977
G1 X166.443 Y146.738 E3296.42359
G1 X166.815 Y146.98 E3296.43983
G1 X167.287 Y147.176 E3296.45853
G1 X167.711 Y147.261 E3296.47435
G1 X168.089 Y147.303 E3296.48826
G1 F1500 E3294.48826
G0 F9000 X110 Y143.296
G1 F1500 E3296.48826
G1 F1800 X157.996 Y143.296 E3298.24425
G1 X158.478 Y143.221 E3298.2621
G1 X158.888 Y143.009 E3298.27898
G1 X159.215 Y142.676 E3298.29606
G1 X159.398 Y142.336 E3298.31019
G1 X159.496 Y141.963 E3298.3243
G1 X159.494 Y86.584 E3300.3504
G1 X159.339 Y86.093 E3300.36924
G1 X158.999 Y85.663 E3300.38929
G1 X158.602 Y85.432 E3300.4061
G1 X158.148 Y85.308 E3300.42332
G1 X61.864 Y85.309 E3303.94598
G1 X61.388 Y85.429 E3303.96394
G1 X61.027 Y85.657 E3303.97956
G1 X60.822 Y85.872 E3303.99043
G1 X60.584 Y86.245 E3304.00661
G1 X60.506 Y86.733 E3304.0247
G1 X60.506 Y141.951 E3306.04491
G1 X60.65 Y142.46 E3306.06426
G1 X60.949 Y142.865 E3306.08268
G1 X61.297 Y143.124 E3306.09855
G1 X61.795 Y143.296 E3306.11783
G1 X110 Y143.296 E3307.88146
G1 F1500 E3305.88146
G0 F9000 X110 Y149.402
G1 F1500 E3307.88146
G1 F1800 X47.396 Y149.4 E3310.1719
G1 X47.396 Y70.596 E3313.05504
G1 X172.604 Y70.596 E3317.63592
G1 X172.604 Y149.404 E3320.5192
G1 X110 Y149.402 E3322.80964
G1 F1500 E3320.80964
G0 F9000 X52.089 Y147.303
G1 F1500 E3322.80964
G1 F1800 X52.667 Y147.188 E3322.8312
G1 X53.179 Y146.984 E3322.85136
G1 X53.548 Y146.743 E3322.86749
G1 X53.836 Y146.507 E3322.88111
G1 X54.26 Y145.873 E3322.90901
G1 X54.468 Y145.244 E3322.93325
G1 X54.475 Y144.579 E3322.95758
G1 X54.44 Y144.281 E3322.96856
G1 X54.296 Y143.779 E3322.98767
G1 X53.879 Y143.156 E3323.0151
G1 X53.654 Y142.93 E3323.02676
G1 X53.124 Y142.566 E3323.05029
G1 X52.817 Y142.439 E3323.06244
G1 X52.191 Y142.312 E3323.08581
G1 X51.876 Y142.304 E3323.09734
G1 X51.134 Y142.446 E3323.12498
G1 X50.789 Y142.624 E3323.13918
G1 X50.295 Y142.953 E3323.1609
G1 X50.053 Y143.248 E3323.17486
G1 X49.832 Y143.577 E3323.18936
G1 X49.616 Y144.087 E3323.20962
G1 X49.531 Y144.506 E3323.22526
G1 X49.489 Y144.895 E3323.23958
G1 X49.616 Y145.505 E3323.26237
G1 X49.816 Y145.985 E3323.2814
G1 X50.044 Y146.335 E3323.29668
G1 X50.296 Y146.64 E3323.31116
G1 X50.778 Y146.96 E3323.33232
G1 X51.287 Y147.176 E3323.35255
G1 X51.711 Y147.261 E3323.36837
G1 X52.089 Y147.303 E3323.38229
G1 F1500 E3321.38229
G0 F9000 X52.16 Y80.284
G1 F1500 E3323.38229
G1 F1800 X52.801 Y80.158 E3323.40619
G1 X53.133 Y80.022 E3323.41931
G1 X53.648 Y79.667 E3323.4422
G1 X53.896 Y79.411 E3323.45524
G1 X54.297 Y78.803 E3323.48189
G1 X54.472 Y78.188 E3323.50528
G1 X54.467 Y77.395 E3323.53429
G1 X54.361 Y76.998 E3323.54933
G1 X54.234 Y76.675 E3323.56203
G1 X53.836 Y76.093 E3323.58782
G1 X53.544 Y75.853 E3323.60165
G1 X53.224 Y75.637 E3323.61577
G1 X52.983 Y75.503 E3323.62586
G1 X52.695 Y75.412 E3323.63691
G1 X52.264 Y75.324 E3323.65301
G1 X51.897 Y75.294 E3323.66648
G1 X51.317 Y75.408 E3323.68811
G1 X50.947 Y75.524 E3323.70229
G1 X50.299 Y75.955 E3323.73077
G1 X50.055 Y76.246 E3323.74466
G1 X49.832 Y76.577 E3323.75926
G1 X49.616 Y77.087 E3323.77952
G1 X49.531 Y77.506 E3323.79517
G1 X49.489 Y77.894 E3323.80944
G1 X49.616 Y78.509 E3323.83242
G1 X49.816 Y78.989 E3323.85144
G1 X50.045 Y79.336 E3323.86666
G1 X50.299 Y79.638 E3323.88109
G1 X50.804 Y79.975 E3323.9033
G1 X51.134 Y80.151 E3323.91699
G1 X51.83 Y80.285 E3323.94292
G1 X52.16 Y80.284 E3323.95499
G1 F1500 E3321.95499
G0 F9000 X47.753 Y149.18
G1 F1500 E3323.95499
G1 F1800 X47.616 Y149.043 E3323.96208
G0 F9000 X47.616 Y148.421
G1 F1800 X48.375 Y149.18 E3324.00135
G0 F9000 X48.998 Y149.18
G1 F1800 X47.616 Y147.799 E3324.07283
G0 F9000 X47.616 Y147.176
G1 F1800 X49.62 Y149.18 E3324.17652
G0 F9000 X50.242 Y149.18
G1 F1800 X47.616 Y146.554 E3324.31239
G0 F9000 X47.616 Y145.932
G1 F1800 X50.864 Y149.18 E3324.48045
G0 F9000 X51.487 Y149.18
G1 F1800 X47.616 Y145.31 E3324.68071
G0 F9000 X47.616 Y144.687
G1 F1800 X52.109 Y149.18 E3324.91318
G0 F9000 X52.731 Y149.18
G1 F1800 X50.737 Y147.186 E3325.01635
G0 F9000 X51.646 Y147.473
G1 F1800 X53.353 Y149.18 E3325.10467
G0 F9000 X53.976 Y149.18
G1 F1800 X52.284 Y147.489 E3325.19219
G0 F9000 X52.795 Y147.378
G1 F1800 X54.598 Y149.18 E3325.28545
G0 F9000 X55.22 Y149.18
G1 F1800 X53.237 Y147.198 E3325.38803
G0 F9000 X53.621 Y146.959
G1 F1800 X55.842 Y149.18 E3325.50294
G0 F9000 X56.465 Y149.18
G1 F1800 X53.969 Y146.684 E3325.63209
G0 F9000 X54.226 Y146.319
G1 F1800 X57.087 Y149.18 E3325.78012
G0 F9000 X57.709 Y149.18
G1 F1800 X54.468 Y145.94 E3325.94778
G0 F9000 X54.627 Y145.476
G1 F1800 X58.331 Y149.18 E3326.13943
G0 F9000 X58.954 Y149.18
G1 F1800 X54.69 Y144.917 E3326.36003
G0 F9000 X54.659 Y144.263
G1 F1800 X59.576 Y149.18 E3326.61444
G0 F9000 X60.198 Y149.18
G1 F1800 X54.081 Y143.063 E3326.93093
G0 F9000 X53.73 Y142.713
G1 F1800 X47.616 Y136.598 E3327.2473
G0 F9000 X47.616 Y137.22
G1 F1800 X52.554 Y142.159 E3327.50282
G0 F9000 X51.856 Y142.083
G1 F1800 X47.616 Y137.843 E3327.7222
G0 F9000 X47.616 Y138.465
G1 F1800 X51.332 Y142.181 E3327.91447
G0 F9000 X50.866 Y142.337
G1 F1800 X47.616 Y139.087 E3328.08263
G0 F9000 X47.616 Y139.709
G1 F1800 X50.475 Y142.568 E3328.23055
G0 F9000 X50.113 Y142.828
G1 F1800 X47.616 Y140.332 E3328.35972
G0 F9000 X47.616 Y140.954
G1 F1800 X49.838 Y143.176 E3328.47469
G0 F9000 X49.599 Y143.559
G1 F1800 X47.616 Y141.576 E3328.57729
G0 F9000 X47.616 Y142.198
G1 F1800 X49.415 Y143.998 E3328.6704
G0 F9000 X49.31 Y144.515
G1 F1800 X47.616 Y142.821 E3328.75805
G0 F9000 X47.616 Y143.443
G1 F1800 X49.315 Y145.142 E3328.84596
G0 F9000 X49.608 Y146.057
G1 F1800 X47.616 Y144.065 E3328.94902
G1 F1500 E3326.94902
G0 F9000 X45.235 Y144.065
G0 X45.235 Y135.976
G0 X47.616 Y135.976
G1 F1500 E3328.94902
G1 F1800 X60.82 Y149.18 E3329.63221
G0 F9000 X61.443 Y149.18
G1 F1800 X47.616 Y135.354 E3330.3476
G0 F9000 X47.616 Y134.731
G1 F1800 X62.065 Y149.18 E3331.0952
G0 F9000 X62.687 Y149.18
G1 F1800 X47.616 Y134.109 E3331.87498
G0 F9000 X47.616 Y133.487
G1 F1800 X63.309 Y149.18 E3332.68695
G0 F9000 X63.932 Y149.18
G1 F1800 X47.616 Y132.865 E3333.53112
G0 F9000 X47.616 Y132.242
G1 F1800 X64.554 Y149.18 E3334.40751
G0 F9000 X65.176 Y149.18
G1 F1800 X47.616 Y131.62 E3335.31607
G0 F9000 X47.616 Y130.998
G1 F1800 X65.798 Y149.18 E3336.25682
G0 F9000 X66.421 Y149.18
G1 F1800 X47.616 Y130.376 E3337.22978
G0 F9000 X47.616 Y129.753
G1 F1800 X60.535 Y142.673 E3337.89824
G0 F9000 X61.154 Y143.292
G1 F1800 X67.043 Y149.18 E3338.20291
G0 F9000 X67.665 Y149.18
G1 F1800 X62.001 Y143.516 E3338.49597
G0 F9000 X62.623 Y143.516
G1 F1800 X68.287 Y149.18 E3338.78903
G0 F9000 X68.91 Y149.18
G1 F1800 X63.245 Y143.516 E3339.08212
G0 F9000 X63.867 Y143.516
G1 F1800 X69.532 Y149.18 E3339.3752
G0 F9000 X70.154 Y149.18
G1 F1800 X64.49 Y143.516 E3339.66826
G0 F9000 X65.112 Y143.516
G1 F1800 X70.776 Y149.18 E3339.96132
G0 F9000 X71.399 Y149.18
G1 F1800 X65.734 Y143.516 E3340.2544
G0 F9000 X66.356 Y143.516
G1 F1800 X72.021 Y149.18 E3340.54749
G0 F9000 X72.644 Y149.181
G1 F1800 X66.979 Y143.516 E3340.8406
G0 F9000 X67.601 Y143.516
G1 F1800 X73.266 Y149.181 E3341.13371
G0 F9000 X73.888 Y149.181
G1 F1800 X68.223 Y143.516 E3341.42682
G0 F9000 X68.845 Y143.516
G1 F1800 X74.511 Y149.181 E3341.71996
G0 F9000 X75.133 Y149.181
G1 F1800 X69.468 Y143.516 E3342.01307
G0 F9000 X70.09 Y143.516
G1 F1800 X75.755 Y149.181 E3342.30618
G0 F9000 X76.377 Y149.181
G1 F1800 X70.712 Y143.516 E3342.59929
G0 F9000 X71.334 Y143.516
G1 F1800 X77 Y149.181 E3342.89243
G0 F9000 X77.622 Y149.181
G1 F1800 X71.957 Y143.516 E3343.18554
G0 F9000 X72.579 Y143.516
G1 F1800 X78.244 Y149.181 E3343.47865
G0 F9000 X78.866 Y149.181
G1 F1800 X73.201 Y143.516 E3343.77176
G0 F9000 X73.823 Y143.516
G1 F1800 X79.489 Y149.181 E3344.06489
G0 F9000 X80.111 Y149.181
G1 F1800 X74.446 Y143.516 E3344.358
G0 F9000 X75.068 Y143.516
G1 F1800 X80.733 Y149.181 E3344.65111
G0 F9000 X81.355 Y149.181
G1 F1800 X75.69 Y143.516 E3344.94423
G0 F9000 X76.312 Y143.516
G1 F1800 X81.978 Y149.181 E3345.23736
G0 F9000 X82.6 Y149.181
G1 F1800 X76.935 Y143.516 E3345.53047
G0 F9000 X77.557 Y143.516
G1 F1800 X83.222 Y149.181 E3345.82358
G0 F9000 X83.844 Y149.181
G1 F1800 X78.179 Y143.516 E3346.11669
G0 F9000 X78.801 Y143.516
G1 F1800 X84.467 Y149.181 E3346.40983
G0 F9000 X85.089 Y149.181
G1 F1800 X79.424 Y143.516 E3346.70294
G0 F9000 X80.046 Y143.516
G1 F1800 X85.711 Y149.181 E3346.99605
G0 F9000 X86.333 Y149.181
G1 F1800 X80.668 Y143.516 E3347.28916
G0 F9000 X81.29 Y143.516
G1 F1800 X86.956 Y149.181 E3347.5823
G0 F9000 X87.578 Y149.181
G1 F1800 X81.913 Y143.516 E3347.87541
G0 F9000 X82.535 Y143.516
G1 F1800 X88.2 Y149.181 E3348.16852
G0 F9000 X88.823 Y149.181
G1 F1800 X83.157 Y143.516 E3348.46166
G0 F9000 X83.779 Y143.516
G1 F1800 X89.445 Y149.181 E3348.75479
G0 F9000 X90.067 Y149.181
G1 F1800 X84.402 Y143.516 E3349.0479
G0 F9000 X85.024 Y143.516
G1 F1800 X90.689 Y149.181 E3349.34101
G0 F9000 X91.312 Y149.181
G1 F1800 X85.646 Y143.516 E3349.63415
G0 F9000 X86.268 Y143.516
G1 F1800 X91.934 Y149.181 E3349.92729
G0 F9000 X92.556 Y149.181
G1 F1800 X86.891 Y143.516 E3350.2204
G0 F9000 X87.513 Y143.516
G1 F1800 X93.178 Y149.181 E3350.51351
G0 F9000 X93.801 Y149.181
G1 F1800 X88.135 Y143.516 E3350.80665
G0 F9000 X88.757 Y143.516
G1 F1800 X94.423 Y149.181 E3351.09978
G0 F9000 X95.045 Y149.181
G1 F1800 X89.38 Y143.516 E3351.39289
G0 F9000 X90.002 Y143.516
G1 F1800 X95.667 Y149.181 E3351.686
G0 F9000 X96.29 Y149.181
G1 F1800 X90.624 Y143.516 E3351.97914
G0 F9000 X91.246 Y143.516
G1 F1800 X96.912 Y149.181 E3352.27228
G0 F9000 X97.535 Y149.182
G1 F1800 X91.869 Y143.516 E3352.56544
G0 F9000 X92.491 Y143.516
G1 F1800 X98.157 Y149.182 E3352.8586
G0 F9000 X98.779 Y149.182
G1 F1800 X93.113 Y143.516 E3353.15176
G0 F9000 X93.735 Y143.516
G1 F1800 X99.402 Y149.182 E3353.44495
G0 F9000 X100.024 Y149.182
G1 F1800 X94.358 Y143.516 E3353.73811
G0 F9000 X94.98 Y143.516
G1 F1800 X100.646 Y149.182 E3354.03128
G0 F9000 X101.268 Y149.182
G1 F1800 X95.602 Y143.516 E3354.32444
G0 F9000 X96.225 Y143.516
G1 F1800 X101.891 Y149.182 E3354.6176
G0 F9000 X102.513 Y149.182
G1 F1800 X96.847 Y143.516 E3354.91076
G0 F9000 X97.469 Y143.516
G1 F1800 X103.135 Y149.182 E3355.20393
G0 F9000 X103.757 Y149.182
G1 F1800 X98.091 Y143.516 E3355.49709
G0 F9000 X98.714 Y143.516
G1 F1800 X104.38 Y149.182 E3355.79025
G0 F9000 X105.002 Y149.182
G1 F1800 X99.336 Y143.516 E3356.08341
G0 F9000 X99.958 Y143.516
G1 F1800 X105.624 Y149.182 E3356.37658
G0 F9000 X106.246 Y149.182
G1 F1800 X100.58 Y143.516 E3356.66974
G0 F9000 X101.203 Y143.516
G1 F1800 X106.869 Y149.182 E3356.9629
G0 F9000 X107.491 Y149.182
G1 F1800 X101.825 Y143.516 E3357.25606
G0 F9000 X102.447 Y143.516
G1 F1800 X108.113 Y149.182 E3357.54923
G0 F9000 X108.735 Y149.182
G1 F1800 X103.069 Y143.516 E3357.84239
G0 F9000 X103.692 Y143.516
G1 F1800 X109.358 Y149.182 E3358.13555
G0 F9000 X109.98 Y149.182
G1 F1800 X104.314 Y143.516 E3358.42871
G0 F9000 X104.936 Y143.516
G1 F1800 X110.602 Y149.182 E3358.72188
G0 F9000 X111.224 Y149.182
G1 F1800 X105.558 Y143.516 E3359.01504
G0 F9000 X106.181 Y143.516
G1 F1800 X111.847 Y149.182 E3359.3082
G0 F9000 X112.469 Y149.182
G1 F1800 X106.803 Y143.516 E3359.60136
G0 F9000 X107.425 Y143.516
G1 F1800 X113.091 Y149.182 E3359.89452
G0 F9000 X113.713 Y149.182
G1 F1800 X108.047 Y143.516 E3360.18769
G0 F9000 X108.67 Y143.516
G1 F1800 X114.336 Y149.182 E3360.48085
G0 F9000 X114.958 Y149.182
G1 F1800 X109.292 Y143.516 E3360.77401
G0 F9000 X109.914 Y143.516
G1 F1800 X115.58 Y149.182 E3361.06717
G0 F9000 X116.202 Y149.182
G1 F1800 X110.536 Y143.516 E3361.36034
G0 F9000 X111.159 Y143.516
G1 F1800 X116.825 Y149.182 E3361.6535
G0 F9000 X117.447 Y149.182
G1 F1800 X111.781 Y143.516 E3361.94666
G0 F9000 X112.403 Y143.516
G1 F1800 X118.069 Y149.182 E3362.23982
G0 F9000 X118.691 Y149.182
G1 F1800 X113.025 Y143.516 E3362.53299
G0 F9000 X113.648 Y143.516
G1 F1800 X119.314 Y149.182 E3362.82615
G0 F9000 X119.936 Y149.182
G1 F1800 X114.27 Y143.516 E3363.11931
G0 F9000 X114.892 Y143.516
G1 F1800 X120.558 Y149.182 E3363.41247
G0 F9000 X121.18 Y149.182
G1 F1800 X115.514 Y143.516 E3363.70564
G0 F9000 X116.137 Y143.516
G1 F1800 X121.803 Y149.182 E3363.9988
G0 F9000 X122.425 Y149.182
G1 F1800 X116.759 Y143.516 E3364.29196
G0 F9000 X117.381 Y143.516
G1 F1800 X123.048 Y149.183 E3364.58517
G0 F9000 X123.67 Y149.183
G1 F1800 X118.003 Y143.516 E3364.87839
G0 F9000 X118.626 Y143.516
G1 F1800 X124.292 Y149.183 E3365.17158
G0 F9000 X124.915 Y149.183
G1 F1800 X119.248 Y143.516 E3365.46479
G0 F9000 X119.87 Y143.516
G1 F1800 X125.537 Y149.183 E3365.75801
G0 F9000 X126.159 Y149.183
G1 F1800 X120.492 Y143.516 E3366.05122
G0 F9000 X121.115 Y143.516
G1 F1800 X126.781 Y149.183 E3366.34441
G0 F9000 X127.404 Y149.183
G1 F1800 X121.737 Y143.516 E3366.63762
G0 F9000 X122.359 Y143.516
G1 F1800 X128.026 Y149.183 E3366.93084
G0 F9000 X128.648 Y149.183
G1 F1800 X122.981 Y143.516 E3367.22405
G0 F9000 X123.604 Y143.516
G1 F1800 X129.27 Y149.183 E3367.51724
G0 F9000 X129.893 Y149.183
G1 F1800 X124.226 Y143.516 E3367.81045
G0 F9000 X124.848 Y143.516
G1 F1800 X130.515 Y149.183 E3368.10367
G0 F9000 X131.137 Y149.183
G1 F1800 X125.47 Y143.516 E3368.39688
G0 F9000 X126.093 Y143.516
G1 F1800 X131.759 Y149.183 E3368.69007
G0 F9000 X132.382 Y149.183
G1 F1800 X126.715 Y143.516 E3368.98328
G0 F9000 X127.337 Y143.516
G1 F1800 X133.004 Y149.183 E3369.2765
G0 F9000 X133.626 Y149.183
G1 F1800 X127.959 Y143.516 E3369.56971
G0 F9000 X128.582 Y143.516
G1 F1800 X134.248 Y149.183 E3369.8629
G0 F9000 X134.871 Y149.183
G1 F1800 X129.204 Y143.516 E3370.15611
G0 F9000 X129.826 Y143.516
G1 F1800 X135.493 Y149.183 E3370.44933
G0 F9000 X136.115 Y149.183
G1 F1800 X130.448 Y143.516 E3370.74254
G0 F9000 X131.071 Y143.516
G1 F1800 X136.737 Y149.183 E3371.03573
G0 F9000 X137.36 Y149.183
G1 F1800 X131.693 Y143.516 E3371.32894
G0 F9000 X132.315 Y143.516
G1 F1800 X137.982 Y149.183 E3371.62216
G0 F9000 X138.604 Y149.183
G1 F1800 X132.937 Y143.516 E3371.91537
G0 F9000 X133.56 Y143.516
G1 F1800 X139.226 Y149.183 E3372.20856
G0 F9000 X139.849 Y149.183
G1 F1800 X134.182 Y143.516 E3372.50178
G0 F9000 X134.804 Y143.516
G1 F1800 X140.471 Y149.183 E3372.79499
G0 F9000 X141.093 Y149.183
G1 F1800 X135.427 Y143.516 E3373.08818
G0 F9000 X136.049 Y143.516
G1 F1800 X141.716 Y149.183 E3373.38139
G0 F9000 X142.338 Y149.183
G1 F1800 X136.671 Y143.516 E3373.67461
G0 F9000 X137.293 Y143.516
G1 F1800 X142.96 Y149.183 E3373.96782
G0 F9000 X143.582 Y149.183
G1 F1800 X137.916 Y143.516 E3374.26101
G0 F9000 X138.538 Y143.516
G1 F1800 X144.205 Y149.183 E3374.55422
G0 F9000 X144.827 Y149.183
G1 F1800 X139.16 Y143.516 E3374.84744
G0 F9000 X139.782 Y143.516
G1 F1800 X145.449 Y149.183 E3375.14065
G0 F9000 X146.071 Y149.183
G1 F1800 X140.405 Y143.516 E3375.43384
G0 F9000 X141.027 Y143.516
G1 F1800 X146.694 Y149.183 E3375.72705
G0 F9000 X147.316 Y149.183
G1 F1800 X141.649 Y143.516 E3376.02027
G0 F9000 X142.271 Y143.516
G1 F1800 X147.939 Y149.183 E3376.31351
G0 F9000 X148.561 Y149.183
G1 F1800 X142.894 Y143.516 E3376.60672
G0 F9000 X143.516 Y143.516
G1 F1800 X149.183 Y149.183 E3376.89994
G0 F9000 X149.806 Y149.183
G1 F1800 X144.138 Y143.516 E3377.19318
G0 F9000 X144.76 Y143.516
G1 F1800 X150.428 Y149.183 E3377.48642
G0 F9000 X151.05 Y149.183
G1 F1800 X145.383 Y143.516 E3377.77963
G0 F9000 X146.005 Y143.516
G1 F1800 X151.672 Y149.183 E3378.07284
G0 F9000 X152.295 Y149.183
G1 F1800 X146.627 Y143.516 E3378.36608
G0 F9000 X147.249 Y143.516
G1 F1800 X152.917 Y149.183 E3378.65932
G0 F9000 X153.539 Y149.183
G1 F1800 X147.872 Y143.516 E3378.95254
G0 F9000 X148.494 Y143.516
G1 F1800 X154.161 Y149.183 E3379.24575
G0 F9000 X154.784 Y149.183
G1 F1800 X149.116 Y143.516 E3379.53899
G0 F9000 X149.738 Y143.516
G1 F1800 X155.406 Y149.183 E3379.83223
G0 F9000 X156.028 Y149.183
G1 F1800 X150.361 Y143.516 E3380.12545
G0 F9000 X150.983 Y143.516
G1 F1800 X156.65 Y149.183 E3380.41866
G0 F9000 X157.273 Y149.183
G1 F1800 X151.605 Y143.516 E3380.7119
G0 F9000 X152.227 Y143.516
G1 F1800 X157.895 Y149.183 E3381.00514
G0 F9000 X158.517 Y149.183
G1 F1800 X152.85 Y143.516 E3381.29835
G0 F9000 X153.472 Y143.516
G1 F1800 X159.139 Y149.183 E3381.59157
G0 F9000 X159.762 Y149.183
G1 F1800 X154.094 Y143.516 E3381.88481
G0 F9000 X154.716 Y143.516
G1 F1800 X160.384 Y149.183 E3382.17805
G0 F9000 X161.006 Y149.183
G1 F1800 X155.339 Y143.516 E3382.47126
G0 F9000 X155.961 Y143.516
G1 F1800 X161.628 Y149.183 E3382.76448
G0 F9000 X162.251 Y149.183
G1 F1800 X156.583 Y143.516 E3383.05772
G0 F9000 X157.205 Y143.516
G1 F1800 X162.873 Y149.183 E3383.35096
G0 F9000 X163.495 Y149.183
G1 F1800 X157.828 Y143.516 E3383.64417
G0 F9000 X158.391 Y143.456
G1 F1800 X164.117 Y149.183 E3383.94046
G0 F9000 X164.74 Y149.183
G1 F1800 X158.838 Y143.282 E3384.24581
G0 F9000 X159.193 Y143.014
G1 F1800 X165.362 Y149.183 E3384.565
G0 F9000 X165.984 Y149.183
G1 F1800 X159.467 Y142.667 E3384.90217
G0 F9000 X159.655 Y142.232
G1 F1800 X166.606 Y149.183 E3385.26182
G0 F9000 X167.229 Y149.183
G1 F1800 X159.715 Y141.67 E3385.65057
G0 F9000 X159.715 Y141.047
G1 F1800 X167.851 Y149.183 E3386.07153
G0 F9000 X168.473 Y149.183
G1 F1800 X159.715 Y140.425 E3386.52468
G0 F9000 X159.715 Y139.803
G1 F1800 X165.382 Y145.47 E3386.81789
G0 F9000 X165.285 Y144.75
G1 F1800 X159.715 Y139.181 E3387.10606
G0 F9000 X159.715 Y138.558
G1 F1800 X165.365 Y144.209 E3387.39842
G0 F9000 X165.505 Y143.727
G1 F1800 X159.715 Y137.936 E3387.69802
G0 F9000 X159.715 Y137.314
G1 F1800 X165.733 Y143.332 E3388.0094
G0 F9000 X165.988 Y142.964
G1 F1800 X159.715 Y136.692 E3388.33394
G0 F9000 X159.715 Y136.069
G1 F1800 X166.323 Y142.677 E3388.67584
G0 F9000 X166.693 Y142.425
G1 F1800 X159.715 Y135.447 E3389.03689
G0 F9000 X159.715 Y134.825
G1 F1800 X167.117 Y142.227 E3389.41987
G0 F9000 X167.634 Y142.121
G1 F1800 X159.715 Y134.203 E3389.82958
G0 F9000 X159.715 Y133.58
G1 F1800 X168.23 Y142.095 E3390.27015
G0 F9000 X169.052 Y142.295
G1 F1800 X159.715 Y132.958 E3390.75326
G0 F9000 X159.714 Y132.335
G1 F1800 X172.384 Y145.005 E3391.40881
G0 F9000 X172.384 Y145.627
G1 F1800 X170.477 Y143.72 E3391.50748
G0 F9000 X170.691 Y144.557
G1 F1800 X172.384 Y146.249 E3391.59505
G0 F9000 X172.384 Y146.872
G1 F1800 X170.69 Y145.178 E3391.6827
G0 F9000 X170.562 Y145.672
G1 F1800 X172.384 Y147.494 E3391.77697
G0 F9000 X172.384 Y148.116
G1 F1800 X170.367 Y146.099 E3391.88133
G0 F9000 X170.12 Y146.474
G1 F1800 X172.384 Y148.738 E3391.99847
G0 F9000 X172.207 Y149.183
G1 F1800 X169.823 Y146.8 E3392.1218
G0 F9000 X169.465 Y147.064
G1 F1800 X171.584 Y149.183 E3392.23143
G0 F9000 X170.962 Y149.183
G1 F1800 X169.053 Y147.274 E3392.33021
G0 F9000 X168.586 Y147.43
G1 F1800 X170.34 Y149.183 E3392.42093
G0 F9000 X169.718 Y149.183
G1 F1800 X168.055 Y147.521 E3392.50695
G0 F9000 X167.324 Y147.412
G1 F1800 X169.095 Y149.183 E3392.59859
G1 F1500 E3390.59859
G0 F9000 X169.095 Y151.565
G0 X174.753 Y151.553
G0 X174.765 Y144.383
G0 X172.384 Y144.383
G1 F1500 E3392.59859
G1 F1800 X159.714 Y131.713 E3393.25414
G0 F9000 X159.714 Y131.091
G1 F1800 X172.384 Y143.76 E3393.90967
G0 F9000 X172.384 Y143.138
G1 F1800 X159.714 Y130.468 E3394.56522
G0 F9000 X159.714 Y129.846
G1 F1800 X172.384 Y142.516 E3395.22077
G0 F9000 X172.384 Y141.894
G1 F1800 X159.714 Y129.224 E3395.87633
G0 F9000 X159.714 Y128.602
G1 F1800 X172.384 Y141.271 E3396.53186
G0 F9000 X172.384 Y140.649
G1 F1800 X159.714 Y127.979 E3397.18741
G0 F9000 X159.714 Y127.357
G1 F1800 X172.384 Y140.027 E3397.84296
G0 F9000 X172.384 Y139.405
G1 F1800 X159.714 Y126.735 E3398.49852
G0 F9000 X159.714 Y126.112
G1 F1800 X172.384 Y138.782 E3399.15407
G0 F9000 X172.384 Y138.16
G1 F1800 X159.714 Y125.49 E3399.80962
G0 F9000 X159.714 Y124.868
G1 F1800 X172.384 Y137.538 E3400.46518
G0 F9000 X172.384 Y136.916
G1 F1800 X159.714 Y124.246 E3401.12073
G0 F9000 X159.714 Y123.623
G1 F1800 X172.384 Y136.293 E3401.77629
G0 F9000 X172.384 Y135.671
G1 F1800 X159.714 Y123.001 E3402.43184
G0 F9000 X159.714 Y122.378
G1 F1800 X172.384 Y135.049 E3403.08742
G0 F9000 X172.384 Y134.427
G1 F1800 X159.714 Y121.756 E3403.743
G0 F9000 X159.714 Y121.134
G1 F1800 X172.384 Y133.804 E3404.39855
G0 F9000 X172.384 Y133.182
G1 F1800 X159.714 Y120.512 E3405.05411
G0 F9000 X159.714 Y119.889
G1 F1800 X172.384 Y132.56 E3405.70969
G0 F9000 X172.384 Y131.938
G1 F1800 X159.714 Y119.267 E3406.36527
G0 F9000 X159.714 Y118.645
G1 F1800 X172.384 Y131.315 E3407.02082
G0 F9000 X172.384 Y130.693
G1 F1800 X159.714 Y118.022 E3407.6764
G0 F9000 X159.714 Y117.4
G1 F1800 X172.384 Y130.071 E3408.33198
G0 F9000 X172.384 Y129.449
G1 F1800 X159.714 Y116.778 E3408.98756
G0 F9000 X159.714 Y116.156
G1 F1800 X172.384 Y128.826 E3409.64311
G0 F9000 X172.384 Y128.204
G1 F1800 X159.714 Y115.533 E3410.29869
G0 F9000 X159.714 Y114.911
G1 F1800 X172.384 Y127.582 E3410.95427
G0 F9000 X172.384 Y126.96
G1 F1800 X159.714 Y114.289 E3411.60985
G0 F9000 X159.713 Y113.666
G1 F1800 X172.384 Y126.337 E3412.26546
G0 F9000 X172.384 Y125.715
G1 F1800 X159.713 Y113.044 E3412.92106
G0 F9000 X159.713 Y112.421
G1 F1800 X172.384 Y125.093 E3413.57669
G0 F9000 X172.384 Y124.471
G1 F1800 X159.713 Y111.799 E3414.23232
G0 F9000 X159.713 Y111.177
G1 F1800 X172.384 Y123.848 E3414.88793
G0 F9000 X172.384 Y123.226
G1 F1800 X159.713 Y110.555 E3415.54354
G0 F9000 X159.713 Y109.932
G1 F1800 X172.384 Y122.604 E3416.19917
G0 F9000 X172.384 Y121.982
G1 F1800 X159.713 Y109.31 E3416.8548
G0 F9000 X159.713 Y108.688
G1 F1800 X172.384 Y121.359 E3417.5104
G0 F9000 X172.384 Y120.737
G1 F1800 X159.713 Y108.066 E3418.16601
G0 F9000 X159.713 Y107.443
G1 F1800 X172.384 Y120.115 E3418.82164
G0 F9000 X172.384 Y119.493
G1 F1800 X159.713 Y106.821 E3419.47727
G0 F9000 X159.713 Y106.199
G1 F1800 X172.384 Y118.87 E3420.13288
G0 F9000 X172.384 Y118.248
G1 F1800 X159.713 Y105.577 E3420.78848
G0 F9000 X159.712 Y104.954
G1 F1800 X172.384 Y117.626 E3421.44414
G0 F9000 X172.384 Y117.004
G1 F1800 X159.712 Y104.331 E3422.09982
G0 F9000 X159.712 Y103.709
G1 F1800 X172.384 Y116.381 E3422.75548
G0 F9000 X172.384 Y115.759
G1 F1800 X159.712 Y103.087 E3423.41114
G0 F9000 X159.712 Y102.465
G1 F1800 X172.384 Y115.137 E3424.0668
G0 F9000 X172.384 Y114.515
G1 F1800 X159.712 Y101.842 E3424.72248
G0 F9000 X159.712 Y101.22
G1 F1800 X172.384 Y113.892 E3425.37814
G0 F9000 X172.384 Y113.27
G1 F1800 X159.712 Y100.598 E3426.03379
G0 F9000 X159.712 Y99.976
G1 F1800 X172.384 Y112.648 E3426.68945
G0 F9000 X172.384 Y112.026
G1 F1800 X159.712 Y99.353 E3427.34513
G0 F9000 X159.712 Y98.731
G1 F1800 X172.384 Y111.403 E3428.00079
G0 F9000 X172.384 Y110.781
G1 F1800 X159.712 Y98.109 E3428.65645
G0 F9000 X159.712 Y97.487
G1 F1800 X172.384 Y110.159 E3429.3121
G0 F9000 X172.384 Y109.536
G1 F1800 X159.712 Y96.864 E3429.96776
G0 F9000 X159.712 Y96.242
G1 F1800 X172.384 Y108.914 E3430.62342
G0 F9000 X172.384 Y108.292
G1 F1800 X159.711 Y95.619 E3431.27913
G0 F9000 X159.711 Y94.997
G1 F1800 X172.384 Y107.67 E3431.93484
G0 F9000 X172.384 Y107.047
G1 F1800 X159.711 Y94.375 E3432.59052
G0 F9000 X159.711 Y93.752
G1 F1800 X172.384 Y106.425 E3433.24623
G0 F9000 X172.384 Y105.803
G1 F1800 X159.711 Y93.13 E3433.90194
G0 F9000 X159.711 Y92.508
G1 F1800 X172.384 Y105.181 E3434.55765
G0 F9000 X172.384 Y104.558
G1 F1800 X159.711 Y91.886 E3435.21333
G0 F9000 X159.711 Y91.263
G1 F1800 X172.384 Y103.936 E3435.86904
G0 F9000 X172.384 Y103.314
G1 F1800 X159.711 Y90.641 E3436.52475
G0 F9000 X159.711 Y90.019
G1 F1800 X172.384 Y102.692 E3437.18046
G0 F9000 X172.384 Y102.069
G1 F1800 X159.711 Y89.397 E3437.83614
G0 F9000 X159.711 Y88.774
G1 F1800 X172.384 Y101.447 E3438.49185
G0 F9000 X172.384 Y100.825
G1 F1800 X159.711 Y88.152 E3439.14756
G0 F9000 X159.711 Y87.53
G1 F1800 X172.384 Y100.203 E3439.80327
G0 F9000 X172.384 Y99.58
G1 F1800 X159.711 Y86.908 E3440.45895
G0 F9000 X159.588 Y86.162
G1 F1800 X172.384 Y98.958 E3441.12102
G0 F9000 X172.384 Y98.336
G1 F1800 X144.864 Y70.816 E3442.54493
G0 F9000 X144.242 Y70.816
G1 F1800 X158.641 Y85.215 E3443.28994
G0 F9000 X157.893 Y85.089
G1 F1800 X143.62 Y70.816 E3444.02843
G0 F9000 X142.997 Y70.816
G1 F1800 X157.27 Y85.089 E3444.76693
G0 F9000 X156.648 Y85.089
G1 F1800 X142.375 Y70.816 E3445.50542
G0 F9000 X141.753 Y70.816
G1 F1800 X156.026 Y85.089 E3446.24391
G0 F9000 X155.404 Y85.089
G1 F1800 X141.131 Y70.816 E3446.98241
G0 F9000 X140.508 Y70.816
G1 F1800 X154.781 Y85.089 E3447.7209
G0 F9000 X154.159 Y85.089
G1 F1800 X139.886 Y70.816 E3448.4594
G0 F9000 X139.264 Y70.816
G1 F1800 X153.537 Y85.089 E3449.19789
G0 F9000 X152.915 Y85.089
G1 F1800 X138.642 Y70.816 E3449.93638
G0 F9000 X138.019 Y70.816
G1 F1800 X152.292 Y85.089 E3450.67488
G0 F9000 X151.67 Y85.089
G1 F1800 X137.397 Y70.816 E3451.41337
G0 F9000 X136.775 Y70.816
G1 F1800 X151.048 Y85.089 E3452.15187
G0 F9000 X150.426 Y85.089
G1 F1800 X136.153 Y70.816 E3452.89036
G0 F9000 X135.53 Y70.816
G1 F1800 X149.803 Y85.089 E3453.62885
G0 F9000 X149.181 Y85.089
G1 F1800 X134.908 Y70.816 E3454.36735
G0 F9000 X134.286 Y70.816
G1 F1800 X148.559 Y85.089 E3455.10584
G0 F9000 X147.937 Y85.089
G1 F1800 X133.664 Y70.816 E3455.84434
G0 F9000 X133.041 Y70.816
G1 F1800 X147.314 Y85.089 E3456.58283
G0 F9000 X146.692 Y85.089
G1 F1800 X132.419 Y70.816 E3457.32132
G0 F9000 X131.797 Y70.816
G1 F1800 X146.07 Y85.089 E3458.05982
G0 F9000 X145.448 Y85.089
G1 F1800 X131.175 Y70.816 E3458.79831
G0 F9000 X130.552 Y70.816
G1 F1800 X144.825 Y85.089 E3459.53681
G0 F9000 X144.203 Y85.089
G1 F1800 X129.93 Y70.816 E3460.2753
G0 F9000 X129.308 Y70.816
G1 F1800 X143.581 Y85.089 E3461.01379
G0 F9000 X142.959 Y85.089
G1 F1800 X128.686 Y70.816 E3461.75229
G0 F9000 X128.063 Y70.816
G1 F1800 X142.336 Y85.089 E3462.49078
G0 F9000 X141.714 Y85.089
G1 F1800 X127.441 Y70.816 E3463.22928
G0 F9000 X126.819 Y70.816
G1 F1800 X141.092 Y85.089 E3463.96777
G0 F9000 X140.47 Y85.089
G1 F1800 X126.197 Y70.816 E3464.70626
G0 F9000 X125.574 Y70.816
G1 F1800 X139.847 Y85.089 E3465.44476
G0 F9000 X139.225 Y85.089
G1 F1800 X124.952 Y70.816 E3466.18325
G0 F9000 X124.33 Y70.816
G1 F1800 X138.603 Y85.089 E3466.92175
G0 F9000 X137.981 Y85.089
G1 F1800 X123.708 Y70.816 E3467.66024
G0 F9000 X123.085 Y70.816
G1 F1800 X137.358 Y85.089 E3468.39873
G0 F9000 X136.736 Y85.089
G1 F1800 X122.463 Y70.816 E3469.13723
G0 F9000 X121.841 Y70.816
G1 F1800 X136.114 Y85.089 E3469.87572
G0 F9000 X135.492 Y85.089
G1 F1800 X121.219 Y70.816 E3470.61422
G0 F9000 X120.596 Y70.816
G1 F1800 X134.869 Y85.089 E3471.35271
G0 F9000 X134.247 Y85.089
G1 F1800 X119.974 Y70.816 E3472.0912
G0 F9000 X119.352 Y70.816
G1 F1800 X133.625 Y85.089 E3472.8297
G0 F9000 X133.003 Y85.089
G1 F1800 X118.73 Y70.816 E3473.56819
G0 F9000 X118.107 Y70.816
G1 F1800 X132.38 Y85.089 E3474.30669
G0 F9000 X131.758 Y85.089
G1 F1800 X117.485 Y70.816 E3475.04518
G0 F9000 X116.863 Y70.816
G1 F1800 X131.136 Y85.089 E3475.78367
G0 F9000 X130.514 Y85.089
G1 F1800 X116.241 Y70.816 E3476.52217
G0 F9000 X115.618 Y70.816
G1 F1800 X129.891 Y85.089 E3477.26066
G0 F9000 X129.269 Y85.089
G1 F1800 X114.996 Y70.816 E3477.99916
G0 F9000 X114.374 Y70.816
G1 F1800 X128.647 Y85.089 E3478.73765
G0 F9000 X128.025 Y85.089
G1 F1800 X113.752 Y70.816 E3479.47614
G0 F9000 X113.129 Y70.816
G1 F1800 X127.402 Y85.089 E3480.21464
G0 F9000 X126.78 Y85.089
G1 F1800 X112.507 Y70.816 E3480.95313
G0 F9000 X111.885 Y70.816
G1 F1800 X126.158 Y85.089 E3481.69163
G0 F9000 X125.536 Y85.09
G1 F1800 X111.263 Y70.816 E3482.43015
G0 F9000 X110.64 Y70.816
G1 F1800 X124.914 Y85.09 E3483.16869
G0 F9000 X124.292 Y85.09
G1 F1800 X110.018 Y70.816 E3483.90724
G0 F9000 X109.396 Y70.816
G1 F1800 X123.669 Y85.09 E3484.64576
G0 F9000 X123.047 Y85.09
G1 F1800 X108.774 Y70.816 E3485.38428
G0 F9000 X108.151 Y70.816
G1 F1800 X122.425 Y85.09 E3486.12282
G0 F9000 X121.803 Y85.09
G1 F1800 X107.529 Y70.816 E3486.86137
G0 F9000 X106.907 Y70.816
G1 F1800 X121.18 Y85.09 E3487.59989
G0 F9000 X120.558 Y85.09
G1 F1800 X106.285 Y70.816 E3488.33841
G0 F9000 X105.662 Y70.816
G1 F1800 X119.936 Y85.09 E3489.07695
G0 F9000 X119.314 Y85.09
G1 F1800 X105.04 Y70.816 E3489.8155
G0 F9000 X104.418 Y70.816
G1 F1800 X118.691 Y85.09 E3490.55402
G0 F9000 X118.069 Y85.09
G1 F1800 X103.795 Y70.816 E3491.29256
G0 F9000 X103.173 Y70.816
G1 F1800 X117.447 Y85.09 E3492.03111
G0 F9000 X116.825 Y85.09
G1 F1800 X102.551 Y70.816 E3492.76966
G0 F9000 X101.929 Y70.816
G1 F1800 X116.202 Y85.09 E3493.50818
G0 F9000 X115.58 Y85.09
G1 F1800 X101.306 Y70.816 E3494.24672
G0 F9000 X100.684 Y70.816
G1 F1800 X114.958 Y85.09 E3494.98527
G0 F9000 X114.336 Y85.09
G1 F1800 X100.062 Y70.816 E3495.72381
G0 F9000 X99.44 Y70.816
G1 F1800 X113.713 Y85.09 E3496.46233
G0 F9000 X113.091 Y85.09
G1 F1800 X98.817 Y70.816 E3497.20088
G0 F9000 X98.195 Y70.816
G1 F1800 X112.469 Y85.09 E3497.93942
G0 F9000 X111.847 Y85.09
G1 F1800 X97.573 Y70.816 E3498.67797
G0 F9000 X96.951 Y70.816
G1 F1800 X111.224 Y85.09 E3499.41649
G0 F9000 X110.602 Y85.09
G1 F1800 X96.328 Y70.816 E3500.15504
G0 F9000 X95.706 Y70.816
G1 F1800 X109.98 Y85.09 E3500.89358
G0 F9000 X109.358 Y85.09
G1 F1800 X95.084 Y70.816 E3501.63213
G0 F9000 X94.462 Y70.816
G1 F1800 X108.735 Y85.09 E3502.37065
G0 F9000 X108.113 Y85.09
G1 F1800 X93.839 Y70.816 E3503.10919
G0 F9000 X93.217 Y70.816
G1 F1800 X107.491 Y85.09 E3503.84774
G0 F9000 X106.869 Y85.09
G1 F1800 X92.595 Y70.816 E3504.58628
G0 F9000 X91.973 Y70.816
G1 F1800 X106.246 Y85.09 E3505.3248
G0 F9000 X105.624 Y85.09
G1 F1800 X91.35 Y70.816 E3506.06335
G0 F9000 X90.728 Y70.816
G1 F1800 X105.002 Y85.09 E3506.8019
G0 F9000 X104.38 Y85.09
G1 F1800 X90.106 Y70.816 E3507.54044
G0 F9000 X89.484 Y70.816
G1 F1800 X103.757 Y85.09 E3508.27896
G0 F9000 X103.135 Y85.09
G1 F1800 X88.861 Y70.816 E3509.01751
G0 F9000 X88.239 Y70.816
G1 F1800 X102.513 Y85.09 E3509.75605
G0 F9000 X101.891 Y85.09
G1 F1800 X87.617 Y70.816 E3510.4946
G0 F9000 X86.995 Y70.816
G1 F1800 X101.268 Y85.09 E3511.23312
G0 F9000 X100.646 Y85.09
G1 F1800 X86.372 Y70.816 E3511.97166
G0 F9000 X85.75 Y70.816
G1 F1800 X100.024 Y85.09 E3512.71021
G0 F9000 X99.402 Y85.09
G1 F1800 X85.128 Y70.816 E3513.44876
G0 F9000 X84.506 Y70.816
G1 F1800 X98.779 Y85.09 E3514.18727
G0 F9000 X98.157 Y85.09
G1 F1800 X83.883 Y70.816 E3514.92582
G0 F9000 X83.261 Y70.816
G1 F1800 X97.535 Y85.09 E3515.66437
G0 F9000 X96.913 Y85.09
G1 F1800 X82.639 Y70.816 E3516.40291
G0 F9000 X82.017 Y70.816
G1 F1800 X96.29 Y85.09 E3517.14143
G0 F9000 X95.668 Y85.09
G1 F1800 X81.394 Y70.816 E3517.87998
G0 F9000 X80.772 Y70.816
G1 F1800 X95.046 Y85.09 E3518.61852
G0 F9000 X94.424 Y85.09
G1 F1800 X80.15 Y70.816 E3519.35707
G0 F9000 X79.528 Y70.816
G1 F1800 X93.802 Y85.09 E3520.09561
G0 F9000 X93.18 Y85.09
G1 F1800 X78.905 Y70.816 E3520.83419
G0 F9000 X78.283 Y70.816
G1 F1800 X92.557 Y85.09 E3521.57273
G0 F9000 X91.935 Y85.09
G1 F1800 X77.661 Y70.816 E3522.31128
G0 F9000 X77.039 Y70.816
G1 F1800 X91.313 Y85.09 E3523.04982
G0 F9000 X90.691 Y85.09
G1 F1800 X76.416 Y70.816 E3523.7884
G0 F9000 X75.794 Y70.816
G1 F1800 X90.068 Y85.09 E3524.52694
G0 F9000 X89.446 Y85.09
G1 F1800 X75.172 Y70.816 E3525.26549
G0 F9000 X74.55 Y70.816
G1 F1800 X88.824 Y85.09 E3526.00403
G0 F9000 X88.202 Y85.09
G1 F1800 X73.927 Y70.816 E3526.7426
G0 F9000 X73.305 Y70.816
G1 F1800 X87.579 Y85.09 E3527.48115
G0 F9000 X86.957 Y85.09
G1 F1800 X72.683 Y70.816 E3528.2197
G0 F9000 X72.061 Y70.816
G1 F1800 X86.335 Y85.09 E3528.95824
G0 F9000 X85.713 Y85.09
G1 F1800 X71.438 Y70.816 E3529.69681
G0 F9000 X70.816 Y70.816
G1 F1800 X85.09 Y85.09 E3530.43536
G0 F9000 X84.468 Y85.09
G1 F1800 X70.194 Y70.816 E3531.1739
G0 F9000 X69.572 Y70.816
G1 F1800 X83.846 Y85.09 E3531.91245
G0 F9000 X83.224 Y85.09
G1 F1800 X68.949 Y70.816 E3532.65102
G0 F9000 X68.327 Y70.816
G1 F1800 X82.601 Y85.09 E3533.38957
G0 F9000 X81.979 Y85.09
G1 F1800 X67.705 Y70.816 E3534.12811
G0 F9000 X67.083 Y70.816
G1 F1800 X81.357 Y85.09 E3534.86666
G0 F9000 X80.735 Y85.09
G1 F1800 X66.46 Y70.816 E3535.60523
G0 F9000 X65.838 Y70.816
G1 F1800 X80.112 Y85.09 E3536.34378
G0 F9000 X79.49 Y85.09
G1 F1800 X65.216 Y70.816 E3537.08232
G0 F9000 X64.593 Y70.816
G1 F1800 X78.868 Y85.09 E3537.82089
G0 F9000 X78.246 Y85.09
G1 F1800 X63.971 Y70.816 E3538.55946
G0 F9000 X63.349 Y70.816
G1 F1800 X77.623 Y85.09 E3539.29801
G0 F9000 X77.001 Y85.09
G1 F1800 X62.727 Y70.816 E3540.03656
G0 F9000 X62.104 Y70.816
G1 F1800 X76.379 Y85.09 E3540.77513
G0 F9000 X75.757 Y85.09
G1 F1800 X61.482 Y70.816 E3541.5137
G0 F9000 X60.86 Y70.816
G1 F1800 X75.134 Y85.09 E3542.25224
G0 F9000 X74.512 Y85.09
G1 F1800 X60.238 Y70.816 E3542.99079
G0 F9000 X59.615 Y70.816
G1 F1800 X73.89 Y85.09 E3543.72936
G0 F9000 X73.268 Y85.09
G1 F1800 X58.993 Y70.816 E3544.46793
G0 F9000 X58.371 Y70.816
G1 F1800 X72.645 Y85.09 E3545.20648
G0 F9000 X72.023 Y85.09
G1 F1800 X57.749 Y70.816 E3545.94503
G0 F9000 X57.126 Y70.816
G1 F1800 X71.401 Y85.09 E3546.6836
G0 F9000 X70.779 Y85.09
G1 F1800 X56.504 Y70.816 E3547.42217
G0 F9000 X55.882 Y70.816
G1 F1800 X70.156 Y85.09 E3548.16071
G0 F9000 X69.534 Y85.09
G1 F1800 X55.26 Y70.816 E3548.89926
G0 F9000 X54.637 Y70.816
G1 F1800 X68.912 Y85.09 E3549.63783
G0 F9000 X68.29 Y85.09
G1 F1800 X54.015 Y70.816 E3550.3764
G0 F9000 X53.393 Y70.816
G1 F1800 X67.667 Y85.09 E3551.11495
G0 F9000 X67.045 Y85.09
G1 F1800 X52.771 Y70.816 E3551.85349
G0 F9000 X52.148 Y70.816
G1 F1800 X66.423 Y85.09 E3552.59207
G0 F9000 X65.801 Y85.09
G1 F1800 X51.526 Y70.816 E3553.33064
G0 F9000 X50.904 Y70.816
G1 F1800 X65.178 Y85.09 E3554.06918
G0 F9000 X64.556 Y85.09
G1 F1800 X50.282 Y70.816 E3554.80773
G0 F9000 X49.659 Y70.816
G1 F1800 X63.934 Y85.09 E3555.5463
G0 F9000 X63.312 Y85.09
G1 F1800 X49.037 Y70.816 E3556.28487
G0 F9000 X48.415 Y70.816
G1 F1800 X52.817 Y75.218 E3556.51263
G0 F9000 X52.064 Y75.088
G1 F1800 X47.793 Y70.816 E3556.73364
G0 F9000 X47.616 Y71.262
G1 F1800 X51.501 Y75.147 E3556.93466
G0 F9000 X51.008 Y75.276
G1 F1800 X47.616 Y71.884 E3557.11016
G0 F9000 X47.616 Y72.506
G1 F1800 X50.598 Y75.488 E3557.26445
G0 F9000 X50.225 Y75.738
G1 F1800 X47.616 Y73.128 E3557.39947
G0 F9000 X47.616 Y73.751
G1 F1800 X49.925 Y76.059 E3557.51891
G0 F9000 X49.669 Y76.426
G1 F1800 X47.616 Y74.373 E3557.62514
G0 F9000 X47.616 Y74.995
G1 F1800 X49.475 Y76.854 E3557.72132
G0 F9000 X49.339 Y77.341
G1 F1800 X47.616 Y75.617 E3557.8105
G0 F9000 X47.616 Y76.24
G1 F1800 X49.271 Y77.895 E3557.89613
G0 F9000 X49.46 Y78.706
G1 F1800 X47.616 Y76.862 E3557.99154
G0 F9000 X47.616 Y77.484
G1 F1800 X60.284 Y90.153 E3558.64701
G0 F9000 X60.284 Y90.775
G1 F1800 X47.616 Y78.106 E3559.30249
G0 F9000 X47.616 Y78.729
G1 F1800 X60.284 Y91.397 E3559.95794
G0 F9000 X60.284 Y92.019
G1 F1800 X47.616 Y79.351 E3560.61339
G0 F9000 X47.616 Y79.973
G1 F1800 X60.284 Y92.642 E3561.26887
G0 F9000 X60.284 Y93.264
G1 F1800 X47.616 Y80.595 E3561.92434
G0 F9000 X47.616 Y81.218
G1 F1800 X60.284 Y93.886 E3562.57979
G0 F9000 X60.284 Y94.508
G1 F1800 X47.616 Y81.84 E3563.23524
G0 F9000 X47.616 Y82.462
G1 F1800 X60.284 Y95.131 E3563.89072
G0 F9000 X60.284 Y95.753
G1 F1800 X47.616 Y83.084 E3564.54619
G0 F9000 X47.616 Y83.707
G1 F1800 X60.285 Y96.376 E3565.2017
G0 F9000 X60.285 Y96.998
G1 F1800 X47.616 Y84.329 E3565.8572
G0 F9000 X47.616 Y84.951
G1 F1800 X60.285 Y97.62 E3566.5127
G0 F9000 X60.285 Y98.243
G1 F1800 X47.616 Y85.573 E3567.16823
G0 F9000 X47.616 Y86.196
G1 F1800 X60.285 Y98.865 E3567.82373
G0 F9000 X60.285 Y99.487
G1 F1800 X47.616 Y86.818 E3568.47923
G0 F9000 X47.616 Y87.44
G1 F1800 X60.285 Y100.109 E3569.13473
G0 F9000 X60.285 Y100.732
G1 F1800 X47.616 Y88.062 E3569.79026
G0 F9000 X47.616 Y88.685
G1 F1800 X60.285 Y101.354 E3570.44576
G0 F9000 X60.285 Y101.976
G1 F1800 X47.616 Y89.307 E3571.10127
G0 F9000 X47.616 Y89.929
G1 F1800 X60.285 Y102.598 E3571.75677
G0 F9000 X60.285 Y103.221
G1 F1800 X47.616 Y90.551 E3572.4123
G0 F9000 X47.616 Y91.174
G1 F1800 X60.285 Y103.843 E3573.0678
G0 F9000 X60.285 Y104.465
G1 F1800 X47.616 Y91.796 E3573.7233
G0 F9000 X47.616 Y92.418
G1 F1800 X60.285 Y105.087 E3574.3788
G0 F9000 X60.286 Y105.71
G1 F1800 X47.616 Y93.04 E3575.03436
G0 F9000 X47.616 Y93.663
G1 F1800 X60.286 Y106.333 E3575.68991
G0 F9000 X60.286 Y106.955
G1 F1800 X47.616 Y94.285 E3576.34546
G0 F9000 X47.616 Y94.907
G1 F1800 X60.286 Y107.577 E3577.00102
G0 F9000 X60.286 Y108.199
G1 F1800 X47.616 Y95.529 E3577.65657
G0 F9000 X47.616 Y96.152
G1 F1800 X60.286 Y108.822 E3578.31213
G0 F9000 X60.286 Y109.444
G1 F1800 X47.616 Y96.774 E3578.96768
G0 F9000 X47.616 Y97.396
G1 F1800 X60.286 Y110.066 E3579.62323
G0 F9000 X60.286 Y110.688
G1 F1800 X47.616 Y98.018 E3580.27879
G0 F9000 X47.616 Y98.641
G1 F1800 X60.286 Y111.311 E3580.93434
G0 F9000 X60.286 Y111.933
G1 F1800 X47.616 Y99.263 E3581.58989
G0 F9000 X47.616 Y99.885
G1 F1800 X60.286 Y112.555 E3582.24545
G0 F9000 X60.286 Y113.177
G1 F1800 X47.616 Y100.507 E3582.901
G0 F9000 X47.616 Y101.13
G1 F1800 X60.286 Y113.8 E3583.55656
G0 F9000 X60.287 Y114.423
G1 F1800 X47.616 Y101.752 E3584.21216
G0 F9000 X47.616 Y102.374
G1 F1800 X60.287 Y115.045 E3584.86777
G0 F9000 X60.287 Y115.667
G1 F1800 X47.616 Y102.996 E3585.52337
G0 F9000 X47.616 Y103.619
G1 F1800 X60.287 Y116.289 E3586.17895
G0 F9000 X60.287 Y116.912
G1 F1800 X47.616 Y104.241 E3586.83456
G0 F9000 X47.616 Y104.863
G1 F1800 X60.287 Y117.534 E3587.49016
G0 F9000 X60.287 Y118.156
G1 F1800 X47.616 Y105.485 E3588.14577
G0 F9000 X47.616 Y106.108
G1 F1800 X60.287 Y118.778 E3588.80135
G0 F9000 X60.287 Y119.401
G1 F1800 X47.616 Y106.73 E3589.45695
G0 F9000 X47.616 Y107.352
G1 F1800 X60.287 Y120.023 E3590.11256
G0 F9000 X60.287 Y120.645
G1 F1800 X47.616 Y107.974 E3590.76816
G0 F9000 X47.616 Y108.597
G1 F1800 X60.287 Y121.267 E3591.42374
G0 F9000 X60.287 Y121.89
G1 F1800 X47.616 Y109.219 E3592.07935
G0 F9000 X47.616 Y109.841
G1 F1800 X60.287 Y122.512 E3592.73495
G0 F9000 X60.287 Y123.134
G1 F1800 X47.616 Y110.464 E3593.39053
G0 F9000 X47.616 Y111.086
G1 F1800 X60.287 Y123.757 E3594.04614
G0 F9000 X60.287 Y124.379
G1 F1800 X47.616 Y111.708 E3594.70174
G0 F9000 X47.616 Y112.33
G1 F1800 X60.287 Y125.002 E3595.35738
G0 F9000 X60.287 Y125.624
G1 F1800 X47.616 Y112.953 E3596.01298
G0 F9000 X47.616 Y113.575
G1 F1800 X60.287 Y126.246 E3596.66859
G0 F9000 X60.287 Y126.868
G1 F1800 X47.616 Y114.197 E3597.32419
G0 F9000 X47.616 Y114.819
G1 F1800 X60.287 Y127.491 E3597.97982
G0 F9000 X60.287 Y128.113
G1 F1800 X47.616 Y115.442 E3598.63543
G0 F9000 X47.616 Y116.064
G1 F1800 X60.287 Y128.735 E3599.29104
G0 F9000 X60.287 Y129.357
G1 F1800 X47.616 Y116.686 E3599.94664
G0 F9000 X47.616 Y117.308
G1 F1800 X60.287 Y129.98 E3600.60227
G0 F9000 X60.287 Y130.602
G1 F1800 X47.616 Y117.931 E3601.25788
G0 F9000 X47.616 Y118.553
G1 F1800 X60.287 Y131.224 E3601.91348
G0 F9000 X60.287 Y131.846
G1 F1800 X47.616 Y119.175 E3602.56909
G0 F9000 X47.616 Y119.797
G1 F1800 X60.287 Y132.469 E3603.22472
G0 F9000 X60.288 Y133.092
G1 F1800 X47.616 Y120.42 E3603.88038
G0 F9000 X47.616 Y121.042
G1 F1800 X60.288 Y133.714 E3604.53603
G0 F9000 X60.288 Y134.336
G1 F1800 X47.616 Y121.664 E3605.19169
G0 F9000 X47.616 Y122.286
G1 F1800 X60.288 Y134.958 E3605.84735
G0 F9000 X60.288 Y135.581
G1 F1800 X47.616 Y122.909 E3606.50301
G0 F9000 X47.616 Y123.531
G1 F1800 X60.288 Y136.203 E3607.15866
G0 F9000 X60.288 Y136.825
G1 F1800 X47.616 Y124.153 E3607.81432
G0 F9000 X47.616 Y124.775
G1 F1800 X60.288 Y137.447 E3608.46998
G0 F9000 X60.288 Y138.07
G1 F1800 X47.616 Y125.398 E3609.12563
G0 F9000 X47.616 Y126.02
G1 F1800 X60.288 Y138.692 E3609.78129
G0 F9000 X60.288 Y139.314
G1 F1800 X47.616 Y126.642 E3610.43695
G0 F9000 X47.616 Y127.264
G1 F1800 X60.288 Y139.936 E3611.09261
G0 F9000 X60.288 Y140.559
G1 F1800 X47.616 Y127.887 E3611.74826
G0 F9000 X47.616 Y128.509
G1 F1800 X60.288 Y141.181 E3612.40392
G0 F9000 X60.288 Y141.803
G1 F1800 X47.616 Y129.131 E3613.05958
G1 F1500 E3611.05958
G0 F9000 X60.284 Y89.53
G1 F1500 E3613.05958
G1 F1800 X51.127 Y80.373 E3613.53337
G0 F9000 X51.885 Y80.508
G1 F1800 X60.284 Y88.908 E3613.96796
G0 F9000 X60.284 Y88.286
G1 F1800 X52.452 Y80.454 E3614.3732
G0 F9000 X52.955 Y80.334
G1 F1800 X60.284 Y87.664 E3614.75243
G0 F9000 X60.284 Y87.041
G1 F1800 X53.367 Y80.124 E3615.11032
G0 F9000 X53.736 Y79.871
G1 F1800 X60.328 Y86.463 E3615.45139
G0 F9000 X60.484 Y85.997
G1 F1800 X54.049 Y79.562 E3615.78434
G0 F9000 X54.305 Y79.195
G1 F1800 X60.747 Y85.637 E3616.11766
G0 F9000 X61.09 Y85.358
G1 F1800 X54.526 Y78.794 E3616.45728
G0 F9000 X54.668 Y78.313
G1 F1800 X61.52 Y85.166 E3616.81183
G0 F9000 X62.067 Y85.09
G1 F1800 X54.687 Y77.71 E3617.19368
G0 F9000 X54.585 Y76.986
G1 F1800 X62.689 Y85.09 E3617.61299
G1 F1500 E3615.61299
G0 F9000 X145.487 Y70.816
G1 F1500 E3617.61299
G1 F1800 X172.384 Y97.714 E3619.00468
G0 F9000 X172.384 Y97.091
G1 F1800 X146.109 Y70.816 E3620.36416
G0 F9000 X146.731 Y70.816
G1 F1800 X172.384 Y96.469 E3621.69147
G0 F9000 X172.384 Y95.847
G1 F1800 X147.353 Y70.816 E3622.98659
G0 F9000 X147.976 Y70.816
G1 F1800 X172.384 Y95.225 E3624.2495
G0 F9000 X172.384 Y94.602
G1 F1800 X148.598 Y70.816 E3625.4802
G0 F9000 X149.22 Y70.816
G1 F1800 X172.384 Y93.98 E3626.67872
G0 F9000 X172.384 Y93.358
G1 F1800 X149.842 Y70.816 E3627.84506
G0 F9000 X150.465 Y70.816
G1 F1800 X172.384 Y92.736 E3628.97919
G0 F9000 X172.384 Y92.113
G1 F1800 X151.087 Y70.816 E3630.08111
G0 F9000 X151.709 Y70.816
G1 F1800 X172.384 Y91.491 E3631.15084
G0 F9000 X172.384 Y90.869
G1 F1800 X152.331 Y70.816 E3632.1884
G0 F9000 X152.954 Y70.816
G1 F1800 X172.384 Y90.247 E3633.19374
G0 F9000 X172.384 Y89.624
G1 F1800 X153.576 Y70.816 E3634.16688
G0 F9000 X154.198 Y70.816
G1 F1800 X172.384 Y89.002 E3635.10784
G0 F9000 X172.384 Y88.38
G1 F1800 X154.82 Y70.816 E3636.01661
G0 F9000 X155.443 Y70.816
G1 F1800 X172.384 Y87.758 E3636.89317
G0 F9000 X172.384 Y87.135
G1 F1800 X156.065 Y70.816 E3637.73753
G0 F9000 X156.687 Y70.816
G1 F1800 X172.384 Y86.513 E3638.5497
G0 F9000 X172.384 Y85.891
G1 F1800 X166.598 Y80.105 E3638.84907
G0 F9000 X167.574 Y80.458
G1 F1800 X172.384 Y85.269 E3639.09797
G0 F9000 X172.384 Y84.646
G1 F1800 X168.234 Y80.496 E3639.3127
G0 F9000 X168.757 Y80.397
G1 F1800 X172.384 Y84.024 E3639.50036
G0 F9000 X172.384 Y83.402
G1 F1800 X169.203 Y80.221 E3639.66495
G0 F9000 X169.585 Y79.98
G1 F1800 X172.384 Y82.78 E3639.80979
G0 F9000 X172.384 Y82.157
G1 F1800 X169.93 Y79.703 E3639.93676
G0 F9000 X170.203 Y79.354
G1 F1800 X172.384 Y81.535 E3640.04961
G0 F9000 X172.384 Y80.913
G1 F1800 X170.433 Y78.962 E3640.15056
G0 F9000 X170.607 Y78.514
G1 F1800 X172.384 Y80.291 E3640.2425
G0 F9000 X172.384 Y79.668
G1 F1800 X170.691 Y77.975 E3640.3301
G0 F9000 X170.66 Y77.321
G1 F1800 X172.384 Y79.046 E3640.41932
G0 F9000 X172.384 Y78.424
G1 F1800 X170.202 Y76.242 E3640.53222
G0 F9000 X169.548 Y75.588
G1 F1800 X164.776 Y70.816 E3640.77913
G0 F9000 X164.154 Y70.816
G1 F1800 X168.484 Y75.146 E3641.00316
G0 F9000 X167.803 Y75.087
G1 F1800 X163.532 Y70.816 E3641.22415
G0 F9000 X162.91 Y70.816
G1 F1800 X167.285 Y75.192 E3641.45054
G0 F9000 X166.826 Y75.355
G1 F1800 X162.287 Y70.816 E3641.68539
G0 F9000 X161.665 Y70.816
G1 F1800 X166.442 Y75.593 E3641.93256
G0 F9000 X166.092 Y75.865
G1 F1800 X161.043 Y70.816 E3642.19379
G0 F9000 X160.421 Y70.816
G1 F1800 X165.815 Y76.211 E3642.47291
G0 F9000 X165.565 Y76.582
G1 F1800 X159.798 Y70.816 E3642.77127
G0 F9000 X159.176 Y70.816
G1 F1800 X165.397 Y77.037 E3643.09315
G0 F9000 X165.303 Y77.565
G1 F1800 X158.554 Y70.816 E3643.44235
G0 F9000 X157.932 Y70.816
G1 F1800 X165.339 Y78.223 E3643.82559
G0 F9000 X165.694 Y79.201
G1 F1800 X157.309 Y70.816 E3644.25944
G1 F1500 E3642.25944
G0 F9000 X157.309 Y68.435
G0 X165.399 Y68.435
G0 X165.399 Y70.816
G1 F1500 E3644.25944
G1 F1800 X172.384 Y77.802 E3644.62087
G0 F9000 X172.384 Y77.179
G1 F1800 X166.021 Y70.816 E3644.9501
G0 F9000 X166.643 Y70.816
G1 F1800 X172.384 Y76.557 E3645.24714
G0 F9000 X172.384 Y75.935
G1 F1800 X167.265 Y70.816 E3645.512
G0 F9000 X167.888 Y70.816
G1 F1800 X172.384 Y75.313 E3645.74465
G0 F9000 X172.384 Y74.69
G1 F1800 X168.51 Y70.816 E3645.94509
G0 F9000 X169.132 Y70.816
G1 F1800 X172.384 Y74.068 E3646.11335
G0 F9000 X172.384 Y73.446
G1 F1800 X169.754 Y70.816 E3646.24943
G0 F9000 X170.377 Y70.816
G1 F1800 X172.384 Y72.824 E3646.3533
G0 F9000 X172.384 Y72.201
G1 F1800 X170.999 Y70.816 E3646.42496
G0 F9000 X171.621 Y70.816
G1 F1800 X172.384 Y71.579 E3646.46444
G0 F9000 X172.384 Y70.957
G1 F1800 X172.243 Y70.816 E3646.47174
G1 F1500 E3644.47174
;MESH:NONMESH
G0 F300 Z1.84
G0 F9000 X51.976 Y79.914
;TIME_ELAPSED:4553.825014
;LAYER:9
;TYPE:WALL-INNER
;MESH:SmartKiln_Frente.stl
G1 F1500 E3646.47174
G1 F1800 X51.27 Y79.774 E3646.49807
G1 X51.005 Y79.636 E3646.509
G1 X50.567 Y79.344 E3646.52826
G1 X50.38 Y79.12 E3646.53893
G1 X50.164 Y78.8 E3646.55306
G1 X49.997 Y78.398 E3646.56899
G1 X49.893 Y77.874 E3646.58853
G1 X49.92 Y77.586 E3646.59911
G1 X49.997 Y77.202 E3646.61344
G1 X50.16 Y76.805 E3646.62914
G1 X50.459 Y76.357 E3646.64885
G1 X50.681 Y76.176 E3646.65933
G1 X51.112 Y75.889 E3646.67827
G1 X51.402 Y75.797 E3646.6894
G1 X51.923 Y75.694 E3646.70884
G1 X52.19 Y75.716 E3646.71864
G1 X52.598 Y75.797 E3646.73386
G1 X52.879 Y75.882 E3646.7446
G1 X53.32 Y76.18 E3646.76407
G1 X53.539 Y76.363 E3646.77451
G1 X53.936 Y76.947 E3646.80035
G1 X54.076 Y77.451 E3646.81948
G1 X54.078 Y78.144 E3646.84484
G1 X53.932 Y78.646 E3646.86397
G1 X53.586 Y79.167 E3646.88685
G1 X53.397 Y79.363 E3646.89681
G1 X52.927 Y79.681 E3646.91757
G1 X52.598 Y79.8 E3646.93037
G1 X51.976 Y79.914 E3646.95351
G0 F9000 X52.006 Y79.463
G1 F1800 X51.362 Y79.346 E3646.97745
G1 X50.816 Y78.981 E3647.00148
G1 X50.528 Y78.554 E3647.02033
G1 X50.428 Y78.313 E3647.02987
G1 X50.326 Y77.8 E3647.04901
G1 X50.428 Y77.287 E3647.06814
G1 X50.526 Y77.049 E3647.07756
G1 X50.816 Y76.615 E3647.09666
G1 X51.356 Y76.254 E3647.12042
G1 X51.886 Y76.149 E3647.14019
G1 X52.114 Y76.149 E3647.14853
G1 X52.641 Y76.253 E3647.16818
G1 X53.178 Y76.614 E3647.19186
G1 X53.53 Y77.131 E3647.21474
G1 X53.638 Y77.514 E3647.2293
G1 X53.639 Y78.086 E3647.25023
G1 X53.528 Y78.462 E3647.26457
G1 X53.179 Y78.988 E3647.28767
G1 X52.625 Y79.347 E3647.31182
G1 X52.006 Y79.463 E3647.33486
G1 F1500 E3645.33486
G0 F9000 X52.074 Y146.903
G1 F1500 E3647.33486
G1 F1800 X51.786 Y146.876 E3647.34544
G1 X51.402 Y146.799 E3647.35977
G1 X51.006 Y146.636 E3647.37544
G1 X50.681 Y146.42 E3647.38971
G1 X50.46 Y146.239 E3647.40017
G1 X50.164 Y145.8 E3647.41954
G1 X49.997 Y145.398 E3647.43546
G1 X49.893 Y144.874 E3647.45501
G1 X49.92 Y144.586 E3647.46559
G1 X49.997 Y144.202 E3647.47992
G1 X50.16 Y143.805 E3647.49562
G1 X50.376 Y143.481 E3647.50987
G1 X50.564 Y143.254 E3647.52065
G1 X51.005 Y142.96 E3647.54004
G1 X51.27 Y142.822 E3647.55097
G1 X51.976 Y142.682 E3647.57731
G1 X52.679 Y142.811 E3647.60346
G1 X52.916 Y142.906 E3647.6128
G1 X53.425 Y143.26 E3647.63548
G1 X53.615 Y143.473 E3647.64592
G1 X53.936 Y143.948 E3647.6669
G1 X54.082 Y144.465 E3647.68655
G1 X54.073 Y145.193 E3647.71319
G1 X53.907 Y145.69 E3647.73236
G1 X53.54 Y146.237 E3647.75646
G1 X53.312 Y146.426 E3647.7673
G1 X52.992 Y146.637 E3647.78132
G1 X52.598 Y146.799 E3647.79691
G1 X52.074 Y146.903 E3647.81645
G0 F9000 X51.997 Y146.469
G1 F1800 X51.487 Y146.368 E3647.83547
G1 X51.25 Y146.27 E3647.84485
G1 X50.817 Y145.982 E3647.86388
G1 X50.528 Y145.554 E3647.88277
G1 X50.428 Y145.313 E3647.89232
G1 X50.326 Y144.8 E3647.91146
G1 X50.428 Y144.287 E3647.93059
G1 X50.526 Y144.049 E3647.94001
G1 X50.816 Y143.615 E3647.95911
G1 X51.362 Y143.251 E3647.98312
G1 X52.007 Y143.133 E3648.0071
G1 X52.658 Y143.261 E3648.03138
G1 X53.189 Y143.629 E3648.05502
G1 X53.533 Y144.138 E3648.07749
G1 X53.634 Y144.511 E3648.09163
G1 X53.636 Y145.109 E3648.11351
G1 X53.515 Y145.486 E3648.12799
G1 X53.18 Y145.986 E3648.15001
G1 X52.749 Y146.271 E3648.16892
G1 X52.513 Y146.368 E3648.17825
G1 X51.997 Y146.469 E3648.19749
G1 F1500 E3646.19749
G0 F9000 X110 Y149.799
G1 F1500 E3648.19749
G1 F1800 X173 Y149.8 E3650.50242
G1 X173 Y70.2 E3653.41467
G1 X47.001 Y70.201 E3658.02449
G1 X47.001 Y149.799 E3660.93668
G1 X110 Y149.799 E3663.24157
G0 F9000 X110 Y150.24
G1 F1800 X173.44 Y150.24 E3665.56259
G1 X173.44 Y69.76 E3668.50705
G1 X46.561 Y69.761 E3673.14906
G1 X46.561 Y150.239 E3676.09344
G1 X110 Y150.24 E3678.41443
G1 F1500 E3676.41443
G0 F9000 X110 Y142.9
G1 F1500 E3678.41443
G1 F1800 X61.876 Y142.9 E3680.1751
G1 X61.488 Y142.775 E3680.19001
G1 X61.227 Y142.583 E3680.20187
G1 X61.093 Y142.424 E3680.20948
G1 X60.945 Y142.115 E3680.22201
G1 X60.9 Y141.905 E3680.22987
G1 X60.9 Y86.645 E3682.25162
G1 X61.019 Y86.3 E3682.26497
G1 X61.287 Y85.962 E3682.28075
G1 X61.561 Y85.791 E3682.29257
G1 X61.906 Y85.703 E3682.3056
G1 X158.11 Y85.705 E3685.82533
G1 X158.477 Y85.787 E3685.83909
G1 X158.793 Y86.037 E3685.85383
G1 X158.979 Y86.297 E3685.86553
G1 X159.1 Y86.643 E3685.87894
G1 X159.1 Y141.936 E3687.90189
G1 X159.027 Y142.197 E3687.91181
G1 X158.843 Y142.533 E3687.92583
G1 X158.512 Y142.774 E3687.94081
G1 X158.124 Y142.9 E3687.95573
G1 X110 Y142.9 E3689.7164
G0 F9000 X110 Y142.46
G1 F1800 X61.911 Y142.46 E3691.47579
G1 X61.693 Y142.385 E3691.48423
G1 X61.536 Y142.27 E3691.49135
G1 X61.408 Y142.094 E3691.49931
G1 X61.345 Y141.888 E3691.50719
G1 X61.343 Y86.73 E3693.52521
G1 X61.411 Y86.5 E3693.53399
G1 X61.604 Y86.271 E3693.54494
G1 X61.927 Y86.14 E3693.55769
G1 X158.066 Y86.143 E3697.07505
G1 X158.398 Y86.272 E3697.08808
G1 X158.605 Y86.533 E3697.10027
G1 X158.657 Y86.73 E3697.10772
G1 X158.66 Y141.882 E3699.12552
G1 X158.534 Y142.189 E3699.13766
G1 X158.392 Y142.332 E3699.14504
G1 X158.076 Y142.46 E3699.15751
G1 X110 Y142.46 E3700.91643
G1 F1500 E3698.91643
G0 F9000 X168.074 Y146.903
G1 F1500 E3700.91643
G1 F1800 X167.786 Y146.876 E3700.92701
G1 X167.402 Y146.799 E3700.94134
G1 X167.006 Y146.636 E3700.95701
G1 X166.681 Y146.42 E3700.97128
G1 X166.457 Y146.234 E3700.98194
G1 X166.164 Y145.8 E3701.00109
G1 X166.023 Y145.536 E3701.01204
G1 X165.911 Y144.962 E3701.03344
G1 X165.896 Y144.71 E3701.04268
G1 X166.022 Y144.072 E3701.06647
G1 X166.144 Y143.83 E3701.07638
G1 X166.431 Y143.398 E3701.09536
G1 X166.608 Y143.225 E3701.10441
G1 X167.1 Y142.897 E3701.12605
G1 X167.402 Y142.796 E3701.1377
G1 X168.024 Y142.682 E3701.16083
G1 X168.737 Y142.824 E3701.18743
G1 X169 Y142.964 E3701.19833
G1 X169.437 Y143.259 E3701.21762
G1 X169.615 Y143.474 E3701.22784
G1 X169.834 Y143.798 E3701.24214
G1 X170.02 Y144.187 E3701.25792
G1 X170.08 Y144.604 E3701.27333
G1 X170.08 Y145.123 E3701.29232
G1 X169.979 Y145.495 E3701.30642
G1 X169.838 Y145.793 E3701.31848
G1 X169.539 Y146.239 E3701.33813
G1 X169.312 Y146.426 E3701.34889
G1 X168.992 Y146.637 E3701.36291
G1 X168.598 Y146.799 E3701.3785
G1 X168.074 Y146.903 E3701.39804
G0 F9000 X167.997 Y146.469
G1 F1800 X167.487 Y146.368 E3701.41707
G1 X167.25 Y146.27 E3701.42645
G1 X166.818 Y145.983 E3701.44542
G1 X166.453 Y145.442 E3701.4693
G1 X166.327 Y144.796 E3701.49338
G1 X166.454 Y144.155 E3701.51729
G1 X166.822 Y143.618 E3701.54111
G1 X167.344 Y143.261 E3701.56424
G1 X167.993 Y143.133 E3701.58844
G1 X168.64 Y143.251 E3701.61251
G1 X169.18 Y143.615 E3701.63633
G1 X169.54 Y144.148 E3701.65986
G1 X169.64 Y144.604 E3701.67694
G1 X169.64 Y145.074 E3701.69414
G1 X169.532 Y145.458 E3701.70873
G1 X169.18 Y145.985 E3701.73192
G1 X168.749 Y146.271 E3701.75084
G1 X168.513 Y146.368 E3701.76018
G1 X167.997 Y146.469 E3701.77942
G1 F1500 E3699.77942
G0 F9000 X167.865 Y79.892
G1 F1500 E3701.77942
G1 F1800 X167.313 Y79.778 E3701.80004
G1 X167.076 Y79.684 E3701.80937
G1 X166.597 Y79.358 E3701.83056
G1 X166.41 Y79.163 E3701.84045
G1 X166.101 Y78.695 E3701.86097
G1 X166.019 Y78.491 E3701.86901
G1 X165.92 Y78.014 E3701.88683
G1 X165.903 Y77.707 E3701.89808
G1 X166.012 Y77.12 E3701.91993
G1 X166.103 Y76.89 E3701.92898
G1 X166.454 Y76.364 E3701.95211
G1 X166.681 Y76.176 E3701.96289
G1 X167.127 Y75.879 E3701.9825
G1 X167.402 Y75.797 E3701.993
G1 X167.923 Y75.694 E3702.01243
G1 X168.19 Y75.716 E3702.02223
G1 X168.598 Y75.797 E3702.03745
G1 X168.889 Y75.889 E3702.04861
G1 X169.437 Y76.259 E3702.07281
G1 X169.615 Y76.474 E3702.08302
G1 X169.834 Y76.798 E3702.09733
G1 X170.02 Y77.187 E3702.1131
G1 X170.08 Y77.604 E3702.12851
G1 X170.08 Y78.123 E3702.1475
G1 X169.979 Y78.495 E3702.1616
G1 X169.838 Y78.793 E3702.17367
G1 X169.618 Y79.121 E3702.18812
G1 X169.431 Y79.347 E3702.19885
G1 X168.992 Y79.638 E3702.21812
G1 X168.731 Y79.774 E3702.22889
G1 X168.113 Y79.896 E3702.25193
G1 X167.865 Y79.892 E3702.26101
G0 F9000 X167.978 Y79.466
G1 F1800 X167.349 Y79.338 E3702.28449
G1 X166.82 Y78.98 E3702.30786
G1 X166.452 Y78.444 E3702.33165
G1 X166.331 Y77.801 E3702.35559
G1 X166.461 Y77.147 E3702.37998
G1 X166.814 Y76.616 E3702.40331
G1 X167.358 Y76.253 E3702.42724
G1 X167.886 Y76.149 E3702.44692
G1 X168.114 Y76.149 E3702.45527
G1 X168.644 Y76.254 E3702.47503
G1 X169.18 Y76.615 E3702.49868
G1 X169.54 Y77.148 E3702.52221
G1 X169.64 Y77.604 E3702.53929
G1 X169.64 Y78.074 E3702.55648
G1 X169.532 Y78.458 E3702.57108
G1 X169.18 Y78.985 E3702.59426
G1 X168.637 Y79.345 E3702.6181
G1 X167.978 Y79.466 E3702.64261
G0 F9000 X168.003 Y79.02
;TYPE:WALL-OUTER
G1 F1800 X167.536 Y78.926 E3702.66004
G1 X167.134 Y78.666 E3702.67756
G1 X166.869 Y78.273 E3702.6949
G1 X166.776 Y77.802 E3702.71246
G1 X166.87 Y77.326 E3702.73022
G1 X167.133 Y76.931 E3702.74758
G1 X167.531 Y76.672 E3702.76495
G1 X167.999 Y76.575 E3702.78244
G1 X168.473 Y76.669 E3702.80012
G1 X168.859 Y76.934 E3702.81725
G1 X169.106 Y77.292 E3702.83316
G1 X169.2 Y77.568 E3702.84383
G1 X169.197 Y78.03 E3702.86073
G1 X169.107 Y78.303 E3702.87125
G1 X168.858 Y78.666 E3702.88735
G1 X168.466 Y78.925 E3702.90454
G1 X168.003 Y79.02 E3702.92183
G1 F1500 E3700.92183
G0 F9000 X168 Y146.021
G1 F1500 E3702.92183
G1 F1800 X167.529 Y145.927 E3702.9394
G1 X167.133 Y145.664 E3702.9568
G1 X166.871 Y145.266 E3702.97423
G1 X166.775 Y144.8 E3702.99164
G1 X166.871 Y144.334 E3703.00904
G1 X167.138 Y143.929 E3703.02679
G1 X167.526 Y143.67 E3703.04386
G1 X168.003 Y143.576 E3703.06165
G1 X168.466 Y143.671 E3703.07894
G1 X168.859 Y143.934 E3703.09624
G1 X169.106 Y144.292 E3703.11215
G1 X169.2 Y144.568 E3703.12282
G1 X169.197 Y145.03 E3703.13972
G1 X169.107 Y145.303 E3703.15024
G1 X168.86 Y145.664 E3703.16624
G1 X168.472 Y145.927 E3703.18339
G1 X168 Y146.021 E3703.201
G1 F1500 E3701.201
G0 F9000 X110 Y142.017
G1 F1500 E3703.201
G1 F1800 X61.961 Y142.017 E3704.95856
G1 X61.869 Y141.978 E3704.96222
G1 X61.781 Y141.83 E3704.96852
G1 X61.781 Y86.724 E3706.98463
G1 X61.882 Y86.613 E3706.99013
G1 X61.966 Y86.582 E3706.9934
G1 X158.054 Y86.586 E3710.50889
G1 X158.177 Y86.668 E3710.5143
G1 X158.219 Y86.776 E3710.51854
G1 X158.217 Y141.84 E3712.53312
G1 X158.155 Y141.957 E3712.53796
G1 X158.036 Y142.018 E3712.54286
G1 X110 Y142.017 E3714.30031
G1 F1500 E3712.30031
G0 F9000 X110 Y150.68
G1 F1500 E3714.30031
G1 F1800 X173.88 Y150.68 E3716.63743
G1 X173.88 Y69.32 E3719.61408
G1 X46.121 Y69.321 E3724.28829
G1 X46.121 Y150.679 E3727.26487
G1 X110 Y150.68 E3729.60195
G1 F1500 E3727.60195
G0 F9000 X52 Y146.021
G1 F1500 E3729.60195
G1 F1800 X51.529 Y145.927 E3729.61952
G1 X51.134 Y145.665 E3729.63687
G1 X50.869 Y145.273 E3729.65418
G1 X50.775 Y144.8 E3729.67182
G1 X50.869 Y144.327 E3729.68946
G1 X51.133 Y143.931 E3729.70688
G1 X51.534 Y143.671 E3729.72436
G1 X51.997 Y143.576 E3729.74165
G1 X52.475 Y143.67 E3729.75948
G1 X52.866 Y143.937 E3729.7768
G1 X53.125 Y144.324 E3729.79384
G1 X53.198 Y144.573 E3729.80333
G1 X53.199 Y145.017 E3729.81957
G1 X53.124 Y145.273 E3729.82933
G1 X52.861 Y145.663 E3729.84654
G1 X52.472 Y145.927 E3729.86374
G1 X52 Y146.021 E3729.88135
G1 F1500 E3727.88135
G0 F9000 X51.997 Y79.02
G1 F1500 E3729.88135
G1 F1800 X51.534 Y78.925 E3729.89864
G1 X51.134 Y78.665 E3729.9161
G1 X50.869 Y78.273 E3729.93341
G1 X50.775 Y77.8 E3729.95105
G1 X50.869 Y77.327 E3729.9687
G1 X51.133 Y76.931 E3729.98611
G1 X51.526 Y76.675 E3730.00327
G1 X52 Y76.575 E3730.02099
G1 X52.47 Y76.673 E3730.03856
G1 X52.863 Y76.932 E3730.05578
G1 X53.124 Y77.323 E3730.07298
G1 X53.2 Y77.584 E3730.08292
G1 X53.199 Y78.021 E3730.09891
G1 X53.117 Y78.288 E3730.10913
G1 X52.86 Y78.67 E3730.12597
G1 X52.464 Y78.926 E3730.14323
G1 X51.997 Y79.02 E3730.16066
G1 F1500 E3728.16066
G0 F9000 X167.8 Y80.28
;TYPE:SKIN
G1 F1500 E3730.16066
G1 F1800 X168.166 Y80.285 E3730.17405
G1 X168.863 Y80.151 E3730.20001
G1 X169.188 Y79.979 E3730.21347
G1 X169.692 Y79.647 E3730.23555
G1 X169.937 Y79.354 E3730.24952
G1 X170.18 Y78.99 E3730.26553
G1 X170.348 Y78.634 E3730.27994
G1 X170.473 Y78.182 E3730.29709
G1 X170.474 Y77.58 E3730.31912
G1 X170.401 Y77.071 E3730.33793
G1 X170.175 Y76.597 E3730.35714
G1 X169.939 Y76.244 E3730.37268
G1 X169.701 Y75.954 E3730.3864
G1 X169.057 Y75.528 E3730.41465
G1 X168.673 Y75.408 E3730.42937
G1 X168.265 Y75.324 E3730.44461
G1 X167.896 Y75.294 E3730.45816
G1 X167.12 Y75.45 E3730.48712
G1 X166.802 Y75.616 E3730.50024
G1 X166.451 Y75.854 E3730.51576
G1 X166.155 Y76.098 E3730.52979
G1 X165.743 Y76.717 E3730.557
G1 X165.635 Y76.985 E3730.56757
G1 X165.511 Y77.653 E3730.59242
G1 X165.508 Y77.948 E3730.60322
G1 X165.638 Y78.608 E3730.62783
G1 X165.761 Y78.912 E3730.63983
G1 X166.133 Y79.456 E3730.66394
G1 X166.349 Y79.668 E3730.67501
G1 X166.798 Y79.974 E3730.69489
G1 X167.125 Y80.141 E3730.70832
G1 X167.8 Y80.28 E3730.73354
G1 F1500 E3728.73354
G0 F9000 X168.089 Y147.303
G1 F1500 E3730.73354
G1 F1800 X168.667 Y147.188 E3730.7551
G1 X169.218 Y146.964 E3730.77686
G1 X169.531 Y146.756 E3730.79061
G1 X169.779 Y146.548 E3730.80245
G1 X169.939 Y146.352 E3730.81171
G1 X170.18 Y145.99 E3730.82762
G1 X170.348 Y145.634 E3730.84202
G1 X170.476 Y145.177 E3730.85939
G1 X170.474 Y144.58 E3730.88123
G1 X170.401 Y144.071 E3730.90004
G1 X170.175 Y143.597 E3730.91925
G1 X169.939 Y143.244 E3730.93479
G1 X169.701 Y142.954 E3730.94851
G1 X169.202 Y142.62 E3730.97048
G1 X168.868 Y142.447 E3730.98424
G1 X168.167 Y142.308 E3731.01039
G1 X167.844 Y142.308 E3731.02221
G1 X167.217 Y142.428 E3731.04556
G1 X166.912 Y142.548 E3731.05755
G1 X166.377 Y142.901 E3731.081
G1 X166.135 Y143.129 E3731.09317
G1 X165.804 Y143.623 E3731.11492
G1 X165.639 Y143.957 E3731.12855
G1 X165.497 Y144.672 E3731.15522
G1 X165.516 Y145.004 E3731.16739
G1 X165.647 Y145.669 E3731.19219
G1 X165.832 Y146.015 E3731.20654
G1 X166.153 Y146.496 E3731.2277
G1 X166.443 Y146.738 E3731.24152
G1 X166.815 Y146.98 E3731.25775
G1 X167.287 Y147.176 E3731.27645
G1 X167.711 Y147.261 E3731.29227
G1 X168.089 Y147.303 E3731.30619
G1 F1500 E3729.30619
G0 F9000 X110 Y143.296
G1 F1500 E3731.30619
G1 F1800 X157.996 Y143.296 E3733.06218
G1 X158.478 Y143.221 E3733.08002
G1 X158.888 Y143.009 E3733.09691
G1 X159.215 Y142.676 E3733.11399
G1 X159.398 Y142.336 E3733.12811
G1 X159.496 Y141.963 E3733.14222
G1 X159.494 Y86.584 E3735.16833
G1 X159.339 Y86.093 E3735.18717
G1 X158.999 Y85.663 E3735.20722
G1 X158.602 Y85.432 E3735.22403
G1 X158.148 Y85.308 E3735.24124
G1 X61.864 Y85.309 E3738.7639
G1 X61.407 Y85.421 E3738.78112
G1 X61.031 Y85.654 E3738.7973
G1 X60.822 Y85.872 E3738.80835
G1 X60.584 Y86.245 E3738.82454
G1 X60.506 Y86.733 E3738.84262
G1 X60.506 Y141.951 E3740.86283
G1 X60.65 Y142.46 E3740.88219
G1 X60.949 Y142.865 E3740.90061
G1 X61.297 Y143.124 E3740.91648
G1 X61.795 Y143.296 E3740.93575
G1 X110 Y143.296 E3742.69939
G1 F1500 E3740.69939
G0 F9000 X110 Y149.402
G1 F1500 E3742.69939
G1 F1800 X47.396 Y149.4 E3744.98983
G1 X47.396 Y70.596 E3747.87296
G1 X172.604 Y70.596 E3752.45384
G1 X172.604 Y149.404 E3755.33712
G1 X110 Y149.402 E3757.62756
G1 F1500 E3755.62756
G0 F9000 X52.089 Y147.303
G1 F1500 E3757.62756
G1 F1800 X52.667 Y147.188 E3757.64912
G1 X53.179 Y146.984 E3757.66929
G1 X53.548 Y146.743 E3757.68541
G1 X53.836 Y146.507 E3757.69903
G1 X54.26 Y145.873 E3757.72694
G1 X54.468 Y145.244 E3757.75118
G1 X54.475 Y144.579 E3757.77551
G1 X54.44 Y144.281 E3757.78649
G1 X54.296 Y143.779 E3757.80559
G1 X53.879 Y143.156 E3757.83302
G1 X53.654 Y142.93 E3757.84469
G1 X53.124 Y142.566 E3757.86821
G1 X52.817 Y142.439 E3757.88037
G1 X52.191 Y142.312 E3757.90374
G1 X51.876 Y142.304 E3757.91526
G1 X51.134 Y142.446 E3757.9429
G1 X50.789 Y142.624 E3757.95711
G1 X50.295 Y142.953 E3757.97882
G1 X50.053 Y143.248 E3757.99278
G1 X49.832 Y143.577 E3758.00728
G1 X49.616 Y144.087 E3758.02755
G1 X49.531 Y144.506 E3758.04319
G1 X49.489 Y144.895 E3758.0575
G1 X49.616 Y145.505 E3758.0803
G1 X49.816 Y145.985 E3758.09932
G1 X50.044 Y146.335 E3758.11461
G1 X50.296 Y146.64 E3758.12908
G1 X50.778 Y146.96 E3758.15025
G1 X51.287 Y147.176 E3758.17048
G1 X51.711 Y147.261 E3758.1863
G1 X52.089 Y147.303 E3758.20021
G1 F1500 E3756.20021
G0 F9000 X52.16 Y80.284
G1 F1500 E3758.20021
G1 F1800 X52.801 Y80.158 E3758.22411
G1 X53.11 Y80.036 E3758.23627
G1 X53.715 Y79.624 E3758.26305
G1 X53.935 Y79.356 E3758.27573
G1 X54.291 Y78.813 E3758.29949
G1 X54.472 Y78.184 E3758.32344
G1 X54.467 Y77.395 E3758.3523
G1 X54.361 Y76.998 E3758.36734
G1 X54.234 Y76.675 E3758.38003
G1 X53.836 Y76.093 E3758.40583
G1 X53.544 Y75.853 E3758.41966
G1 X53.224 Y75.637 E3758.43378
G1 X52.983 Y75.503 E3758.44387
G1 X52.695 Y75.412 E3758.45492
G1 X52.264 Y75.324 E3758.47102
G1 X51.897 Y75.294 E3758.48449
G1 X51.317 Y75.408 E3758.50611
G1 X50.947 Y75.524 E3758.5203
G1 X50.299 Y75.955 E3758.54877
G1 X50.055 Y76.246 E3758.56267
G1 X49.832 Y76.577 E3758.57727
G1 X49.616 Y77.087 E3758.59753
G1 X49.531 Y77.506 E3758.61317
G1 X49.489 Y77.894 E3758.62745
G1 X49.616 Y78.509 E3758.65043
G1 X49.816 Y78.989 E3758.66945
G1 X50.045 Y79.336 E3758.68466
G1 X50.299 Y79.638 E3758.6991
G1 X50.804 Y79.975 E3758.72131
G1 X51.134 Y80.151 E3758.735
G1 X51.83 Y80.285 E3758.76093
G1 X52.16 Y80.284 E3758.773
G1 F1500 E3756.773
G0 F9000 X48.034 Y70.816
G1 F1500 E3758.773
G1 F1800 X47.616 Y71.235 E3758.79466
G0 F9000 X47.616 Y71.857
G1 F1800 X48.657 Y70.816 E3758.84852
G0 F9000 X49.279 Y70.816
G1 F1800 X47.616 Y72.479 E3758.93456
G0 F9000 X47.616 Y73.101
G1 F1800 X49.901 Y70.816 E3759.05279
G0 F9000 X50.523 Y70.816
G1 F1800 X47.616 Y73.724 E3759.20323
G0 F9000 X47.616 Y74.346
G1 F1800 X51.146 Y70.816 E3759.38587
G0 F9000 X51.768 Y70.816
G1 F1800 X47.616 Y74.968 E3759.6007
G0 F9000 X47.616 Y75.59
G1 F1800 X52.39 Y70.816 E3759.84771
G0 F9000 X53.013 Y70.816
G1 F1800 X47.616 Y76.213 E3760.12695
G0 F9000 X47.616 Y76.835
G1 F1800 X53.635 Y70.816 E3760.43838
G0 F9000 X54.257 Y70.816
G1 F1800 X47.616 Y77.457 E3760.78199
G0 F9000 X47.616 Y78.079
G1 F1800 X54.879 Y70.816 E3761.15778
G0 F9000 X55.502 Y70.816
G1 F1800 X51.057 Y75.261 E3761.38777
G0 F9000 X51.865 Y75.075
G1 F1800 X56.124 Y70.816 E3761.60813
G0 F9000 X56.746 Y70.816
G1 F1800 X52.428 Y75.134 E3761.83155
G0 F9000 X52.932 Y75.252
G1 F1800 X57.368 Y70.816 E3762.06107
G0 F9000 X57.991 Y70.816
G1 F1800 X53.349 Y75.457 E3762.30122
G0 F9000 X53.718 Y75.711
G1 F1800 X58.613 Y70.816 E3762.55449
G0 F9000 X59.235 Y70.816
G1 F1800 X54.045 Y76.006 E3762.82303
G0 F9000 X54.297 Y76.376
G1 F1800 X59.857 Y70.816 E3763.1107
G0 F9000 X60.48 Y70.816
G1 F1800 X54.515 Y76.78 E3763.41931
G0 F9000 X54.657 Y77.261
G1 F1800 X61.102 Y70.816 E3763.75278
G0 F9000 X61.724 Y70.816
G1 F1800 X54.689 Y77.851 E3764.11677
G0 F9000 X54.593 Y78.569
G1 F1800 X62.346 Y70.816 E3764.51792
G0 F9000 X62.969 Y70.816
G1 F1800 X47.616 Y86.169 E3765.31229
G0 F9000 X47.616 Y86.791
G1 F1800 X63.591 Y70.816 E3766.13885
G0 F9000 X64.213 Y70.816
G1 F1800 X47.616 Y87.413 E3766.99759
G0 F9000 X47.616 Y88.036
G1 F1800 X64.835 Y70.816 E3767.88854
G0 F9000 X65.458 Y70.816
G1 F1800 X47.616 Y88.658 E3768.81169
G0 F9000 X47.616 Y89.28
G1 F1800 X66.08 Y70.816 E3769.76703
G0 F9000 X66.702 Y70.816
G1 F1800 X47.616 Y89.902 E3770.75455
G0 F9000 X47.616 Y90.525
G1 F1800 X67.324 Y70.816 E3771.77428
G0 F9000 X67.947 Y70.816
G1 F1800 X47.616 Y91.147 E3772.82622
G0 F9000 X47.616 Y91.769
G1 F1800 X68.569 Y70.816 E3773.91034
G0 F9000 X69.191 Y70.816
G1 F1800 X47.616 Y92.391 E3775.02665
G0 F9000 X47.616 Y93.014
G1 F1800 X69.813 Y70.816 E3776.17516
G0 F9000 X70.436 Y70.816
G1 F1800 X47.616 Y93.636 E3777.35588
G0 F9000 X47.616 Y94.258
G1 F1800 X71.058 Y70.816 E3778.56878
G0 F9000 X71.68 Y70.816
G1 F1800 X47.616 Y94.88 E3779.81387
G0 F9000 X47.616 Y95.503
G1 F1800 X72.302 Y70.816 E3781.09117
G0 F9000 X72.925 Y70.816
G1 F1800 X47.616 Y96.125 E3782.40067
G0 F9000 X47.616 Y96.747
G1 F1800 X73.547 Y70.816 E3783.74236
G0 F9000 X74.169 Y70.816
G1 F1800 X47.616 Y97.369 E3785.11623
G0 F9000 X47.616 Y97.992
G1 F1800 X74.791 Y70.816 E3786.5223
G0 F9000 X75.414 Y70.816
G1 F1800 X47.616 Y98.614 E3787.96059
G0 F9000 X47.616 Y99.236
G1 F1800 X60.317 Y86.535 E3788.61775
G0 F9000 X60.284 Y87.191
G1 F1800 X47.616 Y99.858 E3789.27317
G0 F9000 X47.616 Y100.481
G1 F1800 X60.284 Y87.813 E3789.92862
G0 F9000 X60.284 Y88.435
G1 F1800 X47.616 Y101.103 E3790.58407
G0 F9000 X47.616 Y101.725
G1 F1800 X60.284 Y89.057 E3791.23952
G0 F9000 X60.284 Y89.68
G1 F1800 X47.616 Y102.347 E3791.89495
G0 F9000 X47.616 Y102.97
G1 F1800 X60.284 Y90.302 E3792.5504
G0 F9000 X60.284 Y90.924
G1 F1800 X47.616 Y103.592 E3793.20585
G0 F9000 X47.616 Y104.214
G1 F1800 X60.284 Y91.546 E3793.8613
G0 F9000 X60.284 Y92.169
G1 F1800 X47.616 Y104.836 E3794.51672
G0 F9000 X47.616 Y105.459
G1 F1800 X60.284 Y92.791 E3795.17217
G0 F9000 X60.284 Y93.413
G1 F1800 X47.616 Y106.081 E3795.82762
G0 F9000 X47.616 Y106.703
G1 F1800 X60.284 Y94.035 E3796.48307
G0 F9000 X60.284 Y94.658
G1 F1800 X47.616 Y107.325 E3797.1385
G0 F9000 X47.616 Y107.948
G1 F1800 X60.284 Y95.28 E3797.79395
G0 F9000 X60.284 Y95.902
G1 F1800 X47.616 Y108.57 E3798.4494
G0 F9000 X47.616 Y109.192
G1 F1800 X60.284 Y96.524 E3799.10485
G0 F9000 X60.284 Y97.146
G1 F1800 X47.616 Y109.814 E3799.7603
G0 F9000 X47.616 Y110.437
G1 F1800 X60.284 Y97.768 E3800.41577
G0 F9000 X60.284 Y98.39
G1 F1800 X47.616 Y111.059 E3801.07125
G0 F9000 X47.616 Y111.681
G1 F1800 X60.284 Y99.013 E3801.7267
G0 F9000 X60.284 Y99.635
G1 F1800 X47.616 Y112.303 E3802.38215
G0 F9000 X47.616 Y112.926
G1 F1800 X60.284 Y100.257 E3803.03763
G0 F9000 X60.284 Y100.879
G1 F1800 X47.616 Y113.548 E3803.6931
G0 F9000 X47.616 Y114.17
G1 F1800 X60.284 Y101.502 E3804.34855
G0 F9000 X60.284 Y102.124
G1 F1800 X47.616 Y114.792 E3805.004
G0 F9000 X47.616 Y115.415
G1 F1800 X60.284 Y102.746 E3805.65948
G0 F9000 X60.284 Y103.368
G1 F1800 X47.616 Y116.037 E3806.31496
G0 F9000 X47.616 Y116.659
G1 F1800 X60.284 Y103.991 E3806.97041
G0 F9000 X60.284 Y104.613
G1 F1800 X47.616 Y117.281 E3807.62586
G0 F9000 X47.616 Y117.904
G1 F1800 X60.285 Y105.234 E3808.28138
G0 F9000 X60.285 Y105.857
G1 F1800 X47.616 Y118.526 E3808.93689
G0 F9000 X47.616 Y119.148
G1 F1800 X60.285 Y106.479 E3809.59239
G0 F9000 X60.285 Y107.101
G1 F1800 X47.616 Y119.77 E3810.24789
G0 F9000 X47.616 Y120.393
G1 F1800 X60.285 Y107.723 E3810.90342
G0 F9000 X60.285 Y108.346
G1 F1800 X47.616 Y121.015 E3811.55892
G0 F9000 X47.616 Y121.637
G1 F1800 X60.285 Y108.968 E3812.21442
G0 F9000 X60.285 Y109.59
G1 F1800 X47.616 Y122.259 E3812.86992
G0 F9000 X47.616 Y122.882
G1 F1800 X60.285 Y110.212 E3813.52545
G0 F9000 X60.285 Y110.835
G1 F1800 X47.616 Y123.504 E3814.18095
G0 F9000 X47.616 Y124.126
G1 F1800 X60.285 Y111.457 E3814.83646
G0 F9000 X60.285 Y112.079
G1 F1800 X47.616 Y124.748 E3815.49196
G0 F9000 X47.616 Y125.371
G1 F1800 X60.285 Y112.702 E3816.14746
G0 F9000 X60.285 Y113.324
G1 F1800 X47.616 Y125.993 E3816.80296
G0 F9000 X47.616 Y126.615
G1 F1800 X60.285 Y113.946 E3817.45846
G0 F9000 X60.286 Y114.568
G1 F1800 X47.616 Y127.238 E3818.11402
G0 F9000 X47.616 Y127.86
G1 F1800 X60.286 Y115.19 E3818.76957
G0 F9000 X60.286 Y115.812
G1 F1800 X47.616 Y128.482 E3819.42512
G0 F9000 X47.616 Y129.104
G1 F1800 X60.286 Y116.434 E3820.08068
G0 F9000 X60.286 Y117.057
G1 F1800 X47.616 Y129.727 E3820.73623
G0 F9000 X47.616 Y130.349
G1 F1800 X60.286 Y117.679 E3821.39179
G0 F9000 X60.286 Y118.301
G1 F1800 X47.616 Y130.971 E3822.04734
G0 F9000 X47.616 Y131.593
G1 F1800 X60.286 Y118.923 E3822.70289
G0 F9000 X60.286 Y119.546
G1 F1800 X47.616 Y132.216 E3823.35845
G0 F9000 X47.616 Y132.838
G1 F1800 X60.286 Y120.168 E3824.014
G0 F9000 X60.286 Y120.79
G1 F1800 X47.616 Y133.46 E3824.66955
G0 F9000 X47.616 Y134.082
G1 F1800 X60.286 Y121.412 E3825.32511
G0 F9000 X60.286 Y122.035
G1 F1800 X47.616 Y134.705 E3825.98066
G0 F9000 X47.616 Y135.327
G1 F1800 X60.286 Y122.657 E3826.63622
G0 F9000 X60.286 Y123.279
G1 F1800 X47.616 Y135.949 E3827.29177
G0 F9000 X47.616 Y136.571
G1 F1800 X60.287 Y123.901 E3827.94735
G0 F9000 X60.287 Y124.523
G1 F1800 X47.616 Y137.194 E3828.60295
G0 F9000 X47.616 Y137.816
G1 F1800 X60.287 Y125.145 E3829.25856
G0 F9000 X60.287 Y125.767
G1 F1800 X47.616 Y138.438 E3829.91417
G0 F9000 X47.616 Y139.06
G1 F1800 X60.287 Y126.39 E3830.56975
G0 F9000 X60.287 Y127.012
G1 F1800 X47.616 Y139.683 E3831.22535
G0 F9000 X47.616 Y140.305
G1 F1800 X60.287 Y127.634 E3831.88096
G0 F9000 X60.287 Y128.256
G1 F1800 X47.616 Y140.927 E3832.53656
G0 F9000 X47.616 Y141.549
G1 F1800 X60.287 Y128.879 E3833.19214
G0 F9000 X60.287 Y129.501
G1 F1800 X47.616 Y142.172 E3833.84775
G0 F9000 X47.616 Y142.794
G1 F1800 X60.287 Y130.123 E3834.50335
G0 F9000 X60.287 Y130.745
G1 F1800 X47.616 Y143.416 E3835.15896
G0 F9000 X47.616 Y144.038
G1 F1800 X60.287 Y131.368 E3835.81454
G0 F9000 X60.287 Y131.99
G1 F1800 X47.616 Y144.661 E3836.47014
G0 F9000 X47.616 Y145.283
G1 F1800 X60.287 Y132.612 E3837.12575
G0 F9000 X60.287 Y133.234
G1 F1800 X51.34 Y142.181 E3837.58867
G0 F9000 X52.053 Y142.09
G1 F1800 X60.287 Y133.856 E3838.0147
G0 F9000 X60.287 Y134.478
G1 F1800 X52.597 Y142.168 E3838.41259
G0 F9000 X53.08 Y142.308
G1 F1800 X60.287 Y135.101 E3838.78548
G0 F9000 X60.287 Y135.723
G1 F1800 X53.472 Y142.538 E3839.1381
G0 F9000 X53.83 Y142.802
G1 F1800 X60.287 Y136.345 E3839.47219
G0 F9000 X60.287 Y136.967
G1 F1800 X54.125 Y143.129 E3839.79101
G0 F9000 X54.377 Y143.5
G1 F1800 X60.287 Y137.59 E3840.0968
G0 F9000 X60.287 Y138.212
G1 F1800 X54.57 Y143.929 E3840.3926
G0 F9000 X54.681 Y144.441
G1 F1800 X60.287 Y138.834 E3840.68268
G0 F9000 X60.287 Y139.456
G1 F1800 X54.69 Y145.054 E3840.9723
G0 F9000 X54.492 Y145.874
G1 F1800 X60.287 Y140.079 E3841.27214
G0 F9000 X60.287 Y140.701
G1 F1800 X51.807 Y149.181 E3841.7109
G0 F9000 X52.429 Y149.181
G1 F1800 X60.287 Y141.323 E3842.11748
G0 F9000 X60.287 Y141.945
G1 F1800 X53.051 Y149.181 E3842.49187
G0 F9000 X53.674 Y149.181
G1 F1800 X60.417 Y142.437 E3842.84079
G0 F9000 X60.65 Y142.827
G1 F1800 X54.296 Y149.181 E3843.16955
G0 F9000 X54.918 Y149.181
G1 F1800 X60.957 Y143.142 E3843.48201
G0 F9000 X61.348 Y143.374
G1 F1800 X55.54 Y149.181 E3843.78249
G0 F9000 X56.163 Y149.181
G1 F1800 X61.828 Y143.516 E3844.0756
G0 F9000 X62.45 Y143.516
G1 F1800 X56.785 Y149.181 E3844.36871
G0 F9000 X57.407 Y149.181
G1 F1800 X63.073 Y143.516 E3844.66185
G0 F9000 X63.695 Y143.516
G1 F1800 X58.029 Y149.181 E3844.95499
G0 F9000 X58.652 Y149.181
G1 F1800 X64.317 Y143.516 E3845.2481
G0 F9000 X64.939 Y143.516
G1 F1800 X59.274 Y149.181 E3845.54121
G0 F9000 X59.896 Y149.181
G1 F1800 X65.562 Y143.516 E3845.83434
G0 F9000 X66.184 Y143.516
G1 F1800 X60.518 Y149.181 E3846.12748
G0 F9000 X61.141 Y149.181
G1 F1800 X66.806 Y143.516 E3846.42059
G0 F9000 X67.428 Y143.516
G1 F1800 X61.763 Y149.181 E3846.7137
G0 F9000 X62.385 Y149.181
G1 F1800 X68.051 Y143.516 E3847.00684
G0 F9000 X68.673 Y143.516
G1 F1800 X63.007 Y149.181 E3847.29997
G0 F9000 X63.63 Y149.181
G1 F1800 X69.295 Y143.516 E3847.59308
G0 F9000 X69.917 Y143.516
G1 F1800 X64.252 Y149.181 E3847.8862
G0 F9000 X64.874 Y149.181
G1 F1800 X70.54 Y143.516 E3848.17933
G0 F9000 X71.162 Y143.516
G1 F1800 X65.496 Y149.181 E3848.47247
G0 F9000 X66.119 Y149.181
G1 F1800 X71.784 Y143.516 E3848.76558
G0 F9000 X72.406 Y143.516
G1 F1800 X66.741 Y149.181 E3849.05869
G0 F9000 X67.363 Y149.181
G1 F1800 X73.029 Y143.516 E3849.35183
G0 F9000 X73.651 Y143.516
G1 F1800 X67.985 Y149.181 E3849.64496
G0 F9000 X68.608 Y149.181
G1 F1800 X74.273 Y143.516 E3849.93807
G0 F9000 X74.895 Y143.516
G1 F1800 X69.23 Y149.181 E3850.23118
G0 F9000 X69.852 Y149.181
G1 F1800 X75.518 Y143.516 E3850.52432
G0 F9000 X76.14 Y143.516
G1 F1800 X70.475 Y149.181 E3850.81743
G0 F9000 X71.097 Y149.181
G1 F1800 X76.762 Y143.516 E3851.11054
G0 F9000 X77.384 Y143.516
G1 F1800 X71.719 Y149.181 E3851.40365
G0 F9000 X72.341 Y149.181
G1 F1800 X78.007 Y143.516 E3851.69679
G0 F9000 X78.629 Y143.516
G1 F1800 X72.963 Y149.182 E3851.98995
G0 F9000 X73.585 Y149.182
G1 F1800 X79.251 Y143.516 E3852.28311
G0 F9000 X79.873 Y143.516
G1 F1800 X74.207 Y149.182 E3852.57628
G0 F9000 X74.83 Y149.182
G1 F1800 X80.496 Y143.516 E3852.86944
G0 F9000 X81.118 Y143.516
G1 F1800 X75.452 Y149.182 E3853.1626
G0 F9000 X76.074 Y149.182
G1 F1800 X81.74 Y143.516 E3853.45576
G0 F9000 X82.362 Y143.516
G1 F1800 X76.696 Y149.182 E3853.74893
G0 F9000 X77.319 Y149.182
G1 F1800 X82.985 Y143.516 E3854.04209
G0 F9000 X83.607 Y143.516
G1 F1800 X77.941 Y149.182 E3854.33525
G0 F9000 X78.563 Y149.182
G1 F1800 X84.229 Y143.516 E3854.62841
G0 F9000 X84.851 Y143.516
G1 F1800 X79.185 Y149.182 E3854.92158
G0 F9000 X79.808 Y149.182
G1 F1800 X85.474 Y143.516 E3855.21474
G0 F9000 X86.096 Y143.516
G1 F1800 X80.43 Y149.182 E3855.5079
G0 F9000 X81.052 Y149.182
G1 F1800 X86.718 Y143.516 E3855.80106
G0 F9000 X87.34 Y143.516
G1 F1800 X81.674 Y149.182 E3856.09422
G0 F9000 X82.297 Y149.182
G1 F1800 X87.963 Y143.516 E3856.38739
G0 F9000 X88.585 Y143.516
G1 F1800 X82.919 Y149.182 E3856.68055
G0 F9000 X83.541 Y149.182
G1 F1800 X89.207 Y143.516 E3856.97371
G0 F9000 X89.829 Y143.516
G1 F1800 X84.163 Y149.182 E3857.26687
G0 F9000 X84.786 Y149.182
G1 F1800 X90.452 Y143.516 E3857.56004
G0 F9000 X91.074 Y143.516
G1 F1800 X85.408 Y149.182 E3857.8532
G0 F9000 X86.03 Y149.182
G1 F1800 X91.696 Y143.516 E3858.14636
G0 F9000 X92.318 Y143.516
G1 F1800 X86.652 Y149.182 E3858.43952
G0 F9000 X87.275 Y149.182
G1 F1800 X92.941 Y143.516 E3858.73269
G0 F9000 X93.563 Y143.516
G1 F1800 X87.897 Y149.182 E3859.02585
G0 F9000 X88.519 Y149.182
G1 F1800 X94.185 Y143.516 E3859.31901
G0 F9000 X94.807 Y143.516
G1 F1800 X89.141 Y149.182 E3859.61217
G0 F9000 X89.764 Y149.182
G1 F1800 X95.43 Y143.516 E3859.90534
G0 F9000 X96.052 Y143.516
G1 F1800 X90.386 Y149.182 E3860.1985
G0 F9000 X91.008 Y149.182
G1 F1800 X96.674 Y143.516 E3860.49166
G0 F9000 X97.296 Y143.516
G1 F1800 X91.63 Y149.182 E3860.78482
G0 F9000 X92.253 Y149.182
G1 F1800 X97.919 Y143.516 E3861.07799
G0 F9000 X98.541 Y143.516
G1 F1800 X92.875 Y149.182 E3861.37115
G0 F9000 X93.497 Y149.182
G1 F1800 X99.163 Y143.516 E3861.66431
G0 F9000 X99.785 Y143.516
G1 F1800 X94.119 Y149.182 E3861.95747
G0 F9000 X94.742 Y149.182
G1 F1800 X100.408 Y143.516 E3862.25064
G0 F9000 X101.03 Y143.516
G1 F1800 X95.364 Y149.182 E3862.5438
G0 F9000 X95.986 Y149.182
G1 F1800 X101.652 Y143.516 E3862.83696
G0 F9000 X102.275 Y143.516
G1 F1800 X96.608 Y149.182 E3863.13015
G0 F9000 X97.231 Y149.182
G1 F1800 X102.897 Y143.516 E3863.42331
G0 F9000 X103.519 Y143.516
G1 F1800 X97.852 Y149.183 E3863.71652
G0 F9000 X98.475 Y149.183
G1 F1800 X104.141 Y143.516 E3864.00971
G0 F9000 X104.764 Y143.516
G1 F1800 X99.097 Y149.183 E3864.30293
G0 F9000 X99.719 Y149.183
G1 F1800 X105.386 Y143.516 E3864.59614
G0 F9000 X106.008 Y143.516
G1 F1800 X100.341 Y149.183 E3864.88936
G0 F9000 X100.964 Y149.183
G1 F1800 X106.63 Y143.516 E3865.18254
G0 F9000 X107.253 Y143.516
G1 F1800 X101.586 Y149.183 E3865.47576
G0 F9000 X102.208 Y149.183
G1 F1800 X107.875 Y143.516 E3865.76897
G0 F9000 X108.497 Y143.516
G1 F1800 X102.83 Y149.183 E3866.06219
G0 F9000 X103.453 Y149.183
G1 F1800 X109.119 Y143.516 E3866.35537
G0 F9000 X109.742 Y143.516
G1 F1800 X104.075 Y149.183 E3866.64859
G0 F9000 X104.697 Y149.183
G1 F1800 X110.364 Y143.516 E3866.9418
G0 F9000 X110.986 Y143.516
G1 F1800 X105.319 Y149.183 E3867.23502
G0 F9000 X105.942 Y149.183
G1 F1800 X111.608 Y143.516 E3867.5282
G0 F9000 X112.231 Y143.516
G1 F1800 X106.564 Y149.183 E3867.82142
G0 F9000 X107.186 Y149.183
G1 F1800 X112.853 Y143.516 E3868.11463
G0 F9000 X113.475 Y143.516
G1 F1800 X107.808 Y149.183 E3868.40785
G0 F9000 X108.431 Y149.183
G1 F1800 X114.097 Y143.516 E3868.70104
G0 F9000 X114.72 Y143.516
G1 F1800 X109.053 Y149.183 E3868.99425
G0 F9000 X109.675 Y149.183
G1 F1800 X115.342 Y143.516 E3869.28746
G0 F9000 X115.964 Y143.516
G1 F1800 X110.297 Y149.183 E3869.58068
G0 F9000 X110.92 Y149.183
G1 F1800 X116.586 Y143.516 E3869.87387
G0 F9000 X117.209 Y143.516
G1 F1800 X111.542 Y149.183 E3870.16708
G0 F9000 X112.164 Y149.183
G1 F1800 X117.831 Y143.516 E3870.46029
G0 F9000 X118.453 Y143.516
G1 F1800 X112.786 Y149.183 E3870.75351
G0 F9000 X113.409 Y149.183
G1 F1800 X119.075 Y143.516 E3871.0467
G0 F9000 X119.698 Y143.516
G1 F1800 X114.031 Y149.183 E3871.33991
G0 F9000 X114.653 Y149.183
G1 F1800 X120.32 Y143.516 E3871.63313
G0 F9000 X120.942 Y143.516
G1 F1800 X115.275 Y149.183 E3871.92634
G0 F9000 X115.898 Y149.183
G1 F1800 X121.564 Y143.516 E3872.21953
G0 F9000 X122.187 Y143.516
G1 F1800 X116.52 Y149.183 E3872.51274
G0 F9000 X117.142 Y149.183
G1 F1800 X122.809 Y143.516 E3872.80596
G0 F9000 X123.431 Y143.516
G1 F1800 X117.764 Y149.183 E3873.09917
G0 F9000 X118.387 Y149.183
G1 F1800 X124.053 Y143.516 E3873.39236
G0 F9000 X124.676 Y143.516
G1 F1800 X119.009 Y149.183 E3873.68557
G0 F9000 X119.631 Y149.183
G1 F1800 X125.298 Y143.516 E3873.97879
G0 F9000 X125.92 Y143.516
G1 F1800 X120.253 Y149.183 E3874.272
G0 F9000 X120.876 Y149.183
G1 F1800 X126.542 Y143.516 E3874.56519
G0 F9000 X127.165 Y143.516
G1 F1800 X121.498 Y149.183 E3874.8584
G0 F9000 X122.12 Y149.183
G1 F1800 X127.787 Y143.516 E3875.15162
G0 F9000 X128.409 Y143.516
G1 F1800 X122.742 Y149.183 E3875.44483
G0 F9000 X123.364 Y149.183
G1 F1800 X129.031 Y143.516 E3875.73805
G0 F9000 X129.654 Y143.516
G1 F1800 X123.986 Y149.183 E3876.03129
G0 F9000 X124.608 Y149.183
G1 F1800 X130.276 Y143.516 E3876.32453
G0 F9000 X130.898 Y143.516
G1 F1800 X125.231 Y149.183 E3876.61774
G0 F9000 X125.853 Y149.183
G1 F1800 X131.52 Y143.516 E3876.91095
G0 F9000 X132.143 Y143.516
G1 F1800 X126.475 Y149.183 E3877.20419
G0 F9000 X127.097 Y149.183
G1 F1800 X132.765 Y143.516 E3877.49743
G0 F9000 X133.387 Y143.516
G1 F1800 X127.72 Y149.183 E3877.79065
G0 F9000 X128.342 Y149.183
G1 F1800 X134.009 Y143.516 E3878.08386
G0 F9000 X134.632 Y143.516
G1 F1800 X128.964 Y149.183 E3878.3771
G0 F9000 X129.587 Y149.183
G1 F1800 X135.254 Y143.516 E3878.67032
G0 F9000 X135.876 Y143.516
G1 F1800 X130.209 Y149.183 E3878.96353
G0 F9000 X130.831 Y149.183
G1 F1800 X136.498 Y143.516 E3879.25674
G0 F9000 X137.121 Y143.516
G1 F1800 X131.453 Y149.183 E3879.54998
G0 F9000 X132.076 Y149.183
G1 F1800 X137.743 Y143.516 E3879.8432
G0 F9000 X138.365 Y143.516
G1 F1800 X132.698 Y149.183 E3880.13641
G0 F9000 X133.32 Y149.183
G1 F1800 X138.987 Y143.516 E3880.42963
G0 F9000 X139.61 Y143.516
G1 F1800 X133.942 Y149.183 E3880.72287
G0 F9000 X134.565 Y149.183
G1 F1800 X140.232 Y143.516 E3881.01608
G0 F9000 X140.854 Y143.516
G1 F1800 X135.187 Y149.183 E3881.3093
G0 F9000 X135.809 Y149.183
G1 F1800 X141.477 Y143.516 E3881.60254
G0 F9000 X142.099 Y143.516
G1 F1800 X136.431 Y149.183 E3881.89578
G0 F9000 X137.054 Y149.183
G1 F1800 X142.721 Y143.516 E3882.18899
G0 F9000 X143.343 Y143.516
G1 F1800 X137.676 Y149.183 E3882.4822
G0 F9000 X138.298 Y149.183
G1 F1800 X143.966 Y143.516 E3882.77544
G0 F9000 X144.588 Y143.516
G1 F1800 X138.92 Y149.183 E3883.06868
G0 F9000 X139.543 Y149.183
G1 F1800 X145.21 Y143.516 E3883.3619
G0 F9000 X145.832 Y143.516
G1 F1800 X140.165 Y149.183 E3883.65511
G0 F9000 X140.787 Y149.183
G1 F1800 X146.455 Y143.516 E3883.94835
G0 F9000 X147.077 Y143.516
G1 F1800 X141.409 Y149.183 E3884.24159
G0 F9000 X142.032 Y149.183
G1 F1800 X147.699 Y143.516 E3884.53481
G0 F9000 X148.321 Y143.516
G1 F1800 X142.654 Y149.183 E3884.82802
G0 F9000 X143.276 Y149.183
G1 F1800 X148.944 Y143.516 E3885.12126
G0 F9000 X149.566 Y143.516
G1 F1800 X143.898 Y149.183 E3885.4145
G0 F9000 X144.521 Y149.183
G1 F1800 X150.188 Y143.516 E3885.70771
G0 F9000 X150.81 Y143.516
G1 F1800 X145.143 Y149.183 E3886.00093
G0 F9000 X145.765 Y149.183
G1 F1800 X151.433 Y143.516 E3886.29417
G0 F9000 X152.055 Y143.516
G1 F1800 X146.387 Y149.183 E3886.58741
G0 F9000 X147.01 Y149.183
G1 F1800 X152.677 Y143.516 E3886.88062
G0 F9000 X153.299 Y143.516
G1 F1800 X147.631 Y149.184 E3887.17389
G0 F9000 X148.253 Y149.184
G1 F1800 X153.922 Y143.516 E3887.46718
G0 F9000 X154.544 Y143.516
G1 F1800 X148.876 Y149.184 E3887.76045
G0 F9000 X149.498 Y149.184
G1 F1800 X155.166 Y143.516 E3888.05371
G0 F9000 X155.788 Y143.516
G1 F1800 X150.12 Y149.184 E3888.34698
G0 F9000 X150.742 Y149.184
G1 F1800 X156.411 Y143.516 E3888.64027
G0 F9000 X157.033 Y143.516
G1 F1800 X151.365 Y149.184 E3888.93354
G0 F9000 X151.987 Y149.184
G1 F1800 X157.655 Y143.516 E3889.2268
G0 F9000 X158.328 Y143.466
G1 F1800 X152.609 Y149.184 E3889.52268
G0 F9000 X153.231 Y149.184
G1 F1800 X172.383 Y130.032 E3890.51362
G0 F9000 X172.383 Y130.654
G1 F1800 X153.854 Y149.184 E3891.47234
G0 F9000 X154.476 Y149.184
G1 F1800 X172.383 Y131.276 E3892.39889
G0 F9000 X172.383 Y131.899
G1 F1800 X155.098 Y149.184 E3893.29323
G0 F9000 X155.72 Y149.184
G1 F1800 X172.383 Y132.521 E3894.15538
G0 F9000 X172.383 Y133.143
G1 F1800 X156.343 Y149.184 E3894.98533
G0 F9000 X156.965 Y149.184
G1 F1800 X172.383 Y133.766 E3895.78306
G0 F9000 X172.383 Y134.388
G1 F1800 X157.587 Y149.184 E3896.54862
G0 F9000 X158.209 Y149.184
G1 F1800 X172.383 Y135.01 E3897.28199
G0 F9000 X172.383 Y135.632
G1 F1800 X158.832 Y149.184 E3897.98315
G0 F9000 X159.454 Y149.184
G1 F1800 X172.383 Y136.255 E3898.65211
G0 F9000 X172.383 Y136.877
G1 F1800 X166.975 Y142.285 E3898.93192
G0 F9000 X167.787 Y142.095
G1 F1800 X172.383 Y137.499 E3899.16972
G0 F9000 X172.383 Y138.121
G1 F1800 X168.379 Y142.126 E3899.37692
G0 F9000 X168.899 Y142.228
G1 F1800 X172.383 Y138.744 E3899.55718
G0 F9000 X172.383 Y139.366
G1 F1800 X169.315 Y142.435 E3899.71595
G0 F9000 X169.69 Y142.681
G1 F1800 X172.383 Y139.988 E3899.85528
G0 F9000 X172.383 Y140.61
G1 F1800 X170.01 Y142.983 E3899.97806
G0 F9000 X170.271 Y143.345
G1 F1800 X172.383 Y141.233 E3900.08734
G0 F9000 X172.383 Y141.855
G1 F1800 X170.491 Y143.747 E3900.18523
G0 F9000 X170.645 Y144.216
G1 F1800 X172.383 Y142.477 E3900.27518
G0 F9000 X172.383 Y143.099
G1 F1800 X170.691 Y144.791 E3900.36273
G0 F9000 X170.614 Y145.491
G1 F1800 X172.383 Y143.722 E3900.45426
G0 F9000 X172.383 Y144.344
G1 F1800 X167.543 Y149.184 E3900.70468
G0 F9000 X166.921 Y149.184
G1 F1800 X168.699 Y147.406 E3900.79668
G0 F9000 X167.973 Y147.51
G1 F1800 X166.299 Y149.184 E3900.88329
G0 F9000 X165.677 Y149.184
G1 F1800 X167.429 Y147.431 E3900.97397
G0 F9000 X166.961 Y147.278
G1 F1800 X165.054 Y149.184 E3901.07261
G0 F9000 X164.432 Y149.184
G1 F1800 X166.547 Y147.069 E3901.18204
G0 F9000 X166.185 Y146.809
G1 F1800 X163.81 Y149.184 E3901.30493
G0 F9000 X163.188 Y149.184
G1 F1800 X165.883 Y146.488 E3901.44439
G0 F9000 X165.636 Y146.114
G1 F1800 X162.565 Y149.184 E3901.60326
G0 F9000 X161.943 Y149.184
G1 F1800 X165.428 Y145.699 E3901.78358
G0 F9000 X165.324 Y145.18
G1 F1800 X161.321 Y149.184 E3901.99072
G0 F9000 X160.699 Y149.184
G1 F1800 X165.29 Y144.593 E3902.22826
G0 F9000 X165.475 Y143.785
G1 F1800 X160.076 Y149.184 E3902.50761
G1 F1500 E3900.50761
G0 F9000 X159.692 Y142.101
G1 F1500 E3902.50761
G1 F1800 X172.383 Y129.41 E3903.16425
G0 F9000 X172.383 Y128.787
G1 F1800 X159.716 Y141.455 E3903.81968
G0 F9000 X159.716 Y140.833
G1 F1800 X172.383 Y128.165 E3904.4751
G0 F9000 X172.383 Y127.543
G1 F1800 X159.716 Y140.211 E3905.13052
G0 F9000 X159.716 Y139.589
G1 F1800 X172.383 Y126.921 E3905.78595
G0 F9000 X172.383 Y126.298
G1 F1800 X159.716 Y138.966 E3906.44137
G0 F9000 X159.716 Y138.344
G1 F1800 X172.383 Y125.676 E3907.0968
G0 F9000 X172.383 Y125.054
G1 F1800 X159.716 Y137.722 E3907.75222
G0 F9000 X159.716 Y137.1
G1 F1800 X172.383 Y124.432 E3908.40765
G0 F9000 X172.383 Y123.809
G1 F1800 X159.716 Y136.477 E3909.06307
G0 F9000 X159.716 Y135.855
G1 F1800 X172.383 Y123.187 E3909.7185
G0 F9000 X172.383 Y122.565
G1 F1800 X159.716 Y135.233 E3910.37392
G0 F9000 X159.716 Y134.611
G1 F1800 X172.383 Y121.943 E3911.02934
G0 F9000 X172.383 Y121.32
G1 F1800 X159.716 Y133.988 E3911.68477
G0 F9000 X159.716 Y133.366
G1 F1800 X172.383 Y120.698 E3912.34019
G0 F9000 X172.383 Y120.076
G1 F1800 X159.715 Y132.744 E3912.99564
G0 F9000 X159.715 Y132.122
G1 F1800 X172.383 Y119.454 E3913.65109
G0 F9000 X172.383 Y118.831
G1 F1800 X159.715 Y131.5 E3914.30657
G0 F9000 X159.715 Y130.878
G1 F1800 X172.383 Y118.209 E3914.96205
G0 F9000 X172.383 Y117.587
G1 F1800 X159.715 Y130.255 E3915.6175
G0 F9000 X159.715 Y129.633
G1 F1800 X172.383 Y116.965 E3916.27295
G0 F9000 X172.383 Y116.342
G1 F1800 X159.715 Y129.011 E3916.92842
G0 F9000 X159.715 Y128.389
G1 F1800 X172.383 Y115.72 E3917.5839
G0 F9000 X172.383 Y115.098
G1 F1800 X159.715 Y127.766 E3918.23935
G0 F9000 X159.715 Y127.144
G1 F1800 X172.383 Y114.476 E3918.8948
G0 F9000 X172.383 Y113.853
G1 F1800 X159.715 Y126.522 E3919.55028
G0 F9000 X159.715 Y125.9
G1 F1800 X172.383 Y113.231 E3920.20575
G0 F9000 X172.383 Y112.609
G1 F1800 X159.715 Y125.277 E3920.8612
G0 F9000 X159.715 Y124.655
G1 F1800 X172.383 Y111.987 E3921.51665
G0 F9000 X172.383 Y111.364
G1 F1800 X159.715 Y124.033 E3922.17213
G0 F9000 X159.714 Y123.411
G1 F1800 X172.383 Y110.742 E3922.82763
G0 F9000 X172.383 Y110.12
G1 F1800 X159.714 Y122.789 E3923.48313
G0 F9000 X159.714 Y122.167
G1 F1800 X172.383 Y109.498 E3924.13863
G0 F9000 X172.383 Y108.875
G1 F1800 X159.714 Y121.545 E3924.79416
G0 F9000 X159.714 Y120.922
G1 F1800 X172.383 Y108.253 E3925.44966
G0 F9000 X172.383 Y107.631
G1 F1800 X159.714 Y120.3 E3926.10517
G0 F9000 X159.714 Y119.678
G1 F1800 X172.383 Y107.009 E3926.76067
G0 F9000 X172.383 Y106.386
G1 F1800 X159.714 Y119.056 E3927.4162
G0 F9000 X159.714 Y118.433
G1 F1800 X172.383 Y105.764 E3928.0717
G0 F9000 X172.383 Y105.142
G1 F1800 X159.714 Y117.811 E3928.7272
G0 F9000 X159.714 Y117.189
G1 F1800 X172.383 Y104.52 E3929.3827
G0 F9000 X172.383 Y103.897
G1 F1800 X159.714 Y116.567 E3930.03823
G0 F9000 X159.714 Y115.944
G1 F1800 X172.383 Y103.275 E3930.69373
G0 F9000 X172.383 Y102.653
G1 F1800 X159.714 Y115.322 E3931.34923
G0 F9000 X159.714 Y114.7
G1 F1800 X172.383 Y102.031 E3932.00474
G0 F9000 X172.383 Y101.408
G1 F1800 X159.714 Y114.078 E3932.66026
G0 F9000 X159.714 Y113.456
G1 F1800 X172.383 Y100.786 E3933.31579
G0 F9000 X172.383 Y100.164
G1 F1800 X159.714 Y112.834 E3933.97132
G0 F9000 X159.714 Y112.211
G1 F1800 X172.383 Y99.542 E3934.62682
G0 F9000 X172.383 Y98.919
G1 F1800 X159.714 Y111.589 E3935.28235
G0 F9000 X159.714 Y110.967
G1 F1800 X172.383 Y98.297 E3935.93788
G0 F9000 X172.383 Y97.675
G1 F1800 X159.714 Y110.345 E3936.59341
G0 F9000 X159.714 Y109.722
G1 F1800 X172.383 Y97.053 E3937.24891
G0 F9000 X172.383 Y96.43
G1 F1800 X159.714 Y109.1 E3937.90444
G0 F9000 X159.714 Y108.478
G1 F1800 X172.383 Y95.808 E3938.55996
G0 F9000 X172.383 Y95.186
G1 F1800 X159.714 Y107.856 E3939.21549
G0 F9000 X159.714 Y107.233
G1 F1800 X172.383 Y94.564 E3939.87099
G0 F9000 X172.383 Y93.941
G1 F1800 X159.714 Y106.611 E3940.52652
G0 F9000 X159.714 Y105.989
G1 F1800 X172.383 Y93.319 E3941.18205
G0 F9000 X172.383 Y92.697
G1 F1800 X159.714 Y105.367 E3941.83758
G0 F9000 X159.713 Y104.745
G1 F1800 X172.383 Y92.074 E3942.49316
G0 F9000 X172.383 Y91.452
G1 F1800 X159.713 Y104.123 E3943.14874
G0 F9000 X159.713 Y103.501
G1 F1800 X172.383 Y90.83 E3943.80432
G0 F9000 X172.383 Y90.208
G1 F1800 X159.713 Y102.878 E3944.45987
G0 F9000 X159.713 Y102.256
G1 F1800 X172.383 Y89.585 E3945.11545
G0 F9000 X172.383 Y88.963
G1 F1800 X159.713 Y101.634 E3945.77103
G0 F9000 X159.713 Y101.012
G1 F1800 X172.383 Y88.341 E3946.42661
G0 F9000 X172.383 Y87.719
G1 F1800 X159.713 Y100.389 E3947.08216
G0 F9000 X159.713 Y99.767
G1 F1800 X172.383 Y87.096 E3947.73774
G0 F9000 X172.383 Y86.474
G1 F1800 X159.713 Y99.145 E3948.39332
G0 F9000 X159.713 Y98.523
G1 F1800 X172.383 Y85.852 E3949.0489
G0 F9000 X172.383 Y85.23
G1 F1800 X159.713 Y97.9 E3949.70445
G0 F9000 X159.713 Y97.278
G1 F1800 X172.383 Y84.607 E3950.36003
G0 F9000 X172.383 Y83.985
G1 F1800 X159.713 Y96.656 E3951.01561
G0 F9000 X159.713 Y96.034
G1 F1800 X172.383 Y83.363 E3951.67119
G0 F9000 X172.383 Y82.741
G1 F1800 X159.712 Y95.412 E3952.3268
G0 F9000 X159.712 Y94.79
G1 F1800 X172.383 Y82.118 E3952.98243
G0 F9000 X172.383 Y81.496
G1 F1800 X159.712 Y94.168 E3953.63806
G0 F9000 X159.712 Y93.545
G1 F1800 X172.383 Y80.874 E3954.29367
G0 F9000 X172.383 Y80.252
G1 F1800 X159.712 Y92.923 E3954.94927
G0 F9000 X159.712 Y92.301
G1 F1800 X172.383 Y79.629 E3955.6049
G0 F9000 X172.383 Y79.007
G1 F1800 X159.712 Y91.679 E3956.26054
G0 F9000 X159.712 Y91.056
G1 F1800 X172.383 Y78.385 E3956.91614
G0 F9000 X172.383 Y77.763
G1 F1800 X159.712 Y90.434 E3957.57175
G0 F9000 X159.712 Y89.812
G1 F1800 X169.466 Y80.058 E3958.07642
G0 F9000 X168.446 Y80.455
G1 F1800 X159.712 Y89.189 E3958.52833
G0 F9000 X159.712 Y88.567
G1 F1800 X167.782 Y80.497 E3958.94587
G0 F9000 X167.265 Y80.392
G1 F1800 X159.712 Y87.945 E3959.33667
G0 F9000 X159.712 Y87.323
G1 F1800 X166.81 Y80.225 E3959.70393
G0 F9000 X166.426 Y79.987
G1 F1800 X159.712 Y86.7 E3960.05129
G0 F9000 X159.598 Y86.192
G1 F1800 X166.08 Y79.711 E3960.38664
G0 F9000 X165.804 Y79.364
G1 F1800 X159.38 Y85.788 E3960.71903
G0 F9000 X159.086 Y85.46
G1 F1800 X165.556 Y78.99 E3961.05379
G0 F9000 X165.397 Y78.527
G1 F1800 X158.694 Y85.23 E3961.4006
G0 F9000 X158.202 Y85.099
G1 F1800 X165.296 Y78.005 E3961.76765
G0 F9000 X165.343 Y77.336
G1 F1800 X157.589 Y85.09 E3962.16885
G0 F9000 X156.967 Y85.09
G1 F1800 X165.749 Y76.307 E3962.62326
G0 F9000 X166.505 Y75.552
G1 F1800 X171.241 Y70.816 E3962.86831
G0 F9000 X171.863 Y70.816
G1 F1800 X167.538 Y75.141 E3963.09208
G0 F9000 X168.2 Y75.101
G1 F1800 X172.383 Y70.918 E3963.30851
G0 F9000 X172.383 Y71.54
G1 F1800 X168.726 Y75.197 E3963.49773
G0 F9000 X169.194 Y75.352
G1 F1800 X172.383 Y72.162 E3963.66276
G0 F9000 X172.383 Y72.785
G1 F1800 X169.567 Y75.601 E3963.80846
G0 F9000 X169.918 Y75.872
G1 F1800 X172.383 Y73.407 E3963.936
G0 F9000 X172.383 Y74.029
G1 F1800 X170.19 Y76.223 E3964.04949
G0 F9000 X170.425 Y76.609
G1 F1800 X172.383 Y74.651 E3964.1508
G0 F9000 X172.383 Y75.274
G1 F1800 X170.619 Y77.038 E3964.24207
G0 F9000 X170.692 Y77.587
G1 F1800 X172.383 Y75.896 E3964.32956
G0 F9000 X172.383 Y76.518
G1 F1800 X170.691 Y78.211 E3964.41713
G0 F9000 X170.274 Y79.25
G1 F1800 X172.383 Y77.14 E3964.52628
G1 F1500 E3962.52628
G0 F9000 X174.765 Y77.14
G0 X174.753 Y68.447
G0 X170.619 Y68.435
G0 X170.619 Y70.816
G1 F1500 E3964.52628
G1 F1800 X156.345 Y85.09 E3965.26483
G0 F9000 X155.723 Y85.09
G1 F1800 X169.996 Y70.816 E3966.00335
G0 F9000 X169.374 Y70.816
G1 F1800 X155.1 Y85.09 E3966.74189
G0 F9000 X154.478 Y85.09
G1 F1800 X168.752 Y70.816 E3967.48044
G0 F9000 X168.129 Y70.816
G1 F1800 X153.856 Y85.09 E3968.21896
G0 F9000 X153.234 Y85.09
G1 F1800 X167.507 Y70.816 E3968.95748
G0 F9000 X166.885 Y70.816
G1 F1800 X152.611 Y85.09 E3969.69602
G0 F9000 X151.989 Y85.09
G1 F1800 X166.263 Y70.816 E3970.43457
G0 F9000 X165.64 Y70.816
G1 F1800 X151.367 Y85.09 E3971.17309
G0 F9000 X150.745 Y85.09
G1 F1800 X165.018 Y70.816 E3971.91161
G0 F9000 X164.396 Y70.816
G1 F1800 X150.122 Y85.09 E3972.65016
G0 F9000 X149.5 Y85.09
G1 F1800 X163.774 Y70.816 E3973.3887
G0 F9000 X163.151 Y70.816
G1 F1800 X148.878 Y85.09 E3974.12722
G0 F9000 X148.256 Y85.09
G1 F1800 X162.529 Y70.816 E3974.86574
G0 F9000 X161.907 Y70.816
G1 F1800 X147.633 Y85.09 E3975.60429
G0 F9000 X147.011 Y85.09
G1 F1800 X161.285 Y70.816 E3976.34283
G0 F9000 X160.662 Y70.816
G1 F1800 X146.389 Y85.09 E3977.08135
G0 F9000 X145.767 Y85.09
G1 F1800 X160.04 Y70.816 E3977.81987
G0 F9000 X159.418 Y70.816
G1 F1800 X145.144 Y85.09 E3978.55842
G0 F9000 X144.522 Y85.09
G1 F1800 X158.796 Y70.816 E3979.29696
G0 F9000 X158.173 Y70.816
G1 F1800 X143.9 Y85.09 E3980.03548
G0 F9000 X143.278 Y85.09
G1 F1800 X157.551 Y70.816 E3980.774
G0 F9000 X156.929 Y70.816
G1 F1800 X142.655 Y85.09 E3981.51255
G0 F9000 X142.033 Y85.09
G1 F1800 X156.307 Y70.816 E3982.25109
G0 F9000 X155.684 Y70.816
G1 F1800 X141.411 Y85.09 E3982.98961
G0 F9000 X140.788 Y85.09
G1 F1800 X155.062 Y70.816 E3983.72816
G0 F9000 X154.44 Y70.816
G1 F1800 X140.166 Y85.09 E3984.46671
G0 F9000 X139.544 Y85.09
G1 F1800 X153.818 Y70.816 E3985.20525
G0 F9000 X153.195 Y70.816
G1 F1800 X138.922 Y85.09 E3985.94377
G0 F9000 X138.299 Y85.09
G1 F1800 X152.573 Y70.816 E3986.68232
G0 F9000 X151.951 Y70.816
G1 F1800 X137.677 Y85.09 E3987.42086
G0 F9000 X137.055 Y85.09
G1 F1800 X151.329 Y70.816 E3988.15941
G0 F9000 X150.706 Y70.816
G1 F1800 X136.433 Y85.09 E3988.89793
G0 F9000 X135.81 Y85.09
G1 F1800 X150.084 Y70.816 E3989.63647
G0 F9000 X149.462 Y70.816
G1 F1800 X135.188 Y85.09 E3990.37502
G0 F9000 X134.566 Y85.09
G1 F1800 X148.84 Y70.816 E3991.11357
G0 F9000 X148.217 Y70.816
G1 F1800 X133.944 Y85.09 E3991.85209
G0 F9000 X133.321 Y85.09
G1 F1800 X147.595 Y70.816 E3992.59063
G0 F9000 X146.973 Y70.816
G1 F1800 X132.699 Y85.09 E3993.32918
G0 F9000 X132.077 Y85.09
G1 F1800 X146.351 Y70.816 E3994.06772
G0 F9000 X145.728 Y70.816
G1 F1800 X131.455 Y85.09 E3994.80624
G0 F9000 X130.832 Y85.09
G1 F1800 X145.106 Y70.816 E3995.54479
G0 F9000 X144.484 Y70.816
G1 F1800 X130.21 Y85.09 E3996.28333
G0 F9000 X129.588 Y85.09
G1 F1800 X143.862 Y70.816 E3997.02188
G0 F9000 X143.239 Y70.816
G1 F1800 X128.966 Y85.09 E3997.7604
G0 F9000 X128.343 Y85.09
G1 F1800 X142.617 Y70.816 E3998.49894
G0 F9000 X141.995 Y70.816
G1 F1800 X127.721 Y85.09 E3999.23749
G0 F9000 X127.099 Y85.09
G1 F1800 X141.373 Y70.816 E3999.97604
G0 F9000 X140.75 Y70.816
G1 F1800 X126.477 Y85.09 E4000.71456
G0 F9000 X125.854 Y85.09
G1 F1800 X140.128 Y70.816 E4001.4531
G0 F9000 X139.506 Y70.816
G1 F1800 X125.231 Y85.09 E4002.19167
G0 F9000 X124.609 Y85.09
G1 F1800 X138.884 Y70.816 E4002.93025
G0 F9000 X138.261 Y70.816
G1 F1800 X123.987 Y85.09 E4003.66879
G0 F9000 X123.365 Y85.09
G1 F1800 X137.639 Y70.816 E4004.40734
G0 F9000 X137.017 Y70.816
G1 F1800 X122.742 Y85.09 E4005.14591
G0 F9000 X122.12 Y85.09
G1 F1800 X136.395 Y70.816 E4005.88448
G0 F9000 X135.772 Y70.816
G1 F1800 X121.498 Y85.09 E4006.62303
G0 F9000 X120.876 Y85.09
G1 F1800 X135.15 Y70.816 E4007.36157
G0 F9000 X134.528 Y70.816
G1 F1800 X120.253 Y85.09 E4008.10014
G0 F9000 X119.631 Y85.09
G1 F1800 X133.906 Y70.816 E4008.83871
G0 F9000 X133.283 Y70.816
G1 F1800 X119.009 Y85.09 E4009.57726
G0 F9000 X118.387 Y85.09
G1 F1800 X132.661 Y70.816 E4010.31581
G0 F9000 X132.039 Y70.816
G1 F1800 X117.764 Y85.09 E4011.05438
G0 F9000 X117.142 Y85.09
G1 F1800 X131.417 Y70.816 E4011.79295
G0 F9000 X130.794 Y70.816
G1 F1800 X116.52 Y85.09 E4012.53149
G0 F9000 X115.898 Y85.09
G1 F1800 X130.172 Y70.816 E4013.27004
G0 F9000 X129.55 Y70.816
G1 F1800 X115.275 Y85.09 E4014.00861
G0 F9000 X114.653 Y85.09
G1 F1800 X128.927 Y70.816 E4014.74716
G0 F9000 X128.305 Y70.816
G1 F1800 X114.031 Y85.09 E4015.4857
G0 F9000 X113.409 Y85.09
G1 F1800 X127.683 Y70.816 E4016.22425
G0 F9000 X127.061 Y70.816
G1 F1800 X112.786 Y85.09 E4016.96282
G0 F9000 X112.164 Y85.09
G1 F1800 X126.438 Y70.816 E4017.70137
G0 F9000 X125.816 Y70.816
G1 F1800 X111.542 Y85.09 E4018.43991
G0 F9000 X110.92 Y85.09
G1 F1800 X125.194 Y70.816 E4019.17846
G0 F9000 X124.572 Y70.816
G1 F1800 X110.297 Y85.09 E4019.91703
G0 F9000 X109.675 Y85.09
G1 F1800 X123.949 Y70.816 E4020.65558
G0 F9000 X123.327 Y70.816
G1 F1800 X109.053 Y85.09 E4021.39412
G0 F9000 X108.431 Y85.09
G1 F1800 X122.705 Y70.816 E4022.13267
G0 F9000 X122.083 Y70.816
G1 F1800 X107.808 Y85.09 E4022.87124
G0 F9000 X107.186 Y85.09
G1 F1800 X121.46 Y70.816 E4023.60978
G0 F9000 X120.838 Y70.816
G1 F1800 X106.564 Y85.09 E4024.34833
G0 F9000 X105.942 Y85.09
G1 F1800 X120.216 Y70.816 E4025.08688
G0 F9000 X119.594 Y70.816
G1 F1800 X105.319 Y85.09 E4025.82545
G0 F9000 X104.697 Y85.09
G1 F1800 X118.971 Y70.816 E4026.56399
G0 F9000 X118.349 Y70.816
G1 F1800 X104.075 Y85.09 E4027.30254
G0 F9000 X103.453 Y85.09
G1 F1800 X117.727 Y70.816 E4028.04108
G0 F9000 X117.105 Y70.816
G1 F1800 X102.83 Y85.09 E4028.77966
G0 F9000 X102.208 Y85.09
G1 F1800 X116.482 Y70.816 E4029.5182
G0 F9000 X115.86 Y70.816
G1 F1800 X101.586 Y85.09 E4030.25675
G0 F9000 X100.964 Y85.09
G1 F1800 X115.238 Y70.816 E4030.99529
G0 F9000 X114.616 Y70.816
G1 F1800 X100.341 Y85.09 E4031.73386
G0 F9000 X99.719 Y85.09
G1 F1800 X113.993 Y70.816 E4032.47241
G0 F9000 X113.371 Y70.816
G1 F1800 X99.097 Y85.09 E4033.21096
G0 F9000 X98.475 Y85.09
G1 F1800 X112.749 Y70.816 E4033.9495
G0 F9000 X112.127 Y70.816
G1 F1800 X97.852 Y85.09 E4034.68807
G0 F9000 X97.23 Y85.09
G1 F1800 X111.504 Y70.816 E4035.42662
G0 F9000 X110.882 Y70.816
G1 F1800 X96.608 Y85.09 E4036.16516
G0 F9000 X95.986 Y85.09
G1 F1800 X110.26 Y70.816 E4036.90371
G0 F9000 X109.638 Y70.816
G1 F1800 X95.363 Y85.09 E4037.64228
G0 F9000 X94.741 Y85.09
G1 F1800 X109.015 Y70.816 E4038.38083
G0 F9000 X108.393 Y70.816
G1 F1800 X94.119 Y85.09 E4039.11937
G0 F9000 X93.496 Y85.091
G1 F1800 X107.771 Y70.816 E4039.85797
G0 F9000 X107.149 Y70.816
G1 F1800 X92.874 Y85.091 E4040.59657
G0 F9000 X92.251 Y85.091
G1 F1800 X106.526 Y70.816 E4041.33517
G0 F9000 X105.904 Y70.816
G1 F1800 X91.629 Y85.091 E4042.07376
G0 F9000 X91.007 Y85.091
G1 F1800 X105.282 Y70.816 E4042.81236
G0 F9000 X104.66 Y70.816
G1 F1800 X90.385 Y85.091 E4043.55096
G0 F9000 X89.762 Y85.091
G1 F1800 X104.037 Y70.816 E4044.28956
G0 F9000 X103.415 Y70.816
G1 F1800 X89.14 Y85.091 E4045.02815
G0 F9000 X88.518 Y85.091
G1 F1800 X102.793 Y70.816 E4045.76675
G0 F9000 X102.171 Y70.816
G1 F1800 X87.895 Y85.091 E4046.50537
G0 F9000 X87.273 Y85.091
G1 F1800 X101.548 Y70.816 E4047.24397
G0 F9000 X100.926 Y70.816
G1 F1800 X86.651 Y85.091 E4047.98257
G0 F9000 X86.029 Y85.091
G1 F1800 X100.304 Y70.816 E4048.72117
G0 F9000 X99.682 Y70.816
G1 F1800 X85.406 Y85.091 E4049.45979
G0 F9000 X84.784 Y85.091
G1 F1800 X99.059 Y70.816 E4050.19839
G0 F9000 X98.437 Y70.816
G1 F1800 X84.162 Y85.091 E4050.93698
G0 F9000 X83.54 Y85.091
G1 F1800 X97.815 Y70.816 E4051.67558
G0 F9000 X97.193 Y70.816
G1 F1800 X82.917 Y85.091 E4052.41421
G0 F9000 X82.295 Y85.091
G1 F1800 X96.57 Y70.816 E4053.1528
G0 F9000 X95.948 Y70.816
G1 F1800 X81.673 Y85.091 E4053.8914
G0 F9000 X81.051 Y85.091
G1 F1800 X95.326 Y70.816 E4054.63
G0 F9000 X94.704 Y70.816
G1 F1800 X80.428 Y85.091 E4055.36862
G0 F9000 X79.806 Y85.091
G1 F1800 X94.081 Y70.816 E4056.10722
G0 F9000 X93.459 Y70.816
G1 F1800 X79.184 Y85.091 E4056.84582
G0 F9000 X78.562 Y85.091
G1 F1800 X92.837 Y70.816 E4057.58441
G0 F9000 X92.215 Y70.816
G1 F1800 X77.939 Y85.091 E4058.32304
G0 F9000 X77.317 Y85.091
G1 F1800 X91.592 Y70.816 E4059.06163
G0 F9000 X90.97 Y70.816
G1 F1800 X76.695 Y85.091 E4059.80023
G0 F9000 X76.073 Y85.091
G1 F1800 X90.348 Y70.816 E4060.53883
G0 F9000 X89.725 Y70.816
G1 F1800 X75.45 Y85.091 E4061.27743
G0 F9000 X74.828 Y85.091
G1 F1800 X89.103 Y70.816 E4062.01602
G0 F9000 X88.481 Y70.816
G1 F1800 X74.206 Y85.091 E4062.75462
G0 F9000 X73.584 Y85.091
G1 F1800 X87.859 Y70.816 E4063.49322
G0 F9000 X87.236 Y70.816
G1 F1800 X72.961 Y85.091 E4064.23182
G0 F9000 X72.339 Y85.091
G1 F1800 X86.614 Y70.816 E4064.97041
G0 F9000 X85.992 Y70.816
G1 F1800 X71.717 Y85.091 E4065.70901
G0 F9000 X71.095 Y85.091
G1 F1800 X85.37 Y70.816 E4066.44761
G0 F9000 X84.747 Y70.816
G1 F1800 X70.472 Y85.091 E4067.18621
G0 F9000 X69.85 Y85.091
G1 F1800 X84.125 Y70.816 E4067.9248
G0 F9000 X83.503 Y70.816
G1 F1800 X69.228 Y85.091 E4068.6634
G0 F9000 X68.606 Y85.091
G1 F1800 X82.881 Y70.816 E4069.402
G0 F9000 X82.258 Y70.816
G1 F1800 X67.983 Y85.091 E4070.1406
G0 F9000 X67.361 Y85.091
G1 F1800 X81.636 Y70.816 E4070.87919
G0 F9000 X81.014 Y70.816
G1 F1800 X66.739 Y85.091 E4071.61779
G0 F9000 X66.117 Y85.091
G1 F1800 X80.392 Y70.816 E4072.35639
G0 F9000 X79.769 Y70.816
G1 F1800 X65.494 Y85.091 E4073.09499
G0 F9000 X64.872 Y85.091
G1 F1800 X79.147 Y70.816 E4073.83358
G0 F9000 X78.525 Y70.816
G1 F1800 X64.25 Y85.091 E4074.57218
G0 F9000 X63.628 Y85.091
G1 F1800 X77.903 Y70.816 E4075.31078
G0 F9000 X77.28 Y70.816
G1 F1800 X63.005 Y85.091 E4076.04938
G0 F9000 X62.383 Y85.091
G1 F1800 X76.658 Y70.816 E4076.78797
G0 F9000 X76.036 Y70.816
G1 F1800 X61.737 Y85.114 E4077.52779
G1 F1500 E4075.52779
G0 F9000 X52.776 Y80.386
G1 F1500 E4077.52779
G1 F1800 X47.616 Y85.546 E4077.79477
G0 F9000 X47.616 Y84.924
G1 F1800 X52.037 Y80.503 E4078.02351
G0 F9000 X51.477 Y80.44
G1 F1800 X47.616 Y84.302 E4078.22331
G0 F9000 X47.616 Y83.68
G1 F1800 X50.979 Y80.317 E4078.39731
G0 F9000 X50.583 Y80.09
G1 F1800 X47.616 Y83.057 E4078.55083
G0 F9000 X47.616 Y82.435
G1 F1800 X50.209 Y79.842 E4078.68499
G0 F9000 X49.911 Y79.518
G1 F1800 X47.616 Y81.813 E4078.80374
G0 F9000 X47.616 Y81.191
G1 F1800 X49.655 Y79.151 E4078.90926
G0 F9000 X49.465 Y78.719
G1 F1800 X47.616 Y80.568 E4079.00493
G0 F9000 X47.616 Y79.946
G1 F1800 X49.332 Y78.23 E4079.09372
G0 F9000 X49.297 Y77.643
G1 F1800 X47.616 Y79.324 E4079.18069
G0 F9000 X47.616 Y78.702
G1 F1800 X49.482 Y76.836 E4079.27724
G1 F1500 E4077.27724
G0 F9000 X49.376 Y144.145
G1 F1500 E4079.27724
G1 F1800 X47.616 Y145.905 E4079.3683
G0 F9000 X47.616 Y146.527
G1 F1800 X49.273 Y144.87 E4079.45404
G0 F9000 X49.366 Y145.4
G1 F1800 X47.616 Y147.15 E4079.54458
G0 F9000 X47.616 Y147.772
G1 F1800 X49.526 Y145.862 E4079.64341
G0 F9000 X49.737 Y146.273
G1 F1800 X47.616 Y148.394 E4079.75315
G0 F9000 X47.616 Y149.016
G1 F1800 X50.002 Y146.63 E4079.8766
G0 F9000 X50.329 Y146.925
G1 F1800 X48.073 Y149.181 E4079.99333
G0 F9000 X48.696 Y149.181
G1 F1800 X50.705 Y147.172 E4080.09728
G0 F9000 X51.144 Y147.355
G1 F1800 X49.318 Y149.181 E4080.19176
G0 F9000 X49.94 Y149.181
G1 F1800 X51.648 Y147.473 E4080.28013
G0 F9000 X52.248 Y147.495
G1 F1800 X50.562 Y149.181 E4080.36736
G0 F9000 X51.185 Y149.181
G1 F1800 X53.121 Y147.245 E4080.46753
G1 F1500 E4078.46753
G0 F9000 X168.166 Y149.184
G1 F1500 E4080.46753
G1 F1800 X172.383 Y144.966 E4080.68575
G0 F9000 X172.383 Y145.588
G1 F1800 X168.788 Y149.184 E4080.87178
G0 F9000 X169.41 Y149.184
G1 F1800 X172.383 Y146.211 E4081.02561
G0 F9000 X172.383 Y146.833
G1 F1800 X170.032 Y149.184 E4081.14725
G0 F9000 X170.655 Y149.184
G1 F1800 X172.383 Y147.455 E4081.23668
G0 F9000 X172.383 Y148.077
G1 F1800 X171.277 Y149.184 E4081.29393
G0 F9000 X171.899 Y149.184
G1 F1800 X172.383 Y148.7 E4081.31898
G1 F1500 E4079.31898
;MESH:NONMESH
G0 F300 Z2.04
G0 F9000 X51.976 Y79.914
;TIME_ELAPSED:5028.327256
;LAYER:10
;TYPE:WALL-INNER
;MESH:SmartKiln_Frente.stl
G1 F1500 E4081.31898
G1 F1800 X51.27 Y79.774 E4081.34531
G1 X51.005 Y79.636 E4081.35624
G1 X50.567 Y79.344 E4081.3755
G1 X50.38 Y79.12 E4081.38618
G1 X50.164 Y78.8 E4081.4003
G1 X49.997 Y78.398 E4081.41623
G1 X49.893 Y77.874 E4081.43577
G1 X49.92 Y77.586 E4081.44636
G1 X49.997 Y77.202 E4081.46068
G1 X50.16 Y76.805 E4081.47639
G1 X50.459 Y76.357 E4081.49609
G1 X50.681 Y76.176 E4081.50657
G1 X51.112 Y75.889 E4081.52552
G1 X51.402 Y75.797 E4081.53665
G1 X51.923 Y75.694 E4081.55608
G1 X52.19 Y75.716 E4081.56588
G1 X52.598 Y75.797 E4081.5811
G1 X52.879 Y75.882 E4081.59184
G1 X53.32 Y76.18 E4081.61131
G1 X53.539 Y76.363 E4081.62175
G1 X53.936 Y76.947 E4081.64759
G1 X54.076 Y77.451 E4081.66673
G1 X54.078 Y78.144 E4081.69208
G1 X53.932 Y78.646 E4081.71121
G1 X53.586 Y79.167 E4081.73409
G1 X53.397 Y79.363 E4081.74405
G1 X52.927 Y79.681 E4081.76481
G1 X52.598 Y79.8 E4081.77761
G1 X51.976 Y79.914 E4081.80075
G0 F9000 X52.006 Y79.463
G1 F1800 X51.362 Y79.346 E4081.8247
G1 X50.816 Y78.981 E4081.84872
G1 X50.528 Y78.554 E4081.86757
G1 X50.428 Y78.313 E4081.87711
G1 X50.326 Y77.8 E4081.89625
G1 X50.428 Y77.287 E4081.91539
G1 X50.526 Y77.049 E4081.9248
G1 X50.816 Y76.615 E4081.9439
G1 X51.356 Y76.254 E4081.96766
G1 X51.886 Y76.149 E4081.98743
G1 X52.114 Y76.149 E4081.99577
G1 X52.641 Y76.253 E4082.01543
G1 X53.178 Y76.614 E4082.0391
G1 X53.53 Y77.131 E4082.06198
G1 X53.638 Y77.514 E4082.07654
G1 X53.639 Y78.086 E4082.09747
G1 X53.528 Y78.462 E4082.11181
G1 X53.179 Y78.988 E4082.13491
G1 X52.625 Y79.347 E4082.15906
G1 X52.006 Y79.463 E4082.1821
G1 F1500 E4080.1821
G0 F9000 X52.074 Y146.903
G1 F1500 E4082.1821
G1 F1800 X51.786 Y146.876 E4082.19268
G1 X51.402 Y146.799 E4082.20701
G1 X51.006 Y146.636 E4082.22268
G1 X50.681 Y146.42 E4082.23696
G1 X50.46 Y146.239 E4082.24741
G1 X50.164 Y145.8 E4082.26678
G1 X49.997 Y145.398 E4082.28271
G1 X49.893 Y144.874 E4082.30225
G1 X49.92 Y144.586 E4082.31283
G1 X49.997 Y144.202 E4082.32716
G1 X50.16 Y143.805 E4082.34286
G1 X50.376 Y143.481 E4082.35711
G1 X50.564 Y143.254 E4082.36789
G1 X51.005 Y142.96 E4082.38729
G1 X51.27 Y142.822 E4082.39822
G1 X51.976 Y142.682 E4082.42455
G1 X52.679 Y142.811 E4082.4507
G1 X52.916 Y142.906 E4082.46004
G1 X53.425 Y143.26 E4082.48272
G1 X53.615 Y143.473 E4082.49317
G1 X53.936 Y143.948 E4082.51414
G1 X54.082 Y144.465 E4082.5338
G1 X54.073 Y145.193 E4082.56043
G1 X53.907 Y145.69 E4082.5796
G1 X53.54 Y146.237 E4082.6037
G1 X53.312 Y146.426 E4082.61454
G1 X52.992 Y146.637 E4082.62856
G1 X52.598 Y146.799 E4082.64415
G1 X52.074 Y146.903 E4082.66369
G0 F9000 X51.997 Y146.469
G1 F1800 X51.487 Y146.368 E4082.68271
G1 X51.25 Y146.27 E4082.6921
G1 X50.817 Y145.982 E4082.71112
G1 X50.528 Y145.554 E4082.73002
G1 X50.428 Y145.313 E4082.73956
G1 X50.326 Y144.8 E4082.7587
G1 X50.428 Y144.287 E4082.77784
G1 X50.526 Y144.049 E4082.78725
G1 X50.816 Y143.615 E4082.80635
G1 X51.362 Y143.251 E4082.83036
G1 X52.007 Y143.133 E4082.85435
G1 X52.658 Y143.261 E4082.87862
G1 X53.189 Y143.629 E4082.90226
G1 X53.533 Y144.138 E4082.92473
G1 X53.634 Y144.511 E4082.93887
G1 X53.636 Y145.109 E4082.96075
G1 X53.515 Y145.486 E4082.97524
G1 X53.18 Y145.986 E4082.99726
G1 X52.749 Y146.271 E4083.01616
G1 X52.513 Y146.368 E4083.0255
G1 X51.997 Y146.469 E4083.04473
G1 F1500 E4081.04473
G0 F9000 X110 Y149.799
G1 F1500 E4083.04473
G1 F1800 X173 Y149.8 E4085.34966
G1 X173 Y70.2 E4088.26192
G1 X47.001 Y70.201 E4092.87173
G1 X47.001 Y149.799 E4095.78392
G1 X110 Y149.799 E4098.08881
G0 F9000 X110 Y150.24
G1 F1800 X173.44 Y150.24 E4100.40984
G1 X173.44 Y69.76 E4103.35429
G1 X46.561 Y69.761 E4107.9963
G1 X46.561 Y150.239 E4110.94068
G1 X110 Y150.24 E4113.26167
G1 F1500 E4111.26167
G0 F9000 X110 Y142.9
G1 F1500 E4113.26167
G1 F1800 X61.876 Y142.9 E4115.02234
G1 X61.488 Y142.775 E4115.03726
G1 X61.227 Y142.583 E4115.04911
G1 X61.093 Y142.424 E4115.05672
G1 X60.945 Y142.115 E4115.06925
G1 X60.9 Y141.905 E4115.07711
G1 X60.9 Y86.645 E4117.09886
G1 X61.019 Y86.3 E4117.11221
G1 X61.287 Y85.962 E4117.128
G1 X61.561 Y85.791 E4117.13981
G1 X61.906 Y85.703 E4117.15284
G1 X158.11 Y85.705 E4120.67257
G1 X158.477 Y85.787 E4120.68633
G1 X158.793 Y86.037 E4120.70107
G1 X158.979 Y86.297 E4120.71277
G1 X159.1 Y86.643 E4120.72618
G1 X159.1 Y141.936 E4122.74914
G1 X159.027 Y142.197 E4122.75905
G1 X158.843 Y142.533 E4122.77307
G1 X158.512 Y142.774 E4122.78805
G1 X158.124 Y142.9 E4122.80297
G1 X110 Y142.9 E4124.56364
G0 F9000 X110 Y142.46
G1 F1800 X61.911 Y142.46 E4126.32304
G1 X61.693 Y142.385 E4126.33147
G1 X61.536 Y142.27 E4126.33859
G1 X61.408 Y142.094 E4126.34655
G1 X61.345 Y141.888 E4126.35443
G1 X61.343 Y86.73 E4128.37245
G1 X61.443 Y86.445 E4128.3835
G1 X61.604 Y86.271 E4128.39218
G1 X61.927 Y86.14 E4128.40493
G1 X158.066 Y86.143 E4131.92228
G1 X158.398 Y86.272 E4131.93532
G1 X158.605 Y86.533 E4131.9475
G1 X158.657 Y86.73 E4131.95496
G1 X158.66 Y141.882 E4133.97276
G1 X158.534 Y142.189 E4133.9849
G1 X158.392 Y142.332 E4133.99227
G1 X158.076 Y142.46 E4134.00474
G1 X110 Y142.46 E4135.76366
G1 F1500 E4133.76366
G0 F9000 X168.074 Y146.903
G1 F1500 E4135.76366
G1 F1800 X167.786 Y146.876 E4135.77424
G1 X167.402 Y146.799 E4135.78857
G1 X167.006 Y146.636 E4135.80424
G1 X166.681 Y146.42 E4135.81852
G1 X166.457 Y146.234 E4135.82917
G1 X166.164 Y145.8 E4135.84833
G1 X166.023 Y145.536 E4135.85928
G1 X165.911 Y144.962 E4135.88067
G1 X165.896 Y144.71 E4135.88991
G1 X166.022 Y144.072 E4135.9137
G1 X166.144 Y143.83 E4135.92362
G1 X166.431 Y143.398 E4135.94259
G1 X166.608 Y143.225 E4135.95165
G1 X167.1 Y142.897 E4135.97328
G1 X167.402 Y142.796 E4135.98493
G1 X168.024 Y142.682 E4136.00807
G1 X168.737 Y142.824 E4136.03467
G1 X169 Y142.964 E4136.04557
G1 X169.437 Y143.259 E4136.06486
G1 X169.615 Y143.474 E4136.07507
G1 X169.834 Y143.798 E4136.08938
G1 X170.02 Y144.187 E4136.10515
G1 X170.08 Y144.604 E4136.12057
G1 X170.08 Y145.123 E4136.13955
G1 X169.979 Y145.495 E4136.15366
G1 X169.838 Y145.793 E4136.16572
G1 X169.539 Y146.239 E4136.18536
G1 X169.312 Y146.426 E4136.19612
G1 X168.992 Y146.637 E4136.21015
G1 X168.598 Y146.799 E4136.22573
G1 X168.074 Y146.903 E4136.24528
G0 F9000 X167.997 Y146.469
G1 F1800 X167.487 Y146.368 E4136.2643
G1 X167.25 Y146.27 E4136.27368
G1 X166.818 Y145.983 E4136.29266
G1 X166.453 Y145.442 E4136.31653
G1 X166.327 Y144.796 E4136.34061
G1 X166.454 Y144.155 E4136.36452
G1 X166.822 Y143.618 E4136.38834
G1 X167.344 Y143.261 E4136.41148
G1 X167.993 Y143.133 E4136.43568
G1 X168.64 Y143.251 E4136.45974
G1 X169.18 Y143.615 E4136.48357
G1 X169.54 Y144.148 E4136.5071
G1 X169.64 Y144.604 E4136.52418
G1 X169.64 Y145.074 E4136.54137
G1 X169.532 Y145.458 E4136.55597
G1 X169.18 Y145.985 E4136.57915
G1 X168.749 Y146.271 E4136.59808
G1 X168.513 Y146.368 E4136.60741
G1 X167.997 Y146.469 E4136.62665
G1 F1500 E4134.62665
G0 F9000 X167.865 Y79.892
G1 F1500 E4136.62665
G1 F1800 X167.313 Y79.778 E4136.64727
G1 X167.076 Y79.684 E4136.6566
G1 X166.597 Y79.358 E4136.6778
G1 X166.41 Y79.163 E4136.68768
G1 X166.101 Y78.695 E4136.7082
G1 X166.019 Y78.491 E4136.71624
G1 X165.92 Y78.014 E4136.73407
G1 X165.903 Y77.707 E4136.74532
G1 X166.012 Y77.12 E4136.76716
G1 X166.103 Y76.89 E4136.77621
G1 X166.454 Y76.364 E4136.79934
G1 X166.681 Y76.176 E4136.81013
G1 X167.127 Y75.879 E4136.82973
G1 X167.402 Y75.797 E4136.84023
G1 X167.923 Y75.694 E4136.85966
G1 X168.19 Y75.716 E4136.86946
G1 X168.598 Y75.797 E4136.88468
G1 X168.889 Y75.889 E4136.89585
G1 X169.437 Y76.259 E4136.92004
G1 X169.615 Y76.474 E4136.93025
G1 X169.834 Y76.798 E4136.94456
G1 X170.02 Y77.187 E4136.96033
G1 X170.08 Y77.604 E4136.97575
G1 X170.08 Y78.123 E4136.99474
G1 X169.979 Y78.495 E4137.00884
G1 X169.838 Y78.793 E4137.0209
G1 X169.618 Y79.121 E4137.03535
G1 X169.431 Y79.347 E4137.04608
G1 X168.992 Y79.638 E4137.06535
G1 X168.731 Y79.774 E4137.07612
G1 X168.113 Y79.896 E4137.09917
G1 X167.865 Y79.892 E4137.10824
G0 F9000 X167.978 Y79.466
G1 F1800 X167.349 Y79.338 E4137.13172
G1 X166.82 Y78.98 E4137.15509
G1 X166.452 Y78.444 E4137.17888
G1 X166.331 Y77.801 E4137.20282
G1 X166.461 Y77.147 E4137.22721
G1 X166.814 Y76.616 E4137.25054
G1 X167.358 Y76.253 E4137.27447
G1 X167.886 Y76.149 E4137.29416
G1 X168.114 Y76.149 E4137.3025
G1 X168.644 Y76.254 E4137.32227
G1 X169.18 Y76.615 E4137.34591
G1 X169.54 Y77.148 E4137.36944
G1 X169.64 Y77.604 E4137.38652
G1 X169.64 Y78.074 E4137.40372
G1 X169.532 Y78.458 E4137.41831
G1 X169.18 Y78.985 E4137.4415
G1 X168.637 Y79.345 E4137.46533
G1 X167.978 Y79.466 E4137.48985
G0 F9000 X168.003 Y79.02
;TYPE:WALL-OUTER
G1 F1800 X167.536 Y78.926 E4137.50728
G1 X167.134 Y78.666 E4137.52479
G1 X166.869 Y78.273 E4137.54213
G1 X166.776 Y77.802 E4137.5597
G1 X166.87 Y77.326 E4137.57745
G1 X167.133 Y76.931 E4137.59481
G1 X167.531 Y76.672 E4137.61218
G1 X167.999 Y76.575 E4137.62967
G1 X168.473 Y76.669 E4137.64735
G1 X168.859 Y76.934 E4137.66448
G1 X169.106 Y77.292 E4137.68039
G1 X169.2 Y77.568 E4137.69106
G1 X169.197 Y78.03 E4137.70796
G1 X169.107 Y78.303 E4137.71848
G1 X168.858 Y78.666 E4137.73458
G1 X168.466 Y78.925 E4137.75177
G1 X168.003 Y79.02 E4137.76907
G1 F1500 E4135.76907
G0 F9000 X168 Y146.021
G1 F1500 E4137.76907
G1 F1800 X167.529 Y145.927 E4137.78664
G1 X167.133 Y145.664 E4137.80403
G1 X166.871 Y145.266 E4137.82146
G1 X166.775 Y144.8 E4137.83887
G1 X166.871 Y144.334 E4137.85628
G1 X167.138 Y143.929 E4137.87403
G1 X167.526 Y143.67 E4137.89109
G1 X168.003 Y143.576 E4137.90888
G1 X168.466 Y143.671 E4137.92617
G1 X168.859 Y143.934 E4137.94347
G1 X169.106 Y144.292 E4137.95939
G1 X169.2 Y144.568 E4137.97005
G1 X169.197 Y145.03 E4137.98696
G1 X169.107 Y145.303 E4137.99747
G1 X168.86 Y145.664 E4138.01348
G1 X168.472 Y145.927 E4138.03063
G1 X168 Y146.021 E4138.04823
G1 F1500 E4136.04823
G0 F9000 X110 Y142.017
G1 F1500 E4138.04823
G1 F1800 X61.961 Y142.017 E4139.8058
G1 X61.869 Y141.978 E4139.80945
G1 X61.781 Y141.83 E4139.81575
G1 X61.781 Y86.724 E4141.83187
G1 X61.882 Y86.613 E4141.83736
G1 X61.966 Y86.582 E4141.84063
G1 X158.054 Y86.586 E4145.35612
G1 X158.177 Y86.668 E4145.36153
G1 X158.219 Y86.776 E4145.36577
G1 X158.217 Y141.84 E4147.38035
G1 X158.155 Y141.957 E4147.3852
G1 X158.036 Y142.018 E4147.39009
G1 X110 Y142.017 E4149.14754
G1 F1500 E4147.14754
G0 F9000 X110 Y150.68
G1 F1500 E4149.14754
G1 F1800 X173.88 Y150.68 E4151.48466
G1 X173.88 Y69.32 E4154.46131
G1 X46.121 Y69.321 E4159.13552
G92 E0
G1 X46.121 Y150.679 E2.97658
G1 X110 Y150.68 E5.31366
G1 F1500 E3.31366
G0 F9000 X52 Y146.021
G1 F1500 E5.31366
G1 F1800 X51.529 Y145.927 E5.33123
G1 X51.134 Y145.665 E5.34858
G1 X50.869 Y145.273 E5.36589
G1 X50.775 Y144.8 E5.38353
G1 X50.869 Y144.327 E5.40117
G1 X51.133 Y143.931 E5.41859
G1 X51.534 Y143.671 E5.43607
G1 X51.997 Y143.576 E5.45336
G1 X52.475 Y143.67 E5.47119
G1 X52.866 Y143.937 E5.48851
G1 X53.125 Y144.324 E5.50555
G1 X53.198 Y144.573 E5.51504
G1 X53.199 Y145.017 E5.53128
G1 X53.124 Y145.273 E5.54104
G1 X52.861 Y145.663 E5.55825
G1 X52.472 Y145.927 E5.57545
G1 X52 Y146.021 E5.59306
G1 F1500 E3.59306
G0 F9000 X51.997 Y79.02
G1 F1500 E5.59306
G1 F1800 X51.534 Y78.925 E5.61035
G1 X51.134 Y78.665 E5.62781
G1 X50.869 Y78.273 E5.64512
G1 X50.775 Y77.8 E5.66276
G1 X50.869 Y77.327 E5.68041
G1 X51.133 Y76.931 E5.69782
G1 X51.526 Y76.675 E5.71498
G1 X52 Y76.575 E5.7327
G1 X52.47 Y76.673 E5.75027
G1 X52.863 Y76.932 E5.76749
G1 X53.124 Y77.323 E5.78469
G1 X53.2 Y77.584 E5.79463
G1 X53.199 Y78.021 E5.81062
G1 X53.131 Y78.258 E5.81964
G1 X52.86 Y78.67 E5.83768
G1 X52.464 Y78.926 E5.85494
G1 X51.997 Y79.02 E5.87237
G1 F1500 E3.87237
G0 F9000 X167.8 Y80.28
;TYPE:SKIN
G1 F1500 E5.87237
G1 F1800 X168.166 Y80.285 E5.88576
G1 X168.863 Y80.151 E5.91172
G1 X169.188 Y79.979 E5.92518
G1 X169.692 Y79.647 E5.94726
G1 X169.937 Y79.354 E5.96123
G1 X170.18 Y78.99 E5.97724
G1 X170.348 Y78.634 E5.99165
G1 X170.476 Y78.177 E6.00901
G1 X170.474 Y77.58 E6.03085
G1 X170.401 Y77.071 E6.04966
G1 X170.175 Y76.597 E6.06888
G1 X169.939 Y76.244 E6.08441
G1 X169.701 Y75.954 E6.09814
G1 X169.057 Y75.528 E6.12639
G1 X168.673 Y75.408 E6.14111
G1 X168.265 Y75.324 E6.15635
G1 X167.896 Y75.294 E6.16989
G1 X167.12 Y75.45 E6.19885
G1 X166.802 Y75.616 E6.21197
G1 X166.451 Y75.854 E6.22749
G1 X166.155 Y76.098 E6.24152
G1 X165.743 Y76.717 E6.26873
G1 X165.635 Y76.985 E6.2793
G1 X165.511 Y77.653 E6.30416
G1 X165.508 Y77.948 E6.31495
G1 X165.638 Y78.608 E6.33956
G1 X165.761 Y78.912 E6.35156
G1 X166.133 Y79.456 E6.37567
G1 X166.349 Y79.668 E6.38674
G1 X166.798 Y79.974 E6.40662
G1 X167.125 Y80.141 E6.42006
G1 X167.8 Y80.28 E6.44527
G1 F1500 E4.44527
G0 F9000 X168.089 Y147.303
G1 F1500 E6.44527
G1 F1800 X168.667 Y147.188 E6.46683
G1 X169.218 Y146.964 E6.48859
G1 X169.531 Y146.756 E6.50234
G1 X169.748 Y146.579 E6.51259
G1 X169.939 Y146.352 E6.52344
G1 X170.18 Y145.99 E6.53935
G1 X170.348 Y145.634 E6.55375
G1 X170.476 Y145.177 E6.57112
G1 X170.474 Y144.58 E6.59296
G1 X170.401 Y144.071 E6.61177
G1 X170.175 Y143.597 E6.63099
G1 X169.939 Y143.244 E6.64652
G1 X169.701 Y142.954 E6.66025
G1 X169.202 Y142.62 E6.68221
G1 X168.868 Y142.447 E6.69598
G1 X168.167 Y142.308 E6.72212
G1 X167.844 Y142.308 E6.73394
G1 X167.217 Y142.428 E6.7573
G1 X166.912 Y142.548 E6.76929
G1 X166.377 Y142.901 E6.79274
G1 X166.135 Y143.129 E6.8049
G1 X165.804 Y143.623 E6.82666
G1 X165.639 Y143.957 E6.84029
G1 X165.497 Y144.672 E6.86696
G1 X165.516 Y145.004 E6.87912
G1 X165.647 Y145.669 E6.90392
G1 X165.832 Y146.015 E6.91828
G1 X166.153 Y146.496 E6.93943
G1 X166.443 Y146.738 E6.95325
G1 X166.815 Y146.98 E6.96949
G1 X167.287 Y147.176 E6.98819
G1 X167.711 Y147.261 E7.00401
G1 X168.089 Y147.303 E7.01792
G1 F1500 E5.01792
G0 F9000 X110 Y143.296
G1 F1500 E7.01792
G1 F1800 X157.996 Y143.296 E8.77391
G1 X158.478 Y143.221 E8.79176
G1 X158.888 Y143.009 E8.80864
G1 X159.215 Y142.676 E8.82572
G1 X159.398 Y142.336 E8.83985
G1 X159.496 Y141.963 E8.85396
G1 X159.494 Y86.584 E10.88006
G1 X159.339 Y86.093 E10.8989
G1 X158.999 Y85.663 E10.91895
G1 X158.602 Y85.432 E10.93576
G1 X158.148 Y85.308 E10.95298
G1 X61.864 Y85.309 E14.47564
G1 X61.388 Y85.429 E14.4936
G1 X61.027 Y85.657 E14.50922
G1 X60.822 Y85.872 E14.52009
G1 X60.584 Y86.245 E14.53628
G1 X60.506 Y86.733 E14.55436
G1 X60.506 Y141.951 E16.57457
G1 X60.65 Y142.46 E16.59392
G1 X60.949 Y142.865 E16.61234
G1 X61.297 Y143.124 E16.62821
G1 X61.795 Y143.296 E16.64749
G1 X110 Y143.296 E18.41112
G1 F1500 E16.41112
G0 F9000 X110 Y149.402
G1 F1500 E18.41112
G1 F1800 X47.396 Y149.4 E20.70156
G1 X47.396 Y70.596 E23.5847
G1 X172.604 Y70.596 E28.16558
G1 X172.604 Y149.404 E31.04886
G1 X110 Y149.402 E33.3393
G1 F1500 E31.3393
G0 F9000 X52.089 Y147.303
G1 F1500 E33.3393
G1 F1800 X52.667 Y147.188 E33.36086
G1 X53.179 Y146.984 E33.38102
G1 X53.548 Y146.743 E33.39715
G1 X53.836 Y146.507 E33.41077
G1 X54.26 Y145.873 E33.43867
G1 X54.468 Y145.244 E33.46291
G1 X54.475 Y144.579 E33.48724
G1 X54.44 Y144.281 E33.49822
G1 X54.296 Y143.779 E33.51733
G1 X53.879 Y143.156 E33.54476
G1 X53.654 Y142.93 E33.55642
G1 X53.124 Y142.566 E33.57995
G1 X52.817 Y142.439 E33.5921
G1 X52.191 Y142.312 E33.61547
G1 X51.876 Y142.304 E33.627
G1 X51.134 Y142.446 E33.65464
G1 X50.789 Y142.624 E33.66884
G1 X50.295 Y142.953 E33.69056
G1 X50.053 Y143.248 E33.70452
G1 X49.832 Y143.577 E33.71902
G1 X49.616 Y144.087 E33.73928
G1 X49.531 Y144.506 E33.75492
G1 X49.489 Y144.895 E33.76924
G1 X49.616 Y145.505 E33.79203
G1 X49.816 Y145.985 E33.81106
G1 X50.044 Y146.335 E33.82634
G1 X50.296 Y146.64 E33.84082
G1 X50.778 Y146.96 E33.86198
G1 X51.287 Y147.176 E33.88221
G1 X51.711 Y147.261 E33.89803
G1 X52.089 Y147.303 E33.91195
G1 F1500 E31.91195
G0 F9000 X52.16 Y80.284
G1 F1500 E33.91195
G1 F1800 X52.801 Y80.158 E33.93585
G1 X53.133 Y80.022 E33.94898
G1 X53.648 Y79.667 E33.97186
G1 X53.896 Y79.411 E33.9849
G1 X54.297 Y78.803 E34.01155
G1 X54.472 Y78.188 E34.03494
G1 X54.467 Y77.395 E34.06395
G1 X54.361 Y76.998 E34.07899
G1 X54.234 Y76.675 E34.09169
G1 X53.836 Y76.093 E34.11748
G1 X53.544 Y75.853 E34.13131
G1 X53.224 Y75.637 E34.14544
G1 X52.983 Y75.503 E34.15552
G1 X52.695 Y75.412 E34.16657
G1 X52.264 Y75.324 E34.18267
G1 X51.897 Y75.294 E34.19614
G1 X51.317 Y75.408 E34.21777
G1 X50.947 Y75.524 E34.23195
G1 X50.299 Y75.955 E34.26043
G1 X50.055 Y76.246 E34.27432
G1 X49.832 Y76.577 E34.28892
G1 X49.616 Y77.087 E34.30919
G1 X49.531 Y77.506 E34.32483
G1 X49.489 Y77.894 E34.33911
G1 X49.616 Y78.509 E34.36208
G1 X49.816 Y78.989 E34.38111
G1 X50.045 Y79.336 E34.39632
G1 X50.299 Y79.638 E34.41075
G1 X50.804 Y79.975 E34.43297
G1 X51.134 Y80.151 E34.44665
G1 X51.83 Y80.285 E34.47258
G1 X52.16 Y80.284 E34.48465
G1 F1500 E32.48465
G0 F9000 X47.753 Y149.18
G1 F1500 E34.48465
G1 F1800 X47.616 Y149.043 E34.49174
G0 F9000 X47.616 Y148.421
G1 F1800 X48.375 Y149.18 E34.53101
G0 F9000 X48.998 Y149.18
G1 F1800 X47.616 Y147.799 E34.60249
G0 F9000 X47.616 Y147.176
G1 F1800 X49.62 Y149.18 E34.70618
G0 F9000 X50.242 Y149.18
G1 F1800 X47.616 Y146.554 E34.84205
G0 F9000 X47.616 Y145.932
G1 F1800 X50.864 Y149.18 E35.01011
G0 F9000 X51.487 Y149.18
G1 F1800 X47.616 Y145.31 E35.21037
G0 F9000 X47.616 Y144.687
G1 F1800 X52.109 Y149.18 E35.44284
G0 F9000 X52.731 Y149.18
G1 F1800 X50.737 Y147.186 E35.54601
G0 F9000 X51.646 Y147.473
G1 F1800 X53.353 Y149.18 E35.63433
G0 F9000 X53.976 Y149.18
G1 F1800 X52.284 Y147.489 E35.72185
G0 F9000 X52.795 Y147.378
G1 F1800 X54.598 Y149.18 E35.81511
G0 F9000 X55.22 Y149.18
G1 F1800 X53.237 Y147.198 E35.91769
G0 F9000 X53.621 Y146.959
G1 F1800 X55.842 Y149.18 E36.0326
G0 F9000 X56.465 Y149.18
G1 F1800 X53.969 Y146.684 E36.16175
G0 F9000 X54.226 Y146.319
G1 F1800 X57.087 Y149.18 E36.30978
G0 F9000 X57.709 Y149.18
G1 F1800 X54.468 Y145.94 E36.47744
G0 F9000 X54.627 Y145.476
G1 F1800 X58.331 Y149.18 E36.66909
G0 F9000 X58.954 Y149.18
G1 F1800 X54.69 Y144.917 E36.88969
G0 F9000 X54.659 Y144.263
G1 F1800 X59.576 Y149.18 E37.1441
G0 F9000 X60.198 Y149.18
G1 F1800 X54.081 Y143.063 E37.46059
G0 F9000 X53.73 Y142.712
G1 F1800 X47.616 Y136.598 E37.77694
G0 F9000 X47.616 Y137.22
G1 F1800 X52.554 Y142.159 E38.03246
G0 F9000 X51.856 Y142.083
G1 F1800 X47.616 Y137.843 E38.25184
G0 F9000 X47.616 Y138.465
G1 F1800 X51.332 Y142.181 E38.44411
G0 F9000 X50.866 Y142.337
G1 F1800 X47.616 Y139.087 E38.61226
G0 F9000 X47.616 Y139.709
G1 F1800 X50.475 Y142.568 E38.76019
G0 F9000 X50.113 Y142.828
G1 F1800 X47.616 Y140.332 E38.88936
G0 F9000 X47.616 Y140.954
G1 F1800 X49.838 Y143.176 E39.00433
G0 F9000 X49.599 Y143.559
G1 F1800 X47.616 Y141.576 E39.10693
G0 F9000 X47.616 Y142.198
G1 F1800 X49.415 Y143.998 E39.20004
G0 F9000 X49.31 Y144.515
G1 F1800 X47.616 Y142.821 E39.28768
G0 F9000 X47.616 Y143.443
G1 F1800 X49.315 Y145.142 E39.37559
G0 F9000 X49.608 Y146.057
G1 F1800 X47.616 Y144.065 E39.47866
G1 F1500 E37.47866
G0 F9000 X45.235 Y144.065
G0 X45.235 Y135.976
G0 X47.616 Y135.976
G1 F1500 E39.47866
G1 F1800 X60.82 Y149.18 E40.16184
G0 F9000 X61.443 Y149.18
G1 F1800 X47.616 Y135.354 E40.87723
G0 F9000 X47.616 Y134.731
G1 F1800 X62.065 Y149.18 E41.62483
G0 F9000 X62.687 Y149.18
G1 F1800 X47.616 Y134.109 E42.40462
G0 F9000 X47.616 Y133.487
G1 F1800 X63.309 Y149.18 E43.21658
G0 F9000 X63.932 Y149.18
G1 F1800 X47.616 Y132.865 E44.06076
G0 F9000 X47.616 Y132.242
G1 F1800 X64.554 Y149.18 E44.93714
G0 F9000 X65.176 Y149.18
G1 F1800 X47.616 Y131.62 E45.84571
G0 F9000 X47.616 Y130.998
G1 F1800 X65.798 Y149.18 E46.78645
G0 F9000 X66.421 Y149.18
G1 F1800 X47.616 Y130.376 E47.75941
G0 F9000 X47.616 Y129.753
G1 F1800 X60.535 Y142.673 E48.42787
G0 F9000 X61.154 Y143.292
G1 F1800 X67.043 Y149.18 E48.73255
G0 F9000 X67.665 Y149.18
G1 F1800 X62.001 Y143.516 E49.02561
G0 F9000 X62.623 Y143.516
G1 F1800 X68.287 Y149.18 E49.31867
G0 F9000 X68.91 Y149.18
G1 F1800 X63.245 Y143.516 E49.61175
G0 F9000 X63.867 Y143.516
G1 F1800 X69.532 Y149.18 E49.90484
G0 F9000 X70.154 Y149.18
G1 F1800 X64.49 Y143.516 E50.19789
G0 F9000 X65.112 Y143.516
G1 F1800 X70.776 Y149.18 E50.49095
G0 F9000 X71.399 Y149.18
G1 F1800 X65.734 Y143.516 E50.78404
G0 F9000 X66.356 Y143.516
G1 F1800 X72.021 Y149.18 E51.07712
G0 F9000 X72.644 Y149.181
G1 F1800 X66.979 Y143.516 E51.37023
G0 F9000 X67.601 Y143.516
G1 F1800 X73.266 Y149.181 E51.66334
G0 F9000 X73.888 Y149.181
G1 F1800 X68.223 Y143.516 E51.95645
G0 F9000 X68.845 Y143.516
G1 F1800 X74.511 Y149.181 E52.24959
G0 F9000 X75.133 Y149.181
G1 F1800 X69.468 Y143.516 E52.5427
G0 F9000 X70.09 Y143.516
G1 F1800 X75.755 Y149.181 E52.83581
G0 F9000 X76.377 Y149.181
G1 F1800 X70.712 Y143.516 E53.12892
G0 F9000 X71.334 Y143.516
G1 F1800 X77 Y149.181 E53.42206
G0 F9000 X77.622 Y149.181
G1 F1800 X71.957 Y143.516 E53.71517
G0 F9000 X72.579 Y143.516
G1 F1800 X78.244 Y149.181 E54.00828
G0 F9000 X78.866 Y149.181
G1 F1800 X73.201 Y143.516 E54.30139
G0 F9000 X73.823 Y143.516
G1 F1800 X79.489 Y149.181 E54.59453
G0 F9000 X80.111 Y149.181
G1 F1800 X74.446 Y143.516 E54.88764
G0 F9000 X75.068 Y143.516
G1 F1800 X80.733 Y149.181 E55.18075
G0 F9000 X81.355 Y149.181
G1 F1800 X75.69 Y143.516 E55.47386
G0 F9000 X76.312 Y143.516
G1 F1800 X81.978 Y149.181 E55.767
G0 F9000 X82.6 Y149.181
G1 F1800 X76.935 Y143.516 E56.06011
G0 F9000 X77.557 Y143.516
G1 F1800 X83.222 Y149.181 E56.35322
G0 F9000 X83.844 Y149.181
G1 F1800 X78.179 Y143.516 E56.64633
G0 F9000 X78.801 Y143.516
G1 F1800 X84.467 Y149.181 E56.93947
G0 F9000 X85.089 Y149.181
G1 F1800 X79.424 Y143.516 E57.23258
G0 F9000 X80.046 Y143.516
G1 F1800 X85.711 Y149.181 E57.52569
G0 F9000 X86.333 Y149.181
G1 F1800 X80.668 Y143.516 E57.8188
G0 F9000 X81.29 Y143.516
G1 F1800 X86.956 Y149.181 E58.11193
G0 F9000 X87.578 Y149.181
G1 F1800 X81.913 Y143.516 E58.40504
G0 F9000 X82.535 Y143.516
G1 F1800 X88.2 Y149.181 E58.69816
G0 F9000 X88.823 Y149.181
G1 F1800 X83.157 Y143.516 E58.99129
G0 F9000 X83.779 Y143.516
G1 F1800 X89.445 Y149.181 E59.28443
G0 F9000 X90.067 Y149.181
G1 F1800 X84.402 Y143.516 E59.57754
G0 F9000 X85.024 Y143.516
G1 F1800 X90.689 Y149.181 E59.87065
G0 F9000 X91.312 Y149.181
G1 F1800 X85.646 Y143.516 E60.16379
G0 F9000 X86.268 Y143.516
G1 F1800 X91.934 Y149.181 E60.45692
G0 F9000 X92.556 Y149.181
G1 F1800 X86.891 Y143.516 E60.75003
G0 F9000 X87.513 Y143.516
G1 F1800 X93.178 Y149.181 E61.04314
G0 F9000 X93.801 Y149.181
G1 F1800 X88.135 Y143.516 E61.33628
G0 F9000 X88.757 Y143.516
G1 F1800 X94.423 Y149.181 E61.62942
G0 F9000 X95.045 Y149.181
G1 F1800 X89.38 Y143.516 E61.92253
G0 F9000 X90.002 Y143.516
G1 F1800 X95.667 Y149.181 E62.21564
G0 F9000 X96.29 Y149.181
G1 F1800 X90.624 Y143.516 E62.50877
G0 F9000 X91.246 Y143.516
G1 F1800 X96.912 Y149.181 E62.80191
G0 F9000 X97.535 Y149.182
G1 F1800 X91.869 Y143.516 E63.09507
G0 F9000 X92.491 Y143.516
G1 F1800 X98.157 Y149.182 E63.38824
G0 F9000 X98.779 Y149.182
G1 F1800 X93.113 Y143.516 E63.6814
G0 F9000 X93.735 Y143.516
G1 F1800 X99.402 Y149.182 E63.97459
G0 F9000 X100.024 Y149.182
G1 F1800 X94.358 Y143.516 E64.26775
G0 F9000 X94.98 Y143.516
G1 F1800 X100.646 Y149.182 E64.56091
G0 F9000 X101.268 Y149.182
G1 F1800 X95.602 Y143.516 E64.85407
G0 F9000 X96.225 Y143.516
G1 F1800 X101.891 Y149.182 E65.14724
G0 F9000 X102.513 Y149.182
G1 F1800 X96.847 Y143.516 E65.4404
G0 F9000 X97.469 Y143.516
G1 F1800 X103.135 Y149.182 E65.73356
G0 F9000 X103.757 Y149.182
G1 F1800 X98.091 Y143.516 E66.02672
G0 F9000 X98.714 Y143.516
G1 F1800 X104.38 Y149.182 E66.31989
G0 F9000 X105.002 Y149.182
G1 F1800 X99.336 Y143.516 E66.61305
G0 F9000 X99.958 Y143.516
G1 F1800 X105.624 Y149.182 E66.90621
G0 F9000 X106.246 Y149.182
G1 F1800 X100.58 Y143.516 E67.19937
G0 F9000 X101.203 Y143.516
G1 F1800 X106.869 Y149.182 E67.49254
G0 F9000 X107.491 Y149.182
G1 F1800 X101.825 Y143.516 E67.7857
G0 F9000 X102.447 Y143.516
G1 F1800 X108.113 Y149.182 E68.07886
G0 F9000 X108.735 Y149.182
G1 F1800 X103.069 Y143.516 E68.37202
G0 F9000 X103.692 Y143.516
G1 F1800 X109.358 Y149.182 E68.66519
G0 F9000 X109.98 Y149.182
G1 F1800 X104.314 Y143.516 E68.95835
G0 F9000 X104.936 Y143.516
G1 F1800 X110.602 Y149.182 E69.25151
G0 F9000 X111.224 Y149.182
G1 F1800 X105.558 Y143.516 E69.54467
G0 F9000 X106.181 Y143.516
G1 F1800 X111.847 Y149.182 E69.83783
G0 F9000 X112.469 Y149.182
G1 F1800 X106.803 Y143.516 E70.131
G0 F9000 X107.425 Y143.516
G1 F1800 X113.091 Y149.182 E70.42416
G0 F9000 X113.713 Y149.182
G1 F1800 X108.047 Y143.516 E70.71732
G0 F9000 X108.67 Y143.516
G1 F1800 X114.336 Y149.182 E71.01048
G0 F9000 X114.958 Y149.182
G1 F1800 X109.292 Y143.516 E71.30365
G0 F9000 X109.914 Y143.516
G1 F1800 X115.58 Y149.182 E71.59681
G0 F9000 X116.202 Y149.182
G1 F1800 X110.536 Y143.516 E71.88997
G0 F9000 X111.159 Y143.516
G1 F1800 X116.825 Y149.182 E72.18313
G0 F9000 X117.447 Y149.182
G1 F1800 X111.781 Y143.516 E72.4763
G0 F9000 X112.403 Y143.516
G1 F1800 X118.069 Y149.182 E72.76946
G0 F9000 X118.691 Y149.182
G1 F1800 X113.025 Y143.516 E73.06262
G0 F9000 X113.648 Y143.516
G1 F1800 X119.314 Y149.182 E73.35578
G0 F9000 X119.936 Y149.182
G1 F1800 X114.27 Y143.516 E73.64895
G0 F9000 X114.892 Y143.516
G1 F1800 X120.558 Y149.182 E73.94211
G0 F9000 X121.18 Y149.182
G1 F1800 X115.514 Y143.516 E74.23527
G0 F9000 X116.137 Y143.516
G1 F1800 X121.803 Y149.182 E74.52843
G0 F9000 X122.425 Y149.182
G1 F1800 X116.759 Y143.516 E74.8216
G0 F9000 X117.381 Y143.516
G1 F1800 X123.048 Y149.183 E75.11481
G0 F9000 X123.67 Y149.183
G1 F1800 X118.003 Y143.516 E75.40802
G0 F9000 X118.626 Y143.516
G1 F1800 X124.292 Y149.183 E75.70121
G0 F9000 X124.915 Y149.183
G1 F1800 X119.248 Y143.516 E75.99443
G0 F9000 X119.87 Y143.516
G1 F1800 X125.537 Y149.183 E76.28764
G0 F9000 X126.159 Y149.183
G1 F1800 X120.492 Y143.516 E76.58085
G0 F9000 X121.115 Y143.516
G1 F1800 X126.781 Y149.183 E76.87404
G0 F9000 X127.404 Y149.183
G1 F1800 X121.737 Y143.516 E77.16726
G0 F9000 X122.359 Y143.516
G1 F1800 X128.026 Y149.183 E77.46047
G0 F9000 X128.648 Y149.183
G1 F1800 X122.981 Y143.516 E77.75369
G0 F9000 X123.604 Y143.516
G1 F1800 X129.27 Y149.183 E78.04687
G0 F9000 X129.893 Y149.183
G1 F1800 X124.226 Y143.516 E78.34009
G0 F9000 X124.848 Y143.516
G1 F1800 X130.515 Y149.183 E78.6333
G0 F9000 X131.137 Y149.183
G1 F1800 X125.47 Y143.516 E78.92652
G0 F9000 X126.093 Y143.516
G1 F1800 X131.759 Y149.183 E79.2197
G0 F9000 X132.382 Y149.183
G1 F1800 X126.715 Y143.516 E79.51292
G0 F9000 X127.337 Y143.516
G1 F1800 X133.004 Y149.183 E79.80613
G0 F9000 X133.626 Y149.183
G1 F1800 X127.959 Y143.516 E80.09935
G0 F9000 X128.582 Y143.516
G1 F1800 X134.248 Y149.183 E80.39253
G0 F9000 X134.871 Y149.183
G1 F1800 X129.204 Y143.516 E80.68575
G0 F9000 X129.826 Y143.516
G1 F1800 X135.493 Y149.183 E80.97896
G0 F9000 X136.115 Y149.183
G1 F1800 X130.448 Y143.516 E81.27218
G0 F9000 X131.071 Y143.516
G1 F1800 X136.737 Y149.183 E81.56537
G0 F9000 X137.36 Y149.183
G1 F1800 X131.693 Y143.516 E81.85858
G0 F9000 X132.315 Y143.516
G1 F1800 X137.982 Y149.183 E82.15179
G0 F9000 X138.604 Y149.183
G1 F1800 X132.937 Y143.516 E82.44501
G0 F9000 X133.56 Y143.516
G1 F1800 X139.226 Y149.183 E82.7382
G0 F9000 X139.849 Y149.183
G1 F1800 X134.182 Y143.516 E83.03141
G0 F9000 X134.804 Y143.516
G1 F1800 X140.471 Y149.183 E83.32462
G0 F9000 X141.093 Y149.183
G1 F1800 X135.427 Y143.516 E83.61781
G0 F9000 X136.049 Y143.516
G1 F1800 X141.716 Y149.183 E83.91103
G0 F9000 X142.338 Y149.183
G1 F1800 X136.671 Y143.516 E84.20424
G0 F9000 X137.293 Y143.516
G1 F1800 X142.96 Y149.183 E84.49745
G0 F9000 X143.582 Y149.183
G1 F1800 X137.916 Y143.516 E84.79064
G0 F9000 X138.538 Y143.516
G1 F1800 X144.205 Y149.183 E85.08386
G0 F9000 X144.827 Y149.183
G1 F1800 X139.16 Y143.516 E85.37707
G0 F9000 X139.782 Y143.516
G1 F1800 X145.449 Y149.183 E85.67029
G0 F9000 X146.071 Y149.183
G1 F1800 X140.405 Y143.516 E85.96347
G0 F9000 X141.027 Y143.516
G1 F1800 X146.694 Y149.183 E86.25669
G0 F9000 X147.316 Y149.183
G1 F1800 X141.649 Y143.516 E86.5499
G0 F9000 X142.271 Y143.516
G1 F1800 X147.939 Y149.183 E86.84314
G0 F9000 X148.561 Y149.183
G1 F1800 X142.894 Y143.516 E87.13636
G0 F9000 X143.516 Y143.516
G1 F1800 X149.183 Y149.183 E87.42957
G0 F9000 X149.806 Y149.183
G1 F1800 X144.138 Y143.516 E87.72281
G0 F9000 X144.76 Y143.516
G1 F1800 X150.428 Y149.183 E88.01605
G0 F9000 X151.05 Y149.183
G1 F1800 X145.383 Y143.516 E88.30926
G0 F9000 X146.005 Y143.516
G1 F1800 X151.672 Y149.183 E88.60248
G0 F9000 X152.295 Y149.183
G1 F1800 X146.627 Y143.516 E88.89572
G0 F9000 X147.249 Y143.516
G1 F1800 X152.917 Y149.183 E89.18896
G0 F9000 X153.539 Y149.183
G1 F1800 X147.872 Y143.516 E89.48217
G0 F9000 X148.494 Y143.516
G1 F1800 X154.161 Y149.183 E89.77539
G0 F9000 X154.784 Y149.183
G1 F1800 X149.116 Y143.516 E90.06863
G0 F9000 X149.738 Y143.516
G1 F1800 X155.406 Y149.183 E90.36187
G0 F9000 X156.028 Y149.183
G1 F1800 X150.361 Y143.516 E90.65508
G0 F9000 X150.983 Y143.516
G1 F1800 X156.65 Y149.183 E90.9483
G0 F9000 X157.273 Y149.183
G1 F1800 X151.605 Y143.516 E91.24154
G0 F9000 X152.227 Y143.516
G1 F1800 X157.895 Y149.183 E91.53478
G0 F9000 X158.517 Y149.183
G1 F1800 X152.85 Y143.516 E91.82799
G0 F9000 X153.472 Y143.516
G1 F1800 X159.139 Y149.183 E92.1212
G0 F9000 X159.762 Y149.183
G1 F1800 X154.094 Y143.516 E92.41444
G0 F9000 X154.716 Y143.516
G1 F1800 X160.384 Y149.183 E92.70768
G0 F9000 X161.006 Y149.183
G1 F1800 X155.339 Y143.516 E93.0009
G0 F9000 X155.961 Y143.516
G1 F1800 X161.628 Y149.183 E93.29411
G0 F9000 X162.251 Y149.183
G1 F1800 X156.583 Y143.516 E93.58735
G0 F9000 X157.205 Y143.516
G1 F1800 X162.873 Y149.183 E93.88059
G0 F9000 X163.495 Y149.183
G1 F1800 X157.828 Y143.516 E94.17381
G0 F9000 X158.391 Y143.456
G1 F1800 X164.117 Y149.183 E94.4701
G0 F9000 X164.74 Y149.183
G1 F1800 X158.838 Y143.282 E94.77545
G0 F9000 X159.193 Y143.014
G1 F1800 X165.362 Y149.183 E95.09463
G0 F9000 X165.984 Y149.183
G1 F1800 X159.467 Y142.667 E95.4318
G0 F9000 X159.655 Y142.232
G1 F1800 X166.606 Y149.183 E95.79145
G0 F9000 X167.229 Y149.183
G1 F1800 X159.715 Y141.67 E96.1802
G0 F9000 X159.715 Y141.047
G1 F1800 X167.851 Y149.183 E96.60117
G0 F9000 X168.473 Y149.183
G1 F1800 X159.715 Y140.425 E97.05431
G0 F9000 X159.715 Y139.803
G1 F1800 X165.382 Y145.47 E97.34752
G0 F9000 X165.285 Y144.75
G1 F1800 X159.715 Y139.181 E97.63569
G0 F9000 X159.715 Y138.558
G1 F1800 X165.365 Y144.209 E97.92805
G0 F9000 X165.505 Y143.727
G1 F1800 X159.715 Y137.936 E98.22766
G0 F9000 X159.715 Y137.314
G1 F1800 X165.733 Y143.332 E98.53903
G0 F9000 X165.988 Y142.964
G1 F1800 X159.715 Y136.692 E98.86358
G0 F9000 X159.715 Y136.069
G1 F1800 X166.324 Y142.678 E99.20553
G0 F9000 X166.693 Y142.425
G1 F1800 X159.715 Y135.447 E99.56658
G0 F9000 X159.715 Y134.825
G1 F1800 X167.117 Y142.227 E99.94956
G0 F9000 X167.634 Y142.121
G1 F1800 X159.715 Y134.203 E100.35927
G0 F9000 X159.714 Y133.58
G1 F1800 X168.231 Y142.096 E100.79992
G0 F9000 X169.052 Y142.295
G1 F1800 X159.714 Y132.957 E101.28307
G0 F9000 X159.714 Y132.335
G1 F1800 X172.384 Y145.005 E101.93863
G0 F9000 X172.384 Y145.627
G1 F1800 X170.477 Y143.72 E102.03729
G0 F9000 X170.691 Y144.557
G1 F1800 X172.384 Y146.249 E102.12487
G0 F9000 X172.384 Y146.872
G1 F1800 X170.69 Y145.178 E102.21251
G0 F9000 X170.562 Y145.672
G1 F1800 X172.384 Y147.494 E102.30679
G0 F9000 X172.384 Y148.116
G1 F1800 X170.367 Y146.099 E102.41115
G0 F9000 X170.12 Y146.474
G1 F1800 X172.384 Y148.738 E102.52829
G0 F9000 X172.207 Y149.183
G1 F1800 X169.823 Y146.8 E102.65161
G0 F9000 X169.465 Y147.064
G1 F1800 X171.584 Y149.183 E102.76125
G0 F9000 X170.962 Y149.183
G1 F1800 X169.053 Y147.274 E102.86002
G0 F9000 X168.586 Y147.43
G1 F1800 X170.34 Y149.183 E102.95075
G0 F9000 X169.718 Y149.183
G1 F1800 X168.055 Y147.521 E103.03677
G0 F9000 X167.324 Y147.412
G1 F1800 X169.095 Y149.183 E103.1284
G1 F1500 E101.1284
G0 F9000 X169.095 Y151.565
G0 X174.753 Y151.553
G0 X174.765 Y144.383
G0 X172.384 Y144.383
G1 F1500 E103.1284
G1 F1800 X159.714 Y131.713 E103.78395
G0 F9000 X159.714 Y131.091
G1 F1800 X172.384 Y143.76 E104.43948
G0 F9000 X172.384 Y143.138
G1 F1800 X159.714 Y130.468 E105.09504
G0 F9000 X159.714 Y129.846
G1 F1800 X172.384 Y142.516 E105.75059
G0 F9000 X172.384 Y141.894
G1 F1800 X159.714 Y129.224 E106.40614
G0 F9000 X159.714 Y128.602
G1 F1800 X172.384 Y141.271 E107.06167
G0 F9000 X172.384 Y140.649
G1 F1800 X159.714 Y127.979 E107.71723
G0 F9000 X159.714 Y127.357
G1 F1800 X172.384 Y140.027 E108.37278
G0 F9000 X172.384 Y139.405
G1 F1800 X159.714 Y126.735 E109.02833
G0 F9000 X159.714 Y126.112
G1 F1800 X172.384 Y138.782 E109.68389
G0 F9000 X172.384 Y138.16
G1 F1800 X159.714 Y125.49 E110.33944
G0 F9000 X159.714 Y124.867
G1 F1800 X172.384 Y137.538 E110.99502
G0 F9000 X172.384 Y136.916
G1 F1800 X159.714 Y124.245 E111.6506
G0 F9000 X159.714 Y123.623
G1 F1800 X172.384 Y136.293 E112.30615
G0 F9000 X172.384 Y135.671
G1 F1800 X159.714 Y123.001 E112.96171
G0 F9000 X159.714 Y122.378
G1 F1800 X172.384 Y135.049 E113.61729
G0 F9000 X172.384 Y134.427
G1 F1800 X159.714 Y121.756 E114.27287
G0 F9000 X159.714 Y121.134
G1 F1800 X172.384 Y133.804 E114.92842
G0 F9000 X172.384 Y133.182
G1 F1800 X159.714 Y120.512 E115.58397
G0 F9000 X159.714 Y119.889
G1 F1800 X172.384 Y132.56 E116.23955
G0 F9000 X172.384 Y131.938
G1 F1800 X159.714 Y119.267 E116.89513
G0 F9000 X159.714 Y118.645
G1 F1800 X172.384 Y131.315 E117.55069
G0 F9000 X172.384 Y130.693
G1 F1800 X159.713 Y118.022 E118.20629
G0 F9000 X159.713 Y117.4
G1 F1800 X172.384 Y130.071 E118.8619
G0 F9000 X172.384 Y129.449
G1 F1800 X159.713 Y116.777 E119.51753
G0 F9000 X159.713 Y116.155
G1 F1800 X172.384 Y128.826 E120.17314
G0 F9000 X172.384 Y128.204
G1 F1800 X159.713 Y115.533 E120.82874
G0 F9000 X159.713 Y114.911
G1 F1800 X172.384 Y127.582 E121.48435
G0 F9000 X172.384 Y126.96
G1 F1800 X159.713 Y114.288 E122.13998
G0 F9000 X159.713 Y113.666
G1 F1800 X172.384 Y126.337 E122.79558
G0 F9000 X172.384 Y125.715
G1 F1800 X159.713 Y113.044 E123.45119
G0 F9000 X159.713 Y112.421
G1 F1800 X172.384 Y125.093 E124.10682
G0 F9000 X172.384 Y124.471
G1 F1800 X159.713 Y111.799 E124.76245
G0 F9000 X159.713 Y111.177
G1 F1800 X172.384 Y123.848 E125.41806
G0 F9000 X172.384 Y123.226
G1 F1800 X159.713 Y110.555 E126.07366
G0 F9000 X159.712 Y109.932
G1 F1800 X172.384 Y122.604 E126.72932
G0 F9000 X172.384 Y121.982
G1 F1800 X159.712 Y109.31 E127.38498
G0 F9000 X159.712 Y108.687
G1 F1800 X172.384 Y121.359 E128.04063
G0 F9000 X172.384 Y120.737
G1 F1800 X159.712 Y108.065 E128.69629
G0 F9000 X159.712 Y107.443
G1 F1800 X172.384 Y120.115 E129.35195
G0 F9000 X172.384 Y119.493
G1 F1800 X159.712 Y106.821 E130.00761
G0 F9000 X159.712 Y106.198
G1 F1800 X172.384 Y118.87 E130.66326
G0 F9000 X172.384 Y118.248
G1 F1800 X159.712 Y105.576 E131.31892
G0 F9000 X159.712 Y104.954
G1 F1800 X172.384 Y117.626 E131.97458
G0 F9000 X172.384 Y117.004
G1 F1800 X159.712 Y104.331 E132.63026
G0 F9000 X159.712 Y103.709
G1 F1800 X172.384 Y116.381 E133.28592
G0 F9000 X172.384 Y115.759
G1 F1800 X159.712 Y103.087 E133.94157
G0 F9000 X159.712 Y102.465
G1 F1800 X172.384 Y115.137 E134.59723
G0 F9000 X172.384 Y114.515
G1 F1800 X159.711 Y101.842 E135.25294
G0 F9000 X159.711 Y101.22
G1 F1800 X172.384 Y113.892 E135.90862
G0 F9000 X172.384 Y113.27
G1 F1800 X159.711 Y100.597 E136.56433
G0 F9000 X159.711 Y99.975
G1 F1800 X172.384 Y112.648 E137.22004
G0 F9000 X172.384 Y112.026
G1 F1800 X159.711 Y99.353 E137.87575
G0 F9000 X159.711 Y98.73
G1 F1800 X172.384 Y111.403 E138.53146
G0 F9000 X172.384 Y110.781
G1 F1800 X159.711 Y98.108 E139.18717
G0 F9000 X159.711 Y97.486
G1 F1800 X172.384 Y110.159 E139.84288
G0 F9000 X172.384 Y109.536
G1 F1800 X159.711 Y96.864 E140.49856
G0 F9000 X159.711 Y96.241
G1 F1800 X172.384 Y108.914 E141.15427
G0 F9000 X172.384 Y108.292
G1 F1800 X159.711 Y95.619 E141.80998
G0 F9000 X159.711 Y94.997
G1 F1800 X172.384 Y107.67 E142.46569
G0 F9000 X172.384 Y107.047
G1 F1800 X159.711 Y94.374 E143.1214
G0 F9000 X159.711 Y93.752
G1 F1800 X172.384 Y106.425 E143.77711
G0 F9000 X172.384 Y105.803
G1 F1800 X159.711 Y93.129 E144.43284
G0 F9000 X159.711 Y92.507
G1 F1800 X172.384 Y105.181 E145.08858
G0 F9000 X172.384 Y104.558
G1 F1800 X159.711 Y91.885 E145.74428
G0 F9000 X159.711 Y91.263
G1 F1800 X172.384 Y103.936 E146.39999
G0 F9000 X172.384 Y103.314
G1 F1800 X159.711 Y90.64 E147.05573
G0 F9000 X159.711 Y90.018
G1 F1800 X172.384 Y102.692 E147.71146
G0 F9000 X172.384 Y102.069
G1 F1800 X159.711 Y89.396 E148.36717
G0 F9000 X159.711 Y88.774
G1 F1800 X172.384 Y101.447 E149.02288
G0 F9000 X172.384 Y100.825
G1 F1800 X159.711 Y88.151 E149.67862
G0 F9000 X159.711 Y87.529
G1 F1800 X172.384 Y100.203 E150.33435
G0 F9000 X172.384 Y99.58
G1 F1800 X159.711 Y86.907 E150.99006
G0 F9000 X159.588 Y86.162
G1 F1800 X172.384 Y98.958 E151.65213
G0 F9000 X172.384 Y98.336
G1 F1800 X144.864 Y70.816 E153.07603
G0 F9000 X144.242 Y70.816
G1 F1800 X158.641 Y85.215 E153.82105
G0 F9000 X157.893 Y85.089
G1 F1800 X143.62 Y70.816 E154.55954
G0 F9000 X142.997 Y70.816
G1 F1800 X157.27 Y85.089 E155.29804
G0 F9000 X156.648 Y85.089
G1 F1800 X142.375 Y70.816 E156.03653
G0 F9000 X141.753 Y70.816
G1 F1800 X156.026 Y85.089 E156.77502
G0 F9000 X155.404 Y85.089
G1 F1800 X141.131 Y70.816 E157.51352
G0 F9000 X140.508 Y70.816
G1 F1800 X154.781 Y85.089 E158.25201
G0 F9000 X154.159 Y85.089
G1 F1800 X139.886 Y70.816 E158.99051
G0 F9000 X139.264 Y70.816
G1 F1800 X153.537 Y85.089 E159.729
G0 F9000 X152.915 Y85.089
G1 F1800 X138.642 Y70.816 E160.46749
G0 F9000 X138.019 Y70.816
G1 F1800 X152.292 Y85.089 E161.20599
G0 F9000 X151.67 Y85.089
G1 F1800 X137.397 Y70.816 E161.94448
G0 F9000 X136.775 Y70.816
G1 F1800 X151.048 Y85.089 E162.68298
G0 F9000 X150.426 Y85.089
G1 F1800 X136.153 Y70.816 E163.42147
G0 F9000 X135.53 Y70.816
G1 F1800 X149.803 Y85.089 E164.15996
G0 F9000 X149.181 Y85.089
G1 F1800 X134.908 Y70.816 E164.89846
G0 F9000 X134.286 Y70.816
G1 F1800 X148.559 Y85.089 E165.63695
G0 F9000 X147.937 Y85.089
G1 F1800 X133.664 Y70.816 E166.37545
G0 F9000 X133.041 Y70.816
G1 F1800 X147.314 Y85.089 E167.11394
G0 F9000 X146.692 Y85.089
G1 F1800 X132.419 Y70.816 E167.85243
G0 F9000 X131.797 Y70.816
G1 F1800 X146.07 Y85.089 E168.59093
G0 F9000 X145.448 Y85.089
G1 F1800 X131.175 Y70.816 E169.32942
G0 F9000 X130.552 Y70.816
G1 F1800 X144.825 Y85.089 E170.06792
G0 F9000 X144.203 Y85.089
G1 F1800 X129.93 Y70.816 E170.80641
G0 F9000 X129.308 Y70.816
G1 F1800 X143.581 Y85.089 E171.5449
G0 F9000 X142.959 Y85.089
G1 F1800 X128.686 Y70.816 E172.2834
G0 F9000 X128.063 Y70.816
G1 F1800 X142.336 Y85.089 E173.02189
G0 F9000 X141.714 Y85.089
G1 F1800 X127.441 Y70.816 E173.76039
G0 F9000 X126.819 Y70.816
G1 F1800 X141.092 Y85.089 E174.49888
G0 F9000 X140.47 Y85.089
G1 F1800 X126.197 Y70.816 E175.23737
G0 F9000 X125.574 Y70.816
G1 F1800 X139.847 Y85.089 E175.97587
G0 F9000 X139.225 Y85.089
G1 F1800 X124.952 Y70.816 E176.71436
G0 F9000 X124.33 Y70.816
G1 F1800 X138.603 Y85.089 E177.45286
G0 F9000 X137.981 Y85.089
G1 F1800 X123.708 Y70.816 E178.19135
G0 F9000 X123.085 Y70.816
G1 F1800 X137.358 Y85.089 E178.92984
G0 F9000 X136.736 Y85.089
G1 F1800 X122.463 Y70.816 E179.66834
G0 F9000 X121.841 Y70.816
G1 F1800 X136.114 Y85.089 E180.40683
G0 F9000 X135.492 Y85.089
G1 F1800 X121.219 Y70.816 E181.14533
G0 F9000 X120.596 Y70.816
G1 F1800 X134.869 Y85.089 E181.88382
G0 F9000 X134.247 Y85.089
G1 F1800 X119.974 Y70.816 E182.62231
G0 F9000 X119.352 Y70.816
G1 F1800 X133.625 Y85.089 E183.36081
G0 F9000 X133.003 Y85.089
G1 F1800 X118.73 Y70.816 E184.0993
G0 F9000 X118.107 Y70.816
G1 F1800 X132.38 Y85.089 E184.8378
G0 F9000 X131.758 Y85.089
G1 F1800 X117.485 Y70.816 E185.57629
G0 F9000 X116.863 Y70.816
G1 F1800 X131.136 Y85.089 E186.31478
G0 F9000 X130.514 Y85.089
G1 F1800 X116.241 Y70.816 E187.05328
G0 F9000 X115.618 Y70.816
G1 F1800 X129.891 Y85.089 E187.79177
G0 F9000 X129.269 Y85.089
G1 F1800 X114.996 Y70.816 E188.53027
G0 F9000 X114.374 Y70.816
G1 F1800 X128.647 Y85.089 E189.26876
G0 F9000 X128.025 Y85.089
G1 F1800 X113.752 Y70.816 E190.00725
G0 F9000 X113.129 Y70.816
G1 F1800 X127.402 Y85.089 E190.74575
G0 F9000 X126.78 Y85.089
G1 F1800 X112.507 Y70.816 E191.48424
G0 F9000 X111.885 Y70.816
G1 F1800 X126.158 Y85.089 E192.22273
G0 F9000 X125.536 Y85.09
G1 F1800 X111.263 Y70.816 E192.96125
G0 F9000 X110.64 Y70.816
G1 F1800 X124.914 Y85.09 E193.6998
G0 F9000 X124.292 Y85.09
G1 F1800 X110.018 Y70.816 E194.43835
G0 F9000 X109.396 Y70.816
G1 F1800 X123.669 Y85.09 E195.17687
G0 F9000 X123.047 Y85.09
G1 F1800 X108.774 Y70.816 E195.91539
G0 F9000 X108.151 Y70.816
G1 F1800 X122.425 Y85.09 E196.65393
G0 F9000 X121.803 Y85.09
G1 F1800 X107.529 Y70.816 E197.39248
G0 F9000 X106.907 Y70.816
G1 F1800 X121.18 Y85.09 E198.131
G0 F9000 X120.558 Y85.09
G1 F1800 X106.285 Y70.816 E198.86952
G0 F9000 X105.662 Y70.816
G1 F1800 X119.936 Y85.09 E199.60806
G0 F9000 X119.314 Y85.09
G1 F1800 X105.04 Y70.816 E200.34661
G0 F9000 X104.418 Y70.816
G1 F1800 X118.691 Y85.09 E201.08513
G0 F9000 X118.069 Y85.09
G1 F1800 X103.795 Y70.816 E201.82367
G0 F9000 X103.173 Y70.816
G1 F1800 X117.447 Y85.09 E202.56222
G0 F9000 X116.825 Y85.09
G1 F1800 X102.551 Y70.816 E203.30077
G0 F9000 X101.929 Y70.816
G1 F1800 X116.202 Y85.09 E204.03929
G0 F9000 X115.58 Y85.09
G1 F1800 X101.306 Y70.816 E204.77783
G0 F9000 X100.684 Y70.816
G1 F1800 X114.958 Y85.09 E205.51638
G0 F9000 X114.336 Y85.09
G1 F1800 X100.062 Y70.816 E206.25492
G0 F9000 X99.44 Y70.816
G1 F1800 X113.713 Y85.09 E206.99344
G0 F9000 X113.091 Y85.09
G1 F1800 X98.817 Y70.816 E207.73199
G0 F9000 X98.195 Y70.816
G1 F1800 X112.469 Y85.09 E208.47053
G0 F9000 X111.847 Y85.09
G1 F1800 X97.573 Y70.816 E209.20908
G0 F9000 X96.951 Y70.816
G1 F1800 X111.224 Y85.09 E209.9476
G0 F9000 X110.602 Y85.09
G1 F1800 X96.328 Y70.816 E210.68614
G0 F9000 X95.706 Y70.816
G1 F1800 X109.98 Y85.09 E211.42469
G0 F9000 X109.358 Y85.09
G1 F1800 X95.084 Y70.816 E212.16324
G0 F9000 X94.462 Y70.816
G1 F1800 X108.735 Y85.09 E212.90176
G0 F9000 X108.113 Y85.09
G1 F1800 X93.839 Y70.816 E213.6403
G0 F9000 X93.217 Y70.816
G1 F1800 X107.491 Y85.09 E214.37885
G0 F9000 X106.869 Y85.09
G1 F1800 X92.595 Y70.816 E215.11739
G0 F9000 X91.973 Y70.816
G1 F1800 X106.246 Y85.09 E215.85591
G0 F9000 X105.624 Y85.09
G1 F1800 X91.35 Y70.816 E216.59446
G0 F9000 X90.728 Y70.816
G1 F1800 X105.002 Y85.09 E217.333
G0 F9000 X104.38 Y85.09
G1 F1800 X90.106 Y70.816 E218.07155
G0 F9000 X89.484 Y70.816
G1 F1800 X103.757 Y85.09 E218.81007
G0 F9000 X103.135 Y85.09
G1 F1800 X88.861 Y70.816 E219.54862
G0 F9000 X88.239 Y70.816
G1 F1800 X102.513 Y85.09 E220.28716
G0 F9000 X101.891 Y85.09
G1 F1800 X87.617 Y70.816 E221.02571
G0 F9000 X86.995 Y70.816
G1 F1800 X101.268 Y85.09 E221.76423
G0 F9000 X100.646 Y85.09
G1 F1800 X86.372 Y70.816 E222.50277
G0 F9000 X85.75 Y70.816
G1 F1800 X100.024 Y85.09 E223.24132
G0 F9000 X99.402 Y85.09
G1 F1800 X85.128 Y70.816 E223.97986
G0 F9000 X84.506 Y70.816
G1 F1800 X98.779 Y85.09 E224.71838
G0 F9000 X98.157 Y85.09
G1 F1800 X83.883 Y70.816 E225.45693
G0 F9000 X83.261 Y70.816
G1 F1800 X97.535 Y85.09 E226.19548
G0 F9000 X96.913 Y85.09
G1 F1800 X82.639 Y70.816 E226.93402
G0 F9000 X82.017 Y70.816
G1 F1800 X96.29 Y85.09 E227.67254
G0 F9000 X95.668 Y85.09
G1 F1800 X81.394 Y70.816 E228.41109
G0 F9000 X80.772 Y70.816
G1 F1800 X95.046 Y85.09 E229.14963
G0 F9000 X94.424 Y85.09
G1 F1800 X80.15 Y70.816 E229.88818
G0 F9000 X79.528 Y70.816
G1 F1800 X93.802 Y85.09 E230.62672
G0 F9000 X93.18 Y85.09
G1 F1800 X78.905 Y70.816 E231.3653
G0 F9000 X78.283 Y70.816
G1 F1800 X92.557 Y85.09 E232.10384
G0 F9000 X91.935 Y85.09
G1 F1800 X77.661 Y70.816 E232.84239
G0 F9000 X77.039 Y70.816
G1 F1800 X91.313 Y85.09 E233.58093
G0 F9000 X90.691 Y85.09
G1 F1800 X76.416 Y70.816 E234.3195
G0 F9000 X75.794 Y70.816
G1 F1800 X90.068 Y85.09 E235.05805
G0 F9000 X89.446 Y85.09
G1 F1800 X75.172 Y70.816 E235.7966
G0 F9000 X74.55 Y70.816
G1 F1800 X88.824 Y85.09 E236.53514
G0 F9000 X88.202 Y85.09
G1 F1800 X73.927 Y70.816 E237.27371
G0 F9000 X73.305 Y70.816
G1 F1800 X87.579 Y85.09 E238.01226
G0 F9000 X86.957 Y85.09
G1 F1800 X72.683 Y70.816 E238.7508
G0 F9000 X72.061 Y70.816
G1 F1800 X86.335 Y85.09 E239.48935
G0 F9000 X85.713 Y85.09
G1 F1800 X71.438 Y70.816 E240.22792
G0 F9000 X70.816 Y70.816
G1 F1800 X85.09 Y85.09 E240.96647
G0 F9000 X84.468 Y85.09
G1 F1800 X70.194 Y70.816 E241.70501
G0 F9000 X69.572 Y70.816
G1 F1800 X83.846 Y85.09 E242.44356
G0 F9000 X83.224 Y85.09
G1 F1800 X68.949 Y70.816 E243.18213
G0 F9000 X68.327 Y70.816
G1 F1800 X82.601 Y85.09 E243.92068
G0 F9000 X81.979 Y85.09
G1 F1800 X67.705 Y70.816 E244.65922
G0 F9000 X67.083 Y70.816
G1 F1800 X81.357 Y85.09 E245.39777
G0 F9000 X80.735 Y85.09
G1 F1800 X66.46 Y70.816 E246.13634
G0 F9000 X65.838 Y70.816
G1 F1800 X80.112 Y85.09 E246.87489
G0 F9000 X79.49 Y85.09
G1 F1800 X65.216 Y70.816 E247.61343
G0 F9000 X64.593 Y70.816
G1 F1800 X78.868 Y85.09 E248.352
G0 F9000 X78.246 Y85.09
G1 F1800 X63.971 Y70.816 E249.09057
G0 F9000 X63.349 Y70.816
G1 F1800 X77.623 Y85.09 E249.82912
G0 F9000 X77.001 Y85.09
G1 F1800 X62.727 Y70.816 E250.56767
G0 F9000 X62.104 Y70.816
G1 F1800 X76.379 Y85.09 E251.30624
G0 F9000 X75.757 Y85.09
G1 F1800 X61.482 Y70.816 E252.04481
G0 F9000 X60.86 Y70.816
G1 F1800 X75.134 Y85.09 E252.78335
G0 F9000 X74.512 Y85.09
G1 F1800 X60.238 Y70.816 E253.5219
G0 F9000 X59.615 Y70.816
G1 F1800 X73.89 Y85.09 E254.26047
G0 F9000 X73.268 Y85.09
G1 F1800 X58.993 Y70.816 E254.99904
G0 F9000 X58.371 Y70.816
G1 F1800 X72.645 Y85.09 E255.73759
G0 F9000 X72.023 Y85.09
G1 F1800 X57.749 Y70.816 E256.47613
G0 F9000 X57.126 Y70.816
G1 F1800 X71.401 Y85.09 E257.21471
G0 F9000 X70.779 Y85.09
G1 F1800 X56.504 Y70.816 E257.95328
G0 F9000 X55.882 Y70.816
G1 F1800 X70.156 Y85.09 E258.69182
G0 F9000 X69.534 Y85.09
G1 F1800 X55.26 Y70.816 E259.43037
G0 F9000 X54.637 Y70.816
G1 F1800 X68.912 Y85.09 E260.16894
G0 F9000 X68.29 Y85.09
G1 F1800 X54.015 Y70.816 E260.90751
G0 F9000 X53.393 Y70.816
G1 F1800 X67.667 Y85.09 E261.64606
G0 F9000 X67.045 Y85.09
G1 F1800 X52.771 Y70.816 E262.3846
G0 F9000 X52.148 Y70.816
G1 F1800 X66.423 Y85.09 E263.12318
G0 F9000 X65.801 Y85.09
G1 F1800 X51.526 Y70.816 E263.86175
G0 F9000 X50.904 Y70.816
G1 F1800 X65.178 Y85.09 E264.60029
G0 F9000 X64.556 Y85.09
G1 F1800 X50.282 Y70.816 E265.33884
G0 F9000 X49.659 Y70.816
G1 F1800 X63.934 Y85.09 E266.07741
G0 F9000 X63.312 Y85.09
G1 F1800 X49.037 Y70.816 E266.81598
G0 F9000 X48.415 Y70.816
G1 F1800 X52.817 Y75.218 E267.04374
G0 F9000 X52.064 Y75.088
G1 F1800 X47.793 Y70.816 E267.26475
G0 F9000 X47.616 Y71.262
G1 F1800 X51.501 Y75.147 E267.46577
G0 F9000 X51.007 Y75.275
G1 F1800 X47.616 Y71.884 E267.64122
G0 F9000 X47.616 Y72.506
G1 F1800 X50.598 Y75.488 E267.79551
G0 F9000 X50.225 Y75.738
G1 F1800 X47.616 Y73.128 E267.93053
G0 F9000 X47.616 Y73.751
G1 F1800 X49.925 Y76.059 E268.04997
G0 F9000 X49.669 Y76.426
G1 F1800 X47.616 Y74.373 E268.15619
G0 F9000 X47.616 Y74.995
G1 F1800 X49.475 Y76.854 E268.25238
G0 F9000 X49.339 Y77.341
G1 F1800 X47.616 Y75.617 E268.34155
G0 F9000 X47.616 Y76.24
G1 F1800 X49.271 Y77.895 E268.42718
G0 F9000 X49.46 Y78.706
G1 F1800 X47.616 Y76.862 E268.52259
G0 F9000 X47.616 Y77.484
G1 F1800 X60.285 Y90.153 E269.1781
G0 F9000 X60.285 Y89.531
G1 F1800 X51.127 Y80.373 E269.65194
G0 F9000 X51.885 Y80.508
G1 F1800 X60.285 Y88.909 E270.08658
G0 F9000 X60.285 Y88.287
G1 F1800 X52.452 Y80.454 E270.49187
G0 F9000 X52.955 Y80.334
G1 F1800 X60.285 Y87.664 E270.87113
G0 F9000 X60.285 Y87.042
G1 F1800 X53.367 Y80.124 E271.22907
G0 F9000 X53.736 Y79.871
G1 F1800 X60.329 Y86.464 E271.5702
G0 F9000 X60.484 Y85.997
G1 F1800 X54.049 Y79.562 E271.90315
G0 F9000 X54.305 Y79.195
G1 F1800 X60.747 Y85.637 E272.23646
G0 F9000 X61.09 Y85.358
G1 F1800 X54.526 Y78.794 E272.57608
G0 F9000 X54.668 Y78.313
G1 F1800 X61.52 Y85.166 E272.93064
G0 F9000 X62.067 Y85.09
G1 F1800 X54.687 Y77.71 E273.31248
G0 F9000 X54.585 Y76.986
G1 F1800 X62.689 Y85.09 E273.73179
G1 F1500 E271.73179
G0 F9000 X62.653 Y87.453
G0 X62.665 Y90.776
G0 X60.285 Y90.776
G1 F1500 E273.73179
G1 F1800 X47.616 Y78.106 E274.38732
G0 F9000 X47.616 Y78.729
G1 F1800 X60.285 Y91.398 E275.04282
G0 F9000 X60.285 Y92.02
G1 F1800 X47.616 Y79.351 E275.69832
G0 F9000 X47.616 Y79.973
G1 F1800 X60.285 Y92.642 E276.35382
G0 F9000 X60.285 Y93.265
G1 F1800 X47.616 Y80.595 E277.00935
G0 F9000 X47.616 Y81.218
G1 F1800 X60.285 Y93.887 E277.66485
G0 F9000 X60.285 Y94.509
G1 F1800 X47.616 Y81.84 E278.32035
G0 F9000 X47.616 Y82.462
G1 F1800 X60.285 Y95.131 E278.97586
G0 F9000 X60.285 Y95.754
G1 F1800 X47.616 Y83.084 E279.63138
G0 F9000 X47.616 Y83.707
G1 F1800 X60.285 Y96.376 E280.28689
G0 F9000 X60.285 Y96.998
G1 F1800 X47.616 Y84.329 E280.94239
G0 F9000 X47.616 Y84.951
G1 F1800 X60.285 Y97.62 E281.59789
G0 F9000 X60.286 Y98.243
G1 F1800 X47.616 Y85.573 E282.25344
G0 F9000 X47.616 Y86.196
G1 F1800 X60.286 Y98.866 E282.909
G0 F9000 X60.286 Y99.488
G1 F1800 X47.616 Y86.818 E283.56455
G0 F9000 X47.616 Y87.44
G1 F1800 X60.286 Y100.11 E284.22011
G0 F9000 X60.286 Y100.732
G1 F1800 X47.616 Y88.062 E284.87566
G0 F9000 X47.616 Y88.685
G1 F1800 X60.286 Y101.355 E285.53121
G0 F9000 X60.286 Y101.977
G1 F1800 X47.616 Y89.307 E286.18677
G0 F9000 X47.616 Y89.929
G1 F1800 X60.286 Y102.599 E286.84232
G0 F9000 X60.286 Y103.221
G1 F1800 X47.616 Y90.551 E287.49787
G0 F9000 X47.616 Y91.174
G1 F1800 X60.286 Y103.844 E288.15343
G0 F9000 X60.286 Y104.466
G1 F1800 X47.616 Y91.796 E288.80898
G0 F9000 X47.616 Y92.418
G1 F1800 X60.286 Y105.088 E289.46454
G0 F9000 X60.286 Y105.71
G1 F1800 X47.616 Y93.04 E290.12009
G0 F9000 X47.616 Y93.663
G1 F1800 X60.286 Y106.333 E290.77564
G0 F9000 X60.286 Y106.955
G1 F1800 X47.616 Y94.285 E291.4312
G0 F9000 X47.616 Y94.907
G1 F1800 X60.286 Y107.577 E292.08675
G0 F9000 X60.286 Y108.199
G1 F1800 X47.616 Y95.529 E292.7423
G0 F9000 X47.616 Y96.152
G1 F1800 X60.286 Y108.822 E293.39786
G0 F9000 X60.287 Y109.445
G1 F1800 X47.616 Y96.774 E294.05346
G0 F9000 X47.616 Y97.396
G1 F1800 X60.287 Y110.067 E294.70907
G0 F9000 X60.287 Y110.689
G1 F1800 X47.616 Y98.018 E295.36467
G0 F9000 X47.616 Y98.641
G1 F1800 X60.287 Y111.311 E296.02025
G0 F9000 X60.287 Y111.934
G1 F1800 X47.616 Y99.263 E296.67586
G0 F9000 X47.616 Y99.885
G1 F1800 X60.287 Y112.556 E297.33147
G0 F9000 X60.287 Y113.178
G1 F1800 X47.616 Y100.507 E297.98707
G0 F9000 X47.616 Y101.13
G1 F1800 X60.287 Y113.8 E298.64265
G0 F9000 X60.287 Y114.423
G1 F1800 X47.616 Y101.752 E299.29826
G0 F9000 X47.616 Y102.374
G1 F1800 X60.287 Y115.045 E299.95386
G0 F9000 X60.287 Y115.667
G1 F1800 X47.616 Y102.996 E300.60947
G0 F9000 X47.616 Y103.619
G1 F1800 X60.287 Y116.289 E301.26505
G0 F9000 X60.287 Y116.912
G1 F1800 X47.616 Y104.241 E301.92065
G0 F9000 X47.616 Y104.863
G1 F1800 X60.287 Y117.534 E302.57626
G0 F9000 X60.287 Y118.156
G1 F1800 X47.616 Y105.485 E303.23186
G0 F9000 X47.616 Y106.108
G1 F1800 X60.287 Y118.778 E303.88744
G0 F9000 X60.287 Y119.401
G1 F1800 X47.616 Y106.73 E304.54305
G0 F9000 X47.616 Y107.352
G1 F1800 X60.287 Y120.024 E305.19868
G0 F9000 X60.287 Y120.646
G1 F1800 X47.616 Y107.974 E305.85431
G0 F9000 X47.616 Y108.597
G1 F1800 X60.287 Y121.268 E306.50992
G0 F9000 X60.287 Y121.89
G1 F1800 X47.616 Y109.219 E307.16552
G0 F9000 X47.616 Y109.841
G1 F1800 X60.287 Y122.513 E307.82115
G0 F9000 X60.287 Y123.135
G1 F1800 X47.616 Y110.464 E308.47676
G0 F9000 X47.616 Y111.086
G1 F1800 X60.287 Y123.757 E309.13236
G0 F9000 X60.287 Y124.379
G1 F1800 X47.616 Y111.708 E309.78797
G0 F9000 X47.616 Y112.33
G1 F1800 X60.287 Y125.002 E310.4436
G0 F9000 X60.287 Y125.624
G1 F1800 X47.616 Y112.953 E311.09921
G0 F9000 X47.616 Y113.575
G1 F1800 X60.287 Y126.246 E311.75481
G0 F9000 X60.287 Y126.868
G1 F1800 X47.616 Y114.197 E312.41042
G0 F9000 X47.616 Y114.819
G1 F1800 X60.287 Y127.491 E313.06605
G0 F9000 X60.287 Y128.113
G1 F1800 X47.616 Y115.442 E313.72165
G0 F9000 X47.616 Y116.064
G1 F1800 X60.287 Y128.735 E314.37726
G0 F9000 X60.287 Y129.357
G1 F1800 X47.616 Y116.686 E315.03287
G0 F9000 X47.616 Y117.308
G1 F1800 X60.287 Y129.98 E315.6885
G0 F9000 X60.287 Y130.602
G1 F1800 X47.616 Y117.931 E316.3441
G0 F9000 X47.616 Y118.553
G1 F1800 X60.288 Y131.225 E316.99976
G0 F9000 X60.288 Y131.847
G1 F1800 X47.616 Y119.175 E317.65542
G0 F9000 X47.616 Y119.797
G1 F1800 X60.288 Y132.469 E318.31107
G0 F9000 X60.288 Y133.092
G1 F1800 X47.616 Y120.42 E318.96673
G0 F9000 X47.616 Y121.042
G1 F1800 X60.288 Y133.714 E319.62239
G0 F9000 X60.288 Y134.336
G1 F1800 X47.616 Y121.664 E320.27805
G0 F9000 X47.616 Y122.286
G1 F1800 X60.288 Y134.958 E320.9337
G0 F9000 X60.288 Y135.581
G1 F1800 X47.616 Y122.909 E321.58936
G0 F9000 X47.616 Y123.531
G1 F1800 X60.288 Y136.203 E322.24502
G0 F9000 X60.288 Y136.825
G1 F1800 X47.616 Y124.153 E322.90067
G0 F9000 X47.616 Y124.775
G1 F1800 X60.288 Y137.447 E323.55633
G0 F9000 X60.288 Y138.07
G1 F1800 X47.616 Y125.398 E324.21199
G0 F9000 X47.616 Y126.02
G1 F1800 X60.288 Y138.692 E324.86765
G0 F9000 X60.288 Y139.314
G1 F1800 X47.616 Y126.642 E325.5233
G0 F9000 X47.616 Y127.264
G1 F1800 X60.288 Y139.936 E326.17896
G0 F9000 X60.288 Y140.559
G1 F1800 X47.616 Y127.887 E326.83462
G0 F9000 X47.616 Y128.509
G1 F1800 X60.288 Y141.181 E327.49028
G0 F9000 X60.288 Y141.803
G1 F1800 X47.616 Y129.131 E328.14593
G1 F1500 E326.14593
G0 F9000 X45.235 Y129.131
G0 X45.247 Y68.447
G0 X145.487 Y68.435
G0 X145.487 Y70.816
G1 F1500 E328.14593
G1 F1800 X172.384 Y97.714 E329.53763
G0 F9000 X172.384 Y97.091
G1 F1800 X146.109 Y70.816 E330.89711
G0 F9000 X146.731 Y70.816
G1 F1800 X172.384 Y96.469 E332.22441
G0 F9000 X172.384 Y95.847
G1 F1800 X147.353 Y70.816 E333.51953
G0 F9000 X147.976 Y70.816
G1 F1800 X172.384 Y95.225 E334.78244
G0 F9000 X172.384 Y94.602
G1 F1800 X148.598 Y70.816 E336.01315
G0 F9000 X149.22 Y70.816
G1 F1800 X172.384 Y93.98 E337.21167
G0 F9000 X172.384 Y93.358
G1 F1800 X149.842 Y70.816 E338.378
G0 F9000 X150.465 Y70.816
G1 F1800 X172.384 Y92.736 E339.51213
G0 F9000 X172.384 Y92.113
G1 F1800 X151.087 Y70.816 E340.61405
G0 F9000 X151.709 Y70.816
G1 F1800 X172.384 Y91.491 E341.68379
G0 F9000 X172.384 Y90.869
G1 F1800 X152.331 Y70.816 E342.72134
G0 F9000 X152.954 Y70.816
G1 F1800 X172.384 Y90.247 E343.72669
G0 F9000 X172.384 Y89.624
G1 F1800 X153.576 Y70.816 E344.69983
G0 F9000 X154.198 Y70.816
G1 F1800 X172.384 Y89.002 E345.64078
G0 F9000 X172.384 Y88.38
G1 F1800 X154.82 Y70.816 E346.54956
G0 F9000 X155.443 Y70.816
G1 F1800 X172.384 Y87.758 E347.42612
G0 F9000 X172.384 Y87.135
G1 F1800 X156.065 Y70.816 E348.27048
G0 F9000 X156.687 Y70.816
G1 F1800 X172.384 Y86.513 E349.08265
G0 F9000 X172.384 Y85.891
G1 F1800 X166.598 Y80.105 E349.38202
G0 F9000 X167.574 Y80.458
G1 F1800 X172.384 Y85.269 E349.63092
G0 F9000 X172.384 Y84.646
G1 F1800 X168.234 Y80.496 E349.84564
G0 F9000 X168.757 Y80.397
G1 F1800 X172.384 Y84.024 E350.0333
G0 F9000 X172.384 Y83.402
G1 F1800 X169.203 Y80.221 E350.19789
G0 F9000 X169.585 Y79.98
G1 F1800 X172.384 Y82.78 E350.34274
G0 F9000 X172.384 Y82.157
G1 F1800 X169.93 Y79.703 E350.46971
G0 F9000 X170.203 Y79.354
G1 F1800 X172.384 Y81.535 E350.58256
G0 F9000 X172.384 Y80.913
G1 F1800 X170.433 Y78.962 E350.6835
G0 F9000 X170.607 Y78.514
G1 F1800 X172.384 Y80.291 E350.77545
G0 F9000 X172.384 Y79.668
G1 F1800 X170.691 Y77.975 E350.86304
G0 F9000 X170.66 Y77.321
G1 F1800 X172.384 Y79.046 E350.95227
G0 F9000 X172.384 Y78.424
G1 F1800 X170.202 Y76.242 E351.06517
G0 F9000 X169.548 Y75.588
G1 F1800 X164.776 Y70.816 E351.31207
G0 F9000 X164.154 Y70.816
G1 F1800 X168.484 Y75.146 E351.53611
G0 F9000 X167.803 Y75.087
G1 F1800 X163.532 Y70.816 E351.7571
G0 F9000 X162.91 Y70.816
G1 F1800 X167.285 Y75.192 E351.98349
G0 F9000 X166.826 Y75.355
G1 F1800 X162.287 Y70.816 E352.21834
G0 F9000 X161.665 Y70.816
G1 F1800 X166.442 Y75.593 E352.4655
G0 F9000 X166.092 Y75.865
G1 F1800 X161.043 Y70.816 E352.72674
G0 F9000 X160.421 Y70.816
G1 F1800 X165.815 Y76.211 E353.00586
G0 F9000 X165.565 Y76.582
G1 F1800 X159.798 Y70.816 E353.30422
G0 F9000 X159.176 Y70.816
G1 F1800 X165.398 Y77.038 E353.62615
G0 F9000 X165.303 Y77.565
G1 F1800 X158.554 Y70.816 E353.97535
G0 F9000 X157.932 Y70.816
G1 F1800 X165.339 Y78.223 E354.35859
G0 F9000 X165.694 Y79.201
G1 F1800 X157.309 Y70.816 E354.79243
G1 F1500 E352.79243
G0 F9000 X157.309 Y68.435
G0 X165.399 Y68.435
G0 X165.399 Y70.816
G1 F1500 E354.79243
G1 F1800 X172.384 Y77.802 E355.15387
G0 F9000 X172.384 Y77.179
G1 F1800 X166.021 Y70.816 E355.48309
G0 F9000 X166.643 Y70.816
G1 F1800 X172.384 Y76.557 E355.78014
G0 F9000 X172.384 Y75.935
G1 F1800 X167.265 Y70.816 E356.045
G0 F9000 X167.888 Y70.816
G1 F1800 X172.384 Y75.313 E356.27765
G0 F9000 X172.384 Y74.69
G1 F1800 X168.51 Y70.816 E356.47809
G0 F9000 X169.132 Y70.816
G1 F1800 X172.384 Y74.068 E356.64635
G0 F9000 X172.384 Y73.446
G1 F1800 X169.754 Y70.816 E356.78243
G0 F9000 X170.377 Y70.816
G1 F1800 X172.384 Y72.824 E356.8863
G0 F9000 X172.384 Y72.201
G1 F1800 X170.999 Y70.816 E356.95796
G0 F9000 X171.621 Y70.816
G1 F1800 X172.384 Y71.579 E356.99744
G0 F9000 X172.384 Y70.957
G1 F1800 X172.243 Y70.816 E357.00473
G1 F1500 E355.00473
;MESH:NONMESH
G0 F300 Z2.24
G0 F9000 X52.036 Y79.454
;TIME_ELAPSED:5584.642900
;LAYER:11
;TYPE:WALL-INNER
;MESH:SmartKiln_Frente.stl
G1 F1500 E357.00473
G1 F1850.5 X51.682 Y79.403 E357.01746
G1 X51.332 Y79.314 E357.03031
G1 F1867.9 X50.824 Y78.977 E357.05181
G1 F1872.3 X50.461 Y78.438 E357.07466
G1 X50.342 Y77.836 E357.09625
G1 F1850.5 X50.393 Y77.482 E357.10897
G1 X50.482 Y77.132 E357.12183
G1 F1867.9 X50.801 Y76.651 E357.14218
G1 F1850.5 X51.084 Y76.441 E357.15472
G1 F1841.9 X51.366 Y76.267 E357.16656
G1 F1837.6 X51.68 Y76.193 E357.17813
G1 F1850.5 X52.003 Y76.148 E357.18973
G1 X52.314 Y76.192 E357.20091
G1 F1841.9 X52.657 Y76.28 E357.21357
G1 X52.912 Y76.44 E357.22433
G1 F1846.2 X53.173 Y76.629 E357.23583
G1 F1867.9 X53.513 Y77.122 E357.25694
G1 F1876.8 X53.619 Y77.478 E357.26998
G1 F1854.8 X53.636 Y77.8 E357.28143
G1 F1859.2 X53.619 Y78.118 E357.29271
G1 F1876.8 X53.526 Y78.429 E357.3041
G1 F1859.2 X53.357 Y78.713 E357.3158
G1 X53.167 Y78.968 E357.32707
G1 X52.915 Y79.156 E357.3382
G1 F1850.5 X52.622 Y79.337 E357.35046
G1 F1867.9 X52.036 Y79.454 E357.37153
G0 F9000 X51.993 Y79.872
G1 F1846.2 X52.399 Y79.828 E357.3861
G1 F1850.5 X52.789 Y79.715 E357.40055
G1 X53.153 Y79.516 E357.41531
G1 F1859.2 X53.465 Y79.265 E357.42949
G1 X53.716 Y78.953 E357.44368
G1 X53.915 Y78.59 E357.45834
G1 F1876.8 X54.034 Y78.199 E357.47268
G1 F1859.2 X54.069 Y77.8 E357.48687
G1 F1854.8 X54.034 Y77.396 E357.50127
G1 F1876.8 X53.915 Y77.006 E357.51558
G1 F1854.8 X53.715 Y76.643 E357.53029
G1 F1850.5 X53.465 Y76.331 E357.54452
G1 X53.153 Y76.081 E357.55875
G1 X52.789 Y75.881 E357.57353
G1 X52.398 Y75.767 E357.58802
G1 X52.003 Y75.723 E357.60217
G1 X51.597 Y75.768 E357.6167
G1 F1846.2 X51.207 Y75.881 E357.63119
G1 F1850.5 X50.843 Y76.08 E357.64595
G1 X50.531 Y76.331 E357.6602
G1 X50.28 Y76.643 E357.67445
G1 X50.081 Y77.007 E357.68922
G1 X49.967 Y77.398 E357.70371
G1 X49.924 Y77.793 E357.71785
G1 F1846.2 X49.968 Y78.199 E357.73242
G1 F1850.5 X50.081 Y78.589 E357.74687
G1 X50.28 Y78.954 E357.76166
G1 X50.531 Y79.265 E357.77589
G1 X50.843 Y79.516 E357.79014
G1 X51.207 Y79.715 E357.8049
G1 X51.598 Y79.829 E357.8194
G1 X51.993 Y79.872 E357.83354
G0 F9000 X51.993 Y80.306
;TYPE:WALL-OUTER
G1 F1800 X52.484 Y80.259 E357.85158
G1 X52.955 Y80.115 E357.8696
G1 X53.397 Y79.88 E357.88792
G1 X53.771 Y79.571 E357.90567
G1 X54.08 Y79.196 E357.92344
G1 X54.315 Y78.755 E357.94173
G1 X54.459 Y78.284 E357.95975
G1 X54.506 Y77.8 E357.97754
G1 X54.459 Y77.312 E357.99547
G1 X54.315 Y76.841 E358.01349
G1 X54.08 Y76.399 E358.03181
G1 X53.771 Y76.025 E358.04956
G1 X53.397 Y75.716 E358.06731
G1 X52.955 Y75.481 E358.08562
G1 X52.484 Y75.337 E358.10364
G1 X52.003 Y75.29 E358.12132
G1 X51.512 Y75.337 E358.13937
G1 X51.041 Y75.48 E358.15738
G1 X50.599 Y75.716 E358.17571
G1 X50.225 Y76.025 E358.19346
G1 X49.916 Y76.399 E358.21121
G1 X49.68 Y76.841 E358.22954
G1 X49.537 Y77.312 E358.24755
G1 X49.49 Y77.793 E358.26523
G1 X49.537 Y78.284 E358.28327
G1 X49.681 Y78.755 E358.30129
G1 X49.916 Y79.197 E358.31961
G1 X50.225 Y79.571 E358.33736
G1 X50.599 Y79.88 E358.35511
G1 X51.041 Y80.116 E358.37344
G1 X51.512 Y80.259 E358.39145
G1 X51.993 Y80.306 E358.40913
G0 F9000 X51.997 Y79.02
G1 F1800 X51.525 Y78.926 E358.42674
G1 X51.136 Y78.66 E358.44398
G1 X50.87 Y78.275 E358.4611
G1 X50.776 Y77.797 E358.47892
G1 X50.87 Y77.325 E358.49653
G1 X51.136 Y76.936 E358.51377
G1 X51.53 Y76.669 E358.53118
G1 X52.001 Y76.579 E358.54873
G1 X52.471 Y76.669 E358.56624
G1 X52.861 Y76.931 E358.58343
G1 X53.128 Y77.332 E358.60105
G1 X53.199 Y77.582 E358.61056
G1 X53.2 Y78.014 E358.62637
G1 X53.119 Y78.284 E358.63668
G1 X52.861 Y78.664 E358.65348
G1 X52.471 Y78.927 E358.67069
G1 X51.997 Y79.02 E358.68836
G1 F1500 E356.68836
G0 F9000 X52.036 Y146.454
;TYPE:WALL-INNER
G1 F1500 E358.68836
G1 F1850.5 X51.682 Y146.403 E358.70109
G1 X51.332 Y146.314 E358.71395
G1 F1867.9 X50.824 Y145.977 E358.73544
G1 F1872.3 X50.461 Y145.438 E358.75829
G1 X50.342 Y144.836 E358.77988
G1 F1850.5 X50.393 Y144.482 E358.79261
G1 X50.482 Y144.132 E358.80546
G1 F1867.9 X50.801 Y143.651 E358.82581
G1 F1850.5 X51.084 Y143.441 E358.83835
G1 F1841.9 X51.366 Y143.267 E358.8502
G1 F1837.6 X51.68 Y143.193 E358.86176
G1 F1850.5 X52.003 Y143.148 E358.87336
G1 X52.314 Y143.192 E358.88454
G1 F1841.9 X52.657 Y143.28 E358.8972
G1 X52.912 Y143.44 E358.90797
G1 F1846.2 X53.173 Y143.629 E358.91946
G1 F1867.9 X53.513 Y144.122 E358.94058
G1 F1876.8 X53.619 Y144.478 E358.95361
G1 F1854.8 X53.636 Y144.8 E358.96506
G1 F1859.2 X53.619 Y145.118 E358.97634
G1 F1876.8 X53.526 Y145.429 E358.98773
G1 F1859.2 X53.357 Y145.713 E358.99943
G1 X53.167 Y145.968 E359.0107
G1 X52.915 Y146.156 E359.02184
G1 F1850.5 X52.622 Y146.337 E359.03409
G1 F1867.9 X52.036 Y146.454 E359.05516
G0 F9000 X51.993 Y146.872
G1 F1846.2 X52.399 Y146.828 E359.06973
G1 F1850.5 X52.789 Y146.715 E359.08418
G1 X53.153 Y146.516 E359.09894
G1 F1859.2 X53.465 Y146.265 E359.11313
G1 X53.716 Y145.953 E359.12731
G1 X53.915 Y145.59 E359.14197
G1 F1876.8 X54.034 Y145.199 E359.15631
G1 F1859.2 X54.069 Y144.8 E359.1705
G1 F1854.8 X54.034 Y144.396 E359.1849
G1 F1876.8 X53.915 Y144.006 E359.19921
G1 F1854.8 X53.715 Y143.643 E359.21392
G1 F1850.5 X53.465 Y143.331 E359.22815
G1 X53.153 Y143.081 E359.24238
G1 X52.789 Y142.881 E359.25716
G1 X52.398 Y142.767 E359.27165
G1 X52.003 Y142.723 E359.2858
G1 X51.597 Y142.768 E359.30034
G1 F1846.2 X51.207 Y142.881 E359.31482
G1 F1850.5 X50.843 Y143.08 E359.32958
G1 X50.531 Y143.331 E359.34383
G1 X50.28 Y143.643 E359.35809
G1 X50.081 Y144.007 E359.37285
G1 X49.967 Y144.398 E359.38734
G1 X49.924 Y144.793 E359.40148
G1 F1846.2 X49.968 Y145.199 E359.41605
G1 F1850.5 X50.081 Y145.589 E359.4305
G1 X50.28 Y145.954 E359.4453
G1 X50.531 Y146.265 E359.45952
G1 X50.843 Y146.516 E359.47377
G1 X51.207 Y146.715 E359.48853
G1 X51.598 Y146.829 E359.50303
G1 X51.993 Y146.872 E359.51717
G0 F9000 X51.993 Y147.306
;TYPE:WALL-OUTER
G1 F1800 X52.484 Y147.259 E359.53521
G1 X52.955 Y147.115 E359.55323
G1 X53.397 Y146.88 E359.57155
G1 X53.771 Y146.571 E359.5893
G1 X54.08 Y146.196 E359.60708
G1 X54.315 Y145.755 E359.62536
G1 X54.459 Y145.284 E359.64338
G1 X54.506 Y144.8 E359.66117
G1 X54.459 Y144.312 E359.67911
G1 X54.315 Y143.841 E359.69712
G1 X54.08 Y143.399 E359.71544
G1 X53.771 Y143.025 E359.73319
G1 X53.397 Y142.716 E359.75094
G1 X52.955 Y142.481 E359.76925
G1 X52.484 Y142.337 E359.78727
G1 X52.003 Y142.29 E359.80495
G1 X51.512 Y142.337 E359.823
G1 X51.041 Y142.48 E359.84101
G1 X50.599 Y142.716 E359.85934
G1 X50.225 Y143.025 E359.87709
G1 X49.916 Y143.399 E359.89484
G1 X49.68 Y143.841 E359.91317
G1 X49.537 Y144.312 E359.93118
G1 X49.49 Y144.793 E359.94886
G1 X49.537 Y145.284 E359.96691
G1 X49.681 Y145.755 E359.98493
G1 X49.916 Y146.197 E360.00324
G1 X50.225 Y146.571 E360.02099
G1 X50.599 Y146.88 E360.03874
G1 X51.041 Y147.116 E360.05707
G1 X51.512 Y147.259 E360.07508
G1 X51.993 Y147.306 E360.09276
G0 F9000 X51.997 Y146.02
G1 F1800 X51.525 Y145.926 E360.11037
G1 X51.136 Y145.66 E360.12761
G1 X50.87 Y145.275 E360.14473
G1 X50.776 Y144.797 E360.16255
G1 X50.87 Y144.325 E360.18016
G1 X51.136 Y143.936 E360.1974
G1 X51.53 Y143.669 E360.21482
G1 X52.001 Y143.579 E360.23236
G1 X52.471 Y143.669 E360.24987
G1 X52.861 Y143.931 E360.26706
G1 X53.128 Y144.332 E360.28468
G1 X53.199 Y144.582 E360.29419
G1 X53.2 Y145.014 E360.31
G1 X53.119 Y145.284 E360.32031
G1 X52.861 Y145.664 E360.33711
G1 X52.471 Y145.927 E360.35432
G1 X51.997 Y146.02 E360.372
G1 F1500 E358.372
G0 F9000 X167.993 Y146.872
;TYPE:WALL-INNER
G1 F1500 E360.372
G1 F1846.2 X168.399 Y146.828 E360.38656
G1 F1850.5 X168.789 Y146.715 E360.40101
G1 X169.153 Y146.516 E360.41578
G1 F1859.2 X169.465 Y146.265 E360.42996
G1 X169.716 Y145.953 E360.44415
G1 X169.915 Y145.59 E360.45881
G1 F1876.8 X170.034 Y145.199 E360.47315
G1 F1859.2 X170.069 Y144.8 E360.48734
G1 F1854.8 X170.034 Y144.396 E360.50174
G1 F1876.8 X169.915 Y144.006 E360.51604
G1 F1854.8 X169.715 Y143.643 E360.53076
G1 F1850.5 X169.465 Y143.331 E360.54499
G1 X169.153 Y143.081 E360.55922
G1 X168.789 Y142.881 E360.574
G1 X168.398 Y142.767 E360.58849
G1 X168.003 Y142.723 E360.60264
G1 X167.597 Y142.768 E360.61717
G1 F1846.2 X167.207 Y142.881 E360.63166
G1 F1850.5 X166.843 Y143.08 E360.64642
G1 X166.531 Y143.331 E360.66067
G1 X166.28 Y143.643 E360.67492
G1 X166.081 Y144.007 E360.68969
G1 X165.967 Y144.398 E360.70418
G1 X165.924 Y144.793 E360.71832
G1 F1846.2 X165.968 Y145.199 E360.73289
G1 F1850.5 X166.081 Y145.589 E360.74734
G1 X166.28 Y145.954 E360.76213
G1 X166.531 Y146.265 E360.77636
G1 X166.843 Y146.516 E360.79061
G1 X167.207 Y146.715 E360.80537
G1 X167.598 Y146.829 E360.81987
G1 X167.993 Y146.872 E360.83401
G0 F9000 X168.036 Y146.454
G1 F1850.5 X167.682 Y146.403 E360.84673
G1 X167.332 Y146.314 E360.85959
G1 F1867.9 X166.824 Y145.977 E360.88108
G1 F1872.3 X166.461 Y145.438 E360.90394
G1 X166.342 Y144.836 E360.92552
G1 F1850.5 X166.393 Y144.482 E360.93825
G1 X166.482 Y144.132 E360.9511
G1 F1867.9 X166.801 Y143.651 E360.97145
G1 F1850.5 X167.084 Y143.441 E360.98399
G1 F1841.9 X167.366 Y143.267 E360.99584
G1 F1837.6 X167.68 Y143.193 E361.0074
G1 F1850.5 X168.003 Y143.148 E361.019
G1 X168.314 Y143.192 E361.03018
G1 F1841.9 X168.657 Y143.28 E361.04284
G1 X168.912 Y143.44 E361.05361
G1 F1846.2 X169.173 Y143.629 E361.0651
G1 F1867.9 X169.513 Y144.122 E361.08622
G1 F1876.8 X169.619 Y144.478 E361.09925
G1 F1854.8 X169.636 Y144.8 E361.1107
G1 F1859.2 X169.619 Y145.118 E361.12198
G1 F1876.8 X169.526 Y145.429 E361.13337
G1 F1859.2 X169.357 Y145.713 E361.14508
G1 X169.167 Y145.968 E361.15634
G1 X168.915 Y146.156 E361.16748
G1 F1850.5 X168.622 Y146.337 E361.17973
G1 F1867.9 X168.036 Y146.454 E361.2008
G0 F9000 X167.997 Y146.02
;TYPE:WALL-OUTER
G1 F1800 X167.525 Y145.926 E361.21841
G1 X167.136 Y145.66 E361.23565
G1 X166.87 Y145.275 E361.25277
G1 X166.776 Y144.797 E361.27059
G1 X166.87 Y144.325 E361.2882
G1 X167.136 Y143.936 E361.30544
G1 X167.53 Y143.669 E361.32286
G1 X168.001 Y143.579 E361.3404
G1 X168.471 Y143.669 E361.35791
G1 X168.861 Y143.931 E361.3751
G1 X169.128 Y144.332 E361.39272
G1 X169.199 Y144.582 E361.40223
G1 X169.2 Y145.014 E361.41804
G1 X169.119 Y145.284 E361.42835
G1 X168.861 Y145.664 E361.44515
G1 X168.471 Y145.927 E361.46236
G1 X167.997 Y146.02 E361.48004
G0 F9000 X167.993 Y147.306
G1 F1800 X168.484 Y147.259 E361.49808
G1 X168.955 Y147.115 E361.5161
G1 X169.397 Y146.88 E361.53442
G1 X169.771 Y146.571 E361.55217
G1 X170.08 Y146.196 E361.56994
G1 X170.315 Y145.755 E361.58822
G1 X170.459 Y145.284 E361.60624
G1 X170.506 Y144.8 E361.62404
G1 X170.459 Y144.312 E361.64197
G1 X170.315 Y143.841 E361.65999
G1 X170.08 Y143.399 E361.67831
G1 X169.771 Y143.025 E361.69606
G1 X169.397 Y142.716 E361.7138
G1 X168.955 Y142.481 E361.73212
G1 X168.484 Y142.337 E361.75014
G1 X168.003 Y142.29 E361.76782
G1 X167.512 Y142.337 E361.78587
G1 X167.041 Y142.48 E361.80387
G1 X166.599 Y142.716 E361.82221
G1 X166.225 Y143.025 E361.83996
G1 X165.916 Y143.399 E361.85771
G1 X165.68 Y143.841 E361.87604
G1 X165.537 Y144.312 E361.89405
G1 X165.49 Y144.793 E361.91173
G1 X165.537 Y145.284 E361.92977
G1 X165.681 Y145.755 E361.94779
G1 X165.916 Y146.197 E361.96611
G1 X166.225 Y146.571 E361.98386
G1 X166.599 Y146.88 E362.00161
G1 X167.041 Y147.116 E362.01994
G1 X167.512 Y147.259 E362.03795
G1 X167.993 Y147.306 E362.05563
G1 F1500 E360.05563
G0 F9000 X168.756 Y148.07
G0 X171.247 Y148.047
G0 X172.091 Y149.792
;TYPE:WALL-INNER
G1 F1500 E362.05563
G1 F1763.9 X171.9 Y149.8 E362.06277
G1 F1800 X48.1 Y149.8 E366.59213
G1 F1867.9 X47.333 Y149.467 E366.62161
G1 F1829.1 X47.008 Y148.891 E366.64542
G1 X46.985 Y149.815 E366.6787
G1 F1867.9 X48.1 Y149.8 E366.71801
G0 F9000 X47.008 Y148.891
G1 F1763.9 X47 Y148.7 E366.72515
G1 F1800 X47 Y71.3 E369.55692
G1 F1867.9 X47.333 Y70.533 E369.5864
G1 F1829.1 X47.909 Y70.208 E369.61021
G1 X46.985 Y70.185 E369.64349
G1 F1867.9 X47 Y71.3 E369.6828
G0 F9000 X47.909 Y70.208
G1 F1763.9 X48.1 Y70.2 E369.68994
G1 F1800 X171.9 Y70.2 E374.2193
G1 F1500 E372.2193
G0 F9000 X173 Y71.3
G1 F1500 E374.2193
G1 F1867.9 X173.016 Y70.184 E374.25865
G1 X171.9 Y70.2 E374.298
G1 X172.667 Y70.533 E374.32748
G1 X173 Y71.3 E374.35696
G1 F1800 X173 Y148.7 E377.18873
G1 F1767.9 X172.992 Y148.891 E377.19585
G0 F9000 X172.091 Y149.792
G1 F1824.9 X173.016 Y149.816 E377.22924
G1 F1833.3 X172.992 Y148.891 E377.26248
G1 X172.667 Y149.467 E377.28624
G1 F1824.9 X172.091 Y149.792 E377.31011
G1 F1500 E375.31011
G0 F9000 X172.091 Y151.565
G0 X110 Y151.565
G0 X110 Y150.24
G1 F1500 E377.31011
G1 F1800 X173.44 Y150.24 E379.63113
G1 X173.44 Y69.76 E382.57558
G1 X46.561 Y69.761 E387.2176
G1 X46.561 Y150.239 E390.16198
G1 X110 Y150.24 E392.48297
G0 F9000 X110 Y149.36
G1 F1800 X48.1 Y149.36 E394.74765
G1 X47.633 Y149.167 E394.76614
G1 X47.44 Y148.795 E394.78147
G1 X47.44 Y71.3 E397.61671
G1 X47.633 Y70.833 E397.6352
G1 X48.005 Y70.64 E397.65053
G1 X171.9 Y70.64 E402.18337
G1 X172.367 Y70.833 E402.20186
G1 X172.56 Y71.3 E402.22035
G1 X172.56 Y148.797 E405.05567
G1 X172.367 Y149.167 E405.07093
G1 X171.995 Y149.36 E405.08627
G1 X110 Y149.36 E407.35442
G0 F9000 X110 Y148.918
;TYPE:WALL-OUTER
G1 F1800 X48.1 Y148.92 E409.61911
G1 X47.944 Y148.856 E409.62528
G1 X47.883 Y148.738 E409.63014
G1 X47.88 Y71.3 E412.46329
G1 X47.944 Y71.144 E412.46946
G1 X48.062 Y71.083 E412.47432
G1 X171.9 Y71.08 E417.00508
G1 X172.056 Y71.144 E417.01125
G1 X172.12 Y71.3 E417.01742
G1 X172.117 Y148.738 E419.85058
G1 X172.056 Y148.856 E419.85544
G1 X171.938 Y148.917 E419.86029
G1 X110 Y148.918 E422.12637
G1 F1500 E420.12637
G0 F9000 X110 Y150.68
G1 F1500 E422.12637
G1 F1800 X173.88 Y150.68 E424.46349
G1 X173.88 Y69.32 E427.44014
G1 X46.121 Y69.321 E432.11435
G1 X46.121 Y150.679 E435.09093
G1 X110 Y150.68 E437.42801
G1 F1500 E435.42801
G0 F9000 X167.993 Y79.872
;TYPE:WALL-INNER
G1 F1500 E437.42801
G1 F1846.2 X168.399 Y79.828 E437.44258
G1 F1850.5 X168.789 Y79.715 E437.45703
G1 X169.153 Y79.516 E437.47179
G1 F1859.2 X169.465 Y79.265 E437.48598
G1 X169.716 Y78.953 E437.50016
G1 X169.915 Y78.59 E437.51483
G1 F1876.8 X170.034 Y78.199 E437.52917
G1 F1859.2 X170.069 Y77.8 E437.54335
G1 F1854.8 X170.034 Y77.396 E437.55775
G1 F1876.8 X169.915 Y77.006 E437.57206
G1 F1854.8 X169.715 Y76.643 E437.58678
G1 F1850.5 X169.465 Y76.331 E437.601
G1 X169.153 Y76.081 E437.61523
G1 X168.789 Y75.881 E437.63001
G1 X168.398 Y75.767 E437.64451
G1 X168.003 Y75.723 E437.65865
G1 X167.597 Y75.768 E437.67319
G1 F1846.2 X167.207 Y75.881 E437.68767
G1 F1850.5 X166.843 Y76.08 E437.70244
G1 X166.531 Y76.331 E437.71669
G1 X166.28 Y76.643 E437.73094
G1 X166.081 Y77.007 E437.7457
G1 X165.967 Y77.398 E437.7602
G1 X165.924 Y77.793 E437.77434
G1 F1846.2 X165.968 Y78.199 E437.7889
G1 F1850.5 X166.081 Y78.589 E437.80335
G1 X166.28 Y78.954 E437.81815
G1 X166.531 Y79.265 E437.83237
G1 X166.843 Y79.516 E437.84662
G1 X167.207 Y79.715 E437.86139
G1 X167.598 Y79.829 E437.87588
G1 X167.993 Y79.872 E437.89002
G0 F9000 X168 Y79.461
G1 F1867.9 X167.366 Y79.336 E437.9128
G1 X166.824 Y78.977 E437.93572
G1 F1872.3 X166.461 Y78.438 E437.95858
G1 X166.342 Y77.836 E437.98016
G1 F1850.5 X166.393 Y77.482 E437.99289
G1 X166.482 Y77.132 E438.00574
G1 F1867.9 X166.801 Y76.651 E438.02609
G1 F1850.5 X167.084 Y76.441 E438.03863
G1 F1841.9 X167.366 Y76.267 E438.05048
G1 F1837.6 X167.68 Y76.193 E438.06204
G1 F1850.5 X168.003 Y76.148 E438.07365
G1 X168.314 Y76.192 E438.08483
G1 F1841.9 X168.657 Y76.28 E438.09749
G1 X168.912 Y76.44 E438.10825
G1 F1846.2 X169.173 Y76.629 E438.11975
G1 F1867.9 X169.513 Y77.122 E438.14086
G1 F1876.8 X169.619 Y77.478 E438.1539
G1 F1854.8 X169.636 Y77.8 E438.16534
G1 F1859.2 X169.619 Y78.118 E438.17662
G1 F1876.8 X169.526 Y78.429 E438.18801
G1 F1859.2 X169.357 Y78.713 E438.19972
G1 X169.167 Y78.968 E438.21098
G1 X168.915 Y79.156 E438.22212
G1 F1850.5 X168.622 Y79.337 E438.23438
G1 F1867.9 X168 Y79.461 E438.25674
G0 F9000 X167.997 Y79.02
;TYPE:WALL-OUTER
G1 F1800 X167.525 Y78.926 E438.27435
G1 X167.136 Y78.66 E438.29159
G1 X166.87 Y78.275 E438.30871
G1 X166.776 Y77.797 E438.32653
G1 X166.87 Y77.325 E438.34414
G1 X167.136 Y76.936 E438.36138
G1 X167.53 Y76.669 E438.37879
G1 X168.001 Y76.579 E438.39634
G1 X168.471 Y76.669 E438.41385
G1 X168.861 Y76.931 E438.43103
G1 X169.128 Y77.332 E438.44866
G1 X169.199 Y77.582 E438.45817
G1 X169.2 Y78.014 E438.47397
G1 X169.119 Y78.284 E438.48429
G1 X168.861 Y78.664 E438.50109
G1 X168.471 Y78.927 E438.5183
G1 X167.997 Y79.02 E438.53597
G0 F9000 X167.993 Y80.306
G1 F1800 X168.484 Y80.259 E438.55402
G1 X168.955 Y80.115 E438.57204
G1 X169.397 Y79.88 E438.59035
G1 X169.771 Y79.571 E438.6081
G1 X170.08 Y79.196 E438.62588
G1 X170.315 Y78.755 E438.64416
G1 X170.459 Y78.284 E438.66218
G1 X170.506 Y77.8 E438.67997
G1 X170.459 Y77.312 E438.69791
G1 X170.315 Y76.841 E438.71593
G1 X170.08 Y76.399 E438.73424
G1 X169.771 Y76.025 E438.75199
G1 X169.397 Y75.716 E438.76974
G1 X168.955 Y75.481 E438.78806
G1 X168.484 Y75.337 E438.80608
G1 X168.003 Y75.29 E438.82376
G1 X167.512 Y75.337 E438.8418
G1 X167.041 Y75.48 E438.85981
G1 X166.599 Y75.716 E438.87814
G1 X166.225 Y76.025 E438.89589
G1 X165.916 Y76.399 E438.91364
G1 X165.68 Y76.841 E438.93198
G1 X165.537 Y77.312 E438.94998
G1 X165.49 Y77.793 E438.96767
G1 X165.537 Y78.284 E438.98571
G1 X165.681 Y78.755 E439.00373
G1 X165.916 Y79.197 E439.02205
G1 X166.225 Y79.571 E439.03979
G1 X166.599 Y79.88 E439.05754
G1 X167.041 Y80.116 E439.07588
G1 X167.512 Y80.259 E439.09388
G1 X167.993 Y80.306 E439.11157
G1 F1500 E437.11157
;MESH:NONMESH
G0 F300 Z2.44
G0 F9000 X52 Y79.448
;TIME_ELAPSED:5669.188964
;LAYER:12
;TYPE:WALL-INNER
;MESH:SmartKiln_Frente.stl
G1 F1500 E439.11157
G1 F1850.5 X51.681 Y79.403 E439.12303
G1 X51.332 Y79.314 E439.13585
G1 F1867.9 X50.824 Y78.977 E439.15734
G1 F1876.8 X50.482 Y78.469 E439.17883
G1 F1850.5 X50.392 Y78.115 E439.19183
G1 F1846.2 X50.348 Y77.8 E439.20318
G1 F1850.5 X50.393 Y77.481 E439.21464
G1 X50.482 Y77.132 E439.22746
G1 F1867.9 X50.801 Y76.651 E439.24781
G1 F1850.5 X51.084 Y76.441 E439.26035
G1 F1841.9 X51.366 Y76.267 E439.2722
G1 F1837.6 X51.68 Y76.193 E439.28376
G1 F1850.5 X52 Y76.148 E439.29526
G1 X52.314 Y76.192 E439.30654
G1 F1841.9 X52.657 Y76.28 E439.3192
G1 X52.912 Y76.44 E439.32997
G1 F1846.2 X53.173 Y76.629 E439.34146
G1 F1867.9 X53.513 Y77.122 E439.36257
G1 F1876.8 X53.619 Y77.478 E439.37561
G1 F1854.8 X53.636 Y77.8 E439.38706
G1 F1859.2 X53.619 Y78.118 E439.39834
G1 F1876.8 X53.526 Y78.429 E439.40973
G1 F1859.2 X53.357 Y78.713 E439.42143
G1 X53.167 Y78.968 E439.4327
G1 X52.915 Y79.156 E439.44383
G1 F1841.9 X52.654 Y79.317 E439.4548
G1 X52.314 Y79.403 E439.46734
G1 F1850.5 X52 Y79.448 E439.47863
G0 F9000 X52 Y79.872
G1 F1850.5 X52.398 Y79.829 E439.49287
G1 X52.789 Y79.715 E439.50737
G1 X53.153 Y79.516 E439.52213
G1 F1859.2 X53.465 Y79.265 E439.53632
G1 X53.716 Y78.953 E439.5505
G1 X53.915 Y78.59 E439.56516
G1 F1876.8 X54.034 Y78.199 E439.57951
G1 F1859.2 X54.069 Y77.8 E439.59369
G1 F1854.8 X54.034 Y77.396 E439.60809
G1 F1876.8 X53.915 Y77.006 E439.6224
G1 F1854.8 X53.715 Y76.643 E439.63711
G1 F1850.5 X53.465 Y76.331 E439.65134
G1 X53.153 Y76.081 E439.66557
G1 X52.789 Y75.881 E439.68035
G1 X52.398 Y75.767 E439.69485
G1 X52 Y75.723 E439.7091
G1 X51.597 Y75.768 E439.72353
G1 F1846.2 X51.207 Y75.881 E439.73801
G1 F1850.5 X50.843 Y76.08 E439.75278
G1 X50.531 Y76.331 E439.76703
G1 X50.28 Y76.643 E439.78128
G1 X50.081 Y77.007 E439.79604
G1 X49.967 Y77.397 E439.8105
G1 X49.924 Y77.8 E439.82492
G1 F1846.2 X49.967 Y78.198 E439.8392
G1 F1850.5 X50.081 Y78.589 E439.8537
G1 X50.28 Y78.954 E439.86849
G1 X50.531 Y79.265 E439.88272
G1 X50.843 Y79.516 E439.89697
G1 X51.207 Y79.715 E439.91173
G1 X51.597 Y79.829 E439.92619
G1 X52 Y79.872 E439.94061
G0 F9000 X52 Y80.306
;TYPE:WALL-OUTER
G1 F1800 X52.484 Y80.259 E439.95841
G1 X52.955 Y80.115 E439.97642
G1 X53.397 Y79.88 E439.99474
G1 X53.771 Y79.571 E440.01249
G1 X54.08 Y79.196 E440.03027
G1 X54.315 Y78.755 E440.04855
G1 X54.459 Y78.284 E440.06657
G1 X54.506 Y77.8 E440.08436
G1 X54.459 Y77.312 E440.1023
G1 X54.315 Y76.841 E440.12032
G1 X54.08 Y76.399 E440.13863
G1 X53.771 Y76.025 E440.15638
G1 X53.397 Y75.716 E440.17413
G1 X52.955 Y75.481 E440.19244
G1 X52.484 Y75.337 E440.21046
G1 X52 Y75.29 E440.22825
G1 X51.512 Y75.337 E440.24619
G1 X51.041 Y75.48 E440.2642
G1 X50.599 Y75.716 E440.28253
G1 X50.225 Y76.025 E440.30028
G1 X49.916 Y76.399 E440.31803
G1 X49.68 Y76.841 E440.33636
G1 X49.537 Y77.312 E440.35437
G1 X49.49 Y77.8 E440.37231
G1 X49.537 Y78.284 E440.3901
G1 X49.681 Y78.755 E440.40812
G1 X49.916 Y79.197 E440.42643
G1 X50.225 Y79.571 E440.44418
G1 X50.599 Y79.88 E440.46193
G1 X51.041 Y80.116 E440.48026
G1 X51.512 Y80.259 E440.49827
G1 X52 Y80.306 E440.51621
G0 F9000 X52 Y79.019
G1 F1800 X51.525 Y78.926 E440.53392
G1 X51.136 Y78.66 E440.55116
G1 X50.87 Y78.275 E440.56828
G1 X50.777 Y77.8 E440.58599
G1 X50.87 Y77.325 E440.60369
G1 X51.136 Y76.936 E440.62094
G1 X51.529 Y76.669 E440.63832
G1 X52 Y76.576 E440.65588
G1 X52.471 Y76.67 E440.67345
G1 X52.861 Y76.931 E440.69062
G1 X53.128 Y77.332 E440.70825
G1 X53.199 Y77.582 E440.71776
G1 X53.2 Y78.014 E440.73356
G1 X53.119 Y78.284 E440.74388
G1 X52.861 Y78.664 E440.76068
G1 X52.471 Y78.927 E440.77789
G1 X52 Y79.019 E440.79545
G1 F1500 E438.79545
G0 F9000 X52 Y146.448
;TYPE:WALL-INNER
G1 F1500 E440.79545
G1 F1850.5 X51.681 Y146.403 E440.80691
G1 X51.332 Y146.314 E440.81973
G1 F1867.9 X50.824 Y145.977 E440.84122
G1 F1876.8 X50.482 Y145.469 E440.86271
G1 F1850.5 X50.392 Y145.115 E440.87571
G1 F1846.2 X50.348 Y144.8 E440.88706
G1 F1850.5 X50.393 Y144.481 E440.89852
G1 X50.482 Y144.132 E440.91134
G1 F1867.9 X50.801 Y143.651 E440.93169
G1 F1850.5 X51.084 Y143.441 E440.94423
G1 F1841.9 X51.366 Y143.267 E440.95608
G1 F1837.6 X51.68 Y143.193 E440.96764
G1 F1850.5 X52 Y143.148 E440.97914
G1 X52.314 Y143.192 E440.99042
G1 F1841.9 X52.657 Y143.28 E441.00308
G1 X52.912 Y143.44 E441.01385
G1 F1846.2 X53.173 Y143.629 E441.02534
G1 F1867.9 X53.513 Y144.122 E441.04646
G1 F1876.8 X53.619 Y144.478 E441.05949
G1 F1854.8 X53.636 Y144.8 E441.07094
G1 F1859.2 X53.619 Y145.118 E441.08222
G1 F1876.8 X53.526 Y145.429 E441.09361
G1 F1859.2 X53.357 Y145.713 E441.10532
G1 X53.167 Y145.968 E441.11658
G1 X52.915 Y146.156 E441.12772
G1 F1841.9 X52.654 Y146.317 E441.13868
G1 X52.314 Y146.403 E441.15122
G1 F1850.5 X52 Y146.448 E441.16251
G0 F9000 X52 Y146.872
G1 F1850.5 X52.398 Y146.829 E441.17676
G1 X52.789 Y146.715 E441.19125
G1 X53.153 Y146.516 E441.20601
G1 F1859.2 X53.465 Y146.265 E441.2202
G1 X53.716 Y145.953 E441.23438
G1 X53.915 Y145.59 E441.24905
G1 F1876.8 X54.034 Y145.199 E441.26339
G1 F1859.2 X54.069 Y144.8 E441.27758
G1 F1854.8 X54.034 Y144.396 E441.29197
G1 F1876.8 X53.915 Y144.006 E441.30628
G1 F1854.8 X53.715 Y143.643 E441.321
G1 F1850.5 X53.465 Y143.331 E441.33522
G1 X53.153 Y143.081 E441.34945
G1 X52.789 Y142.881 E441.36423
G1 X52.398 Y142.767 E441.37873
G1 X52 Y142.723 E441.39298
G1 X51.597 Y142.768 E441.40741
G1 F1846.2 X51.207 Y142.881 E441.42189
G1 F1850.5 X50.843 Y143.08 E441.43666
G1 X50.531 Y143.331 E441.45091
G1 X50.28 Y143.643 E441.46516
G1 X50.081 Y144.007 E441.47992
G1 X49.967 Y144.397 E441.49438
G1 X49.924 Y144.8 E441.50881
G1 F1846.2 X49.967 Y145.198 E441.52309
G1 F1850.5 X50.081 Y145.589 E441.53758
G1 X50.28 Y145.954 E441.55238
G1 X50.531 Y146.265 E441.5666
G1 X50.843 Y146.516 E441.58085
G1 X51.207 Y146.715 E441.59561
G1 X51.597 Y146.829 E441.61007
G1 X52 Y146.872 E441.6245
G0 F9000 X52 Y147.306
;TYPE:WALL-OUTER
G1 F1800 X52.484 Y147.259 E441.64229
G1 X52.955 Y147.115 E441.66031
G1 X53.397 Y146.88 E441.67862
G1 X53.771 Y146.571 E441.69637
G1 X54.08 Y146.196 E441.71415
G1 X54.315 Y145.755 E441.73243
G1 X54.459 Y145.284 E441.75045
G1 X54.506 Y144.8 E441.76824
G1 X54.459 Y144.312 E441.78618
G1 X54.315 Y143.841 E441.8042
G1 X54.08 Y143.399 E441.82251
G1 X53.771 Y143.025 E441.84026
G1 X53.397 Y142.716 E441.85801
G1 X52.955 Y142.481 E441.87632
G1 X52.484 Y142.337 E441.89434
G1 X52 Y142.29 E441.91214
G1 X51.512 Y142.337 E441.93007
G1 X51.041 Y142.48 E441.94808
G1 X50.599 Y142.716 E441.96641
G1 X50.225 Y143.025 E441.98416
G1 X49.916 Y143.399 E442.00191
G1 X49.68 Y143.841 E442.02024
G1 X49.537 Y144.312 E442.03825
G1 X49.49 Y144.8 E442.05619
G1 X49.537 Y145.284 E442.07398
G1 X49.681 Y145.755 E442.092
G1 X49.916 Y146.197 E442.11031
G1 X50.225 Y146.571 E442.12806
G1 X50.599 Y146.88 E442.14581
G1 X51.041 Y147.116 E442.16414
G1 X51.512 Y147.259 E442.18215
G1 X52 Y147.306 E442.20009
G0 F9000 X52 Y146.019
G1 F1800 X51.525 Y145.926 E442.2178
G1 X51.136 Y145.66 E442.23504
G1 X50.87 Y145.275 E442.25216
G1 X50.777 Y144.8 E442.26987
G1 X50.87 Y144.325 E442.28758
G1 X51.136 Y143.936 E442.30482
G1 X51.529 Y143.669 E442.3222
G1 X52 Y143.576 E442.33976
G1 X52.471 Y143.67 E442.35734
G1 X52.861 Y143.931 E442.37451
G1 X53.128 Y144.332 E442.39213
G1 X53.199 Y144.582 E442.40164
G1 X53.2 Y145.014 E442.41744
G1 X53.119 Y145.284 E442.42776
G1 X52.861 Y145.664 E442.44456
G1 X52.471 Y145.927 E442.46177
G1 X52 Y146.019 E442.47933
G1 F1500 E440.47933
G0 F9000 X168 Y146.448
;TYPE:WALL-INNER
G1 F1500 E442.47933
G1 F1850.5 X167.681 Y146.403 E442.4908
G1 X167.332 Y146.314 E442.50361
G1 F1867.9 X166.824 Y145.977 E442.52511
G1 F1876.8 X166.482 Y145.469 E442.54659
G1 F1850.5 X166.392 Y145.115 E442.55959
G1 F1846.2 X166.348 Y144.8 E442.57094
G1 F1850.5 X166.393 Y144.481 E442.5824
G1 X166.482 Y144.132 E442.59522
G1 F1867.9 X166.801 Y143.651 E442.61557
G1 F1850.5 X167.084 Y143.441 E442.62811
G1 F1841.9 X167.366 Y143.267 E442.63996
G1 F1837.6 X167.68 Y143.193 E442.65152
G1 F1850.5 X168 Y143.148 E442.66302
G1 X168.314 Y143.192 E442.6743
G1 F1841.9 X168.657 Y143.28 E442.68697
G1 X168.912 Y143.44 E442.69773
G1 F1846.2 X169.173 Y143.629 E442.70922
G1 F1867.9 X169.513 Y144.122 E442.73034
G1 F1876.8 X169.619 Y144.478 E442.74337
G1 F1854.8 X169.636 Y144.8 E442.75482
G1 F1859.2 X169.619 Y145.118 E442.7661
G1 F1876.8 X169.526 Y145.429 E442.77749
G1 F1859.2 X169.357 Y145.713 E442.7892
G1 X169.167 Y145.968 E442.80046
G1 X168.915 Y146.156 E442.8116
G1 F1841.9 X168.654 Y146.317 E442.82256
G1 X168.314 Y146.403 E442.8351
G1 F1850.5 X168 Y146.448 E442.84639
G0 F9000 X168 Y146.872
G1 F1850.5 X168.398 Y146.829 E442.86064
G1 X168.789 Y146.715 E442.87513
G1 X169.153 Y146.516 E442.8899
G1 F1859.2 X169.465 Y146.265 E442.90408
G1 X169.716 Y145.953 E442.91826
G1 X169.915 Y145.59 E442.93293
G1 F1876.8 X170.034 Y145.199 E442.94727
G1 F1859.2 X170.069 Y144.8 E442.96146
G1 F1854.8 X170.034 Y144.396 E442.97585
G1 F1876.8 X169.915 Y144.006 E442.99016
G1 F1854.8 X169.715 Y143.643 E443.00488
G1 F1850.5 X169.465 Y143.331 E443.01911
G1 X169.153 Y143.081 E443.03333
G1 X168.789 Y142.881 E443.04812
G1 X168.398 Y142.767 E443.06261
G1 X168 Y142.723 E443.07686
G1 X167.597 Y142.768 E443.09129
G1 F1846.2 X167.207 Y142.881 E443.10578
G1 F1850.5 X166.843 Y143.08 E443.12054
G1 X166.531 Y143.331 E443.13479
G1 X166.28 Y143.643 E443.14904
G1 X166.081 Y144.007 E443.1638
G1 X165.967 Y144.397 E443.17826
G1 X165.924 Y144.8 E443.19269
G1 F1846.2 X165.967 Y145.198 E443.20697
G1 F1850.5 X166.081 Y145.589 E443.22146
G1 X166.28 Y145.954 E443.23626
G1 X166.531 Y146.265 E443.25048
G1 X166.843 Y146.516 E443.26473
G1 X167.207 Y146.715 E443.27949
G1 X167.597 Y146.829 E443.29395
G1 X168 Y146.872 E443.30838
G0 F9000 X168 Y147.306
;TYPE:WALL-OUTER
G1 F1800 X168.484 Y147.259 E443.32617
G1 X168.955 Y147.115 E443.34419
G1 X169.397 Y146.88 E443.3625
G1 X169.771 Y146.571 E443.38025
G1 X170.08 Y146.196 E443.39803
G1 X170.315 Y145.755 E443.41631
G1 X170.459 Y145.284 E443.43433
G1 X170.506 Y144.8 E443.45212
G1 X170.459 Y144.312 E443.47006
G1 X170.315 Y143.841 E443.48808
G1 X170.08 Y143.399 E443.50639
G1 X169.771 Y143.025 E443.52414
G1 X169.397 Y142.716 E443.54189
G1 X168.955 Y142.481 E443.56021
G1 X168.484 Y142.337 E443.57823
G1 X168 Y142.29 E443.59602
G1 X167.512 Y142.337 E443.61395
G1 X167.041 Y142.48 E443.63196
G1 X166.599 Y142.716 E443.65029
G1 X166.225 Y143.025 E443.66804
G1 X165.916 Y143.399 E443.68579
G1 X165.68 Y143.841 E443.70412
G1 X165.537 Y144.312 E443.72213
G1 X165.49 Y144.8 E443.74007
G1 X165.537 Y145.284 E443.75786
G1 X165.681 Y145.755 E443.77588
G1 X165.916 Y146.197 E443.79419
G1 X166.225 Y146.571 E443.81194
G1 X166.599 Y146.88 E443.82969
G1 X167.041 Y147.116 E443.84803
G1 X167.512 Y147.259 E443.86603
G1 X168 Y147.306 E443.88397
G0 F9000 X168 Y146.019
G1 F1800 X167.525 Y145.926 E443.90168
G1 X167.136 Y145.66 E443.91892
G1 X166.87 Y145.275 E443.93604
G1 X166.777 Y144.8 E443.95375
G1 X166.87 Y144.325 E443.97146
G1 X167.136 Y143.936 E443.9887
G1 X167.529 Y143.669 E444.00608
G1 X168 Y143.576 E444.02365
G1 X168.471 Y143.67 E444.04122
G1 X168.861 Y143.931 E444.05839
G1 X169.128 Y144.332 E444.07601
G1 X169.199 Y144.582 E444.08552
G1 X169.2 Y145.014 E444.10133
G1 X169.119 Y145.284 E444.11164
G1 X168.861 Y145.664 E444.12844
G1 X168.471 Y145.927 E444.14565
G1 X168 Y146.019 E444.16321
G1 F1500 E442.16321
G0 F9000 X172.091 Y149.792
;TYPE:WALL-INNER
G1 F1500 E444.16321
G1 F1763.9 X171.9 Y149.8 E444.17035
G1 F1800 X48.1 Y149.8 E448.69971
G1 F1867.9 X47.333 Y149.467 E448.72919
G1 F1829.1 X47.008 Y148.891 E448.75301
G1 X46.985 Y149.815 E448.78628
G1 F1867.9 X48.1 Y149.8 E448.8256
G0 F9000 X47.008 Y148.891
G1 F1763.9 X47 Y148.7 E448.83273
G1 F1800 X47 Y71.3 E451.6645
G1 F1867.9 X47.333 Y70.533 E451.69398
G1 F1829.1 X47.909 Y70.208 E451.71779
G1 X46.985 Y70.185 E451.75107
G1 F1867.9 X47 Y71.3 E451.79039
G0 F9000 X47.909 Y70.208
G1 F1763.9 X48.1 Y70.2 E451.79752
G1 F1800 X171.9 Y70.2 E456.32689
G1 F1500 E454.32689
G0 F9000 X173 Y71.3
G1 F1500 E456.32689
G1 F1800 X173 Y148.7 E459.15866
G1 F1767.9 X172.992 Y148.891 E459.16578
G0 F9000 X172.091 Y149.792
G1 F1824.9 X173.016 Y149.816 E459.19917
G1 F1833.3 X172.992 Y148.891 E459.23241
G1 X172.667 Y149.467 E459.25616
G1 F1824.9 X172.091 Y149.792 E459.28003
G1 F1500 E457.28003
G0 F9000 X110 Y149.36
G1 F1500 E459.28003
G1 F1800 X48.1 Y149.36 E461.54471
G1 X47.633 Y149.167 E461.5632
G1 X47.44 Y148.795 E461.57853
G1 X47.44 Y71.3 E464.41378
G1 X47.633 Y70.833 E464.43226
G1 X48.005 Y70.64 E464.4476
G1 X171.9 Y70.64 E468.98044
G1 X172.367 Y70.833 E468.99893
G1 X172.56 Y71.3 E469.01741
G1 X172.56 Y148.797 E471.85273
G1 X172.367 Y149.167 E471.868
G1 X171.995 Y149.36 E471.88333
G1 X110 Y149.36 E474.15149
G1 F1500 E472.15149
G0 F9000 X110 Y148.035
G0 X165.598 Y75.398
G0 X166.015 Y75.055
G0 X171.247 Y71.953
G0 X173 Y71.3
G1 F1500 E474.15149
G1 F1867.9 X173.016 Y70.184 E474.19084
G1 X171.9 Y70.2 E474.23019
G1 X172.667 Y70.533 E474.25967
G1 X173 Y71.3 E474.28915
G1 F1500 E472.28915
G0 F9000 X110 Y150.24
G1 F1500 E474.28915
G1 F1800 X173.44 Y150.24 E476.61017
G1 X173.44 Y69.76 E479.55463
G1 X46.561 Y69.761 E484.19664
G1 X46.561 Y150.239 E487.14102
G1 X110 Y150.24 E489.46201
G0 F9000 X110 Y150.68
;TYPE:WALL-OUTER
G1 F1800 X173.88 Y150.68 E491.79913
G1 X173.88 Y69.32 E494.77578
G1 X46.121 Y69.321 E499.44999
G1 X46.121 Y150.679 E502.42657
G1 X110 Y150.68 E504.76365
G1 F1500 E502.76365
G0 F9000 X110 Y148.918
G1 F1500 E504.76365
G1 F1800 X48.1 Y148.92 E507.02833
G1 X47.944 Y148.856 E507.0345
G1 X47.883 Y148.738 E507.03936
G1 X47.88 Y71.3 E509.87252
G1 X47.944 Y71.144 E509.87869
G1 X48.062 Y71.083 E509.88355
G1 X171.9 Y71.08 E514.41431
G1 X172.056 Y71.144 E514.42048
G1 X172.12 Y71.3 E514.42664
G1 X172.117 Y148.738 E517.2598
G1 X172.056 Y148.856 E517.26466
G1 X171.938 Y148.917 E517.26952
G1 X110 Y148.918 E519.5356
G1 F1500 E517.5356
G0 F9000 X110 Y148.035
G0 X167.873 Y81.185
G0 X168 Y79.872
;TYPE:WALL-INNER
G1 F1500 E519.5356
G1 F1850.5 X168.398 Y79.829 E519.54984
G1 X168.789 Y79.715 E519.56434
G1 X169.153 Y79.516 E519.5791
G1 F1859.2 X169.465 Y79.265 E519.59328
G1 X169.716 Y78.953 E519.60747
G1 X169.915 Y78.59 E519.62213
G1 F1876.8 X170.034 Y78.199 E519.63647
G1 F1859.2 X170.069 Y77.8 E519.65066
G1 F1854.8 X170.034 Y77.396 E519.66506
G1 F1876.8 X169.915 Y77.006 E519.67937
G1 F1854.8 X169.715 Y76.643 E519.69408
G1 F1850.5 X169.465 Y76.331 E519.70831
G1 X169.153 Y76.081 E519.72254
G1 X168.789 Y75.881 E519.73732
G1 X168.398 Y75.767 E519.75181
G1 X168 Y75.723 E519.76606
G1 X167.597 Y75.768 E519.7805
G1 F1846.2 X167.207 Y75.881 E519.79498
G1 F1850.5 X166.843 Y76.08 E519.80974
G1 X166.531 Y76.331 E519.82399
G1 X166.28 Y76.643 E519.83824
G1 X166.081 Y77.007 E519.85301
G1 X165.967 Y77.397 E519.86747
G1 X165.924 Y77.8 E519.88189
G1 F1846.2 X165.967 Y78.198 E519.89617
G1 F1850.5 X166.081 Y78.589 E519.91067
G1 X166.28 Y78.954 E519.92546
G1 X166.531 Y79.265 E519.93968
G1 X166.843 Y79.516 E519.95393
G1 X167.207 Y79.715 E519.9687
G1 X167.597 Y79.829 E519.98316
G1 X168 Y79.872 E519.99758
G0 F9000 X168 Y79.448
G1 F1850.5 X167.681 Y79.403 E520.00905
G1 X167.332 Y79.314 E520.02187
G1 F1867.9 X166.824 Y78.977 E520.04336
G1 F1876.8 X166.482 Y78.469 E520.06485
G1 F1850.5 X166.392 Y78.115 E520.07785
G1 F1846.2 X166.348 Y77.8 E520.08919
G1 F1850.5 X166.393 Y77.481 E520.10066
G1 X166.482 Y77.132 E520.11347
G1 F1867.9 X166.801 Y76.651 E520.13382
G1 F1850.5 X167.084 Y76.441 E520.14636
G1 F1841.9 X167.366 Y76.267 E520.15821
G1 F1837.6 X167.68 Y76.193 E520.16977
G1 F1850.5 X168 Y76.148 E520.18127
G1 X168.314 Y76.192 E520.19256
G1 F1841.9 X168.657 Y76.28 E520.20522
G1 X168.912 Y76.44 E520.21598
G1 F1846.2 X169.173 Y76.629 E520.22748
G1 F1867.9 X169.513 Y77.122 E520.24859
G1 F1876.8 X169.619 Y77.478 E520.26162
G1 F1854.8 X169.636 Y77.8 E520.27307
G1 F1859.2 X169.619 Y78.118 E520.28435
G1 F1876.8 X169.526 Y78.429 E520.29574
G1 F1859.2 X169.357 Y78.713 E520.30745
G1 X169.167 Y78.968 E520.31871
G1 X168.915 Y79.156 E520.32985
G1 F1841.9 X168.654 Y79.317 E520.34082
G1 X168.314 Y79.403 E520.35335
G1 F1850.5 X168 Y79.448 E520.36464
G0 F9000 X168 Y79.019
;TYPE:WALL-OUTER
G1 F1800 X167.525 Y78.926 E520.38235
G1 X167.136 Y78.66 E520.39959
G1 X166.87 Y78.275 E520.41671
G1 X166.777 Y77.8 E520.43442
G1 X166.87 Y77.325 E520.45213
G1 X167.136 Y76.936 E520.46937
G1 X167.529 Y76.669 E520.48675
G1 X168 Y76.576 E520.50432
G1 X168.471 Y76.67 E520.52189
G1 X168.861 Y76.931 E520.53906
G1 X169.128 Y77.332 E520.55669
G1 X169.199 Y77.582 E520.56619
G1 X169.2 Y78.014 E520.582
G1 X169.119 Y78.284 E520.59231
G1 X168.861 Y78.669 E520.60927
G1 X168.47 Y78.927 E520.62641
G1 X168 Y79.019 E520.64393
G0 F9000 X168 Y80.306
G1 F1800 X168.484 Y80.259 E520.66172
G1 X168.955 Y80.115 E520.67974
G1 X169.397 Y79.88 E520.69805
G1 X169.771 Y79.571 E520.7158
G1 X170.08 Y79.196 E520.73358
G1 X170.315 Y78.755 E520.75186
G1 X170.459 Y78.284 E520.76988
G1 X170.506 Y77.8 E520.78767
G1 X170.459 Y77.312 E520.80561
G1 X170.315 Y76.841 E520.82363
G1 X170.08 Y76.399 E520.84194
G1 X169.771 Y76.025 E520.85969
G1 X169.397 Y75.716 E520.87744
G1 X168.955 Y75.481 E520.89576
G1 X168.484 Y75.337 E520.91378
G1 X168 Y75.29 E520.93157
G1 X167.512 Y75.337 E520.9495
G1 X167.041 Y75.48 E520.96751
G1 X166.599 Y75.716 E520.98585
G1 X166.225 Y76.025 E521.00359
G1 X165.916 Y76.399 E521.02134
G1 X165.68 Y76.841 E521.03968
G1 X165.537 Y77.312 E521.05768
G1 X165.49 Y77.8 E521.07562
G1 X165.537 Y78.284 E521.09341
G1 X165.681 Y78.755 E521.11143
G1 X165.916 Y79.197 E521.12975
G1 X166.225 Y79.571 E521.1475
G1 X166.599 Y79.88 E521.16524
G1 X167.041 Y80.116 E521.18358
G1 X167.512 Y80.259 E521.20159
G1 X168 Y80.306 E521.21952
G1 F1500 E519.21952
;MESH:NONMESH
G0 F300 Z2.64
G0 F9000 X52 Y79.448
;TIME_ELAPSED:5755.978249
;LAYER:13
;TYPE:WALL-INNER
;MESH:SmartKiln_Frente.stl
G1 F1500 E521.21952
G1 F1850.5 X51.681 Y79.403 E521.23099
G1 X51.332 Y79.314 E521.2438
G1 F1867.9 X50.824 Y78.977 E521.2653
G1 F1876.8 X50.482 Y78.469 E521.28679
G1 F1850.5 X50.392 Y78.115 E521.29978
G1 F1846.2 X50.348 Y77.8 E521.31113
G1 F1850.5 X50.393 Y77.481 E521.3226
G1 X50.482 Y77.132 E521.33541
G1 F1867.9 X50.801 Y76.651 E521.35576
G1 F1850.5 X51.084 Y76.441 E521.3683
G1 F1841.9 X51.366 Y76.267 E521.38015
G1 F1837.6 X51.68 Y76.193 E521.39171
G1 F1850.5 X52 Y76.148 E521.40321
G1 X52.314 Y76.192 E521.4145
G1 F1841.9 X52.657 Y76.28 E521.42716
G1 X52.912 Y76.44 E521.43792
G1 F1846.2 X53.173 Y76.629 E521.44942
G1 F1867.9 X53.513 Y77.122 E521.47053
G1 F1876.8 X53.619 Y77.478 E521.48356
G1 F1854.8 X53.636 Y77.8 E521.49501
G1 F1859.2 X53.619 Y78.118 E521.50629
G1 F1876.8 X53.526 Y78.429 E521.51768
G1 F1859.2 X53.357 Y78.713 E521.52939
G1 X53.167 Y78.968 E521.54065
G1 X52.915 Y79.156 E521.55179
G1 F1841.9 X52.654 Y79.317 E521.56275
G1 X52.314 Y79.403 E521.57529
G1 F1850.5 X52 Y79.448 E521.58658
G0 F9000 X52 Y79.872
G1 F1850.5 X52.398 Y79.829 E521.60083
G1 X52.789 Y79.715 E521.61532
G1 X53.153 Y79.516 E521.63009
G1 F1859.2 X53.465 Y79.265 E521.64427
G1 X53.716 Y78.953 E521.65846
G1 X53.915 Y78.59 E521.67312
G1 F1876.8 X54.034 Y78.199 E521.68746
G1 F1859.2 X54.069 Y77.8 E521.70165
G1 F1854.8 X54.034 Y77.396 E521.71605
G1 F1876.8 X53.915 Y77.006 E521.73035
G1 F1854.8 X53.715 Y76.643 E521.74507
G1 F1850.5 X53.465 Y76.331 E521.7593
G1 X53.153 Y76.081 E521.77353
G1 X52.789 Y75.881 E521.78831
G1 X52.398 Y75.767 E521.8028
G1 X52 Y75.723 E521.81705
G1 X51.597 Y75.768 E521.83148
G1 F1846.2 X51.207 Y75.881 E521.84597
G1 F1850.5 X50.843 Y76.08 E521.86073
G1 X50.531 Y76.331 E521.87498
G1 X50.28 Y76.643 E521.88923
G1 X50.081 Y77.007 E521.904
G1 X49.967 Y77.397 E521.91846
G1 X49.924 Y77.8 E521.93288
G1 F1846.2 X49.967 Y78.198 E521.94716
G1 F1850.5 X50.081 Y78.589 E521.96165
G1 X50.28 Y78.954 E521.97645
G1 X50.531 Y79.265 E521.99067
G1 X50.843 Y79.516 E522.00492
G1 X51.207 Y79.715 E522.01969
G1 X51.597 Y79.829 E522.03415
G1 X52 Y79.872 E522.04857
G0 F9000 X52 Y80.306
;TYPE:WALL-OUTER
G1 F1800 X52.484 Y80.259 E522.06636
G1 X52.955 Y80.115 E522.08438
G1 X53.397 Y79.88 E522.1027
G1 X53.771 Y79.571 E522.12044
G1 X54.08 Y79.196 E522.13822
G1 X54.315 Y78.755 E522.1565
G1 X54.459 Y78.284 E522.17452
G1 X54.506 Y77.8 E522.19231
G1 X54.459 Y77.312 E522.21025
G1 X54.315 Y76.841 E522.22827
G1 X54.08 Y76.399 E522.24659
G1 X53.771 Y76.025 E522.26433
G1 X53.397 Y75.716 E522.28208
G1 X52.955 Y75.481 E522.3004
G1 X52.484 Y75.337 E522.31842
G1 X52 Y75.29 E522.33621
G1 X51.512 Y75.337 E522.35415
G1 X51.041 Y75.48 E522.37215
G1 X50.599 Y75.716 E522.39049
G1 X50.225 Y76.025 E522.40824
G1 X49.916 Y76.399 E522.42598
G1 X49.68 Y76.841 E522.44432
G1 X49.537 Y77.312 E522.46233
G1 X49.49 Y77.8 E522.48026
G1 X49.537 Y78.284 E522.49805
G1 X49.681 Y78.755 E522.51607
G1 X49.916 Y79.197 E522.53439
G1 X50.225 Y79.571 E522.55214
G1 X50.599 Y79.88 E522.56989
G1 X51.041 Y80.116 E522.58822
G1 X51.512 Y80.259 E522.60623
G1 X52 Y80.306 E522.62416
G0 F9000 X52 Y79.019
G1 F1800 X51.525 Y78.926 E522.64187
G1 X51.136 Y78.66 E522.65911
G1 X50.87 Y78.275 E522.67623
G1 X50.777 Y77.8 E522.69394
G1 X50.87 Y77.325 E522.71165
G1 X51.136 Y76.936 E522.72889
G1 X51.529 Y76.669 E522.74627
G1 X52 Y76.576 E522.76384
G1 X52.471 Y76.67 E522.78141
G1 X52.861 Y76.931 E522.79858
G1 X53.128 Y77.332 E522.81621
G1 X53.199 Y77.582 E522.82571
G1 X53.2 Y78.014 E522.84152
G1 X53.119 Y78.284 E522.85183
G1 X52.861 Y78.664 E522.86864
G1 X52.471 Y78.927 E522.88585
G1 X52 Y79.019 E522.9034
G1 F1500 E520.9034
G0 F9000 X52 Y146.448
;TYPE:WALL-INNER
G1 F1500 E522.9034
G1 F1850.5 X51.681 Y146.403 E522.91487
G1 X51.332 Y146.314 E522.92769
G1 F1867.9 X50.824 Y145.977 E522.94918
G1 F1876.8 X50.482 Y145.469 E522.97067
G1 F1850.5 X50.392 Y145.115 E522.98367
G1 F1846.2 X50.348 Y144.8 E522.99501
G1 F1850.5 X50.393 Y144.481 E523.00648
G1 X50.482 Y144.132 E523.0193
G1 F1867.9 X50.801 Y143.651 E523.03964
G1 F1850.5 X51.084 Y143.441 E523.05219
G1 F1841.9 X51.366 Y143.267 E523.06403
G1 F1837.6 X51.68 Y143.193 E523.07559
G1 F1850.5 X52 Y143.148 E523.08709
G1 X52.314 Y143.192 E523.09838
G1 F1841.9 X52.657 Y143.28 E523.11104
G1 X52.912 Y143.44 E523.1218
G1 F1846.2 X53.173 Y143.629 E523.1333
G1 F1867.9 X53.513 Y144.122 E523.15441
G1 F1876.8 X53.619 Y144.478 E523.16745
G1 F1854.8 X53.636 Y144.8 E523.17889
G1 F1859.2 X53.619 Y145.118 E523.19017
G1 F1876.8 X53.526 Y145.429 E523.20156
G1 F1859.2 X53.357 Y145.713 E523.21327
G1 X53.167 Y145.968 E523.22454
G1 X52.915 Y146.156 E523.23567
G1 F1841.9 X52.654 Y146.317 E523.24664
G1 X52.314 Y146.403 E523.25918
G1 F1850.5 X52 Y146.448 E523.27047
G0 F9000 X52 Y146.872
G1 F1850.5 X52.398 Y146.829 E523.28471
G1 X52.789 Y146.715 E523.29921
G1 X53.153 Y146.516 E523.31397
G1 F1859.2 X53.465 Y146.265 E523.32815
G1 X53.716 Y145.953 E523.34234
G1 X53.915 Y145.59 E523.357
G1 F1876.8 X54.034 Y145.199 E523.37134
G1 F1859.2 X54.069 Y144.8 E523.38553
G1 F1854.8 X54.034 Y144.396 E523.39993
G1 F1876.8 X53.915 Y144.006 E523.41424
G1 F1854.8 X53.715 Y143.643 E523.42895
G1 F1850.5 X53.465 Y143.331 E523.44318
G1 X53.153 Y143.081 E523.45741
G1 X52.789 Y142.881 E523.47219
G1 X52.398 Y142.767 E523.48668
G1 X52 Y142.723 E523.50093
G1 X51.597 Y142.768 E523.51536
G1 F1846.2 X51.207 Y142.881 E523.52985
G1 F1850.5 X50.843 Y143.08 E523.54461
G1 X50.531 Y143.331 E523.55886
G1 X50.28 Y143.643 E523.57311
G1 X50.081 Y144.007 E523.58788
G1 X49.967 Y144.397 E523.60234
G1 X49.924 Y144.8 E523.61676
G1 F1846.2 X49.967 Y145.198 E523.63104
G1 F1850.5 X50.081 Y145.589 E523.64554
G1 X50.28 Y145.954 E523.66033
G1 X50.531 Y146.265 E523.67455
G1 X50.843 Y146.516 E523.6888
G1 X51.207 Y146.715 E523.70357
G1 X51.597 Y146.829 E523.71803
G1 X52 Y146.872 E523.73245
G0 F9000 X52 Y147.306
;TYPE:WALL-OUTER
G1 F1800 X52.484 Y147.259 E523.75024
G1 X52.955 Y147.115 E523.76826
G1 X53.397 Y146.88 E523.78658
G1 X53.771 Y146.571 E523.80433
G1 X54.08 Y146.196 E523.8221
G1 X54.315 Y145.755 E523.84039
G1 X54.459 Y145.284 E523.85841
G1 X54.506 Y144.8 E523.8762
G1 X54.459 Y144.312 E523.89413
G1 X54.315 Y143.841 E523.91215
G1 X54.08 Y143.399 E523.93047
G1 X53.771 Y143.025 E523.94822
G1 X53.397 Y142.716 E523.96597
G1 X52.955 Y142.481 E523.98428
G1 X52.484 Y142.337 E524.0023
G1 X52 Y142.29 E524.02009
G1 X51.512 Y142.337 E524.03803
G1 X51.041 Y142.48 E524.05604
G1 X50.599 Y142.716 E524.07437
G1 X50.225 Y143.025 E524.09212
G1 X49.916 Y143.399 E524.10987
G1 X49.68 Y143.841 E524.1282
G1 X49.537 Y144.312 E524.14621
G1 X49.49 Y144.8 E524.16414
G1 X49.537 Y145.284 E524.18193
G1 X49.681 Y145.755 E524.19995
G1 X49.916 Y146.197 E524.21827
G1 X50.225 Y146.571 E524.23602
G1 X50.599 Y146.88 E524.25377
G1 X51.041 Y147.116 E524.2721
G1 X51.512 Y147.259 E524.29011
G1 X52 Y147.306 E524.30804
G0 F9000 X52 Y146.019
G1 F1800 X51.525 Y145.926 E524.32575
G1 X51.136 Y145.66 E524.34299
G1 X50.87 Y145.275 E524.36011
G1 X50.777 Y144.8 E524.37782
G1 X50.87 Y144.325 E524.39553
G1 X51.136 Y143.936 E524.41277
G1 X51.529 Y143.669 E524.43016
G1 X52 Y143.576 E524.44772
G1 X52.471 Y143.67 E524.46529
G1 X52.861 Y143.931 E524.48246
G1 X53.128 Y144.332 E524.50009
G1 X53.199 Y144.582 E524.5096
G1 X53.2 Y145.014 E524.5254
G1 X53.119 Y145.284 E524.53571
G1 X52.861 Y145.664 E524.55252
G1 X52.471 Y145.927 E524.56973
G1 X52 Y146.019 E524.58729
G1 F1500 E522.58729
G0 F9000 X168 Y146.448
;TYPE:WALL-INNER
G1 F1500 E524.58729
G1 F1850.5 X167.681 Y146.403 E524.59875
G1 X167.332 Y146.314 E524.61157
G1 F1867.9 X166.824 Y145.977 E524.63306
G1 F1876.8 X166.482 Y145.469 E524.65455
G1 F1850.5 X166.392 Y145.115 E524.66755
G1 F1846.2 X166.348 Y144.8 E524.67889
G1 F1850.5 X166.393 Y144.481 E524.69036
G1 X166.482 Y144.132 E524.70318
G1 F1867.9 X166.801 Y143.651 E524.72353
G1 F1850.5 X167.084 Y143.441 E524.73607
G1 F1841.9 X167.366 Y143.267 E524.74791
G1 F1837.6 X167.68 Y143.193 E524.75948
G1 F1850.5 X168 Y143.148 E524.77098
G1 X168.314 Y143.192 E524.78226
G1 F1841.9 X168.657 Y143.28 E524.79492
G1 X168.912 Y143.44 E524.80568
G1 F1846.2 X169.173 Y143.629 E524.81718
G1 F1867.9 X169.513 Y144.122 E524.83829
G1 F1876.8 X169.619 Y144.478 E524.85133
G1 F1854.8 X169.636 Y144.8 E524.86278
G1 F1859.2 X169.619 Y145.118 E524.87406
G1 F1876.8 X169.526 Y145.429 E524.88545
G1 F1859.2 X169.357 Y145.713 E524.89715
G1 X169.167 Y145.968 E524.90842
G1 X168.915 Y146.156 E524.91955
G1 F1841.9 X168.654 Y146.317 E524.93052
G1 X168.314 Y146.403 E524.94306
G1 F1850.5 X168 Y146.448 E524.95435
G0 F9000 X168 Y146.872
G1 F1850.5 X168.398 Y146.829 E524.96859
G1 X168.789 Y146.715 E524.98309
G1 X169.153 Y146.516 E524.99785
G1 F1859.2 X169.465 Y146.265 E525.01204
G1 X169.716 Y145.953 E525.02622
G1 X169.915 Y145.59 E525.04088
G1 F1876.8 X170.034 Y145.199 E525.05522
G1 F1859.2 X170.069 Y144.8 E525.06941
G1 F1854.8 X170.034 Y144.396 E525.08381
G1 F1876.8 X169.915 Y144.006 E525.09812
G1 F1854.8 X169.715 Y143.643 E525.11283
G1 F1850.5 X169.465 Y143.331 E525.12706
G1 X169.153 Y143.081 E525.14129
G1 X168.789 Y142.881 E525.15607
G1 X168.398 Y142.767 E525.17056
G1 X168 Y142.723 E525.18482
G1 X167.597 Y142.768 E525.19925
G1 F1846.2 X167.207 Y142.881 E525.21373
G1 F1850.5 X166.843 Y143.08 E525.22849
G1 X166.531 Y143.331 E525.24275
G1 X166.28 Y143.643 E525.257
G1 X166.081 Y144.007 E525.27176
G1 X165.967 Y144.397 E525.28622
G1 X165.924 Y144.8 E525.30064
G1 F1846.2 X165.967 Y145.198 E525.31492
G1 F1850.5 X166.081 Y145.589 E525.32942
G1 X166.28 Y145.954 E525.34421
G1 X166.531 Y146.265 E525.35844
G1 X166.843 Y146.516 E525.37269
G1 X167.207 Y146.715 E525.38745
G1 X167.597 Y146.829 E525.40191
G1 X168 Y146.872 E525.41633
G0 F9000 X168 Y147.306
;TYPE:WALL-OUTER
G1 F1800 X168.484 Y147.259 E525.43412
G1 X168.955 Y147.115 E525.45214
G1 X169.397 Y146.88 E525.47046
G1 X169.771 Y146.571 E525.48821
G1 X170.08 Y146.196 E525.50599
G1 X170.315 Y145.755 E525.52427
G1 X170.459 Y145.284 E525.54229
G1 X170.506 Y144.8 E525.56008
G1 X170.459 Y144.312 E525.57801
G1 X170.315 Y143.841 E525.59603
G1 X170.08 Y143.399 E525.61435
G1 X169.771 Y143.025 E525.6321
G1 X169.397 Y142.716 E525.64985
G1 X168.955 Y142.481 E525.66816
G1 X168.484 Y142.337 E525.68618
G1 X168 Y142.29 E525.70397
G1 X167.512 Y142.337 E525.72191
G1 X167.041 Y142.48 E525.73992
G1 X166.599 Y142.716 E525.75825
G1 X166.225 Y143.025 E525.776
G1 X165.916 Y143.399 E525.79375
G1 X165.68 Y143.841 E525.81208
G1 X165.537 Y144.312 E525.83009
G1 X165.49 Y144.8 E525.84803
G1 X165.537 Y145.284 E525.86582
G1 X165.681 Y145.755 E525.88384
G1 X165.916 Y146.197 E525.90215
G1 X166.225 Y146.571 E525.9199
G1 X166.599 Y146.88 E525.93765
G1 X167.041 Y147.116 E525.95598
G1 X167.512 Y147.259 E525.97399
G1 X168 Y147.306 E525.99193
G0 F9000 X168 Y146.019
G1 F1800 X167.525 Y145.926 E526.00963
G1 X167.136 Y145.66 E526.02688
G1 X166.87 Y145.275 E526.044
G1 X166.777 Y144.8 E526.0617
G1 X166.87 Y144.325 E526.07941
G1 X167.136 Y143.936 E526.09665
G1 X167.529 Y143.669 E526.11404
G1 X168 Y143.576 E526.1316
G1 X168.471 Y143.67 E526.14917
G1 X168.861 Y143.931 E526.16634
G1 X169.128 Y144.332 E526.18397
G1 X169.199 Y144.582 E526.19348
G1 X169.2 Y145.014 E526.20928
G1 X169.119 Y145.284 E526.2196
G1 X168.861 Y145.664 E526.2364
G1 X168.471 Y145.927 E526.25361
G1 X168 Y146.019 E526.27117
G1 F1500 E524.27117
G0 F9000 X172.091 Y149.792
;TYPE:WALL-INNER
G1 F1500 E526.27117
G1 F1763.9 X171.9 Y149.8 E526.2783
G1 F1800 X48.1 Y149.8 E530.80767
G1 F1867.9 X47.333 Y149.467 E530.83715
G1 F1829.1 X47.008 Y148.891 E530.86096
G1 X46.985 Y149.815 E530.89424
G1 F1867.9 X48.1 Y149.8 E530.93355
G0 F9000 X47.008 Y148.891
G1 F1763.9 X47 Y148.7 E530.94069
G1 F1800 X47 Y71.3 E533.77246
G1 F1867.9 X47.333 Y70.533 E533.80194
G1 F1829.1 X47.909 Y70.208 E533.82575
G1 X46.985 Y70.185 E533.85903
G1 F1867.9 X47 Y71.3 E533.89834
G0 F9000 X47.909 Y70.208
G1 F1763.9 X48.1 Y70.2 E533.90548
G1 F1800 X171.9 Y70.2 E538.43484
G1 F1500 E536.43484
G0 F9000 X173 Y71.3
G1 F1500 E538.43484
G1 F1800 X173 Y148.7 E541.26661
G1 F1767.9 X172.992 Y148.891 E541.27373
G0 F9000 X172.091 Y149.792
G1 F1824.9 X173.016 Y149.816 E541.30712
G1 F1833.3 X172.992 Y148.891 E541.34036
G1 X172.667 Y149.467 E541.36412
G1 F1824.9 X172.091 Y149.792 E541.38799
G1 F1500 E539.38799
G0 F9000 X110 Y149.36
G1 F1500 E541.38799
G1 F1800 X48.1 Y149.36 E543.65267
G1 X47.633 Y149.167 E543.67116
G1 X47.44 Y148.795 E543.68649
G1 X47.44 Y71.3 E546.52173
G1 X47.633 Y70.833 E546.54022
G1 X48.005 Y70.64 E546.55555
G1 X171.9 Y70.64 E551.08839
G1 X172.367 Y70.833 E551.10688
G1 X172.56 Y71.3 E551.12537
G1 X172.56 Y148.797 E553.96068
G1 X172.367 Y149.167 E553.97595
G1 X171.995 Y149.36 E553.99129
G1 X110 Y149.36 E556.25944
G1 F1500 E554.25944
G0 F9000 X110 Y148.035
G0 X165.598 Y75.398
G0 X166.015 Y75.055
G0 X171.247 Y71.953
G0 X173 Y71.3
G1 F1500 E556.25944
G1 F1867.9 X173.016 Y70.184 E556.29879
G1 X171.9 Y70.2 E556.33814
G1 X172.667 Y70.533 E556.36762
G1 X173 Y71.3 E556.3971
G1 F1500 E554.3971
G0 F9000 X110 Y150.24
G1 F1500 E556.3971
G1 F1800 X173.44 Y150.24 E558.71813
G1 X173.44 Y69.76 E561.66258
G1 X46.561 Y69.761 E566.30459
G1 X46.561 Y150.239 E569.24897
G1 X110 Y150.24 E571.56996
G0 F9000 X110 Y150.68
;TYPE:WALL-OUTER
G1 F1800 X173.88 Y150.68 E573.90709
G1 X173.88 Y69.32 E576.88374
G1 X46.121 Y69.321 E581.55795
G1 X46.121 Y150.679 E584.53452
G1 X110 Y150.68 E586.87161
G1 F1500 E584.87161
G0 F9000 X110 Y148.918
G1 F1500 E586.87161
G1 F1800 X48.1 Y148.92 E589.13629
G1 X47.944 Y148.856 E589.14246
G1 X47.883 Y148.738 E589.14732
G1 X47.88 Y71.3 E591.98048
G1 X47.944 Y71.144 E591.98665
G1 X48.062 Y71.083 E591.99151
G1 X171.9 Y71.08 E596.52226
G1 X172.056 Y71.144 E596.52843
G1 X172.12 Y71.3 E596.5346
G1 X172.117 Y148.738 E599.36776
G1 X172.056 Y148.856 E599.37262
G1 X171.938 Y148.917 E599.37748
G1 X110 Y148.918 E601.64355
G1 F1500 E599.64355
G0 F9000 X110 Y148.035
G0 X167.873 Y81.185
G0 X168 Y79.872
;TYPE:WALL-INNER
G1 F1500 E601.64355
G1 F1850.5 X168.398 Y79.829 E601.6578
G1 X168.789 Y79.715 E601.67229
G1 X169.153 Y79.516 E601.68706
G1 F1859.2 X169.465 Y79.265 E601.70124
G1 X169.716 Y78.953 E601.71542
G1 X169.915 Y78.59 E601.73009
G1 F1876.8 X170.034 Y78.199 E601.74443
G1 F1859.2 X170.069 Y77.8 E601.75862
G1 F1854.8 X170.034 Y77.396 E601.77301
G1 F1876.8 X169.915 Y77.006 E601.78732
G1 F1854.8 X169.715 Y76.643 E601.80204
G1 F1850.5 X169.465 Y76.331 E601.81627
G1 X169.153 Y76.081 E601.83049
G1 X168.789 Y75.881 E601.84527
G1 X168.398 Y75.767 E601.85977
G1 X168 Y75.723 E601.87402
G1 X167.597 Y75.768 E601.88845
G1 F1846.2 X167.207 Y75.881 E601.90293
G1 F1850.5 X166.843 Y76.08 E601.9177
G1 X166.531 Y76.331 E601.93195
G1 X166.28 Y76.643 E601.9462
G1 X166.081 Y77.007 E601.96096
G1 X165.967 Y77.397 E601.97542
G1 X165.924 Y77.8 E601.98985
G1 F1846.2 X165.967 Y78.198 E602.00413
G1 F1850.5 X166.081 Y78.589 E602.01862
G1 X166.28 Y78.954 E602.03342
G1 X166.531 Y79.265 E602.04764
G1 X166.843 Y79.516 E602.06189
G1 X167.207 Y79.715 E602.07665
G1 X167.597 Y79.829 E602.09111
G1 X168 Y79.872 E602.10554
G0 F9000 X168 Y79.448
G1 F1850.5 X167.681 Y79.403 E602.117
G1 X167.332 Y79.314 E602.12982
G1 F1867.9 X166.824 Y78.977 E602.15131
G1 F1876.8 X166.482 Y78.469 E602.1728
G1 F1850.5 X166.392 Y78.115 E602.1858
G1 F1846.2 X166.348 Y77.8 E602.19715
G1 F1850.5 X166.393 Y77.481 E602.20861
G1 X166.482 Y77.132 E602.22143
G1 F1867.9 X166.801 Y76.651 E602.24178
G1 F1850.5 X167.084 Y76.441 E602.25432
G1 F1841.9 X167.366 Y76.267 E602.26617
G1 F1837.6 X167.68 Y76.193 E602.27773
G1 F1850.5 X168 Y76.148 E602.28923
G1 X168.314 Y76.192 E602.30051
G1 F1841.9 X168.657 Y76.28 E602.31317
G1 X168.912 Y76.44 E602.32394
G1 F1846.2 X169.173 Y76.629 E602.33543
G1 F1867.9 X169.513 Y77.122 E602.35655
G1 F1876.8 X169.619 Y77.478 E602.36958
G1 F1854.8 X169.636 Y77.8 E602.38103
G1 F1859.2 X169.619 Y78.118 E602.39231
G1 F1876.8 X169.526 Y78.429 E602.4037
G1 F1859.2 X169.357 Y78.713 E602.41541
G1 X169.167 Y78.968 E602.42667
G1 X168.915 Y79.156 E602.43781
G1 F1841.9 X168.654 Y79.317 E602.44877
G1 X168.314 Y79.403 E602.46131
G1 F1850.5 X168 Y79.448 E602.4726
G0 F9000 X168 Y79.019
;TYPE:WALL-OUTER
G1 F1800 X167.525 Y78.926 E602.49031
G1 X167.136 Y78.66 E602.50755
G1 X166.87 Y78.275 E602.52467
G1 X166.777 Y77.8 E602.54238
G1 X166.87 Y77.325 E602.56009
G1 X167.136 Y76.936 E602.57733
G1 X167.529 Y76.669 E602.59471
G1 X168 Y76.576 E602.61227
G1 X168.471 Y76.67 E602.62985
G1 X168.861 Y76.931 E602.64702
G1 X169.128 Y77.332 E602.66464
G1 X169.199 Y77.582 E602.67415
G1 X169.2 Y78.014 E602.68995
G1 X169.119 Y78.284 E602.70027
G1 X168.861 Y78.664 E602.71707
G1 X168.471 Y78.927 E602.73428
G1 X168 Y79.019 E602.75184
G0 F9000 X168 Y80.306
G1 F1800 X168.484 Y80.259 E602.76963
G1 X168.955 Y80.115 E602.78765
G1 X169.397 Y79.88 E602.80597
G1 X169.771 Y79.571 E602.82371
G1 X170.08 Y79.196 E602.84149
G1 X170.315 Y78.755 E602.85977
G1 X170.459 Y78.284 E602.87779
G1 X170.506 Y77.8 E602.89558
G1 X170.459 Y77.312 E602.91352
G1 X170.315 Y76.841 E602.93154
G1 X170.08 Y76.399 E602.94986
G1 X169.771 Y76.025 E602.9676
G1 X169.397 Y75.716 E602.98535
G1 X168.955 Y75.481 E603.00367
G1 X168.484 Y75.337 E603.02169
G1 X168 Y75.29 E603.03948
G1 X167.512 Y75.337 E603.05742
G1 X167.041 Y75.48 E603.07542
G1 X166.599 Y75.716 E603.09376
G1 X166.225 Y76.025 E603.11151
G1 X165.916 Y76.399 E603.12925
G1 X165.68 Y76.841 E603.14759
G1 X165.537 Y77.312 E603.1656
G1 X165.49 Y77.8 E603.18353
G1 X165.537 Y78.284 E603.20132
G1 X165.681 Y78.755 E603.21934
G1 X165.916 Y79.197 E603.23766
G1 X166.225 Y79.571 E603.25541
G1 X166.599 Y79.88 E603.27316
G1 X167.041 Y80.116 E603.29149
G1 X167.512 Y80.259 E603.3095
G1 X168 Y80.306 E603.32743
G1 F1500 E601.32743
;MESH:NONMESH
G0 F300 Z2.84
G0 F9000 X52 Y79.448
;TIME_ELAPSED:5842.766957
;LAYER:14
;TYPE:WALL-INNER
;MESH:SmartKiln_Frente.stl
G1 F1500 E603.32743
G1 F1850.5 X51.681 Y79.403 E603.3389
G1 X51.332 Y79.314 E603.35172
G1 F1867.9 X50.824 Y78.977 E603.37321
G1 F1876.8 X50.482 Y78.469 E603.3947
G1 F1850.5 X50.392 Y78.115 E603.4077
G1 F1846.2 X50.348 Y77.8 E603.41904
G1 F1850.5 X50.393 Y77.481 E603.43051
G1 X50.482 Y77.132 E603.44332
G1 F1867.9 X50.801 Y76.651 E603.46367
G1 F1850.5 X51.084 Y76.441 E603.47621
G1 F1841.9 X51.366 Y76.267 E603.48806
G1 F1837.6 X51.68 Y76.193 E603.49962
G1 F1850.5 X52 Y76.148 E603.51112
G1 F1872.3 X52.431 Y76.208 E603.52643
G1 F1881.2 X52.69 Y76.301 E603.53606
G1 F1859.2 X52.912 Y76.44 E603.54534
G1 F1846.2 X53.173 Y76.629 E603.55684
G1 F1867.9 X53.513 Y77.122 E603.57795
G1 F1876.8 X53.619 Y77.478 E603.59098
G1 F1854.8 X53.636 Y77.8 E603.60243
G1 F1859.2 X53.619 Y78.118 E603.61371
G1 F1876.8 X53.526 Y78.429 E603.6251
G1 F1859.2 X53.357 Y78.713 E603.63681
G1 X53.167 Y78.968 E603.64807
G1 X52.915 Y79.156 E603.65921
G1 F1841.9 X52.654 Y79.317 E603.67017
G1 X52.314 Y79.403 E603.68271
G1 F1850.5 X52 Y79.448 E603.694
G0 F9000 X52 Y79.872
G1 F1850.5 X52.398 Y79.829 E603.70825
G1 X52.789 Y79.715 E603.72274
G1 X53.153 Y79.516 E603.73751
G1 F1859.2 X53.465 Y79.265 E603.75169
G1 X53.716 Y78.953 E603.76588
G1 X53.915 Y78.59 E603.78054
G1 F1876.8 X54.034 Y78.199 E603.79488
G1 F1859.2 X54.069 Y77.8 E603.80907
G1 F1854.8 X54.034 Y77.396 E603.82347
G1 F1876.8 X53.915 Y77.006 E603.83777
G1 F1854.8 X53.715 Y76.643 E603.85249
G1 F1850.5 X53.465 Y76.331 E603.86672
G1 X53.153 Y76.081 E603.88095
G1 X52.789 Y75.881 E603.89573
G1 X52.398 Y75.767 E603.91022
G1 X52 Y75.723 E603.92447
G1 X51.597 Y75.768 E603.9389
G1 F1846.2 X51.207 Y75.881 E603.95339
G1 F1850.5 X50.843 Y76.08 E603.96815
G1 X50.531 Y76.331 E603.9824
G1 X50.28 Y76.643 E603.99665
G1 X50.081 Y77.007 E604.01142
G1 X49.967 Y77.397 E604.02588
G1 X49.924 Y77.8 E604.0403
G1 F1846.2 X49.967 Y78.198 E604.05458
G1 F1850.5 X50.081 Y78.589 E604.06907
G1 X50.28 Y78.954 E604.08387
G1 X50.531 Y79.265 E604.09809
G1 X50.843 Y79.516 E604.11234
G1 X51.207 Y79.715 E604.12711
G1 X51.597 Y79.829 E604.14157
G1 X52 Y79.872 E604.15599
G0 F9000 X52 Y80.306
;TYPE:WALL-OUTER
G1 F1800 X52.484 Y80.259 E604.17378
G1 X52.955 Y80.115 E604.1918
G1 X53.397 Y79.88 E604.21011
G1 X53.771 Y79.571 E604.22786
G1 X54.08 Y79.196 E604.24564
G1 X54.315 Y78.755 E604.26392
G1 X54.459 Y78.284 E604.28194
G1 X54.506 Y77.8 E604.29973
G1 X54.459 Y77.312 E604.31767
G1 X54.315 Y76.841 E604.33569
G1 X54.08 Y76.399 E604.354
G1 X53.771 Y76.025 E604.37175
G1 X53.397 Y75.716 E604.3895
G1 X52.955 Y75.481 E604.40782
G1 X52.484 Y75.337 E604.42584
G1 X52 Y75.29 E604.44363
G1 X51.512 Y75.337 E604.46156
G1 X51.041 Y75.48 E604.47957
G1 X50.599 Y75.716 E604.49791
G1 X50.225 Y76.025 E604.51565
G1 X49.916 Y76.399 E604.5334
G1 X49.68 Y76.841 E604.55174
G1 X49.537 Y77.312 E604.56974
G1 X49.49 Y77.8 E604.58768
G1 X49.537 Y78.284 E604.60547
G1 X49.681 Y78.755 E604.62349
G1 X49.916 Y79.197 E604.64181
G1 X50.225 Y79.571 E604.65956
G1 X50.599 Y79.88 E604.6773
G1 X51.041 Y80.116 E604.69564
G1 X51.512 Y80.259 E604.71365
G1 X52 Y80.306 E604.73158
G0 F9000 X52 Y79.019
G1 F1800 X51.525 Y78.926 E604.74929
G1 X51.136 Y78.66 E604.76653
G1 X50.87 Y78.275 E604.78365
G1 X50.777 Y77.8 E604.80136
G1 X50.87 Y77.325 E604.81907
G1 X51.136 Y76.936 E604.83631
G1 X51.529 Y76.669 E604.85369
G1 X52 Y76.576 E604.87126
G1 X52.471 Y76.67 E604.88883
G1 X52.861 Y76.931 E604.906
G1 X53.128 Y77.332 E604.92362
G1 X53.199 Y77.582 E604.93313
G1 X53.2 Y78.014 E604.94894
G1 X53.119 Y78.284 E604.95925
G1 X52.861 Y78.664 E604.97606
G1 X52.471 Y78.927 E604.99327
G1 X52 Y79.019 E605.01082
G1 F1500 E603.01082
G0 F9000 X52 Y146.448
;TYPE:WALL-INNER
G1 F1500 E605.01082
G1 F1850.5 X51.681 Y146.403 E605.02229
G1 X51.332 Y146.314 E605.03511
G1 F1867.9 X50.824 Y145.977 E605.0566
G1 F1876.8 X50.482 Y145.469 E605.07809
G1 F1850.5 X50.392 Y145.115 E605.09109
G1 F1846.2 X50.348 Y144.8 E605.10243
G1 F1850.5 X50.393 Y144.481 E605.1139
G1 X50.482 Y144.132 E605.12671
G1 F1867.9 X50.801 Y143.651 E605.14706
G1 F1850.5 X51.084 Y143.441 E605.1596
G1 F1841.9 X51.366 Y143.267 E605.17145
G1 F1837.6 X51.68 Y143.193 E605.18301
G1 F1850.5 X52 Y143.148 E605.19451
G1 X52.314 Y143.192 E605.2058
G1 F1841.9 X52.657 Y143.28 E605.21846
G1 X52.912 Y143.44 E605.22922
G1 F1846.2 X53.173 Y143.629 E605.24072
G1 F1867.9 X53.513 Y144.122 E605.26183
G1 F1876.8 X53.619 Y144.478 E605.27486
G1 F1854.8 X53.636 Y144.8 E605.28631
G1 F1859.2 X53.619 Y145.118 E605.29759
G1 F1876.8 X53.526 Y145.429 E605.30898
G1 F1859.2 X53.357 Y145.713 E605.32069
G1 X53.167 Y145.968 E605.33195
G1 X52.915 Y146.156 E605.34309
G1 F1841.9 X52.654 Y146.317 E605.35406
G1 X52.314 Y146.403 E605.3666
G1 F1850.5 X52 Y146.448 E605.37788
G0 F9000 X52 Y146.872
G1 F1850.5 X52.398 Y146.829 E605.39213
G1 X52.789 Y146.715 E605.40663
G1 X53.153 Y146.516 E605.42139
G1 F1859.2 X53.465 Y146.265 E605.43557
G1 X53.716 Y145.953 E605.44976
G1 X53.915 Y145.59 E605.46442
G1 F1876.8 X54.034 Y145.199 E605.47876
G1 F1859.2 X54.069 Y144.8 E605.49295
G1 F1854.8 X54.034 Y144.396 E605.50735
G1 F1876.8 X53.915 Y144.006 E605.52166
G1 F1854.8 X53.715 Y143.643 E605.53637
G1 F1850.5 X53.465 Y143.331 E605.5506
G1 X53.153 Y143.081 E605.56483
G1 X52.789 Y142.881 E605.57961
G1 X52.398 Y142.767 E605.5941
G1 X52 Y142.723 E605.60835
G1 X51.597 Y142.768 E605.62278
G1 F1846.2 X51.207 Y142.881 E605.63727
G1 F1850.5 X50.843 Y143.08 E605.65203
G1 X50.531 Y143.331 E605.66628
G1 X50.28 Y143.643 E605.68053
G1 X50.081 Y144.007 E605.6953
G1 X49.967 Y144.397 E605.70976
G1 X49.924 Y144.8 E605.72418
G1 F1846.2 X49.967 Y145.198 E605.73846
G1 F1850.5 X50.081 Y145.589 E605.75295
G1 X50.28 Y145.954 E605.76775
G1 X50.531 Y146.265 E605.78197
G1 X50.843 Y146.516 E605.79622
G1 X51.207 Y146.715 E605.81099
G1 X51.597 Y146.829 E605.82545
G1 X52 Y146.872 E605.83987
G0 F9000 X52 Y147.306
;TYPE:WALL-OUTER
G1 F1800 X52.484 Y147.259 E605.85766
G1 X52.955 Y147.115 E605.87568
G1 X53.397 Y146.88 E605.894
G1 X53.771 Y146.571 E605.91175
G1 X54.08 Y146.196 E605.92952
G1 X54.315 Y145.755 E605.94781
G1 X54.459 Y145.284 E605.96582
G1 X54.506 Y144.8 E605.98362
G1 X54.459 Y144.312 E606.00155
G1 X54.315 Y143.841 E606.01957
G1 X54.08 Y143.399 E606.03789
G1 X53.771 Y143.025 E606.05564
G1 X53.397 Y142.716 E606.07338
G1 X52.955 Y142.481 E606.0917
G1 X52.484 Y142.337 E606.10972
G1 X52 Y142.29 E606.12751
G1 X51.512 Y142.337 E606.14545
G1 X51.041 Y142.48 E606.16346
G1 X50.599 Y142.716 E606.18179
G1 X50.225 Y143.025 E606.19954
G1 X49.916 Y143.399 E606.21729
G1 X49.68 Y143.841 E606.23562
G1 X49.537 Y144.312 E606.25363
G1 X49.49 Y144.8 E606.27156
G1 X49.537 Y145.284 E606.28935
G1 X49.681 Y145.755 E606.30737
G1 X49.916 Y146.197 E606.32569
G1 X50.225 Y146.571 E606.34344
G1 X50.599 Y146.88 E606.36119
G1 X51.041 Y147.116 E606.37952
G1 X51.512 Y147.259 E606.39753
G1 X52 Y147.306 E606.41546
G0 F9000 X52 Y146.019
G1 F1800 X51.525 Y145.926 E606.43317
G1 X51.136 Y145.66 E606.45041
G1 X50.87 Y145.275 E606.46753
G1 X50.777 Y144.8 E606.48524
G1 X50.87 Y144.325 E606.50295
G1 X51.136 Y143.936 E606.52019
G1 X51.529 Y143.669 E606.53757
G1 X52 Y143.576 E606.55514
G1 X52.471 Y143.67 E606.57271
G1 X52.861 Y143.931 E606.58988
G1 X53.128 Y144.332 E606.60751
G1 X53.199 Y144.582 E606.61701
G1 X53.2 Y145.014 E606.63282
G1 X53.119 Y145.284 E606.64313
G1 X52.861 Y145.664 E606.65994
G1 X52.471 Y145.927 E606.67715
G1 X52 Y146.019 E606.6947
G1 F1500 E604.6947
G0 F9000 X168 Y146.448
;TYPE:WALL-INNER
G1 F1500 E606.6947
G1 F1850.5 X167.681 Y146.403 E606.70617
G1 X167.332 Y146.314 E606.71899
G1 F1867.9 X166.824 Y145.977 E606.74048
G1 F1876.8 X166.482 Y145.469 E606.76197
G1 F1850.5 X166.392 Y145.115 E606.77497
G1 F1846.2 X166.348 Y144.8 E606.78631
G1 F1850.5 X166.393 Y144.481 E606.79778
G1 X166.482 Y144.132 E606.8106
G1 F1867.9 X166.801 Y143.651 E606.83094
G1 F1850.5 X167.084 Y143.441 E606.84349
G1 F1841.9 X167.366 Y143.267 E606.85533
G1 F1837.6 X167.68 Y143.193 E606.8669
G1 F1850.5 X168 Y143.148 E606.8784
G1 X168.314 Y143.192 E606.88968
G1 F1841.9 X168.657 Y143.28 E606.90234
G1 X168.912 Y143.44 E606.9131
G1 F1846.2 X169.173 Y143.629 E606.9246
G1 F1867.9 X169.513 Y144.122 E606.94571
G1 F1876.8 X169.619 Y144.478 E606.95875
G1 F1854.8 X169.636 Y144.8 E606.9702
G1 F1859.2 X169.619 Y145.118 E606.98148
G1 F1876.8 X169.526 Y145.429 E606.99287
G1 F1859.2 X169.357 Y145.713 E607.00457
G1 X169.167 Y145.968 E607.01584
G1 X168.915 Y146.156 E607.02697
G1 F1841.9 X168.654 Y146.317 E607.03794
G1 X168.314 Y146.403 E607.05048
G1 F1850.5 X168 Y146.448 E607.06177
G0 F9000 X168 Y146.872
G1 F1850.5 X168.398 Y146.829 E607.07601
G1 X168.789 Y146.715 E607.09051
G1 X169.153 Y146.516 E607.10527
G1 F1859.2 X169.465 Y146.265 E607.11945
G1 X169.716 Y145.953 E607.13364
G1 X169.915 Y145.59 E607.1483
G1 F1876.8 X170.034 Y145.199 E607.16264
G1 F1859.2 X170.069 Y144.8 E607.17683
G1 F1854.8 X170.034 Y144.396 E607.19123
G1 F1876.8 X169.915 Y144.006 E607.20554
G1 F1854.8 X169.715 Y143.643 E607.22025
G1 F1850.5 X169.465 Y143.331 E607.23448
G1 X169.153 Y143.081 E607.24871
G1 X168.789 Y142.881 E607.26349
G1 X168.398 Y142.767 E607.27798
G1 X168 Y142.723 E607.29223
G1 X167.597 Y142.768 E607.30667
G1 F1846.2 X167.207 Y142.881 E607.32115
G1 F1850.5 X166.843 Y143.08 E607.33591
G1 X166.531 Y143.331 E607.35016
G1 X166.28 Y143.643 E607.36441
G1 X166.081 Y144.007 E607.37918
G1 X165.967 Y144.397 E607.39364
G1 X165.924 Y144.8 E607.40806
G1 F1846.2 X165.967 Y145.198 E607.42234
G1 F1850.5 X166.081 Y145.589 E607.43684
G1 X166.28 Y145.954 E607.45163
G1 X166.531 Y146.265 E607.46585
G1 X166.843 Y146.516 E607.48011
G1 X167.207 Y146.715 E607.49487
G1 X167.597 Y146.829 E607.50933
G1 X168 Y146.872 E607.52375
G0 F9000 X168 Y147.306
;TYPE:WALL-OUTER
G1 F1800 X168.484 Y147.259 E607.54154
G1 X168.955 Y147.115 E607.55956
G1 X169.397 Y146.88 E607.57788
G1 X169.771 Y146.571 E607.59563
G1 X170.08 Y146.196 E607.6134
G1 X170.315 Y145.755 E607.63169
G1 X170.459 Y145.284 E607.64971
G1 X170.506 Y144.8 E607.6675
G1 X170.459 Y144.312 E607.68543
G1 X170.315 Y143.841 E607.70345
G1 X170.08 Y143.399 E607.72177
G1 X169.771 Y143.025 E607.73952
G1 X169.397 Y142.716 E607.75727
G1 X168.955 Y142.481 E607.77558
G1 X168.484 Y142.337 E607.7936
G1 X168 Y142.29 E607.81139
G1 X167.512 Y142.337 E607.82933
G1 X167.041 Y142.48 E607.84734
G1 X166.599 Y142.716 E607.86567
G1 X166.225 Y143.025 E607.88342
G1 X165.916 Y143.399 E607.90117
G1 X165.68 Y143.841 E607.9195
G1 X165.537 Y144.312 E607.93751
G1 X165.49 Y144.8 E607.95544
G1 X165.537 Y145.284 E607.97324
G1 X165.681 Y145.755 E607.99125
G1 X165.916 Y146.197 E608.00957
G1 X166.225 Y146.571 E608.02732
G1 X166.599 Y146.88 E608.04507
G1 X167.041 Y147.116 E608.0634
G1 X167.512 Y147.259 E608.08141
G1 X168 Y147.306 E608.09935
G0 F9000 X168 Y146.019
G1 F1800 X167.525 Y145.926 E608.11705
G1 X167.136 Y145.66 E608.13429
G1 X166.87 Y145.275 E608.15142
G1 X166.777 Y144.8 E608.16912
G1 X166.87 Y144.325 E608.18683
G1 X167.136 Y143.936 E608.20407
G1 X167.529 Y143.669 E608.22146
G1 X168 Y143.576 E608.23902
G1 X168.471 Y143.67 E608.25659
G1 X168.864 Y143.933 E608.27389
G1 X169.128 Y144.332 E608.2914
G1 X169.199 Y144.582 E608.30091
G1 X169.2 Y145.014 E608.31671
G1 X169.119 Y145.284 E608.32702
G1 X168.861 Y145.664 E608.34383
G1 X168.471 Y145.927 E608.36104
G1 X168 Y146.019 E608.3786
G1 F1500 E606.3786
G0 F9000 X172.091 Y149.792
;TYPE:WALL-INNER
G1 F1500 E608.3786
G1 F1763.9 X171.9 Y149.8 E608.38573
G1 F1800 X48.1 Y149.8 E612.9151
G1 F1867.9 X47.333 Y149.467 E612.94458
G1 F1829.1 X47.008 Y148.891 E612.96839
G1 X46.985 Y149.815 E613.00167
G1 F1867.9 X48.1 Y149.8 E613.04098
G0 F9000 X47.008 Y148.891
G1 F1763.9 X47 Y148.7 E613.04812
G1 F1800 X47 Y71.3 E615.87989
G1 F1867.9 X47.333 Y70.533 E615.90937
G1 F1829.1 X47.909 Y70.208 E615.93318
G1 X46.985 Y70.185 E615.96646
G1 F1867.9 X47 Y71.3 E616.00577
G0 F9000 X47.909 Y70.208
G1 F1763.9 X48.1 Y70.2 E616.01291
G1 F1800 X171.9 Y70.2 E620.54227
G1 F1500 E618.54227
G0 F9000 X173 Y71.3
G1 F1500 E620.54227
G1 F1800 X173 Y148.7 E623.37404
G1 F1767.9 X172.992 Y148.891 E623.38116
G0 F9000 X172.091 Y149.792
G1 F1824.9 X173.016 Y149.816 E623.41455
G1 F1833.3 X172.992 Y148.891 E623.44779
G1 X172.667 Y149.467 E623.47155
G1 F1824.9 X172.091 Y149.792 E623.49542
G1 F1500 E621.49542
G0 F9000 X110 Y149.36
G1 F1500 E623.49542
G1 F1800 X48.1 Y149.36 E625.7601
G1 X47.633 Y149.167 E625.77859
G1 X47.44 Y148.795 E625.79392
G1 X47.44 Y71.3 E628.62916
G1 X47.633 Y70.833 E628.64765
G1 X48.005 Y70.64 E628.66298
G1 X171.9 Y70.64 E633.19582
G1 X172.367 Y70.833 E633.21431
G1 X172.56 Y71.3 E633.2328
G1 X172.56 Y148.797 E636.06811
G1 X172.367 Y149.167 E636.08338
G1 X171.995 Y149.36 E636.09871
G1 X110 Y149.36 E638.36687
G1 F1500 E636.36687
G0 F9000 X110 Y148.035
G0 X165.598 Y75.398
G0 X166.015 Y75.055
G0 X171.247 Y71.953
G0 X173 Y71.3
G1 F1500 E638.36687
G1 F1867.9 X173.016 Y70.184 E638.40622
G1 X171.9 Y70.2 E638.44557
G1 X172.667 Y70.533 E638.47505
G1 X173 Y71.3 E638.50453
G1 F1500 E636.50453
G0 F9000 X110 Y150.24
G1 F1500 E638.50453
G1 F1800 X173.44 Y150.24 E640.82556
G1 X173.44 Y69.76 E643.77001
G1 X46.561 Y69.761 E648.41202
G1 X46.561 Y150.239 E651.3564
G1 X110 Y150.24 E653.67739
G0 F9000 X110 Y150.68
;TYPE:WALL-OUTER
G1 F1800 X173.88 Y150.68 E656.01452
G1 X173.88 Y69.32 E658.99116
G1 X46.121 Y69.321 E663.66537
G1 X46.121 Y150.679 E666.64195
G1 X110 Y150.68 E668.97904
G1 F1500 E666.97904
G0 F9000 X110 Y148.918
G1 F1500 E668.97904
G1 F1800 X48.1 Y148.92 E671.24372
G1 X47.944 Y148.856 E671.24989
G1 X47.883 Y148.738 E671.25475
G1 X47.88 Y71.3 E674.08791
G1 X47.944 Y71.144 E674.09408
G1 X48.062 Y71.083 E674.09894
G1 X171.9 Y71.08 E678.62969
G1 X172.056 Y71.144 E678.63586
G1 X172.12 Y71.3 E678.64203
G1 X172.117 Y148.738 E681.47519
G1 X172.056 Y148.856 E681.48005
G1 X171.938 Y148.917 E681.48491
G1 X110 Y148.918 E683.75098
G1 F1500 E681.75098
G0 F9000 X110 Y148.035
G0 X167.873 Y81.185
G0 X168 Y79.872
;TYPE:WALL-INNER
G1 F1500 E683.75098
G1 F1850.5 X168.398 Y79.829 E683.76523
G1 X168.789 Y79.715 E683.77972
G1 X169.153 Y79.516 E683.79449
G1 F1859.2 X169.465 Y79.265 E683.80867
G1 X169.716 Y78.953 E683.82285
G1 X169.915 Y78.59 E683.83752
G1 F1876.8 X170.034 Y78.199 E683.85186
G1 F1859.2 X170.069 Y77.8 E683.86605
G1 F1854.8 X170.034 Y77.396 E683.88044
G1 F1876.8 X169.915 Y77.006 E683.89475
G1 F1854.8 X169.715 Y76.643 E683.90947
G1 F1850.5 X169.465 Y76.331 E683.92369
G1 X169.153 Y76.081 E683.93792
G1 X168.789 Y75.881 E683.9527
G1 X168.398 Y75.767 E683.9672
G1 X168 Y75.723 E683.98145
G1 X167.597 Y75.768 E683.99588
G1 F1846.2 X167.207 Y75.881 E684.01036
G1 F1850.5 X166.843 Y76.08 E684.02513
G1 X166.531 Y76.331 E684.03938
G1 X166.28 Y76.643 E684.05363
G1 X166.081 Y77.007 E684.06839
G1 X165.967 Y77.397 E684.08285
G1 X165.924 Y77.8 E684.09728
G1 F1846.2 X165.967 Y78.198 E684.11156
G1 F1850.5 X166.081 Y78.589 E684.12605
G1 X166.28 Y78.954 E684.14085
G1 X166.531 Y79.265 E684.15507
G1 X166.843 Y79.516 E684.16932
G1 X167.207 Y79.715 E684.18408
G1 X167.597 Y79.829 E684.19854
G1 X168 Y79.872 E684.21297
G0 F9000 X168 Y79.448
G1 F1850.5 X167.681 Y79.403 E684.22443
G1 X167.332 Y79.314 E684.23725
G1 F1867.9 X166.824 Y78.977 E684.25874
G1 F1876.8 X166.482 Y78.469 E684.28023
G1 F1850.5 X166.392 Y78.115 E684.29323
G1 F1846.2 X166.348 Y77.8 E684.30458
G1 F1850.5 X166.393 Y77.481 E684.31604
G1 X166.482 Y77.132 E684.32886
G1 F1867.9 X166.801 Y76.651 E684.34921
G1 F1850.5 X167.084 Y76.441 E684.36175
G1 F1841.9 X167.366 Y76.267 E684.3736
G1 F1837.6 X167.68 Y76.193 E684.38516
G1 F1850.5 X168 Y76.148 E684.39666
G1 X168.314 Y76.192 E684.40794
G1 F1841.9 X168.657 Y76.28 E684.4206
G1 X168.912 Y76.44 E684.43137
G1 F1846.2 X169.173 Y76.629 E684.44286
G1 F1867.9 X169.513 Y77.122 E684.46398
G1 F1876.8 X169.619 Y77.478 E684.47701
G1 F1854.8 X169.636 Y77.8 E684.48846
G1 F1859.2 X169.619 Y78.118 E684.49974
G1 F1876.8 X169.526 Y78.429 E684.51113
G1 F1859.2 X169.357 Y78.713 E684.52283
G1 X169.167 Y78.968 E684.5341
G1 X168.915 Y79.156 E684.54524
G1 F1841.9 X168.654 Y79.317 E684.5562
G1 X168.314 Y79.403 E684.56874
G1 F1850.5 X168 Y79.448 E684.58003
G0 F9000 X168 Y79.019
;TYPE:WALL-OUTER
G1 F1800 X167.525 Y78.926 E684.59774
G1 X167.136 Y78.66 E684.61498
G1 X166.87 Y78.275 E684.6321
G1 X166.777 Y77.8 E684.64981
G1 X166.87 Y77.325 E684.66752
G1 X167.136 Y76.936 E684.68476
G1 X167.529 Y76.669 E684.70214
G1 X168 Y76.576 E684.7197
G1 X168.471 Y76.67 E684.73728
G1 X168.861 Y76.931 E684.75445
G1 X169.128 Y77.332 E684.77207
G1 X169.199 Y77.582 E684.78158
G1 X169.2 Y78.014 E684.79738
G1 X169.119 Y78.284 E684.8077
G1 X168.861 Y78.664 E684.8245
G1 X168.471 Y78.927 E684.84171
G1 X168 Y79.019 E684.85927
G0 F9000 X168 Y80.306
G1 F1800 X168.484 Y80.259 E684.87706
G1 X168.955 Y80.115 E684.89508
G1 X169.397 Y79.88 E684.91339
G1 X169.771 Y79.571 E684.93114
G1 X170.08 Y79.196 E684.94892
G1 X170.315 Y78.755 E684.9672
G1 X170.459 Y78.284 E684.98522
G1 X170.506 Y77.8 E685.00301
G1 X170.459 Y77.312 E685.02095
G1 X170.315 Y76.841 E685.03897
G1 X170.08 Y76.399 E685.05728
G1 X169.771 Y76.025 E685.07503
G1 X169.397 Y75.716 E685.09278
G1 X168.955 Y75.481 E685.1111
G1 X168.484 Y75.337 E685.12912
G1 X168 Y75.29 E685.14691
G1 X167.512 Y75.337 E685.16484
G1 X167.041 Y75.48 E685.18285
G1 X166.599 Y75.716 E685.20119
G1 X166.225 Y76.025 E685.21893
G1 X165.916 Y76.399 E685.23668
G1 X165.68 Y76.841 E685.25502
G1 X165.537 Y77.312 E685.27302
G1 X165.49 Y77.8 E685.29096
G1 X165.537 Y78.284 E685.30875
G1 X165.681 Y78.755 E685.32677
G1 X165.916 Y79.197 E685.34509
G1 X166.225 Y79.571 E685.36284
G1 X166.599 Y79.88 E685.38058
G1 X167.041 Y80.116 E685.39892
G1 X167.512 Y80.259 E685.41693
G1 X168 Y80.306 E685.43486
G1 F1500 E683.43486
;MESH:NONMESH
G0 F300 Z3.04
G0 F9000 X52 Y79.448
;TIME_ELAPSED:5929.555347
;LAYER:15
;TYPE:WALL-INNER
;MESH:SmartKiln_Frente.stl
G1 F1500 E685.43486
G1 F1850.5 X51.681 Y79.403 E685.44633
G1 X51.332 Y79.314 E685.45915
G1 F1867.9 X50.824 Y78.977 E685.48064
G1 F1876.8 X50.482 Y78.469 E685.50213
G1 F1850.5 X50.392 Y78.115 E685.51513
G1 F1846.2 X50.348 Y77.8 E685.52647
G1 F1850.5 X50.393 Y77.481 E685.53794
G1 X50.482 Y77.132 E685.55075
G1 F1867.9 X50.801 Y76.651 E685.5711
G1 F1850.5 X51.084 Y76.441 E685.58364
G1 F1841.9 X51.366 Y76.267 E685.59549
G1 F1837.6 X51.68 Y76.193 E685.60705
G1 F1850.5 X52 Y76.148 E685.61855
G1 X52.314 Y76.192 E685.62984
G1 F1841.9 X52.657 Y76.28 E685.6425
G1 F1859.2 X53.118 Y76.569 E685.66177
G1 F1850.5 X53.356 Y76.884 E685.67582
G1 F1854.8 X53.526 Y77.167 E685.68754
G1 F1876.8 X53.619 Y77.478 E685.69893
G1 F1854.8 X53.636 Y77.8 E685.71038
G1 F1859.2 X53.619 Y78.118 E685.72166
G1 F1876.8 X53.526 Y78.429 E685.73305
G1 F1859.2 X53.357 Y78.713 E685.74476
G1 X53.167 Y78.968 E685.75602
G1 X52.915 Y79.156 E685.76716
G1 F1841.9 X52.654 Y79.317 E685.77812
G1 X52.314 Y79.403 E685.79066
G1 F1850.5 X52 Y79.448 E685.80195
G0 F9000 X52 Y79.872
G1 F1850.5 X52.398 Y79.829 E685.8162
G1 X52.789 Y79.715 E685.83069
G1 X53.153 Y79.516 E685.84546
G1 F1859.2 X53.465 Y79.265 E685.85964
G1 X53.716 Y78.953 E685.87383
G1 X53.915 Y78.59 E685.88849
G1 F1876.8 X54.034 Y78.199 E685.90283
G1 F1859.2 X54.069 Y77.8 E685.91702
G1 F1854.8 X54.034 Y77.396 E685.93142
G1 F1876.8 X53.915 Y77.006 E685.94572
G1 F1854.8 X53.715 Y76.643 E685.96044
G1 F1850.5 X53.465 Y76.331 E685.97467
G1 X53.153 Y76.081 E685.9889
G1 X52.789 Y75.881 E686.00368
G1 X52.398 Y75.767 E686.01817
G1 X52 Y75.723 E686.03242
G1 X51.597 Y75.768 E686.04685
G1 F1846.2 X51.207 Y75.881 E686.06134
G1 F1850.5 X50.843 Y76.08 E686.0761
G1 X50.531 Y76.331 E686.09035
G1 X50.28 Y76.643 E686.1046
G1 X50.081 Y77.007 E686.11937
G1 X49.967 Y77.397 E686.13383
G1 X49.924 Y77.8 E686.14825
G1 F1846.2 X49.967 Y78.198 E686.16253
G1 F1850.5 X50.081 Y78.589 E686.17702
G1 X50.28 Y78.954 E686.19182
G1 X50.531 Y79.265 E686.20604
G1 X50.843 Y79.516 E686.22029
G1 X51.207 Y79.715 E686.23506
G1 X51.597 Y79.829 E686.24952
G1 X52 Y79.872 E686.26394
G0 F9000 X52 Y80.306
;TYPE:WALL-OUTER
G1 F1800 X52.484 Y80.259 E686.28173
G1 X52.955 Y80.115 E686.29975
G1 X53.397 Y79.88 E686.31806
G1 X53.771 Y79.571 E686.33581
G1 X54.08 Y79.196 E686.35359
G1 X54.315 Y78.755 E686.37187
G1 X54.459 Y78.284 E686.38989
G1 X54.506 Y77.8 E686.40768
G1 X54.459 Y77.312 E686.42562
G1 X54.315 Y76.841 E686.44364
G1 X54.08 Y76.399 E686.46195
G1 X53.771 Y76.025 E686.4797
G1 X53.397 Y75.716 E686.49745
G1 X52.955 Y75.481 E686.51577
G1 X52.484 Y75.337 E686.53379
G1 X52 Y75.29 E686.55158
G1 X51.512 Y75.337 E686.56951
G1 X51.041 Y75.48 E686.58752
G1 X50.599 Y75.716 E686.60586
G1 X50.225 Y76.025 E686.6236
G1 X49.916 Y76.399 E686.64135
G1 X49.68 Y76.841 E686.65969
G1 X49.537 Y77.312 E686.67769
G1 X49.49 Y77.8 E686.69563
G1 X49.537 Y78.284 E686.71342
G1 X49.681 Y78.755 E686.73144
G1 X49.916 Y79.197 E686.74976
G1 X50.225 Y79.571 E686.76751
G1 X50.599 Y79.88 E686.78525
G1 X51.041 Y80.116 E686.80359
G1 X51.512 Y80.259 E686.8216
G1 X52 Y80.306 E686.83953
G0 F9000 X52 Y79.019
G1 F1800 X51.525 Y78.926 E686.85724
G1 X51.136 Y78.66 E686.87448
G1 X50.87 Y78.275 E686.8916
G1 X50.777 Y77.8 E686.90931
G1 X50.87 Y77.325 E686.92702
G1 X51.136 Y76.936 E686.94426
G1 X51.529 Y76.669 E686.96164
G1 X52 Y76.576 E686.97921
G1 X52.471 Y76.67 E686.99678
G1 X52.861 Y76.931 E687.01395
G1 X53.128 Y77.332 E687.03157
G1 X53.199 Y77.582 E687.04108
G1 X53.2 Y78.014 E687.05689
G1 X53.119 Y78.284 E687.0672
G1 X52.861 Y78.664 E687.08401
G1 X52.471 Y78.927 E687.10122
G1 X52 Y79.019 E687.11877
G1 F1500 E685.11877
G0 F9000 X52 Y146.448
;TYPE:WALL-INNER
G1 F1500 E687.11877
G1 F1850.5 X51.681 Y146.403 E687.13024
G1 X51.332 Y146.314 E687.14306
G1 F1867.9 X50.824 Y145.977 E687.16455
G1 F1876.8 X50.482 Y145.469 E687.18604
G1 F1850.5 X50.392 Y145.115 E687.19904
G1 F1846.2 X50.348 Y144.8 E687.21038
G1 F1850.5 X50.393 Y144.481 E687.22185
G1 X50.482 Y144.132 E687.23466
G1 F1867.9 X50.801 Y143.651 E687.25501
G1 F1850.5 X51.084 Y143.441 E687.26755
G1 F1841.9 X51.366 Y143.267 E687.2794
G1 F1837.6 X51.68 Y143.193 E687.29096
G1 F1850.5 X52 Y143.148 E687.30246
G1 X52.314 Y143.192 E687.31375
G1 F1841.9 X52.657 Y143.28 E687.32641
G1 X52.912 Y143.44 E687.33717
G1 F1846.2 X53.173 Y143.629 E687.34867
G1 F1867.9 X53.513 Y144.122 E687.36978
G1 F1876.8 X53.619 Y144.478 E687.38281
G1 F1854.8 X53.636 Y144.8 E687.39426
G1 F1859.2 X53.619 Y145.118 E687.40554
G1 F1876.8 X53.526 Y145.429 E687.41693
G1 F1859.2 X53.357 Y145.713 E687.42864
G1 X53.167 Y145.968 E687.4399
G1 X52.915 Y146.156 E687.45104
G1 F1841.9 X52.654 Y146.317 E687.46201
G1 X52.314 Y146.403 E687.47455
G1 F1850.5 X52 Y146.448 E687.48583
G0 F9000 X52 Y146.872
G1 F1850.5 X52.398 Y146.829 E687.50008
G1 X52.789 Y146.715 E687.51458
G1 X53.153 Y146.516 E687.52934
G1 F1859.2 X53.465 Y146.265 E687.54352
G1 X53.716 Y145.953 E687.55771
G1 X53.915 Y145.59 E687.57237
G1 F1876.8 X54.034 Y145.199 E687.58671
G1 F1859.2 X54.069 Y144.8 E687.6009
G1 F1854.8 X54.034 Y144.396 E687.6153
G1 F1876.8 X53.915 Y144.006 E687.62961
G1 F1854.8 X53.715 Y143.643 E687.64432
G1 F1850.5 X53.465 Y143.331 E687.65855
G1 X53.153 Y143.081 E687.67278
G1 X52.789 Y142.881 E687.68756
G1 X52.398 Y142.767 E687.70205
G1 X52 Y142.723 E687.7163
G1 X51.597 Y142.768 E687.73073
G1 F1846.2 X51.207 Y142.881 E687.74522
G1 F1850.5 X50.843 Y143.08 E687.75998
G1 X50.531 Y143.331 E687.77423
G1 X50.28 Y143.643 E687.78848
G1 X50.081 Y144.007 E687.80325
G1 X49.967 Y144.397 E687.81771
G1 X49.924 Y144.8 E687.83213
G1 F1846.2 X49.967 Y145.198 E687.84641
G1 F1850.5 X50.081 Y145.589 E687.86091
G1 X50.28 Y145.954 E687.8757
G1 X50.531 Y146.265 E687.88992
G1 X50.843 Y146.516 E687.90417
G1 X51.207 Y146.715 E687.91894
G1 X51.597 Y146.829 E687.9334
G1 X52 Y146.872 E687.94782
G0 F9000 X52 Y147.306
;TYPE:WALL-OUTER
G1 F1800 X52.484 Y147.259 E687.96561
G1 X52.955 Y147.115 E687.98363
G1 X53.397 Y146.88 E688.00195
G1 X53.771 Y146.571 E688.0197
G1 X54.08 Y146.196 E688.03747
G1 X54.315 Y145.755 E688.05576
G1 X54.459 Y145.284 E688.07377
G1 X54.506 Y144.8 E688.09157
G1 X54.459 Y144.312 E688.1095
G1 X54.315 Y143.841 E688.12752
G1 X54.08 Y143.399 E688.14584
G1 X53.771 Y143.025 E688.16359
G1 X53.397 Y142.716 E688.18133
G1 X52.955 Y142.481 E688.19965
G1 X52.484 Y142.337 E688.21767
G1 X52 Y142.29 E688.23546
G1 X51.512 Y142.337 E688.2534
G1 X51.041 Y142.48 E688.27141
G1 X50.599 Y142.716 E688.28974
G1 X50.225 Y143.025 E688.30749
G1 X49.916 Y143.399 E688.32524
G1 X49.68 Y143.841 E688.34357
G1 X49.537 Y144.312 E688.36158
G1 X49.49 Y144.8 E688.37951
G1 X49.537 Y145.284 E688.3973
G1 X49.681 Y145.755 E688.41532
G1 X49.916 Y146.197 E688.43364
G1 X50.225 Y146.571 E688.45139
G1 X50.599 Y146.88 E688.46914
G1 X51.041 Y147.116 E688.48747
G1 X51.512 Y147.259 E688.50548
G1 X52 Y147.306 E688.52341
G0 F9000 X52 Y146.019
G1 F1800 X51.525 Y145.926 E688.54112
G1 X51.136 Y145.66 E688.55836
G1 X50.87 Y145.275 E688.57548
G1 X50.777 Y144.8 E688.59319
G1 X50.87 Y144.325 E688.6109
G1 X51.136 Y143.936 E688.62814
G1 X51.529 Y143.669 E688.64552
G1 X52 Y143.576 E688.66309
G1 X52.471 Y143.67 E688.68066
G1 X52.861 Y143.931 E688.69783
G1 X53.128 Y144.332 E688.71546
G1 X53.199 Y144.582 E688.72496
G1 X53.2 Y145.014 E688.74077
G1 X53.119 Y145.284 E688.75108
G1 X52.861 Y145.664 E688.76789
G1 X52.471 Y145.927 E688.7851
G1 X52 Y146.019 E688.80265
G1 F1500 E686.80265
G0 F9000 X168 Y146.448
;TYPE:WALL-INNER
G1 F1500 E688.80265
G1 F1850.5 X167.681 Y146.403 E688.81412
G1 X167.332 Y146.314 E688.82694
G1 F1867.9 X166.824 Y145.977 E688.84843
G1 F1876.8 X166.482 Y145.469 E688.86992
G1 F1850.5 X166.392 Y145.115 E688.88292
G1 F1846.2 X166.348 Y144.8 E688.89426
G1 F1850.5 X166.393 Y144.481 E688.90573
G1 X166.482 Y144.132 E688.91855
G1 F1867.9 X166.801 Y143.651 E688.93889
G1 F1850.5 X167.084 Y143.441 E688.95144
G1 F1841.9 X167.366 Y143.267 E688.96328
G1 F1837.6 X167.68 Y143.193 E688.97485
G1 F1850.5 X168 Y143.148 E688.98635
G1 X168.314 Y143.192 E688.99763
G1 F1841.9 X168.657 Y143.28 E689.01029
G1 X168.912 Y143.44 E689.02105
G1 F1846.2 X169.173 Y143.629 E689.03255
G1 F1867.9 X169.513 Y144.122 E689.05366
G1 F1876.8 X169.619 Y144.478 E689.0667
G1 F1854.8 X169.636 Y144.8 E689.07815
G1 F1859.2 X169.619 Y145.118 E689.08943
G1 F1876.8 X169.526 Y145.429 E689.10082
G1 F1859.2 X169.357 Y145.713 E689.11252
G1 X169.167 Y145.968 E689.12379
G1 X168.915 Y146.156 E689.13492
G1 F1841.9 X168.654 Y146.317 E689.14589
G1 X168.314 Y146.403 E689.15843
G1 F1850.5 X168 Y146.448 E689.16972
G0 F9000 X168 Y146.872
G1 F1850.5 X168.398 Y146.829 E689.18396
G1 X168.789 Y146.715 E689.19846
G1 X169.153 Y146.516 E689.21322
G1 F1859.2 X169.465 Y146.265 E689.2274
G1 X169.716 Y145.953 E689.24159
G1 X169.915 Y145.59 E689.25625
G1 F1876.8 X170.034 Y145.199 E689.27059
G1 F1859.2 X170.069 Y144.8 E689.28478
G1 F1854.8 X170.034 Y144.396 E689.29918
G1 F1876.8 X169.915 Y144.006 E689.31349
G1 F1854.8 X169.715 Y143.643 E689.3282
G1 F1850.5 X169.465 Y143.331 E689.34243
G1 X169.153 Y143.081 E689.35666
G1 X168.789 Y142.881 E689.37144
G1 X168.398 Y142.767 E689.38593
G1 X168 Y142.723 E689.40018
G1 X167.597 Y142.768 E689.41462
G1 F1846.2 X167.207 Y142.881 E689.4291
G1 F1850.5 X166.843 Y143.08 E689.44386
G1 X166.531 Y143.331 E689.45811
G1 X166.28 Y143.643 E689.47237
G1 X166.081 Y144.007 E689.48713
G1 X165.967 Y144.397 E689.50159
G1 X165.924 Y144.8 E689.51601
G1 F1846.2 X165.967 Y145.198 E689.53029
G1 F1850.5 X166.081 Y145.589 E689.54479
G1 X166.28 Y145.954 E689.55958
G1 X166.531 Y146.265 E689.5738
G1 X166.843 Y146.516 E689.58806
G1 X167.207 Y146.715 E689.60282
G1 X167.597 Y146.829 E689.61728
G1 X168 Y146.872 E689.6317
G0 F9000 X168 Y147.306
;TYPE:WALL-OUTER
G1 F1800 X168.484 Y147.259 E689.64949
G1 X168.955 Y147.115 E689.66751
G1 X169.397 Y146.88 E689.68583
G1 X169.771 Y146.571 E689.70358
G1 X170.08 Y146.196 E689.72135
G1 X170.315 Y145.755 E689.73964
G1 X170.459 Y145.284 E689.75766
G1 X170.506 Y144.8 E689.77545
G1 X170.459 Y144.312 E689.79338
G1 X170.315 Y143.841 E689.8114
G1 X170.08 Y143.399 E689.82972
G1 X169.771 Y143.025 E689.84747
G1 X169.397 Y142.716 E689.86522
G1 X168.955 Y142.481 E689.88353
G1 X168.484 Y142.337 E689.90155
G1 X168 Y142.29 E689.91934
G1 X167.512 Y142.337 E689.93728
G1 X167.041 Y142.48 E689.95529
G1 X166.599 Y142.716 E689.97362
G1 X166.225 Y143.025 E689.99137
G1 X165.916 Y143.399 E690.00912
G1 X165.68 Y143.841 E690.02745
G1 X165.537 Y144.312 E690.04546
G1 X165.49 Y144.8 E690.06339
G1 X165.537 Y145.284 E690.08119
G1 X165.681 Y145.755 E690.09921
G1 X165.916 Y146.197 E690.11752
G1 X166.225 Y146.571 E690.13527
G1 X166.599 Y146.88 E690.15302
G1 X167.041 Y147.116 E690.17135
G1 X167.512 Y147.259 E690.18936
G1 X168 Y147.306 E690.2073
G0 F9000 X168 Y146.019
G1 F1800 X167.525 Y145.926 E690.225
G1 X167.136 Y145.66 E690.24225
G1 X166.87 Y145.275 E690.25937
G1 X166.777 Y144.8 E690.27707
G1 X166.87 Y144.325 E690.29478
G1 X167.136 Y143.936 E690.31202
G1 X167.529 Y143.669 E690.32941
G1 X168 Y143.576 E690.34697
G1 X168.471 Y143.67 E690.36454
G1 X168.861 Y143.931 E690.38171
G1 X169.128 Y144.332 E690.39934
G1 X169.199 Y144.582 E690.40885
G1 X169.2 Y145.014 E690.42465
G1 X169.119 Y145.284 E690.43496
G1 X168.861 Y145.664 E690.45177
G1 X168.471 Y145.927 E690.46898
G1 X168 Y146.019 E690.48654
G1 F1500 E688.48654
G0 F9000 X172.091 Y149.792
;TYPE:WALL-INNER
G1 F1500 E690.48654
G1 F1763.9 X171.9 Y149.8 E690.49367
G1 F1800 X48.1 Y149.8 E695.02304
G1 F1867.9 X47.333 Y149.467 E695.05252
G1 F1829.1 X47.008 Y148.891 E695.07633
G1 X46.985 Y149.815 E695.10961
G1 F1867.9 X48.1 Y149.8 E695.14892
G0 F9000 X47.008 Y148.891
G1 F1763.9 X47 Y148.7 E695.15606
G1 F1800 X47 Y71.3 E697.98783
G1 F1867.9 X47.333 Y70.533 E698.01731
G1 F1829.1 X47.909 Y70.208 E698.04112
G1 X46.985 Y70.185 E698.0744
G1 F1867.9 X47 Y71.3 E698.11371
G0 F9000 X47.909 Y70.208
G1 F1763.9 X48.1 Y70.2 E698.12085
G1 F1800 X171.9 Y70.2 E702.65021
G1 F1500 E700.65021
G0 F9000 X173 Y71.3
G1 F1500 E702.65021
G1 F1867.9 X173.016 Y70.184 E702.68956
G1 X171.9 Y70.2 E702.72891
G1 X172.667 Y70.533 E702.75839
G1 X173 Y71.3 E702.78787
G1 F1800 X173 Y148.7 E705.61964
G1 F1767.9 X172.992 Y148.891 E705.62676
G0 F9000 X172.091 Y149.792
G1 F1824.9 X173.016 Y149.816 E705.66015
G1 F1833.3 X172.992 Y148.891 E705.69339
G1 X172.667 Y149.467 E705.71715
G1 F1824.9 X172.091 Y149.792 E705.74101
G1 F1500 E703.74101
G0 F9000 X172.091 Y151.565
G0 X110 Y151.565
G0 X110 Y150.24
G1 F1500 E705.74101
G1 F1800 X173.44 Y150.24 E708.06204
G1 X173.44 Y69.76 E711.00649
G1 X46.561 Y69.761 E715.64851
G1 X46.561 Y150.239 E718.59289
G1 X110 Y150.24 E720.91388
G0 F9000 X110 Y149.36
G1 F1800 X48.1 Y149.36 E723.17856
G1 X47.633 Y149.167 E723.19705
G1 X47.44 Y148.795 E723.21238
G1 X47.44 Y71.3 E726.04762
G1 X47.633 Y70.833 E726.06611
G1 X48.005 Y70.64 E726.08144
G1 X171.9 Y70.64 E730.61428
G1 X172.367 Y70.833 E730.63277
G1 X172.56 Y71.3 E730.65126
G1 X172.56 Y148.797 E733.48657
G1 X172.367 Y149.167 E733.50184
G1 X171.995 Y149.36 E733.51717
G1 X110 Y149.36 E735.78533
G0 F9000 X110 Y148.918
;TYPE:WALL-OUTER
G1 F1800 X48.1 Y148.92 E738.05002
G1 X47.944 Y148.856 E738.05618
G1 X47.883 Y148.738 E738.06104
G1 X47.88 Y71.3 E740.8942
G1 X47.944 Y71.144 E740.90037
G1 X48.062 Y71.083 E740.90523
G1 X171.9 Y71.08 E745.43599
G1 X172.056 Y71.144 E745.44216
G1 X172.12 Y71.3 E745.44832
G1 X172.117 Y148.738 E748.28148
G1 X172.056 Y148.856 E748.28634
G1 X171.938 Y148.917 E748.2912
G1 X110 Y148.918 E750.55728
G1 F1500 E748.55728
G0 F9000 X110 Y150.68
G1 F1500 E750.55728
G1 F1800 X173.88 Y150.68 E752.8944
G1 X173.88 Y69.32 E755.87105
G1 X46.121 Y69.321 E760.54526
G1 X46.121 Y150.679 E763.52183
G1 X110 Y150.68 E765.85892
G1 F1500 E763.85892
G0 F9000 X168 Y79.872
;TYPE:WALL-INNER
G1 F1500 E765.85892
G1 F1850.5 X168.398 Y79.829 E765.87317
G1 X168.789 Y79.715 E765.88766
G1 X169.153 Y79.516 E765.90242
G1 F1859.2 X169.465 Y79.265 E765.91661
G1 X169.716 Y78.953 E765.93079
G1 X169.915 Y78.59 E765.94546
G1 F1876.8 X170.034 Y78.199 E765.9598
G1 F1859.2 X170.069 Y77.8 E765.97399
G1 F1854.8 X170.034 Y77.396 E765.98838
G1 F1876.8 X169.915 Y77.006 E766.00269
G1 F1854.8 X169.715 Y76.643 E766.01741
G1 F1850.5 X169.465 Y76.331 E766.03163
G1 X169.153 Y76.081 E766.04586
G1 X168.789 Y75.881 E766.06064
G1 X168.398 Y75.767 E766.07514
G1 X168 Y75.723 E766.08939
G1 X167.597 Y75.768 E766.10382
G1 F1846.2 X167.207 Y75.881 E766.1183
G1 F1850.5 X166.843 Y76.08 E766.13307
G1 X166.531 Y76.331 E766.14732
G1 X166.28 Y76.643 E766.16157
G1 X166.081 Y77.007 E766.17633
G1 X165.967 Y77.397 E766.19079
G1 X165.924 Y77.8 E766.20522
G1 F1846.2 X165.967 Y78.198 E766.2195
G1 F1850.5 X166.081 Y78.589 E766.23399
G1 X166.28 Y78.954 E766.24879
G1 X166.531 Y79.265 E766.26301
G1 X166.843 Y79.516 E766.27726
G1 X167.207 Y79.715 E766.29202
G1 X167.597 Y79.829 E766.30648
G1 X168 Y79.872 E766.32091
G0 F9000 X168 Y79.448
G1 F1850.5 X167.681 Y79.403 E766.33237
G1 X167.332 Y79.314 E766.34519
G1 F1867.9 X166.824 Y78.977 E766.36668
G1 F1876.8 X166.482 Y78.469 E766.38817
G1 F1850.5 X166.392 Y78.115 E766.40117
G1 F1846.2 X166.348 Y77.8 E766.41252
G1 F1850.5 X166.393 Y77.481 E766.42398
G1 X166.482 Y77.132 E766.4368
G1 F1867.9 X166.801 Y76.651 E766.45715
G1 F1850.5 X167.084 Y76.441 E766.46969
G1 F1841.9 X167.366 Y76.267 E766.48154
G1 F1837.6 X167.68 Y76.193 E766.4931
G1 F1850.5 X168 Y76.148 E766.5046
G1 X168.314 Y76.192 E766.51588
G1 F1841.9 X168.657 Y76.28 E766.52854
G1 X168.912 Y76.44 E766.53931
G1 F1846.2 X169.173 Y76.629 E766.5508
G1 F1867.9 X169.513 Y77.122 E766.57192
G1 F1876.8 X169.619 Y77.478 E766.58495
G1 F1854.8 X169.636 Y77.8 E766.5964
G1 F1859.2 X169.619 Y78.118 E766.60768
G1 F1876.8 X169.526 Y78.429 E766.61907
G1 F1859.2 X169.357 Y78.713 E766.63077
G1 X169.167 Y78.968 E766.64204
G1 X168.915 Y79.156 E766.65318
G1 F1841.9 X168.654 Y79.317 E766.66414
G1 X168.314 Y79.403 E766.67668
G1 F1850.5 X168 Y79.448 E766.68797
G0 F9000 X168 Y79.019
;TYPE:WALL-OUTER
G1 F1800 X167.525 Y78.926 E766.70568
G1 X167.136 Y78.66 E766.72292
G1 X166.87 Y78.275 E766.74004
G1 X166.777 Y77.8 E766.75775
G1 X166.87 Y77.325 E766.77546
G1 X167.136 Y76.936 E766.7927
G1 X167.529 Y76.669 E766.81008
G1 X168 Y76.576 E766.82764
G1 X168.471 Y76.67 E766.84522
G1 X168.861 Y76.931 E766.86239
G1 X169.128 Y77.332 E766.88001
G1 X169.199 Y77.582 E766.88952
G1 X169.2 Y78.014 E766.90532
G1 X169.119 Y78.284 E766.91564
G1 X168.861 Y78.664 E766.93244
G1 X168.471 Y78.927 E766.94965
G1 X168 Y79.019 E766.96721
G0 F9000 X168 Y80.306
G1 F1800 X168.484 Y80.259 E766.985
G1 X168.955 Y80.115 E767.00302
G1 X169.397 Y79.88 E767.02133
G1 X169.771 Y79.571 E767.03908
G1 X170.08 Y79.196 E767.05686
G1 X170.315 Y78.755 E767.07514
G1 X170.459 Y78.284 E767.09316
G1 X170.506 Y77.8 E767.11095
G1 X170.459 Y77.312 E767.12889
G1 X170.315 Y76.841 E767.14691
G1 X170.08 Y76.399 E767.16522
G1 X169.771 Y76.025 E767.18297
G1 X169.397 Y75.716 E767.20072
G1 X168.955 Y75.481 E767.21904
G1 X168.484 Y75.337 E767.23706
G1 X168 Y75.29 E767.25485
G1 X167.512 Y75.337 E767.27278
G1 X167.041 Y75.48 E767.29079
G1 X166.599 Y75.716 E767.30913
G1 X166.225 Y76.025 E767.32687
G1 X165.916 Y76.399 E767.34462
G1 X165.68 Y76.841 E767.36296
G1 X165.537 Y77.312 E767.38096
G1 X165.49 Y77.8 E767.3989
G1 X165.537 Y78.284 E767.41669
G1 X165.681 Y78.755 E767.43471
G1 X165.916 Y79.197 E767.45303
G1 X166.225 Y79.571 E767.47078
G1 X166.599 Y79.88 E767.48852
G1 X167.041 Y80.116 E767.50686
G1 X167.512 Y80.259 E767.52487
G1 X168 Y80.306 E767.5428
G1 F1500 E765.5428
;MESH:NONMESH
G0 F300 Z3.24
G0 F9000 X52 Y79.448
;TIME_ELAPSED:6014.018117
;LAYER:16
;TYPE:WALL-INNER
;MESH:SmartKiln_Frente.stl
G1 F1500 E767.5428
G1 F1850.5 X51.681 Y79.403 E767.55427
G1 X51.332 Y79.314 E767.56708
G1 F1867.9 X50.824 Y78.977 E767.58858
G1 F1876.8 X50.482 Y78.469 E767.61007
G1 F1850.5 X50.392 Y78.115 E767.62307
G1 F1846.2 X50.348 Y77.8 E767.63441
G1 F1850.5 X50.393 Y77.481 E767.64588
G1 X50.482 Y77.132 E767.65869
G1 F1867.9 X50.801 Y76.651 E767.67904
G1 F1850.5 X51.084 Y76.441 E767.69158
G1 F1841.9 X51.366 Y76.267 E767.70343
G1 F1837.6 X51.68 Y76.193 E767.71499
G1 F1850.5 X52 Y76.148 E767.72649
G1 X52.314 Y76.192 E767.73778
G1 F1841.9 X52.657 Y76.28 E767.75044
G1 X52.912 Y76.44 E767.7612
G1 F1846.2 X53.173 Y76.629 E767.7727
G1 F1867.9 X53.513 Y77.122 E767.79381
G1 F1876.8 X53.619 Y77.478 E767.80684
G1 F1854.8 X53.636 Y77.8 E767.81829
G1 F1859.2 X53.619 Y78.118 E767.82957
G1 F1876.8 X53.526 Y78.429 E767.84096
G1 F1859.2 X53.357 Y78.713 E767.85267
G1 X53.167 Y78.968 E767.86393
G1 X52.915 Y79.156 E767.87507
G1 F1841.9 X52.654 Y79.317 E767.88604
G1 X52.314 Y79.403 E767.89857
G1 F1850.5 X52 Y79.448 E767.90986
G0 F9000 X52 Y79.872
G1 F1850.5 X52.398 Y79.829 E767.92411
G1 X52.789 Y79.715 E767.9386
G1 X53.153 Y79.516 E767.95337
G1 F1859.2 X53.465 Y79.265 E767.96755
G1 X53.716 Y78.953 E767.98174
G1 X53.915 Y78.59 E767.9964
G1 F1876.8 X54.034 Y78.199 E768.01074
G1 F1859.2 X54.069 Y77.8 E768.02493
G1 F1854.8 X54.034 Y77.396 E768.03933
G1 F1876.8 X53.915 Y77.006 E768.05363
G1 F1854.8 X53.715 Y76.643 E768.06835
G1 F1850.5 X53.465 Y76.331 E768.08258
G1 X53.153 Y76.081 E768.09681
G1 X52.789 Y75.881 E768.11159
G1 X52.398 Y75.767 E768.12608
G1 X52 Y75.723 E768.14033
G1 X51.597 Y75.768 E768.15476
G1 F1846.2 X51.207 Y75.881 E768.16925
G1 F1850.5 X50.843 Y76.08 E768.18401
G1 X50.531 Y76.331 E768.19826
G1 X50.28 Y76.643 E768.21251
G1 X50.081 Y77.007 E768.22728
G1 X49.967 Y77.397 E768.24174
G1 X49.924 Y77.8 E768.25616
G1 F1846.2 X49.967 Y78.198 E768.27044
G1 F1850.5 X50.081 Y78.589 E768.28493
G1 X50.28 Y78.954 E768.29973
G1 X50.531 Y79.265 E768.31395
G1 X50.843 Y79.516 E768.3282
G1 X51.207 Y79.715 E768.34297
G1 X51.597 Y79.829 E768.35743
G1 X52 Y79.872 E768.37185
G0 F9000 X52 Y80.306
;TYPE:WALL-OUTER
G1 F1800 X52.484 Y80.259 E768.38964
G1 X52.955 Y80.115 E768.40766
G1 X53.397 Y79.88 E768.42598
G1 X53.771 Y79.571 E768.44372
G1 X54.08 Y79.196 E768.4615
G1 X54.315 Y78.755 E768.47978
G1 X54.459 Y78.284 E768.4978
G1 X54.506 Y77.8 E768.51559
G1 X54.459 Y77.312 E768.53353
G1 X54.315 Y76.841 E768.55155
G1 X54.08 Y76.399 E768.56987
G1 X53.771 Y76.025 E768.58761
G1 X53.397 Y75.716 E768.60536
G1 X52.955 Y75.481 E768.62368
G1 X52.484 Y75.337 E768.6417
G1 X52 Y75.29 E768.65949
G1 X51.512 Y75.337 E768.67743
G1 X51.041 Y75.48 E768.69543
G1 X50.599 Y75.716 E768.71377
G1 X50.225 Y76.025 E768.73152
G1 X49.916 Y76.399 E768.74926
G1 X49.68 Y76.841 E768.7676
G1 X49.537 Y77.312 E768.78561
G1 X49.49 Y77.8 E768.80354
G1 X49.537 Y78.284 E768.82133
G1 X49.681 Y78.755 E768.83935
G1 X49.916 Y79.197 E768.85767
G1 X50.225 Y79.571 E768.87542
G1 X50.599 Y79.88 E768.89317
G1 X51.041 Y80.116 E768.9115
G1 X51.512 Y80.259 E768.92951
G1 X52 Y80.306 E768.94744
G0 F9000 X52 Y79.019
G1 F1800 X51.525 Y78.926 E768.96515
G1 X51.136 Y78.66 E768.98239
G1 X50.87 Y78.275 E768.99951
G1 X50.777 Y77.8 E769.01722
G1 X50.87 Y77.325 E769.03493
G1 X51.136 Y76.936 E769.05217
G1 X51.529 Y76.669 E769.06955
G1 X52 Y76.576 E769.08712
G1 X52.471 Y76.67 E769.10469
G1 X52.861 Y76.931 E769.12186
G1 X53.128 Y77.332 E769.13949
G1 X53.199 Y77.582 E769.14899
G1 X53.2 Y78.014 E769.1648
G1 X53.119 Y78.284 E769.17511
G1 X52.861 Y78.669 E769.19207
G1 X52.47 Y78.927 E769.20921
G1 X52 Y79.019 E769.22673
G1 F1500 E767.22673
G0 F9000 X52 Y146.448
;TYPE:WALL-INNER
G1 F1500 E769.22673
G1 F1850.5 X51.681 Y146.403 E769.23819
G1 X51.332 Y146.314 E769.25101
G1 F1867.9 X50.824 Y145.977 E769.2725
G1 F1876.8 X50.482 Y145.469 E769.29399
G1 F1850.5 X50.392 Y145.115 E769.30699
G1 F1846.2 X50.348 Y144.8 E769.31834
G1 F1850.5 X50.393 Y144.481 E769.3298
G1 X50.482 Y144.132 E769.34262
G1 F1867.9 X50.801 Y143.651 E769.36297
G1 F1850.5 X51.084 Y143.441 E769.37551
G1 F1841.9 X51.366 Y143.267 E769.38736
G1 F1837.6 X51.68 Y143.193 E769.39892
G1 F1850.5 X52 Y143.148 E769.41042
G1 X52.314 Y143.192 E769.4217
G1 F1841.9 X52.657 Y143.28 E769.43436
G1 X52.912 Y143.44 E769.44513
G1 F1846.2 X53.173 Y143.629 E769.45662
G1 F1867.9 X53.513 Y144.122 E769.47774
G1 F1876.8 X53.619 Y144.478 E769.49077
G1 F1854.8 X53.636 Y144.8 E769.50222
G1 F1859.2 X53.619 Y145.118 E769.5135
G1 F1876.8 X53.526 Y145.429 E769.52489
G1 F1859.2 X53.357 Y145.713 E769.5366
G1 X53.167 Y145.968 E769.54786
G1 X52.915 Y146.156 E769.559
G1 F1841.9 X52.654 Y146.317 E769.56996
G1 X52.314 Y146.403 E769.5825
G1 F1850.5 X52 Y146.448 E769.59379
G0 F9000 X52 Y146.872
G1 F1850.5 X52.398 Y146.829 E769.60804
G1 X52.789 Y146.715 E769.62253
G1 X53.153 Y146.516 E769.63729
G1 F1859.2 X53.465 Y146.265 E769.65148
G1 X53.716 Y145.953 E769.66566
G1 X53.915 Y145.59 E769.68033
G1 F1876.8 X54.034 Y145.199 E769.69467
G1 F1859.2 X54.069 Y144.8 E769.70886
G1 F1854.8 X54.034 Y144.396 E769.72325
G1 F1876.8 X53.915 Y144.006 E769.73756
G1 F1854.8 X53.715 Y143.643 E769.75228
G1 F1850.5 X53.465 Y143.331 E769.7665
G1 X53.153 Y143.081 E769.78073
G1 X52.789 Y142.881 E769.79551
G1 X52.398 Y142.767 E769.81001
G1 X52 Y142.723 E769.82426
G1 X51.597 Y142.768 E769.83869
G1 F1846.2 X51.207 Y142.881 E769.85317
G1 F1850.5 X50.843 Y143.08 E769.86794
G1 X50.531 Y143.331 E769.88219
G1 X50.28 Y143.643 E769.89644
G1 X50.081 Y144.007 E769.9112
G1 X49.967 Y144.397 E769.92566
G1 X49.924 Y144.8 E769.94009
G1 F1846.2 X49.967 Y145.198 E769.95437
G1 F1850.5 X50.081 Y145.589 E769.96886
G1 X50.28 Y145.954 E769.98366
G1 X50.531 Y146.265 E769.99788
G1 X50.843 Y146.516 E770.01213
G1 X51.207 Y146.715 E770.02689
G1 X51.597 Y146.829 E770.04135
G1 X52 Y146.872 E770.05578
G0 F9000 X52 Y147.306
;TYPE:WALL-OUTER
G1 F1800 X52.484 Y147.259 E770.07357
G1 X52.955 Y147.115 E770.09159
G1 X53.397 Y146.88 E770.1099
G1 X53.771 Y146.571 E770.12765
G1 X54.08 Y146.196 E770.14543
G1 X54.315 Y145.755 E770.16371
G1 X54.459 Y145.284 E770.18173
G1 X54.506 Y144.8 E770.19952
G1 X54.459 Y144.312 E770.21746
G1 X54.315 Y143.841 E770.23548
G1 X54.08 Y143.399 E770.25379
G1 X53.771 Y143.025 E770.27154
G1 X53.397 Y142.716 E770.28929
G1 X52.955 Y142.481 E770.3076
G1 X52.484 Y142.337 E770.32562
G1 X52 Y142.29 E770.34342
G1 X51.512 Y142.337 E770.36135
G1 X51.041 Y142.48 E770.37936
G1 X50.599 Y142.716 E770.39769
G1 X50.225 Y143.025 E770.41544
G1 X49.916 Y143.399 E770.43319
G1 X49.68 Y143.841 E770.45152
G1 X49.537 Y144.312 E770.46953
G1 X49.49 Y144.8 E770.48747
G1 X49.537 Y145.284 E770.50526
G1 X49.681 Y145.755 E770.52328
G1 X49.916 Y146.197 E770.54159
G1 X50.225 Y146.571 E770.55934
G1 X50.599 Y146.88 E770.57709
G1 X51.041 Y147.116 E770.59542
G1 X51.512 Y147.259 E770.61343
G1 X52 Y147.306 E770.63137
G0 F9000 X52 Y146.019
G1 F1800 X51.525 Y145.926 E770.64908
G1 X51.136 Y145.66 E770.66632
G1 X50.87 Y145.275 E770.68344
G1 X50.777 Y144.8 E770.70115
G1 X50.87 Y144.325 E770.71886
G1 X51.136 Y143.936 E770.7361
G1 X51.529 Y143.669 E770.75348
G1 X52 Y143.576 E770.77104
G1 X52.471 Y143.67 E770.78862
G1 X52.861 Y143.931 E770.80579
G1 X53.128 Y144.332 E770.82341
G1 X53.199 Y144.582 E770.83292
G1 X53.2 Y145.014 E770.84873
G1 X53.119 Y145.284 E770.85904
G1 X52.861 Y145.664 E770.87584
G1 X52.471 Y145.927 E770.89305
G1 X52 Y146.019 E770.91061
G1 F1500 E768.91061
G0 F9000 X168 Y146.448
;TYPE:WALL-INNER
G1 F1500 E770.91061
G1 F1850.5 X167.681 Y146.403 E770.92208
G1 X167.332 Y146.314 E770.93489
G1 F1867.9 X166.824 Y145.977 E770.95639
G1 F1876.8 X166.482 Y145.469 E770.97787
G1 F1850.5 X166.392 Y145.115 E770.99087
G1 F1846.2 X166.348 Y144.8 E771.00222
G1 F1850.5 X166.393 Y144.481 E771.01368
G1 X166.482 Y144.132 E771.0265
G1 F1867.9 X166.801 Y143.651 E771.04685
G1 F1850.5 X167.084 Y143.441 E771.05939
G1 F1841.9 X167.366 Y143.267 E771.07124
G1 F1837.6 X167.68 Y143.193 E771.0828
G1 F1850.5 X168 Y143.148 E771.0943
G1 X168.314 Y143.192 E771.10559
G1 F1841.9 X168.657 Y143.28 E771.11825
G1 X168.912 Y143.44 E771.12901
G1 F1846.2 X169.173 Y143.629 E771.1405
G1 F1867.9 X169.513 Y144.122 E771.16162
G1 F1876.8 X169.619 Y144.478 E771.17465
G1 F1854.8 X169.636 Y144.8 E771.1861
G1 F1859.2 X169.619 Y145.118 E771.19738
G1 F1876.8 X169.526 Y145.429 E771.20877
G1 F1859.2 X169.357 Y145.713 E771.22048
G1 X169.167 Y145.968 E771.23174
G1 X168.915 Y146.156 E771.24288
G1 F1841.9 X168.654 Y146.317 E771.25384
G1 X168.314 Y146.403 E771.26638
G1 F1850.5 X168 Y146.448 E771.27767
G0 F9000 X168 Y146.872
G1 F1850.5 X168.398 Y146.829 E771.29192
G1 X168.789 Y146.715 E771.30641
G1 X169.153 Y146.516 E771.32118
G1 F1859.2 X169.465 Y146.265 E771.33536
G1 X169.716 Y145.953 E771.34954
G1 X169.915 Y145.59 E771.36421
G1 F1876.8 X170.034 Y145.199 E771.37855
G1 F1859.2 X170.069 Y144.8 E771.39274
G1 F1854.8 X170.034 Y144.396 E771.40713
G1 F1876.8 X169.915 Y144.006 E771.42144
G1 F1854.8 X169.715 Y143.643 E771.43616
G1 F1850.5 X169.465 Y143.331 E771.45039
G1 X169.153 Y143.081 E771.46461
G1 X168.789 Y142.881 E771.4794
G1 X168.398 Y142.767 E771.49389
G1 X168 Y142.723 E771.50814
G1 X167.597 Y142.768 E771.52257
G1 F1846.2 X167.207 Y142.881 E771.53706
G1 F1850.5 X166.843 Y143.08 E771.55182
G1 X166.531 Y143.331 E771.56607
G1 X166.28 Y143.643 E771.58032
G1 X166.081 Y144.007 E771.59508
G1 X165.967 Y144.397 E771.60954
G1 X165.924 Y144.8 E771.62397
G1 F1846.2 X165.967 Y145.198 E771.63825
G1 F1850.5 X166.081 Y145.589 E771.65274
G1 X166.28 Y145.954 E771.66754
G1 X166.531 Y146.265 E771.68176
G1 X166.843 Y146.516 E771.69601
G1 X167.207 Y146.715 E771.71077
G1 X167.597 Y146.829 E771.72523
G1 X168 Y146.872 E771.73966
G0 F9000 X168 Y147.306
;TYPE:WALL-OUTER
G1 F1800 X168.484 Y147.259 E771.75745
G1 X168.955 Y147.115 E771.77547
G1 X169.397 Y146.88 E771.79378
G1 X169.771 Y146.571 E771.81153
G1 X170.08 Y146.196 E771.82931
G1 X170.315 Y145.755 E771.84759
G1 X170.459 Y145.284 E771.86561
G1 X170.506 Y144.8 E771.8834
G1 X170.459 Y144.312 E771.90134
G1 X170.315 Y143.841 E771.91936
G1 X170.08 Y143.399 E771.93767
G1 X169.771 Y143.025 E771.95542
G1 X169.397 Y142.716 E771.97317
G1 X168.955 Y142.481 E771.99149
G1 X168.484 Y142.337 E772.00951
G1 X168 Y142.29 E772.0273
G1 X167.512 Y142.337 E772.04523
G1 X167.041 Y142.48 E772.06324
G1 X166.599 Y142.716 E772.08157
G1 X166.225 Y143.025 E772.09932
G1 X165.916 Y143.399 E772.11707
G1 X165.68 Y143.841 E772.1354
G1 X165.537 Y144.312 E772.15341
G1 X165.49 Y144.8 E772.17135
G1 X165.537 Y145.284 E772.18914
G1 X165.681 Y145.755 E772.20716
G1 X165.916 Y146.197 E772.22548
G1 X166.225 Y146.571 E772.24322
G1 X166.599 Y146.88 E772.26097
G1 X167.041 Y147.116 E772.27931
G1 X167.512 Y147.259 E772.29731
G1 X168 Y147.306 E772.31525
G0 F9000 X168 Y146.019
G1 F1800 X167.525 Y145.926 E772.33296
G1 X167.136 Y145.66 E772.3502
G1 X166.87 Y145.275 E772.36732
G1 X166.777 Y144.8 E772.38503
G1 X166.87 Y144.325 E772.40274
G1 X167.136 Y143.936 E772.41998
G1 X167.529 Y143.669 E772.43736
G1 X168 Y143.576 E772.45493
G1 X168.471 Y143.67 E772.4725
G1 X168.861 Y143.931 E772.48967
G1 X169.128 Y144.332 E772.50729
G1 X169.199 Y144.582 E772.5168
G1 X169.2 Y145.014 E772.53261
G1 X169.119 Y145.284 E772.54292
G1 X168.861 Y145.664 E772.55972
G1 X168.471 Y145.927 E772.57693
G1 X168 Y146.019 E772.59449
G1 F1500 E770.59449
G0 F9000 X172.091 Y149.792
;TYPE:WALL-INNER
G1 F1500 E772.59449
G1 F1763.9 X171.9 Y149.8 E772.60163
G1 F1800 X48.1 Y149.8 E777.13099
G1 F1867.9 X47.333 Y149.467 E777.16047
G1 F1829.1 X47.008 Y148.891 E777.18429
G1 X46.985 Y149.815 E777.21756
G1 F1867.9 X48.1 Y149.8 E777.25688
G0 F9000 X47.008 Y148.891
G1 F1763.9 X47 Y148.7 E777.26401
G1 F1800 X47 Y71.3 E780.09578
G1 F1867.9 X47.333 Y70.533 E780.12526
G1 F1829.1 X47.909 Y70.208 E780.14907
G1 X46.985 Y70.185 E780.18235
G1 F1867.9 X47 Y71.3 E780.22167
G0 F9000 X47.909 Y70.208
G1 F1763.9 X48.1 Y70.2 E780.2288
G1 F1800 X171.9 Y70.2 E784.75817
G1 F1500 E782.75817
G0 F9000 X173 Y71.3
G1 F1500 E784.75817
G1 F1867.9 X173.016 Y70.184 E784.79752
G1 X171.9 Y70.2 E784.83687
G1 X172.667 Y70.533 E784.86635
G1 X173 Y71.3 E784.89583
G1 F1800 X173 Y148.7 E787.72759
G1 F1767.9 X172.992 Y148.891 E787.73472
G0 F9000 X172.091 Y149.792
G1 F1824.9 X173.016 Y149.816 E787.76811
G1 F1833.3 X172.992 Y148.891 E787.80135
G1 X172.667 Y149.467 E787.8251
G1 F1824.9 X172.091 Y149.792 E787.84897
G1 F1500 E785.84897
G0 F9000 X172.091 Y151.565
G0 X110 Y151.565
G0 X110 Y150.24
G1 F1500 E787.84897
G1 F1800 X173.44 Y150.24 E790.16999
G1 X173.44 Y69.76 E793.11445
G1 X46.561 Y69.761 E797.75646
G1 X46.561 Y150.239 E800.70084
G1 X110 Y150.24 E803.02183
G0 F9000 X110 Y149.36
G1 F1800 X48.1 Y149.36 E805.28651
G1 X47.633 Y149.167 E805.305
G1 X47.44 Y148.795 E805.32033
G1 X47.44 Y71.3 E808.15558
G1 X47.633 Y70.833 E808.17406
G1 X48.005 Y70.64 E808.1894
G1 X171.9 Y70.64 E812.72224
G1 X172.367 Y70.833 E812.74073
G1 X172.56 Y71.3 E812.75921
G1 X172.56 Y148.797 E815.59453
G1 X172.367 Y149.167 E815.6098
G1 X171.995 Y149.36 E815.62513
G1 X110 Y149.36 E817.89329
G0 F9000 X110 Y148.918
;TYPE:WALL-OUTER
G1 F1800 X48.1 Y148.92 E820.15797
G1 X47.944 Y148.856 E820.16414
G1 X47.883 Y148.738 E820.169
G1 X47.88 Y71.3 E823.00216
G1 X47.944 Y71.144 E823.00833
G1 X48.062 Y71.083 E823.01319
G1 X171.9 Y71.08 E827.54394
G1 X172.056 Y71.144 E827.55011
G1 X172.12 Y71.3 E827.55628
G1 X172.117 Y148.738 E830.38944
G1 X172.056 Y148.856 E830.3943
G1 X171.938 Y148.917 E830.39916
G1 X110 Y148.918 E832.66523
G1 F1500 E830.66523
G0 F9000 X110 Y150.68
G1 F1500 E832.66523
G1 F1800 X173.88 Y150.68 E835.00235
G1 X173.88 Y69.32 E837.979
G1 X46.121 Y69.321 E842.65321
G1 X46.121 Y150.679 E845.62979
G1 X110 Y150.68 E847.96688
G1 F1500 E845.96688
G0 F9000 X168 Y79.872
;TYPE:WALL-INNER
G1 F1500 E847.96688
G1 F1850.5 X168.398 Y79.829 E847.98112
G1 X168.789 Y79.715 E847.99562
G1 X169.153 Y79.516 E848.01038
G1 F1859.2 X169.465 Y79.265 E848.02456
G1 X169.716 Y78.953 E848.03875
G1 X169.915 Y78.59 E848.05341
G1 F1876.8 X170.034 Y78.199 E848.06775
G1 F1859.2 X170.069 Y77.8 E848.08194
G1 F1854.8 X170.034 Y77.396 E848.09634
G1 F1876.8 X169.915 Y77.006 E848.11065
G1 F1854.8 X169.715 Y76.643 E848.12536
G1 F1850.5 X169.465 Y76.331 E848.13959
G1 X169.153 Y76.081 E848.15382
G1 X168.789 Y75.881 E848.1686
G1 X168.398 Y75.767 E848.18309
G1 X168 Y75.723 E848.19734
G1 X167.597 Y75.768 E848.21178
G1 F1846.2 X167.207 Y75.881 E848.22626
G1 F1850.5 X166.843 Y76.08 E848.24102
G1 X166.531 Y76.331 E848.25527
G1 X166.28 Y76.643 E848.26952
G1 X166.081 Y77.007 E848.28429
G1 X165.967 Y77.397 E848.29875
G1 X165.924 Y77.8 E848.31317
G1 F1846.2 X165.967 Y78.198 E848.32745
G1 F1850.5 X166.081 Y78.589 E848.34195
G1 X166.28 Y78.954 E848.35674
G1 X166.531 Y79.265 E848.37096
G1 X166.843 Y79.516 E848.38521
G1 X167.207 Y79.715 E848.39998
G1 X167.597 Y79.829 E848.41444
G1 X168 Y79.872 E848.42886
G0 F9000 X167.962 Y79.454
G1 F1867.9 X167.365 Y79.335 E848.45032
G1 X166.824 Y78.977 E848.4732
G1 F1876.8 X166.482 Y78.469 E848.49468
G1 F1850.5 X166.392 Y78.115 E848.50768
G1 F1846.2 X166.348 Y77.8 E848.51903
G1 F1850.5 X166.393 Y77.481 E848.53049
G1 X166.482 Y77.132 E848.54331
G1 F1867.9 X166.801 Y76.651 E848.56366
G1 F1850.5 X167.084 Y76.441 E848.5762
G1 F1841.9 X167.366 Y76.267 E848.58805
G1 F1837.6 X167.68 Y76.193 E848.59961
G1 F1850.5 X168 Y76.148 E848.61111
G1 X168.314 Y76.192 E848.62239
G1 F1841.9 X168.657 Y76.28 E848.63506
G1 X168.912 Y76.44 E848.64582
G1 F1846.2 X169.173 Y76.629 E848.65731
G1 F1867.9 X169.513 Y77.122 E848.67843
G1 F1876.8 X169.619 Y77.478 E848.69146
G1 F1854.8 X169.636 Y77.8 E848.70291
G1 F1859.2 X169.619 Y78.118 E848.71419
G1 F1876.8 X169.526 Y78.429 E848.72558
G1 F1859.2 X169.357 Y78.713 E848.73729
G1 X169.167 Y78.968 E848.74855
G1 X168.915 Y79.156 E848.75969
G1 F1841.9 X168.654 Y79.317 E848.77065
G1 X168.314 Y79.403 E848.78319
G1 F1850.5 X167.962 Y79.454 E848.79585
G0 F9000 X168 Y79.019
;TYPE:WALL-OUTER
G1 F1800 X167.525 Y78.926 E848.81356
G1 X167.136 Y78.66 E848.8308
G1 X166.87 Y78.275 E848.84792
G1 X166.777 Y77.8 E848.86563
G1 X166.87 Y77.325 E848.88334
G1 X167.136 Y76.936 E848.90058
G1 X167.529 Y76.669 E848.91796
G1 X168 Y76.576 E848.93553
G1 X168.471 Y76.67 E848.9531
G1 X168.861 Y76.931 E848.97027
G1 X169.128 Y77.332 E848.98789
G1 X169.199 Y77.582 E848.9974
G1 X169.2 Y78.014 E849.01321
G1 X169.119 Y78.284 E849.02352
G1 X168.861 Y78.664 E849.04032
G1 X168.471 Y78.927 E849.05753
G1 X168 Y79.019 E849.07509
G0 F9000 X168 Y80.306
G1 F1800 X168.484 Y80.259 E849.09288
G1 X168.955 Y80.115 E849.1109
G1 X169.397 Y79.88 E849.12922
G1 X169.771 Y79.571 E849.14697
G1 X170.08 Y79.196 E849.16474
G1 X170.315 Y78.755 E849.18303
G1 X170.459 Y78.284 E849.20104
G1 X170.506 Y77.8 E849.21884
G1 X170.459 Y77.312 E849.23677
G1 X170.315 Y76.841 E849.25479
G1 X170.08 Y76.399 E849.27311
G1 X169.771 Y76.025 E849.29086
G1 X169.397 Y75.716 E849.30861
G1 X168.955 Y75.481 E849.32692
G1 X168.484 Y75.337 E849.34494
G1 X168 Y75.29 E849.36273
G1 X167.512 Y75.337 E849.38067
G1 X167.041 Y75.48 E849.39868
G1 X166.599 Y75.716 E849.41701
G1 X166.225 Y76.025 E849.43476
G1 X165.916 Y76.399 E849.45251
G1 X165.68 Y76.841 E849.47084
G1 X165.537 Y77.312 E849.48885
G1 X165.49 Y77.8 E849.50678
G1 X165.537 Y78.284 E849.52457
G1 X165.681 Y78.755 E849.54259
G1 X165.916 Y79.197 E849.56091
G1 X166.225 Y79.571 E849.57866
G1 X166.599 Y79.88 E849.59641
G1 X167.041 Y80.116 E849.61474
G1 X167.512 Y80.259 E849.63275
G1 X168 Y80.306 E849.65068
G1 F1500 E847.65068
;MESH:NONMESH
G0 F300 Z3.44
G0 F9000 X52 Y79.448
;TIME_ELAPSED:6098.481676
;LAYER:17
;TYPE:WALL-INNER
;MESH:SmartKiln_Frente.stl
G1 F1500 E849.65068
G1 F1850.5 X51.681 Y79.403 E849.66215
G1 X51.332 Y79.314 E849.67497
G1 F1867.9 X50.824 Y78.977 E849.69646
G1 F1876.8 X50.482 Y78.469 E849.71795
G1 F1850.5 X50.392 Y78.115 E849.73095
G1 F1846.2 X50.348 Y77.8 E849.74229
G1 F1850.5 X50.393 Y77.481 E849.75376
G1 X50.482 Y77.132 E849.76658
G1 F1867.9 X50.801 Y76.651 E849.78692
G1 F1850.5 X51.084 Y76.441 E849.79947
G1 F1841.9 X51.366 Y76.267 E849.81131
G1 F1837.6 X51.68 Y76.193 E849.82287
G1 F1850.5 X52 Y76.148 E849.83437
G1 X52.314 Y76.192 E849.84566
G1 F1841.9 X52.657 Y76.28 E849.85832
G1 X52.912 Y76.44 E849.86908
G1 F1846.2 X53.173 Y76.629 E849.88058
G1 F1867.9 X53.513 Y77.122 E849.90169
G1 F1876.8 X53.619 Y77.478 E849.91473
G1 F1854.8 X53.636 Y77.8 E849.92617
G1 F1859.2 X53.619 Y78.118 E849.93745
G1 F1876.8 X53.526 Y78.429 E849.94885
G1 F1859.2 X53.357 Y78.713 E849.96055
G1 X53.167 Y78.968 E849.97182
G1 X52.915 Y79.156 E849.98295
G1 F1841.9 X52.654 Y79.317 E849.99392
G1 X52.314 Y79.403 E850.00646
G1 F1850.5 X52 Y79.448 E850.01775
G0 F9000 X52 Y79.872
G1 F1850.5 X52.398 Y79.829 E850.03199
G1 X52.789 Y79.715 E850.04649
G1 X53.153 Y79.516 E850.06125
G1 F1859.2 X53.465 Y79.265 E850.07543
G1 X53.716 Y78.953 E850.08962
G1 X53.915 Y78.59 E850.10428
G1 F1876.8 X54.034 Y78.199 E850.11862
G1 F1859.2 X54.069 Y77.8 E850.13281
G1 F1854.8 X54.034 Y77.396 E850.14721
G1 F1876.8 X53.915 Y77.006 E850.16152
G1 F1854.8 X53.715 Y76.643 E850.17623
G1 F1850.5 X53.465 Y76.331 E850.19046
G1 X53.153 Y76.081 E850.20469
G1 X52.789 Y75.881 E850.21947
G1 X52.398 Y75.767 E850.23396
G1 X52 Y75.723 E850.24821
G1 X51.597 Y75.768 E850.26265
G1 F1846.2 X51.207 Y75.881 E850.27713
G1 F1850.5 X50.843 Y76.08 E850.29189
G1 X50.531 Y76.331 E850.30614
G1 X50.28 Y76.643 E850.32039
G1 X50.081 Y77.007 E850.33516
G1 X49.967 Y77.397 E850.34962
G1 X49.924 Y77.8 E850.36404
G1 F1846.2 X49.967 Y78.198 E850.37832
G1 F1850.5 X50.081 Y78.589 E850.39282
G1 X50.28 Y78.954 E850.40761
G1 X50.531 Y79.265 E850.42183
G1 X50.843 Y79.516 E850.43608
G1 X51.207 Y79.715 E850.45085
G1 X51.597 Y79.829 E850.46531
G1 X52 Y79.872 E850.47973
G0 F9000 X52 Y80.306
;TYPE:WALL-OUTER
G1 F1800 X52.484 Y80.259 E850.49752
G1 X52.955 Y80.115 E850.51554
G1 X53.397 Y79.88 E850.53386
G1 X53.771 Y79.571 E850.55161
G1 X54.08 Y79.196 E850.56938
G1 X54.315 Y78.755 E850.58767
G1 X54.459 Y78.284 E850.60569
G1 X54.506 Y77.8 E850.62348
G1 X54.459 Y77.312 E850.64141
G1 X54.315 Y76.841 E850.65943
G1 X54.08 Y76.399 E850.67775
G1 X53.771 Y76.025 E850.6955
G1 X53.397 Y75.716 E850.71325
G1 X52.955 Y75.481 E850.73156
G1 X52.484 Y75.337 E850.74958
G1 X52 Y75.29 E850.76737
G1 X51.512 Y75.337 E850.78531
G1 X51.041 Y75.48 E850.80332
G1 X50.599 Y75.716 E850.82165
G1 X50.225 Y76.025 E850.8394
G1 X49.916 Y76.399 E850.85715
G1 X49.68 Y76.841 E850.87548
G1 X49.537 Y77.312 E850.89349
G1 X49.49 Y77.8 E850.91142
G1 X49.537 Y78.284 E850.92921
G1 X49.681 Y78.755 E850.94723
G1 X49.916 Y79.197 E850.96555
G1 X50.225 Y79.571 E850.9833
G1 X50.599 Y79.88 E851.00105
G1 X51.041 Y80.116 E851.01938
G1 X51.512 Y80.259 E851.03739
G1 X52 Y80.306 E851.05532
G0 F9000 X52 Y79.019
G1 F1800 X51.525 Y78.926 E851.07303
G1 X51.136 Y78.66 E851.09027
G1 X50.87 Y78.275 E851.1074
G1 X50.777 Y77.8 E851.1251
G1 X50.87 Y77.325 E851.14281
G1 X51.136 Y76.936 E851.16005
G1 X51.529 Y76.669 E851.17744
G1 X52 Y76.576 E851.195
G1 X52.471 Y76.67 E851.21257
G1 X52.861 Y76.931 E851.22974
G1 X53.128 Y77.332 E851.24737
G1 X53.199 Y77.582 E851.25688
G1 X53.2 Y78.014 E851.27268
G1 X53.119 Y78.284 E851.28299
G1 X52.861 Y78.664 E851.2998
G1 X52.471 Y78.927 E851.31701
G1 X52 Y79.019 E851.33457
G1 F1500 E849.33457
G0 F9000 X52 Y146.448
;TYPE:WALL-INNER
G1 F1500 E851.33457
G1 F1850.5 X51.681 Y146.403 E851.34603
G1 X51.332 Y146.314 E851.35885
G1 F1867.9 X50.824 Y145.977 E851.38034
G1 F1876.8 X50.482 Y145.469 E851.40183
G1 F1850.5 X50.392 Y145.115 E851.41483
G1 F1846.2 X50.348 Y144.8 E851.42617
G1 F1850.5 X50.393 Y144.481 E851.43764
G1 X50.482 Y144.132 E851.45046
G1 F1867.9 X50.801 Y143.651 E851.47081
G1 F1850.5 X51.084 Y143.441 E851.48335
G1 F1841.9 X51.366 Y143.267 E851.4952
G1 F1837.6 X51.68 Y143.193 E851.50676
G1 F1850.5 X52 Y143.148 E851.51826
G1 X52.314 Y143.192 E851.52954
G1 F1841.9 X52.657 Y143.28 E851.5422
G1 X52.912 Y143.44 E851.55297
G1 F1846.2 X53.173 Y143.629 E851.56446
G1 F1867.9 X53.513 Y144.122 E851.58557
G1 F1876.8 X53.619 Y144.478 E851.59861
G1 F1854.8 X53.636 Y144.8 E851.61006
G1 F1859.2 X53.619 Y145.118 E851.62134
G1 F1876.8 X53.526 Y145.429 E851.63273
G1 F1859.2 X53.357 Y145.713 E851.64443
G1 X53.167 Y145.968 E851.6557
G1 X52.915 Y146.156 E851.66683
G1 F1841.9 X52.654 Y146.317 E851.6778
G1 X52.314 Y146.403 E851.69034
G1 F1850.5 X52 Y146.448 E851.70163
G0 F9000 X52 Y146.872
G1 F1850.5 X52.398 Y146.829 E851.71587
G1 X52.789 Y146.715 E851.73037
G1 X53.153 Y146.516 E851.74513
G1 F1859.2 X53.465 Y146.265 E851.75932
G1 X53.716 Y145.953 E851.7735
G1 X53.915 Y145.59 E851.78816
G1 F1876.8 X54.034 Y145.199 E851.8025
G1 F1859.2 X54.069 Y144.8 E851.81669
G1 F1854.8 X54.034 Y144.396 E851.83109
G1 F1876.8 X53.915 Y144.006 E851.8454
G1 F1854.8 X53.715 Y143.643 E851.86011
G1 F1850.5 X53.465 Y143.331 E851.87434
G1 X53.153 Y143.081 E851.88857
G1 X52.789 Y142.881 E851.90335
G1 X52.398 Y142.767 E851.91785
G1 X52 Y142.723 E851.9321
G1 X51.597 Y142.768 E851.94653
G1 F1846.2 X51.207 Y142.881 E851.96101
G1 F1850.5 X50.843 Y143.08 E851.97577
G1 X50.531 Y143.331 E851.99003
G1 X50.28 Y143.643 E852.00428
G1 X50.081 Y144.007 E852.01904
G1 X49.967 Y144.397 E852.0335
G1 X49.924 Y144.8 E852.04792
G1 F1846.2 X49.967 Y145.198 E852.0622
G1 F1850.5 X50.081 Y145.589 E852.0767
G1 X50.28 Y145.954 E852.09149
G1 X50.531 Y146.265 E852.10572
G1 X50.843 Y146.516 E852.11997
G1 X51.207 Y146.715 E852.13473
G1 X51.597 Y146.829 E852.14919
G1 X52 Y146.872 E852.16361
G0 F9000 X52 Y147.306
;TYPE:WALL-OUTER
G1 F1800 X52.484 Y147.259 E852.1814
G1 X52.955 Y147.115 E852.19942
G1 X53.397 Y146.88 E852.21774
G1 X53.771 Y146.571 E852.23549
G1 X54.08 Y146.196 E852.25327
G1 X54.315 Y145.755 E852.27155
G1 X54.459 Y145.284 E852.28957
G1 X54.506 Y144.8 E852.30736
G1 X54.459 Y144.312 E852.3253
G1 X54.315 Y143.841 E852.34331
G1 X54.08 Y143.399 E852.36163
G1 X53.771 Y143.025 E852.37938
G1 X53.397 Y142.716 E852.39713
G1 X52.955 Y142.481 E852.41544
G1 X52.484 Y142.337 E852.43346
G1 X52 Y142.29 E852.45125
G1 X51.512 Y142.337 E852.46919
G1 X51.041 Y142.48 E852.4872
G1 X50.599 Y142.716 E852.50553
G1 X50.225 Y143.025 E852.52328
G1 X49.916 Y143.399 E852.54103
G1 X49.68 Y143.841 E852.55936
G1 X49.537 Y144.312 E852.57737
G1 X49.49 Y144.8 E852.59531
G1 X49.537 Y145.284 E852.6131
G1 X49.681 Y145.755 E852.63112
G1 X49.916 Y146.197 E852.64943
G1 X50.225 Y146.571 E852.66718
G1 X50.599 Y146.88 E852.68493
G1 X51.041 Y147.116 E852.70326
G1 X51.512 Y147.259 E852.72127
G1 X52 Y147.306 E852.73921
G0 F9000 X52 Y146.019
G1 F1800 X51.525 Y145.926 E852.75691
G1 X51.136 Y145.66 E852.77416
G1 X50.87 Y145.275 E852.79128
G1 X50.777 Y144.8 E852.80899
G1 X50.87 Y144.325 E852.82669
G1 X51.136 Y143.936 E852.84393
G1 X51.529 Y143.669 E852.86132
G1 X52 Y143.576 E852.87888
G1 X52.471 Y143.67 E852.89645
G1 X52.861 Y143.931 E852.91362
G1 X53.128 Y144.332 E852.93125
G1 X53.199 Y144.582 E852.94076
G1 X53.2 Y145.014 E852.95656
G1 X53.119 Y145.284 E852.96688
G1 X52.861 Y145.664 E852.98368
G1 X52.471 Y145.927 E853.00089
G1 X52 Y146.019 E853.01845
G1 F1500 E851.01845
G0 F9000 X168 Y146.448
;TYPE:WALL-INNER
G1 F1500 E853.01845
G1 F1850.5 X167.681 Y146.403 E853.02991
G1 X167.332 Y146.314 E853.04273
G1 F1867.9 X166.824 Y145.977 E853.06422
G1 F1876.8 X166.482 Y145.469 E853.08571
G1 F1850.5 X166.392 Y145.115 E853.09871
G1 F1846.2 X166.348 Y144.8 E853.11006
G1 F1850.5 X166.393 Y144.481 E853.12152
G1 X166.482 Y144.132 E853.13434
G1 F1867.9 X166.801 Y143.651 E853.15469
G1 F1850.5 X167.084 Y143.441 E853.16723
G1 F1841.9 X167.366 Y143.267 E853.17908
G1 F1837.6 X167.68 Y143.193 E853.19064
G1 F1850.5 X168 Y143.148 E853.20214
G1 X168.314 Y143.192 E853.21342
G1 F1841.9 X168.657 Y143.28 E853.22608
G1 X168.912 Y143.44 E853.23685
G1 F1846.2 X169.173 Y143.629 E853.24834
G1 F1867.9 X169.513 Y144.122 E853.26946
G1 F1876.8 X169.619 Y144.478 E853.28249
G1 F1854.8 X169.636 Y144.8 E853.29394
G1 F1859.2 X169.619 Y145.118 E853.30522
G1 F1876.8 X169.526 Y145.429 E853.31661
G1 F1859.2 X169.357 Y145.713 E853.32831
G1 X169.167 Y145.968 E853.33958
G1 X168.915 Y146.156 E853.35072
G1 F1841.9 X168.654 Y146.317 E853.36168
G1 X168.314 Y146.403 E853.37422
G1 F1850.5 X168 Y146.448 E853.38551
G0 F9000 X168 Y146.872
G1 F1850.5 X168.398 Y146.829 E853.39976
G1 X168.789 Y146.715 E853.41425
G1 X169.153 Y146.516 E853.42901
G1 F1859.2 X169.465 Y146.265 E853.4432
G1 X169.716 Y145.953 E853.45738
G1 X169.915 Y145.59 E853.47205
G1 F1876.8 X170.034 Y145.199 E853.48639
G1 F1859.2 X170.069 Y144.8 E853.50057
G1 F1854.8 X170.034 Y144.396 E853.51497
G1 F1876.8 X169.915 Y144.006 E853.52928
G1 F1854.8 X169.715 Y143.643 E853.544
G1 F1850.5 X169.465 Y143.331 E853.55822
G1 X169.153 Y143.081 E853.57245
G1 X168.789 Y142.881 E853.58723
G1 X168.398 Y142.767 E853.60173
G1 X168 Y142.723 E853.61598
G1 X167.597 Y142.768 E853.63041
G1 F1846.2 X167.207 Y142.881 E853.64489
G1 F1850.5 X166.843 Y143.08 E853.65966
G1 X166.531 Y143.331 E853.67391
G1 X166.28 Y143.643 E853.68816
G1 X166.081 Y144.007 E853.70292
G1 X165.967 Y144.397 E853.71738
G1 X165.924 Y144.8 E853.73181
G1 F1846.2 X165.967 Y145.198 E853.74609
G1 F1850.5 X166.081 Y145.589 E853.76058
G1 X166.28 Y145.954 E853.77537
G1 X166.531 Y146.265 E853.7896
G1 X166.843 Y146.516 E853.80385
G1 X167.207 Y146.715 E853.81861
G1 X167.597 Y146.829 E853.83307
G1 X168 Y146.872 E853.8475
G0 F9000 X168 Y147.306
;TYPE:WALL-OUTER
G1 F1800 X168.484 Y147.259 E853.86529
G1 X168.955 Y147.115 E853.88331
G1 X169.397 Y146.88 E853.90162
G1 X169.771 Y146.571 E853.91937
G1 X170.08 Y146.196 E853.93715
G1 X170.315 Y145.755 E853.95543
G1 X170.459 Y145.284 E853.97345
G1 X170.506 Y144.8 E853.99124
G1 X170.459 Y144.312 E854.00918
G1 X170.315 Y143.841 E854.0272
G1 X170.08 Y143.399 E854.04551
G1 X169.771 Y143.025 E854.06326
G1 X169.397 Y142.716 E854.08101
G1 X168.955 Y142.481 E854.09932
G1 X168.484 Y142.337 E854.11734
G1 X168 Y142.29 E854.13513
G1 X167.512 Y142.337 E854.15307
G1 X167.041 Y142.48 E854.17108
G1 X166.599 Y142.716 E854.18941
G1 X166.225 Y143.025 E854.20716
G1 X165.916 Y143.399 E854.22491
G1 X165.68 Y143.841 E854.24324
G1 X165.537 Y144.312 E854.26125
G1 X165.49 Y144.8 E854.27919
G1 X165.537 Y145.284 E854.29698
G1 X165.681 Y145.755 E854.315
G1 X165.916 Y146.197 E854.33331
G1 X166.225 Y146.571 E854.35106
G1 X166.599 Y146.88 E854.36881
G1 X167.041 Y147.116 E854.38714
G1 X167.512 Y147.259 E854.40515
G1 X168 Y147.306 E854.42309
G0 F9000 X168 Y146.019
G1 F1800 X167.525 Y145.926 E854.4408
G1 X167.136 Y145.66 E854.45804
G1 X166.87 Y145.275 E854.47516
G1 X166.777 Y144.8 E854.49287
G1 X166.87 Y144.325 E854.51058
G1 X167.136 Y143.936 E854.52782
G1 X167.529 Y143.669 E854.5452
G1 X168 Y143.576 E854.56276
G1 X168.471 Y143.67 E854.58034
G1 X168.861 Y143.931 E854.59751
G1 X169.128 Y144.332 E854.61513
G1 X169.199 Y144.582 E854.62464
G1 X169.2 Y145.014 E854.64044
G1 X169.119 Y145.284 E854.65076
G1 X168.861 Y145.664 E854.66756
G1 X168.47 Y145.927 E854.6848
G1 X168 Y146.019 E854.70232
G1 F1500 E852.70232
G0 F9000 X172.091 Y149.792
;TYPE:WALL-INNER
G1 F1500 E854.70232
G1 F1763.9 X171.9 Y149.8 E854.70946
G1 F1800 X48.1 Y149.8 E859.23883
G1 F1867.9 X47.333 Y149.467 E859.26831
G1 F1829.1 X47.008 Y148.891 E859.29212
G1 X46.985 Y149.815 E859.3254
G1 F1867.9 X48.1 Y149.8 E859.36471
G0 F9000 X47.008 Y148.891
G1 F1763.9 X47 Y148.7 E859.37185
G1 F1800 X47 Y71.3 E862.20361
G1 F1867.9 X47.333 Y70.533 E862.23309
G1 F1829.1 X47.909 Y70.208 E862.25691
G1 X46.985 Y70.185 E862.29018
G1 F1867.9 X47 Y71.3 E862.3295
G0 F9000 X47.909 Y70.208
G1 F1763.9 X48.1 Y70.2 E862.33663
G1 F1800 X171.9 Y70.2 E866.866
G1 F1500 E864.866
G0 F9000 X173 Y71.3
G1 F1500 E866.866
G1 F1867.9 X173.016 Y70.184 E866.90535
G1 X171.9 Y70.2 E866.9447
G1 X172.667 Y70.533 E866.97418
G1 X173 Y71.3 E867.00366
G1 F1800 X173 Y148.7 E869.83543
G1 F1767.9 X172.992 Y148.891 E869.84255
G0 F9000 X172.091 Y149.792
G1 F1824.9 X173.016 Y149.816 E869.87594
G1 F1833.3 X172.992 Y148.891 E869.90918
G1 X172.667 Y149.467 E869.93293
G1 F1824.9 X172.091 Y149.792 E869.9568
G1 F1500 E867.9568
G0 F9000 X172.091 Y151.565
G0 X110 Y151.565
G0 X110 Y150.24
G1 F1500 E869.9568
G1 F1800 X173.44 Y150.24 E872.27783
G1 X173.44 Y69.76 E875.22228
G1 X46.561 Y69.761 E879.86429
G1 X46.561 Y150.239 E882.80867
G1 X110 Y150.24 E885.12966
G0 F9000 X110 Y149.36
G1 F1800 X48.1 Y149.36 E887.39434
G1 X47.633 Y149.167 E887.41283
G1 X47.44 Y148.795 E887.42817
G1 X47.44 Y71.3 E890.26341
G1 X47.633 Y70.833 E890.2819
G1 X48.005 Y70.64 E890.29723
G1 X171.9 Y70.64 E894.83007
G1 X172.367 Y70.833 E894.84856
G1 X172.56 Y71.3 E894.86704
G1 X172.56 Y148.797 E897.70236
G1 X172.367 Y149.167 E897.71763
G1 X171.995 Y149.36 E897.73296
G1 X110 Y149.36 E900.00112
G0 F9000 X110 Y148.918
;TYPE:WALL-OUTER
G1 F1800 X48.1 Y148.92 E902.2658
G1 X47.944 Y148.856 E902.27197
G1 X47.883 Y148.738 E902.27683
G1 X47.88 Y71.3 E905.10999
G1 X47.944 Y71.144 E905.11616
G1 X48.062 Y71.083 E905.12102
G1 X171.9 Y71.08 E909.65177
G1 X172.056 Y71.144 E909.65794
G1 X172.12 Y71.3 E909.66411
G1 X172.117 Y148.738 E912.49727
G1 X172.056 Y148.856 E912.50213
G1 X171.938 Y148.917 E912.50699
G1 X110 Y148.918 E914.77306
G1 F1500 E912.77306
G0 F9000 X110 Y150.68
G1 F1500 E914.77306
G1 F1800 X173.88 Y150.68 E917.11019
G1 X173.88 Y69.32 E920.08684
G1 X46.121 Y69.321 E924.76105
G1 X46.121 Y150.679 E927.73762
G1 X110 Y150.68 E930.07471
G1 F1500 E928.07471
G0 F9000 X168 Y79.872
;TYPE:WALL-INNER
G1 F1500 E930.07471
G1 F1850.5 X168.398 Y79.829 E930.08895
G1 X168.789 Y79.715 E930.10345
G1 X169.153 Y79.516 E930.11821
G1 F1859.2 X169.465 Y79.265 E930.1324
G1 X169.716 Y78.953 E930.14658
G1 X169.915 Y78.59 E930.16124
G1 F1876.8 X170.034 Y78.199 E930.17559
G1 F1859.2 X170.069 Y77.8 E930.18977
G1 F1854.8 X170.034 Y77.396 E930.20417
G1 F1876.8 X169.915 Y77.006 E930.21848
G1 F1854.8 X169.715 Y76.643 E930.23319
G1 F1850.5 X169.465 Y76.331 E930.24742
G1 X169.153 Y76.081 E930.26165
G1 X168.789 Y75.881 E930.27643
G1 X168.398 Y75.767 E930.29093
G1 X168 Y75.723 E930.30518
G1 X167.597 Y75.768 E930.31961
G1 F1846.2 X167.207 Y75.881 E930.33409
G1 F1850.5 X166.843 Y76.08 E930.34886
G1 X166.531 Y76.331 E930.36311
G1 X166.28 Y76.643 E930.37736
G1 X166.081 Y77.007 E930.39212
G1 X165.967 Y77.397 E930.40658
G1 X165.924 Y77.8 E930.421
G1 F1846.2 X165.967 Y78.198 E930.43528
G1 F1850.5 X166.081 Y78.589 E930.44978
G1 X166.28 Y78.954 E930.46457
G1 X166.531 Y79.265 E930.4788
G1 X166.843 Y79.516 E930.49305
G1 X167.207 Y79.715 E930.50781
G1 X167.597 Y79.829 E930.52227
G1 X168 Y79.872 E930.53669
G0 F9000 X168 Y79.448
G1 F1850.5 X167.681 Y79.403 E930.54816
G1 X167.332 Y79.314 E930.56098
G1 F1867.9 X166.824 Y78.977 E930.58247
G1 F1876.8 X166.482 Y78.469 E930.60396
G1 F1850.5 X166.392 Y78.115 E930.61696
G1 F1846.2 X166.348 Y77.8 E930.6283
G1 F1850.5 X166.393 Y77.481 E930.63977
G1 X166.482 Y77.132 E930.65259
G1 F1867.9 X166.801 Y76.651 E930.67293
G1 F1850.5 X167.084 Y76.441 E930.68548
G1 F1841.9 X167.366 Y76.267 E930.69732
G1 F1837.6 X167.68 Y76.193 E930.70888
G1 F1850.5 X168 Y76.148 E930.72039
G1 X168.314 Y76.192 E930.73167
G1 F1841.9 X168.657 Y76.28 E930.74433
G1 X168.912 Y76.44 E930.75509
G1 F1846.2 X169.173 Y76.629 E930.76659
G1 F1867.9 X169.513 Y77.122 E930.7877
G1 F1876.8 X169.619 Y77.478 E930.80074
G1 F1854.8 X169.636 Y77.8 E930.81218
G1 F1859.2 X169.619 Y78.118 E930.82347
G1 F1876.8 X169.526 Y78.429 E930.83486
G1 F1859.2 X169.357 Y78.713 E930.84656
G1 X169.167 Y78.968 E930.85783
G1 X168.915 Y79.156 E930.86896
G1 F1841.9 X168.654 Y79.317 E930.87993
G1 X168.314 Y79.403 E930.89247
G1 F1850.5 X168 Y79.448 E930.90376
G0 F9000 X168 Y79.019
;TYPE:WALL-OUTER
G1 F1800 X167.525 Y78.926 E930.92146
G1 X167.136 Y78.66 E930.93871
G1 X166.87 Y78.275 E930.95583
G1 X166.777 Y77.8 E930.97353
G1 X166.87 Y77.325 E930.99124
G1 X167.136 Y76.936 E931.00848
G1 X167.529 Y76.669 E931.02587
G1 X168 Y76.576 E931.04343
G1 X168.471 Y76.67 E931.061
G1 X168.861 Y76.931 E931.07817
G1 X169.128 Y77.332 E931.0958
G1 X169.199 Y77.582 E931.10531
G1 X169.2 Y78.014 E931.12111
G1 X169.119 Y78.284 E931.13142
G1 X168.861 Y78.664 E931.14823
G1 X168.471 Y78.927 E931.16544
G1 X168 Y79.019 E931.183
G0 F9000 X168 Y80.306
G1 F1800 X168.484 Y80.259 E931.20079
G1 X168.955 Y80.115 E931.21881
G1 X169.397 Y79.88 E931.23712
G1 X169.771 Y79.571 E931.25487
G1 X170.08 Y79.196 E931.27265
G1 X170.315 Y78.755 E931.29093
G1 X170.459 Y78.284 E931.30895
G1 X170.506 Y77.8 E931.32674
G1 X170.459 Y77.312 E931.34468
G1 X170.315 Y76.841 E931.3627
G1 X170.08 Y76.399 E931.38101
G1 X169.771 Y76.025 E931.39876
G1 X169.397 Y75.716 E931.41651
G1 X168.955 Y75.481 E931.43482
G1 X168.484 Y75.337 E931.45284
G1 X168 Y75.29 E931.47064
G1 X167.512 Y75.337 E931.48857
G1 X167.041 Y75.48 E931.50658
G1 X166.599 Y75.716 E931.52491
G1 X166.225 Y76.025 E931.54266
G1 X165.916 Y76.399 E931.56041
G1 X165.68 Y76.841 E931.57874
G1 X165.537 Y77.312 E931.59675
G1 X165.49 Y77.8 E931.61469
G1 X165.537 Y78.284 E931.63248
G1 X165.681 Y78.755 E931.6505
G1 X165.916 Y79.197 E931.66881
G1 X166.225 Y79.571 E931.68656
G1 X166.599 Y79.88 E931.70431
G1 X167.041 Y80.116 E931.72264
G1 X167.512 Y80.259 E931.74065
G1 X168 Y80.306 E931.75859
G1 F1500 E929.75859
;MESH:NONMESH
G0 F300 Z3.64
G0 F9000 X52 Y79.448
;TIME_ELAPSED:6182.943826
;LAYER:18
;TYPE:WALL-INNER
;MESH:SmartKiln_Frente.stl
G1 F1500 E931.75859
G1 F1850.5 X51.681 Y79.403 E931.77005
G1 X51.332 Y79.314 E931.78287
G1 F1867.9 X50.824 Y78.977 E931.80436
G1 F1876.8 X50.482 Y78.469 E931.82585
G1 F1850.5 X50.392 Y78.115 E931.83885
G1 F1846.2 X50.348 Y77.8 E931.8502
G1 F1850.5 X50.393 Y77.481 E931.86166
G1 X50.482 Y77.132 E931.87448
G1 F1867.9 X50.801 Y76.651 E931.89483
G1 F1850.5 X51.084 Y76.441 E931.90737
G1 F1841.9 X51.366 Y76.267 E931.91922
G1 F1837.6 X51.68 Y76.193 E931.93078
G1 F1850.5 X52 Y76.148 E931.94228
G1 X52.314 Y76.192 E931.95356
G1 F1841.9 X52.657 Y76.28 E931.96623
G1 X52.912 Y76.44 E931.97699
G1 F1846.2 X53.173 Y76.629 E931.98848
G1 F1867.9 X53.513 Y77.122 E932.0096
G1 F1876.8 X53.619 Y77.478 E932.02263
G1 F1854.8 X53.636 Y77.8 E932.03408
G1 F1859.2 X53.619 Y78.118 E932.04536
G1 F1876.8 X53.526 Y78.429 E932.05675
G1 F1859.2 X53.357 Y78.713 E932.06846
G1 X53.167 Y78.968 E932.07972
G1 X52.915 Y79.156 E932.09086
G1 F1841.9 X52.654 Y79.317 E932.10182
G1 X52.314 Y79.403 E932.11436
G1 F1850.5 X52 Y79.448 E932.12565
G0 F9000 X52 Y79.872
G1 F1850.5 X52.398 Y79.829 E932.1399
G1 X52.789 Y79.715 E932.15439
G1 X53.153 Y79.516 E932.16916
G1 F1859.2 X53.465 Y79.265 E932.18334
G1 X53.716 Y78.953 E932.19752
G1 X53.915 Y78.59 E932.21219
G1 F1876.8 X54.034 Y78.199 E932.22653
G1 F1859.2 X54.069 Y77.8 E932.24072
G1 F1854.8 X54.034 Y77.396 E932.25511
G1 F1876.8 X53.915 Y77.006 E932.26942
G1 F1854.8 X53.715 Y76.643 E932.28414
G1 F1850.5 X53.465 Y76.331 E932.29837
G1 X53.153 Y76.081 E932.31259
G1 X52.789 Y75.881 E932.32737
G1 X52.398 Y75.767 E932.34187
G1 X52 Y75.723 E932.35612
G1 X51.597 Y75.768 E932.37055
G1 F1846.2 X51.207 Y75.881 E932.38503
G1 F1850.5 X50.843 Y76.08 E932.3998
G1 X50.531 Y76.331 E932.41405
G1 X50.28 Y76.643 E932.4283
G1 X50.081 Y77.007 E932.44306
G1 X49.967 Y77.397 E932.45752
G1 X49.924 Y77.8 E932.47195
G1 F1846.2 X49.967 Y78.198 E932.48623
G1 F1850.5 X50.081 Y78.589 E932.50072
G1 X50.28 Y78.954 E932.51552
G1 X50.531 Y79.265 E932.52974
G1 X50.843 Y79.516 E932.54399
G1 X51.207 Y79.715 E932.55875
G1 X51.597 Y79.829 E932.57321
G1 X52 Y79.872 E932.58764
G0 F9000 X52 Y80.306
;TYPE:WALL-OUTER
G1 F1800 X52.484 Y80.259 E932.60543
G1 X52.955 Y80.115 E932.62345
G1 X53.397 Y79.88 E932.64176
G1 X53.771 Y79.571 E932.65951
G1 X54.08 Y79.196 E932.67729
G1 X54.315 Y78.755 E932.69557
G1 X54.459 Y78.284 E932.71359
G1 X54.506 Y77.8 E932.73138
G1 X54.459 Y77.312 E932.74932
G1 X54.315 Y76.841 E932.76734
G1 X54.08 Y76.399 E932.78565
G1 X53.771 Y76.025 E932.8034
G1 X53.397 Y75.716 E932.82115
G1 X52.955 Y75.481 E932.83947
G1 X52.484 Y75.337 E932.85749
G1 X52 Y75.29 E932.87528
G1 X51.512 Y75.337 E932.89321
G1 X51.041 Y75.48 E932.91122
G1 X50.599 Y75.716 E932.92955
G1 X50.225 Y76.025 E932.9473
G1 X49.916 Y76.399 E932.96505
G1 X49.68 Y76.841 E932.98338
G1 X49.537 Y77.312 E933.00139
G1 X49.49 Y77.8 E933.01933
G1 X49.537 Y78.284 E933.03712
G1 X49.681 Y78.755 E933.05514
G1 X49.916 Y79.197 E933.07345
G1 X50.225 Y79.571 E933.0912
G1 X50.599 Y79.88 E933.10895
G1 X51.041 Y80.116 E933.12728
G1 X51.512 Y80.259 E933.14529
G1 X52 Y80.306 E933.16323
G0 F9000 X52 Y79.019
G1 F1800 X51.525 Y78.926 E933.18094
G1 X51.136 Y78.66 E933.19818
G1 X50.87 Y78.275 E933.2153
G1 X50.777 Y77.8 E933.23301
G1 X50.87 Y77.325 E933.25072
G1 X51.136 Y76.936 E933.26796
G1 X51.529 Y76.669 E933.28534
G1 X52 Y76.576 E933.30291
G1 X52.471 Y76.67 E933.32048
G1 X52.861 Y76.931 E933.33765
G1 X53.128 Y77.332 E933.35527
G1 X53.199 Y77.582 E933.36478
G1 X53.2 Y78.014 E933.38059
G1 X53.119 Y78.284 E933.3909
G1 X52.861 Y78.664 E933.4077
G1 X52.471 Y78.927 E933.42491
G1 X52 Y79.019 E933.44247
G1 F1500 E931.44247
G0 F9000 X52 Y146.448
;TYPE:WALL-INNER
G1 F1500 E933.44247
G1 F1850.5 X51.681 Y146.403 E933.45394
G1 X51.332 Y146.314 E933.46675
G1 F1867.9 X50.824 Y145.977 E933.48825
G1 F1876.8 X50.482 Y145.469 E933.50974
G1 F1850.5 X50.392 Y145.115 E933.52273
G1 F1846.2 X50.348 Y144.8 E933.53408
G1 F1850.5 X50.393 Y144.481 E933.54554
G1 X50.482 Y144.132 E933.55836
G1 F1867.9 X50.801 Y143.651 E933.57871
G1 F1850.5 X51.084 Y143.441 E933.59125
G1 F1841.9 X51.366 Y143.267 E933.6031
G1 F1837.6 X51.68 Y143.193 E933.61466
G1 F1850.5 X52 Y143.148 E933.62616
G1 X52.314 Y143.192 E933.63745
G1 F1841.9 X52.657 Y143.28 E933.65011
G1 X52.912 Y143.44 E933.66087
G1 F1846.2 X53.173 Y143.629 E933.67237
G1 F1867.9 X53.513 Y144.122 E933.69348
G1 F1876.8 X53.619 Y144.478 E933.70651
G1 F1854.8 X53.636 Y144.8 E933.71796
G1 F1859.2 X53.619 Y145.118 E933.72924
G1 F1876.8 X53.526 Y145.429 E933.74063
G1 F1859.2 X53.357 Y145.713 E933.75234
G1 X53.167 Y145.968 E933.7636
G1 X52.915 Y146.156 E933.77474
G1 F1841.9 X52.654 Y146.317 E933.7857
G1 X52.314 Y146.403 E933.79824
G1 F1850.5 X52 Y146.448 E933.80953
G0 F9000 X52 Y146.872
G1 F1850.5 X52.398 Y146.829 E933.82378
G1 X52.789 Y146.715 E933.83827
G1 X53.153 Y146.516 E933.85304
G1 F1859.2 X53.465 Y146.265 E933.86722
G1 X53.716 Y145.953 E933.88141
G1 X53.915 Y145.59 E933.89607
G1 F1876.8 X54.034 Y145.199 E933.91041
G1 F1859.2 X54.069 Y144.8 E933.9246
G1 F1854.8 X54.034 Y144.396 E933.939
G1 F1876.8 X53.915 Y144.006 E933.9533
G1 F1854.8 X53.715 Y143.643 E933.96802
G1 F1850.5 X53.465 Y143.331 E933.98225
G1 X53.153 Y143.081 E933.99648
G1 X52.789 Y142.881 E934.01126
G1 X52.398 Y142.767 E934.02575
G1 X52 Y142.723 E934.04
G1 X51.597 Y142.768 E934.05443
G1 F1846.2 X51.207 Y142.881 E934.06892
G1 F1850.5 X50.843 Y143.08 E934.08368
G1 X50.531 Y143.331 E934.09793
G1 X50.28 Y143.643 E934.11218
G1 X50.081 Y144.007 E934.12695
G1 X49.967 Y144.397 E934.14141
G1 X49.924 Y144.8 E934.15583
G1 F1846.2 X49.967 Y145.198 E934.17011
G1 F1850.5 X50.081 Y145.589 E934.1846
G1 X50.28 Y145.954 E934.1994
G1 X50.531 Y146.265 E934.21362
G1 X50.843 Y146.516 E934.22787
G1 X51.207 Y146.715 E934.24264
G1 X51.597 Y146.829 E934.2571
G1 X52 Y146.872 E934.27152
G0 F9000 X52 Y147.306
;TYPE:WALL-OUTER
G1 F1800 X52.484 Y147.259 E934.28931
G1 X52.955 Y147.115 E934.30733
G1 X53.397 Y146.88 E934.32564
G1 X53.771 Y146.571 E934.34339
G1 X54.08 Y146.196 E934.36117
G1 X54.315 Y145.755 E934.37945
G1 X54.459 Y145.284 E934.39747
G1 X54.506 Y144.8 E934.41526
G1 X54.459 Y144.312 E934.4332
G1 X54.315 Y143.841 E934.45122
G1 X54.08 Y143.399 E934.46953
G1 X53.771 Y143.025 E934.48728
G1 X53.397 Y142.716 E934.50503
G1 X52.955 Y142.481 E934.52335
G1 X52.484 Y142.337 E934.54137
G1 X52 Y142.29 E934.55916
G1 X51.512 Y142.337 E934.57709
G1 X51.041 Y142.48 E934.5951
G1 X50.599 Y142.716 E934.61344
G1 X50.225 Y143.025 E934.63118
G1 X49.916 Y143.399 E934.64893
G1 X49.68 Y143.841 E934.66727
G1 X49.537 Y144.312 E934.68527
G1 X49.49 Y144.8 E934.70321
G1 X49.537 Y145.284 E934.721
G1 X49.681 Y145.755 E934.73902
G1 X49.916 Y146.197 E934.75734
G1 X50.225 Y146.571 E934.77509
G1 X50.599 Y146.88 E934.79283
G1 X51.041 Y147.116 E934.81117
G1 X51.512 Y147.259 E934.82918
G1 X52 Y147.306 E934.84711
G0 F9000 X52 Y146.019
G1 F1800 X51.525 Y145.926 E934.86482
G1 X51.136 Y145.66 E934.88206
G1 X50.87 Y145.275 E934.89918
G1 X50.777 Y144.8 E934.91689
G1 X50.87 Y144.325 E934.9346
G1 X51.136 Y143.936 E934.95184
G1 X51.529 Y143.669 E934.96922
G1 X52 Y143.576 E934.98679
G1 X52.471 Y143.67 E935.00436
G1 X52.861 Y143.931 E935.02153
G1 X53.128 Y144.332 E935.03915
G1 X53.199 Y144.582 E935.04866
G1 X53.2 Y145.014 E935.06447
G1 X53.119 Y145.284 E935.07478
G1 X52.861 Y145.664 E935.09159
G1 X52.471 Y145.927 E935.1088
G1 X52 Y146.019 E935.12635
G1 F1500 E933.12635
G0 F9000 X168 Y146.448
;TYPE:WALL-INNER
G1 F1500 E935.12635
G1 F1850.5 X167.681 Y146.403 E935.13782
G1 X167.332 Y146.314 E935.15064
G1 F1867.9 X166.824 Y145.977 E935.17213
G1 F1876.8 X166.482 Y145.469 E935.19362
G1 F1850.5 X166.392 Y145.115 E935.20662
G1 F1846.2 X166.348 Y144.8 E935.21796
G1 F1850.5 X166.393 Y144.481 E935.22943
G1 X166.482 Y144.132 E935.24224
G1 F1867.9 X166.801 Y143.651 E935.26259
G1 F1850.5 X167.084 Y143.441 E935.27513
G1 F1841.9 X167.366 Y143.267 E935.28698
G1 F1837.6 X167.68 Y143.193 E935.29854
G1 F1850.5 X168 Y143.148 E935.31004
G1 F1872.3 X168.431 Y143.208 E935.32535
G1 F1881.2 X168.69 Y143.301 E935.33498
G1 F1859.2 X168.912 Y143.44 E935.34426
G1 F1846.2 X169.173 Y143.629 E935.35576
G1 F1867.9 X169.513 Y144.122 E935.37687
G1 F1876.8 X169.619 Y144.478 E935.3899
G1 F1854.8 X169.636 Y144.8 E935.40135
G1 F1859.2 X169.619 Y145.118 E935.41263
G1 F1876.8 X169.526 Y145.429 E935.42402
G1 F1859.2 X169.357 Y145.713 E935.43573
G1 X169.167 Y145.968 E935.44699
G1 X168.915 Y146.156 E935.45813
G1 F1841.9 X168.654 Y146.317 E935.46909
G1 X168.314 Y146.403 E935.48163
G1 F1850.5 X168 Y146.448 E935.49292
G0 F9000 X168 Y146.872
G1 F1850.5 X168.398 Y146.829 E935.50717
G1 X168.789 Y146.715 E935.52166
G1 X169.153 Y146.516 E935.53643
G1 F1859.2 X169.465 Y146.265 E935.55061
G1 X169.716 Y145.953 E935.5648
G1 X169.915 Y145.59 E935.57946
G1 F1876.8 X170.034 Y145.199 E935.5938
G1 F1859.2 X170.069 Y144.8 E935.60799
G1 F1854.8 X170.034 Y144.396 E935.62239
G1 F1876.8 X169.915 Y144.006 E935.63669
G1 F1854.8 X169.715 Y143.643 E935.65141
G1 F1850.5 X169.465 Y143.331 E935.66564
G1 X169.153 Y143.081 E935.67987
G1 X168.789 Y142.881 E935.69465
G1 X168.398 Y142.767 E935.70914
G1 X168 Y142.723 E935.72339
G1 X167.597 Y142.768 E935.73782
G1 F1846.2 X167.207 Y142.881 E935.75231
G1 F1850.5 X166.843 Y143.08 E935.76707
G1 X166.531 Y143.331 E935.78132
G1 X166.28 Y143.643 E935.79557
G1 X166.081 Y144.007 E935.81034
G1 X165.967 Y144.397 E935.8248
G1 X165.924 Y144.8 E935.83922
G1 F1846.2 X165.967 Y145.198 E935.8535
G1 F1850.5 X166.081 Y145.589 E935.86799
G1 X166.28 Y145.954 E935.88279
G1 X166.531 Y146.265 E935.89701
G1 X166.843 Y146.516 E935.91126
G1 X167.207 Y146.715 E935.92603
G1 X167.597 Y146.829 E935.94049
G1 X168 Y146.872 E935.95491
G0 F9000 X168 Y147.306
;TYPE:WALL-OUTER
G1 F1800 X168.484 Y147.259 E935.9727
G1 X168.955 Y147.115 E935.99072
G1 X169.397 Y146.88 E936.00903
G1 X169.771 Y146.571 E936.02678
G1 X170.08 Y146.196 E936.04456
G1 X170.315 Y145.755 E936.06284
G1 X170.459 Y145.284 E936.08086
G1 X170.506 Y144.8 E936.09865
G1 X170.459 Y144.312 E936.11659
G1 X170.315 Y143.841 E936.13461
G1 X170.08 Y143.399 E936.15292
G1 X169.771 Y143.025 E936.17067
G1 X169.397 Y142.716 E936.18842
G1 X168.955 Y142.481 E936.20674
G1 X168.484 Y142.337 E936.22476
G1 X168 Y142.29 E936.24255
G1 X167.512 Y142.337 E936.26048
G1 X167.041 Y142.48 E936.27849
G1 X166.599 Y142.716 E936.29683
G1 X166.225 Y143.025 E936.31457
G1 X165.916 Y143.399 E936.33232
G1 X165.68 Y143.841 E936.35066
G1 X165.537 Y144.312 E936.36866
G1 X165.49 Y144.8 E936.3866
G1 X165.537 Y145.284 E936.40439
G1 X165.681 Y145.755 E936.42241
G1 X165.916 Y146.197 E936.44073
G1 X166.225 Y146.571 E936.45848
G1 X166.599 Y146.88 E936.47622
G1 X167.041 Y147.116 E936.49456
G1 X167.512 Y147.259 E936.51257
G1 X168 Y147.306 E936.5305
G0 F9000 X168 Y146.019
G1 F1800 X167.525 Y145.926 E936.54821
G1 X167.136 Y145.66 E936.56545
G1 X166.87 Y145.275 E936.58257
G1 X166.777 Y144.8 E936.60028
G1 X166.87 Y144.325 E936.61799
G1 X167.136 Y143.936 E936.63523
G1 X167.529 Y143.669 E936.65261
G1 X168 Y143.576 E936.67018
G1 X168.471 Y143.67 E936.68775
G1 X168.861 Y143.931 E936.70492
G1 X169.128 Y144.332 E936.72254
G1 X169.199 Y144.582 E936.73205
G1 X169.2 Y145.014 E936.74786
G1 X169.119 Y145.284 E936.75817
G1 X168.861 Y145.664 E936.77498
G1 X168.471 Y145.927 E936.79219
G1 X168 Y146.019 E936.80974
G1 F1500 E934.80974
G0 F9000 X172.091 Y149.792
;TYPE:WALL-INNER
G1 F1500 E936.80974
G1 F1824.9 X173.016 Y149.816 E936.84313
G1 F1833.3 X172.992 Y148.891 E936.87637
G1 X172.667 Y149.467 E936.90013
G1 F1824.9 X172.091 Y149.792 E936.924
G1 F1763.9 X171.9 Y149.8 E936.93113
G1 F1800 X48.1 Y149.8 E941.4605
G1 F1867.9 X47.333 Y149.467 E941.48998
G1 F1829.1 X47.008 Y148.891 E941.51379
G1 X46.985 Y149.815 E941.54707
G1 F1867.9 X48.1 Y149.8 E941.58638
G0 F9000 X47.008 Y148.891
G1 F1763.9 X47 Y148.7 E941.59352
G1 F1800 X47 Y71.3 E944.42529
G1 F1867.9 X47.333 Y70.533 E944.45477
G1 F1829.1 X47.909 Y70.208 E944.47858
G1 X46.985 Y70.185 E944.51186
G1 F1867.9 X47 Y71.3 E944.55117
G0 F9000 X47.909 Y70.208
G1 F1763.9 X48.1 Y70.2 E944.55831
G1 F1800 X171.9 Y70.2 E949.08767
G1 F1500 E947.08767
G0 F9000 X173 Y71.3
G1 F1500 E949.08767
G1 F1867.9 X173.016 Y70.184 E949.12702
G1 X171.9 Y70.2 E949.16637
G1 X172.667 Y70.533 E949.19585
G1 X173 Y71.3 E949.22533
G1 F1800 X173 Y148.7 E952.0571
G1 F1767.9 X172.992 Y148.891 E952.06422
G1 F1500 E950.06422
G0 F9000 X110 Y150.24
G1 F1500 E952.06422
G1 F1800 X173.44 Y150.24 E954.38525
G1 X173.44 Y69.76 E957.3297
G1 X46.561 Y69.761 E961.97171
G1 X46.561 Y150.239 E964.91609
G1 X110 Y150.24 E967.23708
G0 F9000 X110 Y149.36
G1 F1800 X48.1 Y149.36 E969.50176
G1 X47.633 Y149.167 E969.52025
G1 X47.44 Y148.795 E969.53558
G1 X47.44 Y71.3 E972.37083
G1 X47.633 Y70.833 E972.38932
G1 X48.005 Y70.64 E972.40465
G1 X171.9 Y70.64 E976.93749
G1 X172.367 Y70.833 E976.95598
G1 X172.56 Y71.3 E976.97446
G1 X172.56 Y148.797 E979.80978
G1 X172.367 Y149.167 E979.82505
G1 X171.995 Y149.36 E979.84038
G1 X110 Y149.36 E982.10854
G0 F9000 X110 Y148.918
;TYPE:WALL-OUTER
G1 F1800 X48.1 Y148.92 E984.37322
G1 X47.944 Y148.856 E984.37939
G1 X47.883 Y148.738 E984.38425
G1 X47.88 Y71.3 E987.21741
G1 X47.944 Y71.144 E987.22358
G1 X48.062 Y71.083 E987.22844
G1 X171.9 Y71.08 E991.75919
G1 X172.056 Y71.144 E991.76536
G1 X172.12 Y71.3 E991.77153
G1 X172.117 Y148.738 E994.60469
G1 X172.056 Y148.856 E994.60955
G1 X171.938 Y148.917 E994.61441
G1 X110 Y148.918 E996.88048
G1 F1500 E994.88048
G0 F9000 X110 Y150.68
G1 F1500 E996.88048
G1 F1800 X173.88 Y150.68 E999.21761
G1 X173.88 Y69.32 E1002.19425
G1 X46.121 Y69.321 E1006.86846
G1 X46.121 Y150.679 E1009.84504
G1 X110 Y150.68 E1012.18213
G1 F1500 E1010.18213
G0 F9000 X168 Y79.872
;TYPE:WALL-INNER
G1 F1500 E1012.18213
G1 F1850.5 X168.398 Y79.829 E1012.19637
G1 X168.789 Y79.715 E1012.21087
G1 X169.153 Y79.516 E1012.22563
G1 F1859.2 X169.465 Y79.265 E1012.23982
G1 X169.716 Y78.953 E1012.254
G1 X169.915 Y78.59 E1012.26866
G1 F1876.8 X170.034 Y78.199 E1012.283
G1 F1859.2 X170.069 Y77.8 E1012.29719
G1 F1854.8 X170.034 Y77.396 E1012.31159
G1 F1876.8 X169.915 Y77.006 E1012.3259
G1 F1854.8 X169.715 Y76.643 E1012.34061
G1 F1850.5 X169.465 Y76.331 E1012.35484
G1 X169.153 Y76.081 E1012.36907
G1 X168.789 Y75.881 E1012.38385
G1 X168.398 Y75.767 E1012.39834
G1 X168 Y75.723 E1012.4126
G1 X167.597 Y75.768 E1012.42703
G1 F1846.2 X167.207 Y75.881 E1012.44151
G1 F1850.5 X166.843 Y76.08 E1012.45627
G1 X166.531 Y76.331 E1012.47052
G1 X166.28 Y76.643 E1012.48478
G1 X166.081 Y77.007 E1012.49954
G1 X165.967 Y77.397 E1012.514
G1 X165.924 Y77.8 E1012.52842
G1 F1846.2 X165.967 Y78.198 E1012.5427
G1 F1850.5 X166.081 Y78.589 E1012.5572
G1 X166.28 Y78.954 E1012.57199
G1 X166.531 Y79.265 E1012.58622
G1 X166.843 Y79.516 E1012.60047
G1 X167.207 Y79.715 E1012.61523
G1 X167.597 Y79.829 E1012.62969
G1 X168 Y79.872 E1012.64411
G0 F9000 X168 Y79.448
G1 F1850.5 X167.681 Y79.403 E1012.65558
G1 X167.332 Y79.314 E1012.6684
G1 F1867.9 X166.824 Y78.977 E1012.68989
G1 F1876.8 X166.482 Y78.469 E1012.71138
G1 F1850.5 X166.392 Y78.115 E1012.72438
G1 F1846.2 X166.348 Y77.8 E1012.73572
G1 F1850.5 X166.393 Y77.481 E1012.74719
G1 X166.482 Y77.132 E1012.76001
G1 F1867.9 X166.801 Y76.651 E1012.78035
G1 F1850.5 X167.084 Y76.441 E1012.79289
G1 F1841.9 X167.366 Y76.267 E1012.80474
G1 F1837.6 X167.68 Y76.193 E1012.8163
G1 F1850.5 X168 Y76.148 E1012.8278
G1 X168.314 Y76.192 E1012.83909
G1 F1841.9 X168.657 Y76.28 E1012.85175
G1 X168.912 Y76.44 E1012.86251
G1 F1846.2 X169.173 Y76.629 E1012.87401
G1 F1867.9 X169.513 Y77.122 E1012.89512
G1 F1876.8 X169.619 Y77.478 E1012.90816
G1 F1854.8 X169.636 Y77.8 E1012.9196
G1 F1859.2 X169.619 Y78.118 E1012.93088
G1 F1876.8 X169.526 Y78.429 E1012.94227
G1 F1859.2 X169.357 Y78.713 E1012.95398
G1 X169.167 Y78.968 E1012.96525
G1 X168.915 Y79.156 E1012.97638
G1 F1841.9 X168.654 Y79.317 E1012.98735
G1 X168.314 Y79.403 E1012.99989
G1 F1850.5 X168 Y79.448 E1013.01117
G0 F9000 X168 Y79.019
;TYPE:WALL-OUTER
G1 F1800 X167.525 Y78.926 E1013.02888
G1 X167.136 Y78.66 E1013.04612
G1 X166.87 Y78.275 E1013.06325
G1 X166.777 Y77.8 E1013.08095
G1 X166.87 Y77.325 E1013.09866
G1 X167.136 Y76.936 E1013.1159
G1 X167.529 Y76.669 E1013.13329
G1 X168 Y76.576 E1013.15085
G1 X168.471 Y76.67 E1013.16842
G1 X168.861 Y76.931 E1013.18559
G1 X169.128 Y77.332 E1013.20322
G1 X169.199 Y77.582 E1013.21273
G1 X169.2 Y78.014 E1013.22853
G1 X169.119 Y78.284 E1013.23884
G1 X168.861 Y78.664 E1013.25565
G1 X168.471 Y78.927 E1013.27286
G1 X168 Y79.019 E1013.29042
G0 F9000 X168 Y80.306
G1 F1800 X168.484 Y80.259 E1013.30821
G1 X168.955 Y80.115 E1013.32623
G1 X169.397 Y79.88 E1013.34454
G1 X169.771 Y79.571 E1013.36229
G1 X170.08 Y79.196 E1013.38007
G1 X170.315 Y78.755 E1013.39835
G1 X170.459 Y78.284 E1013.41637
G1 X170.506 Y77.8 E1013.43416
G1 X170.459 Y77.312 E1013.4521
G1 X170.315 Y76.841 E1013.47012
G1 X170.08 Y76.399 E1013.48843
G1 X169.771 Y76.025 E1013.50618
G1 X169.397 Y75.716 E1013.52393
G1 X168.955 Y75.481 E1013.54224
G1 X168.484 Y75.337 E1013.56026
G1 X168 Y75.29 E1013.57805
G1 X167.512 Y75.337 E1013.59599
G1 X167.041 Y75.48 E1013.614
G1 X166.599 Y75.716 E1013.63233
G1 X166.225 Y76.025 E1013.65008
G1 X165.916 Y76.399 E1013.66783
G1 X165.68 Y76.841 E1013.68616
G1 X165.537 Y77.312 E1013.70417
G1 X165.49 Y77.8 E1013.72211
G1 X165.537 Y78.284 E1013.7399
G1 X165.681 Y78.755 E1013.75792
G1 X165.916 Y79.197 E1013.77623
G1 X166.225 Y79.571 E1013.79398
G1 X166.599 Y79.88 E1013.81173
G1 X167.041 Y80.116 E1013.83006
G1 X167.512 Y80.259 E1013.84807
G1 X168 Y80.306 E1013.86601
G1 F1500 E1011.86601
;MESH:NONMESH
G0 F300 Z3.84
G0 F9000 X52 Y79.448
;TIME_ELAPSED:6267.129780
;LAYER:19
;TYPE:WALL-INNER
;MESH:SmartKiln_Frente.stl
G1 F1500 E1013.86601
G1 F1850.5 X51.681 Y79.403 E1013.87747
G1 X51.332 Y79.314 E1013.89029
G1 F1867.9 X50.824 Y78.977 E1013.91178
G1 F1876.8 X50.482 Y78.469 E1013.93327
G1 F1850.5 X50.392 Y78.115 E1013.94627
G1 F1846.2 X50.348 Y77.8 E1013.95762
G1 F1850.5 X50.393 Y77.481 E1013.96908
G1 X50.482 Y77.132 E1013.9819
G1 F1867.9 X50.801 Y76.651 E1014.00225
G1 F1850.5 X51.084 Y76.441 E1014.01479
G1 F1841.9 X51.366 Y76.267 E1014.02664
G1 F1837.6 X51.68 Y76.193 E1014.0382
G1 F1850.5 X52 Y76.148 E1014.0497
G1 F1872.3 X52.431 Y76.208 E1014.065
G1 F1881.2 X52.69 Y76.301 E1014.07464
G1 F1859.2 X52.912 Y76.44 E1014.08392
G1 F1846.2 X53.173 Y76.629 E1014.09541
G1 F1867.9 X53.513 Y77.122 E1014.11652
G1 F1876.8 X53.619 Y77.478 E1014.12956
G1 F1854.8 X53.636 Y77.8 E1014.14101
G1 F1859.2 X53.619 Y78.118 E1014.15229
G1 F1876.8 X53.526 Y78.429 E1014.16368
G1 F1859.2 X53.357 Y78.713 E1014.17538
G1 X53.167 Y78.968 E1014.18665
G1 X52.915 Y79.156 E1014.19779
G1 F1841.9 X52.654 Y79.317 E1014.20875
G1 X52.314 Y79.403 E1014.22129
G1 F1850.5 X52 Y79.448 E1014.23258
G0 F9000 X52 Y79.872
G1 F1850.5 X52.398 Y79.829 E1014.24682
G1 X52.789 Y79.715 E1014.26132
G1 X53.153 Y79.516 E1014.27608
G1 F1859.2 X53.465 Y79.265 E1014.29027
G1 X53.716 Y78.953 E1014.30445
G1 X53.915 Y78.59 E1014.31911
G1 F1876.8 X54.034 Y78.199 E1014.33346
G1 F1859.2 X54.069 Y77.8 E1014.34764
G1 F1854.8 X54.034 Y77.396 E1014.36204
G1 F1876.8 X53.915 Y77.006 E1014.37635
G1 F1854.8 X53.715 Y76.643 E1014.39106
G1 F1850.5 X53.465 Y76.331 E1014.40529
G1 X53.153 Y76.081 E1014.41952
G1 X52.789 Y75.881 E1014.4343
G1 X52.398 Y75.767 E1014.4488
G1 X52 Y75.723 E1014.46305
G1 X51.597 Y75.768 E1014.47748
G1 F1846.2 X51.207 Y75.881 E1014.49196
G1 F1850.5 X50.843 Y76.08 E1014.50673
G1 X50.531 Y76.331 E1014.52098
G1 X50.28 Y76.643 E1014.53523
G1 X50.081 Y77.007 E1014.54999
G1 X49.967 Y77.397 E1014.56445
G1 X49.924 Y77.8 E1014.57887
G1 F1846.2 X49.967 Y78.198 E1014.59315
G1 F1850.5 X50.081 Y78.589 E1014.60765
G1 X50.28 Y78.954 E1014.62244
G1 X50.531 Y79.265 E1014.63667
G1 X50.843 Y79.516 E1014.65092
G1 X51.207 Y79.715 E1014.66568
G1 X51.597 Y79.829 E1014.68014
G1 X52 Y79.872 E1014.69456
G0 F9000 X52 Y80.306
;TYPE:WALL-OUTER
G1 F1800 X52.484 Y80.259 E1014.71236
G1 X52.955 Y80.115 E1014.73038
G1 X53.397 Y79.88 E1014.74869
G1 X53.771 Y79.571 E1014.76644
G1 X54.08 Y79.196 E1014.78422
G1 X54.315 Y78.755 E1014.8025
G1 X54.459 Y78.284 E1014.82052
G1 X54.506 Y77.8 E1014.83831
G1 X54.459 Y77.312 E1014.85625
G1 X54.315 Y76.841 E1014.87427
G1 X54.08 Y76.399 E1014.89258
G1 X53.771 Y76.025 E1014.91033
G1 X53.397 Y75.716 E1014.92808
G1 X52.955 Y75.481 E1014.94639
G1 X52.484 Y75.337 E1014.96441
G1 X52 Y75.29 E1014.9822
G1 X51.512 Y75.337 E1015.00014
G1 X51.041 Y75.48 E1015.01815
G1 X50.599 Y75.716 E1015.03648
G1 X50.225 Y76.025 E1015.05423
G1 X49.916 Y76.399 E1015.07198
G1 X49.68 Y76.841 E1015.09031
G1 X49.537 Y77.312 E1015.10832
G1 X49.49 Y77.8 E1015.12626
G1 X49.537 Y78.284 E1015.14405
G1 X49.681 Y78.755 E1015.16207
G1 X49.916 Y79.197 E1015.18038
G1 X50.225 Y79.571 E1015.19813
G1 X50.599 Y79.88 E1015.21588
G1 X51.041 Y80.116 E1015.23421
G1 X51.512 Y80.259 E1015.25222
G1 X52 Y80.306 E1015.27016
G0 F9000 X52 Y79.019
G1 F1800 X51.525 Y78.926 E1015.28787
G1 X51.136 Y78.66 E1015.30511
G1 X50.87 Y78.275 E1015.32223
G1 X50.777 Y77.8 E1015.33994
G1 X50.87 Y77.325 E1015.35764
G1 X51.136 Y76.936 E1015.37489
G1 X51.529 Y76.669 E1015.39227
G1 X52 Y76.576 E1015.40983
G1 X52.471 Y76.67 E1015.42741
G1 X52.861 Y76.931 E1015.44457
G1 X53.128 Y77.332 E1015.4622
G1 X53.199 Y77.582 E1015.47171
G1 X53.2 Y78.014 E1015.48751
G1 X53.119 Y78.284 E1015.49783
G1 X52.861 Y78.664 E1015.51463
G1 X52.471 Y78.927 E1015.53184
G1 X52 Y79.019 E1015.5494
G1 F1500 E1013.5494
G0 F9000 X52 Y146.448
;TYPE:WALL-INNER
G1 F1500 E1015.5494
G1 F1850.5 X51.681 Y146.403 E1015.56086
G1 X51.332 Y146.314 E1015.57368
G1 F1867.9 X50.824 Y145.977 E1015.59517
G1 F1876.8 X50.482 Y145.469 E1015.61666
G1 F1850.5 X50.392 Y145.115 E1015.62966
G1 F1846.2 X50.348 Y144.8 E1015.64101
G1 F1850.5 X50.393 Y144.481 E1015.65247
G1 X50.482 Y144.132 E1015.66529
G1 F1867.9 X50.801 Y143.651 E1015.68564
G1 F1850.5 X51.084 Y143.441 E1015.69818
G1 F1841.9 X51.366 Y143.267 E1015.71003
G1 F1837.6 X51.68 Y143.193 E1015.72159
G1 F1850.5 X52 Y143.148 E1015.73309
G1 X52.314 Y143.192 E1015.74437
G1 F1841.9 X52.657 Y143.28 E1015.75703
G1 X52.912 Y143.44 E1015.7678
G1 F1846.2 X53.173 Y143.629 E1015.77929
G1 F1867.9 X53.513 Y144.122 E1015.80041
G1 F1876.8 X53.619 Y144.478 E1015.81344
G1 F1854.8 X53.636 Y144.8 E1015.82489
G1 F1859.2 X53.619 Y145.118 E1015.83617
G1 F1876.8 X53.526 Y145.429 E1015.84756
G1 F1859.2 X53.357 Y145.713 E1015.85927
G1 X53.167 Y145.968 E1015.87053
G1 X52.915 Y146.156 E1015.88167
G1 F1841.9 X52.654 Y146.317 E1015.89263
G1 X52.314 Y146.403 E1015.90517
G1 F1850.5 X52 Y146.448 E1015.91646
G0 F9000 X52 Y146.872
G1 F1850.5 X52.398 Y146.829 E1015.93071
G1 X52.789 Y146.715 E1015.9452
G1 X53.153 Y146.516 E1015.95996
G1 F1859.2 X53.465 Y146.265 E1015.97415
G1 X53.716 Y145.953 E1015.98833
G1 X53.915 Y145.59 E1016.003
G1 F1876.8 X54.034 Y145.199 E1016.01734
G1 F1859.2 X54.069 Y144.8 E1016.03153
G1 F1854.8 X54.034 Y144.396 E1016.04592
G1 F1876.8 X53.915 Y144.006 E1016.06023
G1 F1854.8 X53.715 Y143.643 E1016.07495
G1 F1850.5 X53.465 Y143.331 E1016.08917
G1 X53.153 Y143.081 E1016.1034
G1 X52.789 Y142.881 E1016.11818
G1 X52.398 Y142.767 E1016.13268
G1 X52 Y142.723 E1016.14693
G1 X51.597 Y142.768 E1016.16136
G1 F1846.2 X51.207 Y142.881 E1016.17584
G1 F1850.5 X50.843 Y143.08 E1016.19061
G1 X50.531 Y143.331 E1016.20486
G1 X50.28 Y143.643 E1016.21911
G1 X50.081 Y144.007 E1016.23387
G1 X49.967 Y144.397 E1016.24833
G1 X49.924 Y144.8 E1016.26276
G1 F1846.2 X49.967 Y145.198 E1016.27704
G1 F1850.5 X50.081 Y145.589 E1016.29153
G1 X50.28 Y145.954 E1016.30633
G1 X50.531 Y146.265 E1016.32055
G1 X50.843 Y146.516 E1016.3348
G1 X51.207 Y146.715 E1016.34956
G1 X51.597 Y146.829 E1016.36402
G1 X52 Y146.872 E1016.37845
G0 F9000 X52 Y147.306
;TYPE:WALL-OUTER
G1 F1800 X52.484 Y147.259 E1016.39624
G1 X52.955 Y147.115 E1016.41426
G1 X53.397 Y146.88 E1016.43257
G1 X53.771 Y146.571 E1016.45032
G1 X54.08 Y146.196 E1016.4681
G1 X54.315 Y145.755 E1016.48638
G1 X54.459 Y145.284 E1016.5044
G1 X54.506 Y144.8 E1016.52219
G1 X54.459 Y144.312 E1016.54013
G1 X54.315 Y143.841 E1016.55815
G1 X54.08 Y143.399 E1016.57646
G1 X53.771 Y143.025 E1016.59421
G1 X53.397 Y142.716 E1016.61196
G1 X52.955 Y142.481 E1016.63028
G1 X52.484 Y142.337 E1016.64829
G1 X52 Y142.29 E1016.66609
G1 X51.512 Y142.337 E1016.68402
G1 X51.041 Y142.48 E1016.70203
G1 X50.599 Y142.716 E1016.72036
G1 X50.225 Y143.025 E1016.73811
G1 X49.916 Y143.399 E1016.75586
G1 X49.68 Y143.841 E1016.77419
G1 X49.537 Y144.312 E1016.7922
G1 X49.49 Y144.8 E1016.81014
G1 X49.537 Y145.284 E1016.82793
G1 X49.681 Y145.755 E1016.84595
G1 X49.916 Y146.197 E1016.86426
G1 X50.225 Y146.571 E1016.88201
G1 X50.599 Y146.88 E1016.89976
G1 X51.041 Y147.116 E1016.91809
G1 X51.512 Y147.259 E1016.9361
G1 X52 Y147.306 E1016.95404
G0 F9000 X52 Y146.019
G1 F1800 X51.525 Y145.926 E1016.97175
G1 X51.136 Y145.66 E1016.98899
G1 X50.87 Y145.275 E1017.00611
G1 X50.777 Y144.8 E1017.02382
G1 X50.87 Y144.325 E1017.04153
G1 X51.136 Y143.936 E1017.05877
G1 X51.529 Y143.669 E1017.07615
G1 X52 Y143.576 E1017.09372
G1 X52.471 Y143.67 E1017.11129
G1 X52.861 Y143.931 E1017.12846
G1 X53.128 Y144.332 E1017.14608
G1 X53.199 Y144.582 E1017.15559
G1 X53.2 Y145.014 E1017.1714
G1 X53.119 Y145.284 E1017.18171
G1 X52.861 Y145.664 E1017.19851
G1 X52.471 Y145.927 E1017.21572
G1 X52 Y146.019 E1017.23328
G1 F1500 E1015.23328
G0 F9000 X168 Y146.448
;TYPE:WALL-INNER
G1 F1500 E1017.23328
G1 F1850.5 X167.681 Y146.403 E1017.24475
G1 X167.332 Y146.314 E1017.25756
G1 F1867.9 X166.824 Y145.977 E1017.27906
G1 F1876.8 X166.482 Y145.469 E1017.30054
G1 F1850.5 X166.392 Y145.115 E1017.31354
G1 F1846.2 X166.348 Y144.8 E1017.32489
G1 F1850.5 X166.393 Y144.481 E1017.33635
G1 X166.482 Y144.132 E1017.34917
G1 F1867.9 X166.801 Y143.651 E1017.36952
G1 F1850.5 X167.084 Y143.441 E1017.38206
G1 F1841.9 X167.366 Y143.267 E1017.39391
G1 F1837.6 X167.68 Y143.193 E1017.40547
G1 F1850.5 X168 Y143.148 E1017.41697
G1 X168.314 Y143.192 E1017.42826
G1 F1841.9 X168.657 Y143.28 E1017.44092
G1 X168.912 Y143.44 E1017.45168
G1 F1846.2 X169.173 Y143.629 E1017.46317
G1 F1867.9 X169.513 Y144.122 E1017.48429
G1 F1876.8 X169.619 Y144.478 E1017.49732
G1 F1854.8 X169.636 Y144.8 E1017.50877
G1 F1859.2 X169.619 Y145.118 E1017.52005
G1 F1876.8 X169.526 Y145.429 E1017.53144
G1 F1859.2 X169.357 Y145.713 E1017.54315
G1 X169.167 Y145.968 E1017.55441
G1 X168.915 Y146.156 E1017.56555
G1 F1841.9 X168.654 Y146.317 E1017.57651
G1 X168.314 Y146.403 E1017.58905
G1 F1850.5 X168 Y146.448 E1017.60034
G0 F9000 X168 Y146.872
G1 F1850.5 X168.398 Y146.829 E1017.61459
G1 X168.789 Y146.715 E1017.62908
G1 X169.153 Y146.516 E1017.64385
G1 F1859.2 X169.465 Y146.265 E1017.65803
G1 X169.716 Y145.953 E1017.67221
G1 X169.915 Y145.59 E1017.68688
G1 F1876.8 X170.034 Y145.199 E1017.70122
G1 F1859.2 X170.069 Y144.8 E1017.71541
G1 F1854.8 X170.034 Y144.396 E1017.72981
G1 F1876.8 X169.915 Y144.006 E1017.74411
G1 F1854.8 X169.715 Y143.643 E1017.75883
G1 F1850.5 X169.465 Y143.331 E1017.77306
G1 X169.153 Y143.081 E1017.78728
G1 X168.789 Y142.881 E1017.80207
G1 X168.398 Y142.767 E1017.81656
G1 X168 Y142.723 E1017.83081
G1 X167.597 Y142.768 E1017.84524
G1 F1846.2 X167.207 Y142.881 E1017.85973
G1 F1850.5 X166.843 Y143.08 E1017.87449
G1 X166.531 Y143.331 E1017.88874
G1 X166.28 Y143.643 E1017.90299
G1 X166.081 Y144.007 E1017.91775
G1 X165.967 Y144.397 E1017.93221
G1 X165.924 Y144.8 E1017.94664
G1 F1846.2 X165.967 Y145.198 E1017.96092
G1 F1850.5 X166.081 Y145.589 E1017.97541
G1 X166.28 Y145.954 E1017.99021
G1 X166.531 Y146.265 E1018.00443
G1 X166.843 Y146.516 E1018.01868
G1 X167.207 Y146.715 E1018.03344
G1 X167.597 Y146.829 E1018.0479
G1 X168 Y146.872 E1018.06233
G0 F9000 X168 Y147.306
;TYPE:WALL-OUTER
G1 F1800 X168.484 Y147.259 E1018.08012
G1 X168.955 Y147.115 E1018.09814
G1 X169.397 Y146.88 E1018.11645
G1 X169.771 Y146.571 E1018.1342
G1 X170.08 Y146.196 E1018.15198
G1 X170.315 Y145.755 E1018.17026
G1 X170.459 Y145.284 E1018.18828
G1 X170.506 Y144.8 E1018.20607
G1 X170.459 Y144.312 E1018.22401
G1 X170.315 Y143.841 E1018.24203
G1 X170.08 Y143.399 E1018.26034
G1 X169.771 Y143.025 E1018.27809
G1 X169.397 Y142.716 E1018.29584
G1 X168.955 Y142.481 E1018.31416
G1 X168.484 Y142.337 E1018.33218
G1 X168 Y142.29 E1018.34997
G1 X167.512 Y142.337 E1018.3679
G1 X167.041 Y142.48 E1018.38591
G1 X166.599 Y142.716 E1018.40424
G1 X166.225 Y143.025 E1018.42199
G1 X165.916 Y143.399 E1018.43974
G1 X165.68 Y143.841 E1018.45807
G1 X165.537 Y144.312 E1018.47608
G1 X165.49 Y144.8 E1018.49402
G1 X165.537 Y145.284 E1018.51181
G1 X165.681 Y145.755 E1018.52983
G1 X165.916 Y146.197 E1018.54815
G1 X166.225 Y146.571 E1018.56589
G1 X166.599 Y146.88 E1018.58364
G1 X167.041 Y147.116 E1018.60198
G1 X167.512 Y147.259 E1018.61998
G1 X168 Y147.306 E1018.63792
G0 F9000 X168 Y146.019
G1 F1800 X167.525 Y145.926 E1018.65563
G1 X167.136 Y145.66 E1018.67287
G1 X166.87 Y145.275 E1018.68999
G1 X166.777 Y144.8 E1018.7077
G1 X166.87 Y144.325 E1018.72541
G1 X167.136 Y143.936 E1018.74265
G1 X167.529 Y143.669 E1018.76003
G1 X168 Y143.576 E1018.7776
G1 X168.471 Y143.67 E1018.79517
G1 X168.861 Y143.931 E1018.81234
G1 X169.128 Y144.332 E1018.82996
G1 X169.199 Y144.582 E1018.83947
G1 X169.2 Y145.014 E1018.85528
G1 X169.119 Y145.284 E1018.86559
G1 X168.861 Y145.664 E1018.88239
G1 X168.471 Y145.927 E1018.8996
G1 X168 Y146.019 E1018.91716
G1 F1500 E1016.91716
G0 F9000 X172.091 Y149.792
;TYPE:WALL-INNER
G1 F1500 E1018.91716
G1 F1763.9 X171.9 Y149.8 E1018.9243
G1 F1800 X48.1 Y149.8 E1023.45366
G1 F1867.9 X47.333 Y149.467 E1023.48314
G1 F1829.1 X47.008 Y148.891 E1023.50696
G1 X46.985 Y149.815 E1023.54023
G1 F1867.9 X48.1 Y149.8 E1023.57955
G0 F9000 X47.008 Y148.891
G1 F1763.9 X47 Y148.7 E1023.58668
G1 F1800 X47 Y71.3 E1026.41845
G1 F1867.9 X47.333 Y70.533 E1026.44793
G1 F1829.1 X47.909 Y70.208 E1026.47174
G1 X46.985 Y70.185 E1026.50502
G1 F1867.9 X47 Y71.3 E1026.54434
G0 F9000 X47.909 Y70.208
G1 F1763.9 X48.1 Y70.2 E1026.55147
G1 F1800 X171.9 Y70.2 E1031.08084
G1 F1500 E1029.08084
G0 F9000 X173 Y71.3
G1 F1500 E1031.08084
G1 F1867.9 X173.016 Y70.184 E1031.12019
G1 X171.9 Y70.2 E1031.15954
G1 X172.667 Y70.533 E1031.18902
G1 X173 Y71.3 E1031.2185
G1 F1800 X173 Y148.7 E1034.05026
G1 F1767.9 X172.992 Y148.891 E1034.05739
G0 F9000 X172.091 Y149.792
G1 F1824.9 X173.016 Y149.816 E1034.09078
G1 F1833.3 X172.992 Y148.891 E1034.12402
G1 X172.667 Y149.467 E1034.14777
G1 F1824.9 X172.091 Y149.792 E1034.17164
G1 F1500 E1032.17164
G0 F9000 X172.091 Y151.565
G0 X110 Y151.565
G0 X110 Y150.24
G1 F1500 E1034.17164
G1 F1800 X173.44 Y150.24 E1036.49266
G1 X173.44 Y69.76 E1039.43712
G1 X46.561 Y69.761 E1044.07913
G1 X46.561 Y150.239 E1047.02351
G1 X110 Y150.24 E1049.3445
G0 F9000 X110 Y149.36
G1 F1800 X48.1 Y149.36 E1051.60918
G1 X47.633 Y149.167 E1051.62767
G1 X47.44 Y148.795 E1051.643
G1 X47.44 Y71.3 E1054.47825
G1 X47.633 Y70.833 E1054.49673
G1 X48.005 Y70.64 E1054.51207
G1 X171.9 Y70.64 E1059.04491
G1 X172.367 Y70.833 E1059.0634
G1 X172.56 Y71.3 E1059.08188
G1 X172.56 Y148.797 E1061.9172
G1 X172.367 Y149.167 E1061.93247
G1 X171.995 Y149.36 E1061.9478
G1 X110 Y149.36 E1064.21596
G0 F9000 X110 Y148.918
;TYPE:WALL-OUTER
G1 F1800 X48.1 Y148.92 E1066.48064
G1 X47.944 Y148.856 E1066.48681
G1 X47.883 Y148.738 E1066.49167
G1 X47.88 Y71.3 E1069.32483
G1 X47.944 Y71.144 E1069.331
G1 X48.062 Y71.083 E1069.33586
G1 X171.9 Y71.08 E1073.86661
G1 X172.056 Y71.144 E1073.87278
G1 X172.12 Y71.3 E1073.87895
G1 X172.117 Y148.738 E1076.71211
G1 X172.056 Y148.856 E1076.71697
G1 X171.938 Y148.917 E1076.72183
G1 X110 Y148.918 E1078.9879
G1 F1500 E1076.9879
G0 F9000 X110 Y150.68
G1 F1500 E1078.9879
G1 F1800 X173.88 Y150.68 E1081.32502
G1 X173.88 Y69.32 E1084.30167
G1 X46.121 Y69.321 E1088.97588
G1 X46.121 Y150.679 E1091.95246
G1 X110 Y150.68 E1094.28955
G1 F1500 E1092.28955
G0 F9000 X168 Y79.872
;TYPE:WALL-INNER
G1 F1500 E1094.28955
G1 F1850.5 X168.398 Y79.829 E1094.30379
G1 X168.789 Y79.715 E1094.31829
G1 X169.153 Y79.516 E1094.33305
G1 F1859.2 X169.465 Y79.265 E1094.34723
G1 X169.716 Y78.953 E1094.36142
G1 X169.915 Y78.59 E1094.37608
G1 F1876.8 X170.034 Y78.199 E1094.39042
G1 F1859.2 X170.069 Y77.8 E1094.40461
G1 F1854.8 X170.034 Y77.396 E1094.41901
G1 F1876.8 X169.915 Y77.006 E1094.43332
G1 F1854.8 X169.715 Y76.643 E1094.44803
G1 F1850.5 X169.465 Y76.331 E1094.46226
G1 X169.153 Y76.081 E1094.47649
G1 X168.789 Y75.881 E1094.49127
G1 X168.398 Y75.767 E1094.50576
G1 X168 Y75.723 E1094.52001
G1 X167.597 Y75.768 E1094.53445
G1 F1846.2 X167.207 Y75.881 E1094.54893
G1 F1850.5 X166.843 Y76.08 E1094.56369
G1 X166.531 Y76.331 E1094.57794
G1 X166.28 Y76.643 E1094.59219
G1 X166.081 Y77.007 E1094.60696
G1 X165.967 Y77.397 E1094.62142
G1 X165.924 Y77.8 E1094.63584
G1 F1846.2 X165.967 Y78.198 E1094.65012
G1 F1850.5 X166.081 Y78.589 E1094.66462
G1 X166.28 Y78.954 E1094.67941
G1 X166.531 Y79.265 E1094.69363
G1 X166.843 Y79.516 E1094.70789
G1 X167.207 Y79.715 E1094.72265
G1 X167.597 Y79.829 E1094.73711
G1 X168 Y79.872 E1094.75153
G0 F9000 X168 Y79.448
G1 F1850.5 X167.681 Y79.403 E1094.763
G1 X167.332 Y79.314 E1094.77582
G1 F1867.9 X166.824 Y78.977 E1094.79731
G1 F1876.8 X166.482 Y78.469 E1094.8188
G1 F1850.5 X166.392 Y78.115 E1094.8318
G1 F1846.2 X166.348 Y77.8 E1094.84314
G1 F1850.5 X166.393 Y77.481 E1094.85461
G1 X166.482 Y77.132 E1094.86742
G1 F1867.9 X166.801 Y76.651 E1094.88777
G1 F1850.5 X167.084 Y76.441 E1094.90031
G1 F1841.9 X167.366 Y76.267 E1094.91216
G1 F1837.6 X167.68 Y76.193 E1094.92372
G1 F1850.5 X168 Y76.148 E1094.93522
G1 X168.314 Y76.192 E1094.94651
G1 F1841.9 X168.657 Y76.28 E1094.95917
G1 X168.912 Y76.44 E1094.96993
G1 F1846.2 X169.173 Y76.629 E1094.98143
G1 F1867.9 X169.513 Y77.122 E1095.00254
G1 F1876.8 X169.619 Y77.478 E1095.01557
G1 F1854.8 X169.636 Y77.8 E1095.02702
G1 F1859.2 X169.619 Y78.118 E1095.0383
G1 F1876.8 X169.526 Y78.429 E1095.04969
G1 F1859.2 X169.357 Y78.713 E1095.0614
G1 X169.167 Y78.968 E1095.07266
G1 X168.915 Y79.156 E1095.0838
G1 F1841.9 X168.654 Y79.317 E1095.09477
G1 X168.314 Y79.403 E1095.10731
G1 F1850.5 X168 Y79.448 E1095.11859
G0 F9000 X168 Y79.019
;TYPE:WALL-OUTER
G1 F1800 X167.525 Y78.926 E1095.1363
G1 X167.136 Y78.66 E1095.15354
G1 X166.87 Y78.275 E1095.17066
G1 X166.777 Y77.8 E1095.18837
G1 X166.87 Y77.325 E1095.20608
G1 X167.136 Y76.936 E1095.22332
G1 X167.529 Y76.669 E1095.2407
G1 X168 Y76.576 E1095.25827
G1 X168.471 Y76.67 E1095.27584
G1 X168.861 Y76.931 E1095.29301
G1 X169.128 Y77.332 E1095.31064
G1 X169.199 Y77.582 E1095.32014
G1 X169.2 Y78.014 E1095.33595
G1 X169.119 Y78.284 E1095.34626
G1 X168.861 Y78.664 E1095.36307
G1 X168.471 Y78.927 E1095.38028
G1 X168 Y79.019 E1095.39783
G0 F9000 X168 Y80.306
G1 F1800 X168.484 Y80.259 E1095.41563
G1 X168.955 Y80.115 E1095.43365
G1 X169.397 Y79.88 E1095.45196
G1 X169.771 Y79.571 E1095.46971
G1 X170.08 Y79.196 E1095.48749
G1 X170.315 Y78.755 E1095.50577
G1 X170.459 Y78.284 E1095.52379
G1 X170.506 Y77.8 E1095.54158
G1 X170.459 Y77.312 E1095.55952
G1 X170.315 Y76.841 E1095.57754
G1 X170.08 Y76.399 E1095.59585
G1 X169.771 Y76.025 E1095.6136
G1 X169.397 Y75.716 E1095.63135
G1 X168.955 Y75.481 E1095.64966
G1 X168.484 Y75.337 E1095.66768
G1 X168 Y75.29 E1095.68547
G1 X167.512 Y75.337 E1095.70341
G1 X167.041 Y75.48 E1095.72142
G1 X166.599 Y75.716 E1095.73975
G1 X166.225 Y76.025 E1095.7575
G1 X165.916 Y76.399 E1095.77525
G1 X165.68 Y76.841 E1095.79358
G1 X165.537 Y77.312 E1095.81159
G1 X165.49 Y77.8 E1095.82953
G1 X165.537 Y78.284 E1095.84732
G1 X165.681 Y78.755 E1095.86534
G1 X165.916 Y79.197 E1095.88365
G1 X166.225 Y79.571 E1095.9014
G1 X166.599 Y79.88 E1095.91915
G1 X167.041 Y80.116 E1095.93748
G1 X167.512 Y80.259 E1095.95549
G1 X168 Y80.306 E1095.97343
G1 F1500 E1093.97343
;MESH:NONMESH
G0 F300 Z4.04
G0 F9000 X52 Y79.448
;TIME_ELAPSED:6351.591463
;LAYER:20
;TYPE:WALL-INNER
;MESH:SmartKiln_Frente.stl
G1 F1500 E1095.97343
G1 F1850.5 X51.681 Y79.403 E1095.98489
G1 X51.332 Y79.314 E1095.99771
G1 F1867.9 X50.824 Y78.977 E1096.0192
G1 F1876.8 X50.482 Y78.469 E1096.04069
G1 F1850.5 X50.392 Y78.115 E1096.05369
G1 F1846.2 X50.348 Y77.8 E1096.06504
G1 F1850.5 X50.393 Y77.481 E1096.0765
G1 X50.482 Y77.132 E1096.08932
G1 F1867.9 X50.801 Y76.651 E1096.10967
G1 F1850.5 X51.084 Y76.441 E1096.12221
G1 F1841.9 X51.366 Y76.267 E1096.13406
G1 F1837.6 X51.68 Y76.193 E1096.14562
G1 F1850.5 X52 Y76.148 E1096.15712
G1 X52.314 Y76.192 E1096.1684
G1 F1841.9 X52.657 Y76.28 E1096.18106
G1 X52.912 Y76.44 E1096.19183
G1 F1846.2 X53.173 Y76.629 E1096.20332
G1 F1867.9 X53.513 Y77.122 E1096.22444
G1 F1876.8 X53.619 Y77.478 E1096.23747
G1 F1854.8 X53.636 Y77.8 E1096.24892
G1 F1859.2 X53.619 Y78.118 E1096.2602
G1 F1876.8 X53.526 Y78.429 E1096.27159
G1 F1859.2 X53.357 Y78.713 E1096.2833
G1 X53.167 Y78.968 E1096.29456
G1 X52.915 Y79.156 E1096.3057
G1 F1850.5 X52.629 Y79.323 E1096.31748
G1 X52.314 Y79.403 E1096.32905
G1 X52 Y79.448 E1096.34034
G0 F9000 X52 Y79.872
G1 F1850.5 X52.398 Y79.829 E1096.35458
G1 X52.789 Y79.715 E1096.36908
G1 X53.153 Y79.516 E1096.38384
G1 F1859.2 X53.465 Y79.265 E1096.39803
G1 X53.716 Y78.953 E1096.41221
G1 X53.915 Y78.59 E1096.42687
G1 F1876.8 X54.034 Y78.199 E1096.44122
G1 F1859.2 X54.069 Y77.8 E1096.4554
G1 F1854.8 X54.034 Y77.396 E1096.4698
G1 F1876.8 X53.915 Y77.006 E1096.48411
G1 F1854.8 X53.715 Y76.643 E1096.49882
G1 F1850.5 X53.465 Y76.331 E1096.51305
G1 X53.153 Y76.081 E1096.52728
G1 X52.789 Y75.881 E1096.54206
G1 X52.398 Y75.767 E1096.55656
G1 X52 Y75.723 E1096.57081
G1 X51.597 Y75.768 E1096.58524
G1 F1846.2 X51.207 Y75.881 E1096.59972
G1 F1850.5 X50.843 Y76.08 E1096.61449
G1 X50.531 Y76.331 E1096.62874
G1 X50.28 Y76.643 E1096.64299
G1 X50.081 Y77.007 E1096.65775
G1 X49.967 Y77.397 E1096.67221
G1 X49.924 Y77.8 E1096.68663
G1 F1846.2 X49.967 Y78.198 E1096.70091
G1 F1850.5 X50.081 Y78.589 E1096.71541
G1 X50.28 Y78.954 E1096.7302
G1 X50.531 Y79.265 E1096.74443
G1 X50.843 Y79.516 E1096.75868
G1 X51.207 Y79.715 E1096.77344
G1 X51.597 Y79.829 E1096.7879
G1 X52 Y79.872 E1096.80232
G0 F9000 X52 Y80.306
;TYPE:WALL-OUTER
G1 F1800 X52.484 Y80.259 E1096.82012
G1 X52.955 Y80.115 E1096.83813
G1 X53.397 Y79.88 E1096.85645
G1 X53.771 Y79.571 E1096.8742
G1 X54.08 Y79.196 E1096.89198
G1 X54.315 Y78.755 E1096.91026
G1 X54.459 Y78.284 E1096.92828
G1 X54.506 Y77.8 E1096.94607
G1 X54.459 Y77.312 E1096.96401
G1 X54.315 Y76.841 E1096.98202
G1 X54.08 Y76.399 E1097.00034
G1 X53.771 Y76.025 E1097.01809
G1 X53.397 Y75.716 E1097.03584
G1 X52.955 Y75.481 E1097.05415
G1 X52.484 Y75.337 E1097.07217
G1 X52 Y75.29 E1097.08996
G1 X51.512 Y75.337 E1097.1079
G1 X51.041 Y75.48 E1097.12591
G1 X50.599 Y75.716 E1097.14424
G1 X50.225 Y76.025 E1097.16199
G1 X49.916 Y76.399 E1097.17974
G1 X49.68 Y76.841 E1097.19807
G1 X49.537 Y77.312 E1097.21608
G1 X49.49 Y77.8 E1097.23402
G1 X49.537 Y78.284 E1097.25181
G1 X49.681 Y78.755 E1097.26983
G1 X49.916 Y79.197 E1097.28814
G1 X50.225 Y79.571 E1097.30589
G1 X50.599 Y79.88 E1097.32364
G1 X51.041 Y80.116 E1097.34197
G1 X51.512 Y80.259 E1097.35998
G1 X52 Y80.306 E1097.37792
G0 F9000 X52 Y79.019
G1 F1800 X51.525 Y78.926 E1097.39563
G1 X51.136 Y78.66 E1097.41287
G1 X50.87 Y78.275 E1097.42999
G1 X50.777 Y77.8 E1097.4477
G1 X50.87 Y77.325 E1097.4654
G1 X51.136 Y76.936 E1097.48265
G1 X51.529 Y76.669 E1097.50003
G1 X52 Y76.576 E1097.51759
G1 X52.471 Y76.67 E1097.53516
G1 X52.861 Y76.931 E1097.55233
G1 X53.128 Y77.332 E1097.56996
G1 X53.199 Y77.582 E1097.57947
G1 X53.2 Y78.014 E1097.59527
G1 X53.119 Y78.284 E1097.60559
G1 X52.861 Y78.664 E1097.62239
G1 X52.471 Y78.927 E1097.6396
G1 X52 Y79.019 E1097.65716
G1 F1500 E1095.65716
G0 F9000 X51.962 Y146.454
;TYPE:WALL-INNER
G1 F1500 E1097.65716
G1 F1867.9 X51.365 Y146.335 E1097.67862
G1 X50.824 Y145.977 E1097.70149
G1 F1876.8 X50.482 Y145.469 E1097.72298
G1 F1850.5 X50.392 Y145.115 E1097.73598
G1 F1846.2 X50.348 Y144.8 E1097.74732
G1 F1850.5 X50.393 Y144.481 E1097.75879
G1 X50.482 Y144.132 E1097.77161
G1 F1867.9 X50.801 Y143.651 E1097.79196
G1 F1850.5 X51.084 Y143.441 E1097.8045
G1 F1841.9 X51.366 Y143.267 E1097.81634
G1 F1837.6 X51.68 Y143.193 E1097.82791
G1 F1850.5 X52 Y143.148 E1097.83941
G1 X52.314 Y143.192 E1097.85069
G1 F1841.9 X52.657 Y143.28 E1097.86335
G1 X52.912 Y143.44 E1097.87412
G1 F1846.2 X53.173 Y143.629 E1097.88561
G1 F1867.9 X53.513 Y144.122 E1097.90672
G1 F1876.8 X53.619 Y144.478 E1097.91976
G1 F1854.8 X53.636 Y144.8 E1097.93121
G1 F1859.2 X53.619 Y145.118 E1097.94249
G1 F1876.8 X53.526 Y145.429 E1097.95388
G1 F1859.2 X53.357 Y145.713 E1097.96558
G1 X53.167 Y145.968 E1097.97685
G1 X52.915 Y146.156 E1097.98798
G1 F1841.9 X52.654 Y146.317 E1097.99895
G1 X52.314 Y146.403 E1098.01149
G1 F1850.5 X51.962 Y146.454 E1098.02415
G0 F9000 X52 Y146.872
G1 F1850.5 X52.398 Y146.829 E1098.03839
G1 X52.789 Y146.715 E1098.05289
G1 X53.153 Y146.516 E1098.06765
G1 F1859.2 X53.465 Y146.265 E1098.08183
G1 X53.716 Y145.953 E1098.09602
G1 X53.915 Y145.59 E1098.11068
G1 F1876.8 X54.034 Y145.199 E1098.12502
G1 F1859.2 X54.069 Y144.8 E1098.13921
G1 F1854.8 X54.034 Y144.396 E1098.15361
G1 F1876.8 X53.915 Y144.006 E1098.16792
G1 F1854.8 X53.715 Y143.643 E1098.18263
G1 F1850.5 X53.465 Y143.331 E1098.19686
G1 X53.153 Y143.081 E1098.21109
G1 X52.789 Y142.881 E1098.22587
G1 X52.398 Y142.767 E1098.24036
G1 X52 Y142.723 E1098.25461
G1 X51.597 Y142.768 E1098.26905
G1 F1846.2 X51.207 Y142.881 E1098.28353
G1 F1850.5 X50.843 Y143.08 E1098.29829
G1 X50.531 Y143.331 E1098.31254
G1 X50.28 Y143.643 E1098.32679
G1 X50.081 Y144.007 E1098.34156
G1 X49.967 Y144.397 E1098.35602
G1 X49.924 Y144.8 E1098.37044
G1 F1846.2 X49.967 Y145.198 E1098.38472
G1 F1850.5 X50.081 Y145.589 E1098.39922
G1 X50.28 Y145.954 E1098.41401
G1 X50.531 Y146.265 E1098.42823
G1 X50.843 Y146.516 E1098.44249
G1 X51.207 Y146.715 E1098.45725
G1 X51.597 Y146.829 E1098.47171
G1 X52 Y146.872 E1098.48613
G0 F9000 X52 Y147.306
;TYPE:WALL-OUTER
G1 F1800 X52.484 Y147.259 E1098.50392
G1 X52.955 Y147.115 E1098.52194
G1 X53.397 Y146.88 E1098.54026
G1 X53.771 Y146.571 E1098.55801
G1 X54.08 Y146.196 E1098.57578
G1 X54.315 Y145.755 E1098.59407
G1 X54.459 Y145.284 E1098.61209
G1 X54.506 Y144.8 E1098.62988
G1 X54.459 Y144.312 E1098.64781
G1 X54.315 Y143.841 E1098.66583
G1 X54.08 Y143.399 E1098.68415
G1 X53.771 Y143.025 E1098.7019
G1 X53.397 Y142.716 E1098.71965
G1 X52.955 Y142.481 E1098.73796
G1 X52.484 Y142.337 E1098.75598
G1 X52 Y142.29 E1098.77377
G1 X51.512 Y142.337 E1098.79171
G1 X51.041 Y142.48 E1098.80972
G1 X50.599 Y142.716 E1098.82805
G1 X50.225 Y143.025 E1098.8458
G1 X49.916 Y143.399 E1098.86355
G1 X49.68 Y143.841 E1098.88188
G1 X49.537 Y144.312 E1098.89989
G1 X49.49 Y144.8 E1098.91782
G1 X49.537 Y145.284 E1098.93562
G1 X49.681 Y145.755 E1098.95363
G1 X49.916 Y146.197 E1098.97195
G1 X50.225 Y146.571 E1098.9897
G1 X50.599 Y146.88 E1099.00745
G1 X51.041 Y147.116 E1099.02578
G1 X51.512 Y147.259 E1099.04379
G1 X52 Y147.306 E1099.06173
G0 F9000 X52 Y146.019
G1 F1800 X51.525 Y145.926 E1099.07943
G1 X51.136 Y145.66 E1099.09667
G1 X50.87 Y145.275 E1099.1138
G1 X50.777 Y144.8 E1099.1315
G1 X50.87 Y144.325 E1099.14921
G1 X51.136 Y143.936 E1099.16645
G1 X51.529 Y143.669 E1099.18384
G1 X52 Y143.576 E1099.2014
G1 X52.471 Y143.67 E1099.21897
G1 X52.861 Y143.931 E1099.23614
G1 X53.128 Y144.332 E1099.25377
G1 X53.199 Y144.582 E1099.26328
G1 X53.2 Y145.014 E1099.27908
G1 X53.119 Y145.284 E1099.28939
G1 X52.861 Y145.664 E1099.3062
G1 X52.471 Y145.927 E1099.32341
G1 X52 Y146.019 E1099.34097
G1 F1500 E1097.34097
G0 F9000 X168 Y146.448
;TYPE:WALL-INNER
G1 F1500 E1099.34097
G1 F1850.5 X167.681 Y146.403 E1099.35243
G1 X167.332 Y146.314 E1099.36525
G1 F1867.9 X166.824 Y145.977 E1099.38674
G1 F1876.8 X166.482 Y145.469 E1099.40823
G1 F1850.5 X166.392 Y145.115 E1099.42123
G1 F1846.2 X166.348 Y144.8 E1099.43258
G1 F1850.5 X166.393 Y144.481 E1099.44404
G1 X166.482 Y144.132 E1099.45686
G1 F1867.9 X166.801 Y143.651 E1099.47721
G1 F1850.5 X167.084 Y143.441 E1099.48975
G1 F1841.9 X167.366 Y143.267 E1099.5016
G1 F1837.6 X167.68 Y143.193 E1099.51316
G1 F1850.5 X168 Y143.148 E1099.52466
G1 X168.314 Y143.192 E1099.53594
G1 F1841.9 X168.657 Y143.28 E1099.5486
G1 X168.912 Y143.44 E1099.55937
G1 F1846.2 X169.173 Y143.629 E1099.57086
G1 F1867.9 X169.513 Y144.122 E1099.59197
G1 F1876.8 X169.619 Y144.478 E1099.60501
G1 F1854.8 X169.636 Y144.8 E1099.61646
G1 F1859.2 X169.619 Y145.118 E1099.62774
G1 F1876.8 X169.526 Y145.429 E1099.63913
G1 F1859.2 X169.357 Y145.713 E1099.65083
G1 X169.167 Y145.968 E1099.6621
G1 X168.915 Y146.156 E1099.67323
G1 F1841.9 X168.654 Y146.317 E1099.6842
G1 X168.314 Y146.403 E1099.69674
G1 F1850.5 X168 Y146.448 E1099.70803
G0 F9000 X168 Y146.872
G1 F1850.5 X168.398 Y146.829 E1099.72227
G1 X168.789 Y146.715 E1099.73677
G1 X169.153 Y146.516 E1099.75153
G1 F1859.2 X169.465 Y146.265 E1099.76572
G1 X169.716 Y145.953 E1099.7799
G1 X169.915 Y145.59 E1099.79456
G1 F1876.8 X170.034 Y145.199 E1099.80891
G1 F1859.2 X170.069 Y144.8 E1099.82309
G1 F1854.8 X170.034 Y144.396 E1099.83749
G1 F1876.8 X169.915 Y144.006 E1099.8518
G1 F1854.8 X169.715 Y143.643 E1099.86651
G1 F1850.5 X169.465 Y143.331 E1099.88074
G1 X169.153 Y143.081 E1099.89497
G1 X168.789 Y142.881 E1099.90975
G1 X168.398 Y142.767 E1099.92425
G1 X168 Y142.723 E1099.9385
G1 X167.597 Y142.768 E1099.95293
G1 F1846.2 X167.207 Y142.881 E1099.96741
G1 F1850.5 X166.843 Y143.08 E1099.98218
G1 X166.531 Y143.331 E1099.99643
G1 X166.28 Y143.643 E1100.01068
G1 X166.081 Y144.007 E1100.02544
G1 X165.967 Y144.397 E1100.0399
G1 X165.924 Y144.8 E1100.05432
G1 F1846.2 X165.967 Y145.198 E1100.0686
G1 F1850.5 X166.081 Y145.589 E1100.0831
G1 X166.28 Y145.954 E1100.09789
G1 X166.531 Y146.265 E1100.11212
G1 X166.843 Y146.516 E1100.12637
G1 X167.207 Y146.715 E1100.14113
G1 X167.597 Y146.829 E1100.15559
G1 X168 Y146.872 E1100.17001
G0 F9000 X168 Y147.306
;TYPE:WALL-OUTER
G1 F1800 X168.484 Y147.259 E1100.18781
G1 X168.955 Y147.115 E1100.20582
G1 X169.397 Y146.88 E1100.22414
G1 X169.771 Y146.571 E1100.24189
G1 X170.08 Y146.196 E1100.25967
G1 X170.315 Y145.755 E1100.27795
G1 X170.459 Y145.284 E1100.29597
G1 X170.506 Y144.8 E1100.31376
G1 X170.459 Y144.312 E1100.3317
G1 X170.315 Y143.841 E1100.34972
G1 X170.08 Y143.399 E1100.36803
G1 X169.771 Y143.025 E1100.38578
G1 X169.397 Y142.716 E1100.40353
G1 X168.955 Y142.481 E1100.42184
G1 X168.484 Y142.337 E1100.43986
G1 X168 Y142.29 E1100.45765
G1 X167.512 Y142.337 E1100.47559
G1 X167.041 Y142.48 E1100.4936
G1 X166.599 Y142.716 E1100.51193
G1 X166.225 Y143.025 E1100.52968
G1 X165.916 Y143.399 E1100.54743
G1 X165.68 Y143.841 E1100.56576
G1 X165.537 Y144.312 E1100.58377
G1 X165.49 Y144.8 E1100.60171
G1 X165.537 Y145.284 E1100.6195
G1 X165.681 Y145.755 E1100.63752
G1 X165.916 Y146.197 E1100.65583
G1 X166.225 Y146.571 E1100.67358
G1 X166.599 Y146.88 E1100.69133
G1 X167.041 Y147.116 E1100.70966
G1 X167.512 Y147.259 E1100.72767
G1 X168 Y147.306 E1100.74561
G0 F9000 X168 Y146.019
G1 F1800 X167.525 Y145.926 E1100.76332
G1 X167.136 Y145.66 E1100.78056
G1 X166.87 Y145.275 E1100.79768
G1 X166.777 Y144.8 E1100.81539
G1 X166.87 Y144.325 E1100.83309
G1 X167.136 Y143.936 E1100.85034
G1 X167.529 Y143.669 E1100.86772
G1 X168 Y143.576 E1100.88528
G1 X168.471 Y143.67 E1100.90285
G1 X168.861 Y143.931 E1100.92002
G1 X169.128 Y144.332 E1100.93765
G1 X169.199 Y144.582 E1100.94716
G1 X169.2 Y145.014 E1100.96296
G1 X169.119 Y145.284 E1100.97328
G1 X168.861 Y145.664 E1100.99008
G1 X168.471 Y145.927 E1101.00729
G1 X168 Y146.019 E1101.02485
G1 F1500 E1099.02485
G0 F9000 X172.091 Y149.792
;TYPE:WALL-INNER
G1 F1500 E1101.02485
G1 F1824.9 X173.016 Y149.816 E1101.05824
G1 F1833.3 X172.992 Y148.891 E1101.09148
G1 X172.667 Y149.467 E1101.11523
G1 F1824.9 X172.091 Y149.792 E1101.1391
G1 F1763.9 X171.9 Y149.8 E1101.14624
G1 F1800 X48.1 Y149.8 E1105.6756
G1 F1867.9 X47.333 Y149.467 E1105.70508
G1 F1829.1 X47.008 Y148.891 E1105.7289
G1 X46.985 Y149.815 E1105.76217
G1 F1867.9 X48.1 Y149.8 E1105.80149
G0 F9000 X47.008 Y148.891
G1 F1763.9 X47 Y148.7 E1105.80862
G1 F1800 X47 Y71.3 E1108.64039
G1 F1867.9 X47.333 Y70.533 E1108.66987
G1 F1829.1 X47.909 Y70.208 E1108.69368
G1 X46.985 Y70.185 E1108.72696
G1 F1867.9 X47 Y71.3 E1108.76628
G0 F9000 X47.909 Y70.208
G1 F1763.9 X48.1 Y70.2 E1108.77341
G1 F1800 X171.9 Y70.2 E1113.30278
G1 F1500 E1111.30278
G0 F9000 X173 Y71.3
G1 F1500 E1113.30278
G1 F1867.9 X173.016 Y70.184 E1113.34213
G1 X171.9 Y70.2 E1113.38148
G1 X172.667 Y70.533 E1113.41096
G1 X173 Y71.3 E1113.44044
G1 F1800 X173 Y148.7 E1116.2722
G1 F1767.9 X172.992 Y148.891 E1116.27933
G1 F1500 E1114.27933
G0 F9000 X110 Y150.24
G1 F1500 E1116.27933
G1 F1800 X173.44 Y150.24 E1118.60035
G1 X173.44 Y69.76 E1121.5448
G1 X46.561 Y69.761 E1126.18682
G1 X46.561 Y150.239 E1129.1312
G1 X110 Y150.24 E1131.45219
G0 F9000 X110 Y149.36
G1 F1800 X48.1 Y149.36 E1133.71687
G1 X47.633 Y149.167 E1133.73536
G1 X47.44 Y148.795 E1133.75069
G1 X47.44 Y71.3 E1136.58593
G1 X47.633 Y70.833 E1136.60442
G1 X48.005 Y70.64 E1136.61975
G1 X171.9 Y70.64 E1141.15259
G1 X172.367 Y70.833 E1141.17108
G1 X172.56 Y71.3 E1141.18957
G1 X172.56 Y148.797 E1144.02489
G1 X172.367 Y149.167 E1144.04015
G1 X171.995 Y149.36 E1144.05549
G1 X110 Y149.36 E1146.32364
G0 F9000 X110 Y148.918
;TYPE:WALL-OUTER
G1 F1800 X48.1 Y148.92 E1148.58833
G1 X47.944 Y148.856 E1148.5945
G1 X47.883 Y148.738 E1148.59936
G1 X47.88 Y71.3 E1151.43251
G1 X47.944 Y71.144 E1151.43868
G1 X48.062 Y71.083 E1151.44354
G1 X171.9 Y71.08 E1155.9743
G1 X172.056 Y71.144 E1155.98047
G1 X172.12 Y71.3 E1155.98664
G1 X172.117 Y148.738 E1158.81979
G1 X172.056 Y148.856 E1158.82465
G1 X171.938 Y148.917 E1158.82951
G1 X110 Y148.918 E1161.09559
G1 F1500 E1159.09559
G0 F9000 X110 Y150.68
G1 F1500 E1161.09559
G1 F1800 X173.88 Y150.68 E1163.43271
G1 X173.88 Y69.32 E1166.40936
G1 X46.121 Y69.321 E1171.08357
G1 X46.121 Y150.679 E1174.06015
G1 X110 Y150.68 E1176.39723
G1 F1500 E1174.39723
G0 F9000 X168 Y79.872
;TYPE:WALL-INNER
G1 F1500 E1176.39723
G1 F1850.5 X168.398 Y79.829 E1176.41148
G1 X168.789 Y79.715 E1176.42597
G1 X169.153 Y79.516 E1176.44074
G1 F1859.2 X169.465 Y79.265 E1176.45492
G1 X169.716 Y78.953 E1176.4691
G1 X169.915 Y78.59 E1176.48377
G1 F1876.8 X170.034 Y78.199 E1176.49811
G1 F1859.2 X170.069 Y77.8 E1176.5123
G1 F1854.8 X170.034 Y77.396 E1176.5267
G1 F1876.8 X169.915 Y77.006 E1176.541
G1 F1854.8 X169.715 Y76.643 E1176.55572
G1 F1850.5 X169.465 Y76.331 E1176.56995
G1 X169.153 Y76.081 E1176.58417
G1 X168.789 Y75.881 E1176.59896
G1 X168.398 Y75.767 E1176.61345
G1 X168 Y75.723 E1176.6277
G1 X167.597 Y75.768 E1176.64213
G1 F1846.2 X167.207 Y75.881 E1176.65662
G1 F1850.5 X166.843 Y76.08 E1176.67138
G1 X166.531 Y76.331 E1176.68563
G1 X166.28 Y76.643 E1176.69988
G1 X166.081 Y77.007 E1176.71464
G1 X165.967 Y77.397 E1176.7291
G1 X165.924 Y77.8 E1176.74353
G1 F1846.2 X165.967 Y78.198 E1176.75781
G1 F1850.5 X166.081 Y78.589 E1176.7723
G1 X166.28 Y78.954 E1176.7871
G1 X166.531 Y79.265 E1176.80132
G1 X166.843 Y79.516 E1176.81557
G1 X167.207 Y79.715 E1176.83033
G1 X167.597 Y79.829 E1176.8448
G1 X168 Y79.872 E1176.85922
G0 F9000 X168 Y79.448
G1 F1850.5 X167.681 Y79.403 E1176.87068
G1 X167.332 Y79.314 E1176.8835
G1 F1867.9 X166.824 Y78.977 E1176.90499
G1 F1876.8 X166.482 Y78.469 E1176.92648
G1 F1850.5 X166.392 Y78.115 E1176.93948
G1 F1846.2 X166.348 Y77.8 E1176.95083
G1 F1850.5 X166.393 Y77.481 E1176.96229
G1 X166.482 Y77.132 E1176.97511
G1 F1867.9 X166.801 Y76.651 E1176.99546
G1 F1850.5 X167.084 Y76.441 E1177.008
G1 F1841.9 X167.366 Y76.267 E1177.01985
G1 F1837.6 X167.68 Y76.193 E1177.03141
G1 F1850.5 X168 Y76.148 E1177.04291
G1 X168.314 Y76.192 E1177.05419
G1 F1841.9 X168.657 Y76.28 E1177.06685
G1 X168.912 Y76.44 E1177.07762
G1 F1846.2 X169.173 Y76.629 E1177.08911
G1 F1867.9 X169.513 Y77.122 E1177.11023
G1 F1876.8 X169.619 Y77.478 E1177.12326
G1 F1854.8 X169.636 Y77.8 E1177.13471
G1 F1859.2 X169.619 Y78.118 E1177.14599
G1 F1876.8 X169.526 Y78.429 E1177.15738
G1 F1859.2 X169.357 Y78.713 E1177.16909
G1 X169.167 Y78.968 E1177.18035
G1 X168.915 Y79.156 E1177.19149
G1 F1841.9 X168.654 Y79.317 E1177.20245
G1 X168.314 Y79.403 E1177.21499
G1 F1850.5 X168 Y79.448 E1177.22628
G0 F9000 X168 Y79.019
;TYPE:WALL-OUTER
G1 F1800 X167.525 Y78.926 E1177.24399
G1 X167.136 Y78.66 E1177.26123
G1 X166.87 Y78.275 E1177.27835
G1 X166.777 Y77.8 E1177.29606
G1 X166.87 Y77.325 E1177.31377
G1 X167.136 Y76.936 E1177.33101
G1 X167.529 Y76.669 E1177.34839
G1 X168 Y76.576 E1177.36596
G1 X168.471 Y76.67 E1177.38353
G1 X168.861 Y76.931 E1177.4007
G1 X169.128 Y77.332 E1177.41832
G1 X169.199 Y77.582 E1177.42783
G1 X169.2 Y78.014 E1177.44364
G1 X169.119 Y78.284 E1177.45395
G1 X168.861 Y78.664 E1177.47075
G1 X168.471 Y78.927 E1177.48796
G1 X168 Y79.019 E1177.50552
G0 F9000 X168 Y80.306
G1 F1800 X168.484 Y80.259 E1177.52331
G1 X168.955 Y80.115 E1177.54133
G1 X169.397 Y79.88 E1177.55965
G1 X169.771 Y79.571 E1177.5774
G1 X170.08 Y79.196 E1177.59517
G1 X170.315 Y78.755 E1177.61345
G1 X170.459 Y78.284 E1177.63147
G1 X170.506 Y77.8 E1177.64927
G1 X170.459 Y77.312 E1177.6672
G1 X170.315 Y76.841 E1177.68522
G1 X170.08 Y76.399 E1177.70354
G1 X169.771 Y76.025 E1177.72129
G1 X169.397 Y75.716 E1177.73903
G1 X168.955 Y75.481 E1177.75735
G1 X168.484 Y75.337 E1177.77537
G1 X168 Y75.29 E1177.79316
G1 X167.512 Y75.337 E1177.8111
G1 X167.041 Y75.48 E1177.82911
G1 X166.599 Y75.716 E1177.84744
G1 X166.225 Y76.025 E1177.86519
G1 X165.916 Y76.399 E1177.88294
G1 X165.68 Y76.841 E1177.90127
G1 X165.537 Y77.312 E1177.91928
G1 X165.49 Y77.8 E1177.93721
G1 X165.537 Y78.284 E1177.955
G1 X165.681 Y78.755 E1177.97302
G1 X165.916 Y79.197 E1177.99134
G1 X166.225 Y79.571 E1178.00909
G1 X166.599 Y79.88 E1178.02684
G1 X167.041 Y80.116 E1178.04517
G1 X167.512 Y80.259 E1178.06318
G1 X168 Y80.306 E1178.08111
G1 F1500 E1176.08111
;MESH:NONMESH
G0 F300 Z4.24
G0 F9000 X52 Y79.448
;TIME_ELAPSED:6435.777842
;LAYER:21
;TYPE:WALL-INNER
;MESH:SmartKiln_Frente.stl
G1 F1500 E1178.08111
G1 F1850.5 X51.681 Y79.403 E1178.09258
G1 X51.332 Y79.314 E1178.1054
G1 F1867.9 X50.824 Y78.977 E1178.12689
G1 F1876.8 X50.482 Y78.469 E1178.14838
G1 F1850.5 X50.392 Y78.115 E1178.16138
G1 F1846.2 X50.348 Y77.8 E1178.17272
G1 F1850.5 X50.393 Y77.481 E1178.18419
G1 X50.482 Y77.132 E1178.19701
G1 F1867.9 X50.801 Y76.651 E1178.21735
G1 F1850.5 X51.084 Y76.441 E1178.2299
G1 F1841.9 X51.366 Y76.267 E1178.24174
G1 F1837.6 X51.68 Y76.193 E1178.2533
G1 F1850.5 X52 Y76.148 E1178.2648
G1 X52.314 Y76.192 E1178.27609
G1 F1841.9 X52.657 Y76.28 E1178.28875
G1 X52.912 Y76.44 E1178.29951
G1 F1846.2 X53.173 Y76.629 E1178.31101
G1 F1867.9 X53.513 Y77.122 E1178.33212
G1 F1876.8 X53.619 Y77.478 E1178.34516
G1 F1854.8 X53.636 Y77.8 E1178.3566
G1 F1859.2 X53.619 Y78.118 E1178.36788
G1 F1876.8 X53.526 Y78.429 E1178.37927
G1 F1859.2 X53.357 Y78.713 E1178.39098
G1 X53.167 Y78.968 E1178.40225
G1 X52.915 Y79.156 E1178.41338
G1 F1841.9 X52.654 Y79.317 E1178.42435
G1 X52.314 Y79.403 E1178.43689
G1 F1850.5 X52 Y79.448 E1178.44817
G0 F9000 X52 Y79.872
G1 F1850.5 X52.398 Y79.829 E1178.46242
G1 X52.789 Y79.715 E1178.47692
G1 X53.153 Y79.516 E1178.49168
G1 F1859.2 X53.465 Y79.265 E1178.50586
G1 X53.716 Y78.953 E1178.52005
G1 X53.915 Y78.59 E1178.53471
G1 F1876.8 X54.034 Y78.199 E1178.54905
G1 F1859.2 X54.069 Y77.8 E1178.56324
G1 F1854.8 X54.034 Y77.396 E1178.57764
G1 F1876.8 X53.915 Y77.006 E1178.59195
G1 F1854.8 X53.715 Y76.643 E1178.60666
G1 F1850.5 X53.465 Y76.331 E1178.62089
G1 X53.153 Y76.081 E1178.63512
G1 X52.789 Y75.881 E1178.6499
G1 X52.398 Y75.767 E1178.66439
G1 X52 Y75.723 E1178.67864
G1 X51.597 Y75.768 E1178.69307
G1 F1846.2 X51.207 Y75.881 E1178.70756
G1 F1850.5 X50.843 Y76.08 E1178.72232
G1 X50.531 Y76.331 E1178.73657
G1 X50.28 Y76.643 E1178.75082
G1 X50.081 Y77.007 E1178.76559
G1 X49.967 Y77.397 E1178.78005
G1 X49.924 Y77.8 E1178.79447
G1 F1846.2 X49.967 Y78.198 E1178.80875
G1 F1850.5 X50.081 Y78.589 E1178.82325
G1 X50.28 Y78.954 E1178.83804
G1 X50.531 Y79.265 E1178.85226
G1 X50.843 Y79.516 E1178.86651
G1 X51.207 Y79.715 E1178.88128
G1 X51.597 Y79.829 E1178.89574
G1 X52 Y79.872 E1178.91016
G0 F9000 X52 Y80.306
;TYPE:WALL-OUTER
G1 F1800 X52.484 Y80.259 E1178.92795
G1 X52.955 Y80.115 E1178.94597
G1 X53.397 Y79.88 E1178.96429
G1 X53.771 Y79.571 E1178.98204
G1 X54.08 Y79.196 E1178.99981
G1 X54.315 Y78.755 E1179.0181
G1 X54.459 Y78.284 E1179.03612
G1 X54.506 Y77.8 E1179.05391
G1 X54.459 Y77.312 E1179.07184
G1 X54.315 Y76.841 E1179.08986
G1 X54.08 Y76.399 E1179.10818
G1 X53.771 Y76.025 E1179.12593
G1 X53.397 Y75.716 E1179.14368
G1 X52.955 Y75.481 E1179.16199
G1 X52.484 Y75.337 E1179.18001
G1 X52 Y75.29 E1179.1978
G1 X51.512 Y75.337 E1179.21574
G1 X51.041 Y75.48 E1179.23375
G1 X50.599 Y75.716 E1179.25208
G1 X50.225 Y76.025 E1179.26983
G1 X49.916 Y76.399 E1179.28758
G1 X49.68 Y76.841 E1179.30591
G1 X49.537 Y77.312 E1179.32392
G1 X49.49 Y77.8 E1179.34185
G1 X49.537 Y78.284 E1179.35964
G1 X49.681 Y78.755 E1179.37766
G1 X49.916 Y79.197 E1179.39598
G1 X50.225 Y79.571 E1179.41373
G1 X50.599 Y79.88 E1179.43148
G1 X51.041 Y80.116 E1179.44981
G1 X51.512 Y80.259 E1179.46782
G1 X52 Y80.306 E1179.48575
G0 F9000 X52 Y79.019
G1 F1800 X51.525 Y78.926 E1179.50346
G1 X51.136 Y78.66 E1179.5207
G1 X50.87 Y78.275 E1179.53782
G1 X50.777 Y77.8 E1179.55553
G1 X50.87 Y77.325 E1179.57324
G1 X51.136 Y76.936 E1179.59048
G1 X51.529 Y76.669 E1179.60787
G1 X52 Y76.576 E1179.62543
G1 X52.471 Y76.67 E1179.643
G1 X52.861 Y76.931 E1179.66017
G1 X53.128 Y77.332 E1179.6778
G1 X53.199 Y77.582 E1179.6873
G1 X53.2 Y78.014 E1179.70311
G1 X53.119 Y78.284 E1179.71342
G1 X52.861 Y78.664 E1179.73023
G1 X52.471 Y78.927 E1179.74744
G1 X52 Y79.019 E1179.765
G1 F1500 E1177.765
G0 F9000 X52 Y146.448
;TYPE:WALL-INNER
G1 F1500 E1179.765
G1 F1850.5 X51.681 Y146.403 E1179.77646
G1 X51.332 Y146.314 E1179.78928
G1 F1867.9 X50.824 Y145.977 E1179.81077
G1 F1876.8 X50.482 Y145.469 E1179.83226
G1 F1850.5 X50.392 Y145.115 E1179.84526
G1 F1846.2 X50.348 Y144.8 E1179.8566
G1 F1850.5 X50.393 Y144.481 E1179.86807
G1 X50.482 Y144.132 E1179.88089
G1 F1867.9 X50.801 Y143.651 E1179.90124
G1 F1850.5 X51.084 Y143.441 E1179.91378
G1 F1841.9 X51.366 Y143.267 E1179.92562
G1 F1837.6 X51.68 Y143.193 E1179.93719
G1 F1850.5 X52 Y143.148 E1179.94869
G1 X52.314 Y143.192 E1179.95997
G1 F1841.9 X52.657 Y143.28 E1179.97263
G1 X52.912 Y143.44 E1179.98339
G1 F1846.2 X53.173 Y143.629 E1179.99489
G1 F1867.9 X53.513 Y144.122 E1180.016
G1 F1876.8 X53.619 Y144.478 E1180.02904
G1 F1854.8 X53.636 Y144.8 E1180.04049
G1 F1859.2 X53.619 Y145.118 E1180.05177
G1 F1876.8 X53.526 Y145.429 E1180.06316
G1 F1859.2 X53.357 Y145.713 E1180.07486
G1 X53.167 Y145.968 E1180.08613
G1 X52.915 Y146.156 E1180.09726
G1 F1841.9 X52.654 Y146.317 E1180.10823
G1 X52.314 Y146.403 E1180.12077
G1 F1850.5 X52 Y146.448 E1180.13206
G0 F9000 X52 Y146.872
G1 F1850.5 X52.398 Y146.829 E1180.1463
G1 X52.789 Y146.715 E1180.1608
G1 X53.153 Y146.516 E1180.17556
G1 F1859.2 X53.465 Y146.265 E1180.18975
G1 X53.716 Y145.953 E1180.20393
G1 X53.915 Y145.59 E1180.21859
G1 F1876.8 X54.034 Y145.199 E1180.23293
G1 F1859.2 X54.069 Y144.8 E1180.24712
G1 F1854.8 X54.034 Y144.396 E1180.26152
G1 F1876.8 X53.915 Y144.006 E1180.27583
G1 F1854.8 X53.715 Y143.643 E1180.29054
G1 F1850.5 X53.465 Y143.331 E1180.30477
G1 X53.153 Y143.081 E1180.319
G1 X52.789 Y142.881 E1180.33378
G1 X52.398 Y142.767 E1180.34827
G1 X52 Y142.723 E1180.36253
G1 X51.597 Y142.768 E1180.37696
G1 F1846.2 X51.207 Y142.881 E1180.39144
G1 F1850.5 X50.843 Y143.08 E1180.4062
G1 X50.531 Y143.331 E1180.42046
G1 X50.28 Y143.643 E1180.43471
G1 X50.081 Y144.007 E1180.44947
G1 X49.967 Y144.397 E1180.46393
G1 X49.924 Y144.8 E1180.47835
G1 F1846.2 X49.967 Y145.198 E1180.49263
G1 F1850.5 X50.081 Y145.589 E1180.50713
G1 X50.28 Y145.954 E1180.52192
G1 X50.531 Y146.265 E1180.53615
G1 X50.843 Y146.516 E1180.5504
G1 X51.207 Y146.715 E1180.56516
G1 X51.597 Y146.829 E1180.57962
G1 X52 Y146.872 E1180.59404
G0 F9000 X52 Y147.306
;TYPE:WALL-OUTER
G1 F1800 X52.484 Y147.259 E1180.61183
G1 X52.955 Y147.115 E1180.62985
G1 X53.397 Y146.88 E1180.64817
G1 X53.771 Y146.571 E1180.66592
G1 X54.08 Y146.196 E1180.6837
G1 X54.315 Y145.755 E1180.70198
G1 X54.459 Y145.284 E1180.72
G1 X54.506 Y144.8 E1180.73779
G1 X54.459 Y144.312 E1180.75572
G1 X54.315 Y143.841 E1180.77374
G1 X54.08 Y143.399 E1180.79206
G1 X53.771 Y143.025 E1180.80981
G1 X53.397 Y142.716 E1180.82756
G1 X52.955 Y142.481 E1180.84587
G1 X52.484 Y142.337 E1180.86389
G1 X52 Y142.29 E1180.88168
G1 X51.512 Y142.337 E1180.89962
G1 X51.041 Y142.48 E1180.91763
G1 X50.599 Y142.716 E1180.93596
G1 X50.225 Y143.025 E1180.95371
G1 X49.916 Y143.399 E1180.97146
G1 X49.68 Y143.841 E1180.98979
G1 X49.537 Y144.312 E1181.0078
G1 X49.49 Y144.8 E1181.02574
G1 X49.537 Y145.284 E1181.04353
G1 X49.681 Y145.755 E1181.06155
G1 X49.916 Y146.197 E1181.07986
G1 X50.225 Y146.571 E1181.09761
G1 X50.599 Y146.88 E1181.11536
G1 X51.041 Y147.116 E1181.13369
G1 X51.512 Y147.259 E1181.1517
G1 X52 Y147.306 E1181.16964
G0 F9000 X52 Y146.019
G1 F1800 X51.525 Y145.926 E1181.18734
G1 X51.136 Y145.66 E1181.20459
G1 X50.87 Y145.275 E1181.22171
G1 X50.777 Y144.8 E1181.23941
G1 X50.87 Y144.325 E1181.25712
G1 X51.136 Y143.936 E1181.27436
G1 X51.529 Y143.669 E1181.29175
G1 X52 Y143.576 E1181.30931
G1 X52.471 Y143.67 E1181.32688
G1 X52.861 Y143.931 E1181.34405
G1 X53.128 Y144.332 E1181.36168
G1 X53.199 Y144.582 E1181.37119
G1 X53.2 Y145.014 E1181.38699
G1 X53.119 Y145.284 E1181.39731
G1 X52.861 Y145.664 E1181.41411
G1 X52.471 Y145.927 E1181.43132
G1 X52 Y146.019 E1181.44888
G1 F1500 E1179.44888
G0 F9000 X168 Y146.448
;TYPE:WALL-INNER
G1 F1500 E1181.44888
G1 F1850.5 X167.681 Y146.403 E1181.46034
G1 X167.332 Y146.314 E1181.47316
G1 F1867.9 X166.824 Y145.977 E1181.49465
G1 F1876.8 X166.482 Y145.469 E1181.51614
G1 F1850.5 X166.392 Y145.115 E1181.52914
G1 F1846.2 X166.348 Y144.8 E1181.54049
G1 F1850.5 X166.393 Y144.481 E1181.55195
G1 X166.482 Y144.132 E1181.56477
G1 F1867.9 X166.801 Y143.651 E1181.58512
G1 F1850.5 X167.084 Y143.441 E1181.59766
G1 F1841.9 X167.366 Y143.267 E1181.60951
G1 F1837.6 X167.68 Y143.193 E1181.62107
G1 F1850.5 X168 Y143.148 E1181.63257
G1 X168.314 Y143.192 E1181.64385
G1 F1841.9 X168.657 Y143.28 E1181.65651
G1 X168.912 Y143.44 E1181.66728
G1 F1846.2 X169.173 Y143.629 E1181.67877
G1 F1867.9 X169.513 Y144.122 E1181.69989
G1 F1876.8 X169.619 Y144.478 E1181.71292
G1 F1854.8 X169.636 Y144.8 E1181.72437
G1 F1859.2 X169.619 Y145.118 E1181.73565
G1 F1876.8 X169.526 Y145.429 E1181.74704
G1 F1859.2 X169.357 Y145.713 E1181.75874
G1 X169.167 Y145.968 E1181.77001
G1 X168.915 Y146.156 E1181.78115
G1 F1841.9 X168.654 Y146.317 E1181.79211
G1 X168.314 Y146.403 E1181.80465
G1 F1850.5 X168 Y146.448 E1181.81594
G0 F9000 X168 Y146.872
G1 F1850.5 X168.398 Y146.829 E1181.83019
G1 X168.789 Y146.715 E1181.84468
G1 X169.153 Y146.516 E1181.85944
G1 F1859.2 X169.465 Y146.265 E1181.87363
G1 X169.716 Y145.953 E1181.88781
G1 X169.915 Y145.59 E1181.90247
G1 F1876.8 X170.034 Y145.199 E1181.91682
G1 F1859.2 X170.069 Y144.8 E1181.931
G1 F1854.8 X170.034 Y144.396 E1181.9454
G1 F1876.8 X169.915 Y144.006 E1181.95971
G1 F1854.8 X169.715 Y143.643 E1181.97442
G1 F1850.5 X169.465 Y143.331 E1181.98865
G1 X169.153 Y143.081 E1182.00288
G1 X168.789 Y142.881 E1182.01766
G1 X168.398 Y142.767 E1182.03216
G1 X168 Y142.723 E1182.04641
G1 X167.597 Y142.768 E1182.06084
G1 F1846.2 X167.207 Y142.881 E1182.07532
G1 F1850.5 X166.843 Y143.08 E1182.09009
G1 X166.531 Y143.331 E1182.10434
G1 X166.28 Y143.643 E1182.11859
G1 X166.081 Y144.007 E1182.13335
G1 X165.967 Y144.397 E1182.14781
G1 X165.924 Y144.8 E1182.16223
G1 F1846.2 X165.967 Y145.198 E1182.17651
G1 F1850.5 X166.081 Y145.589 E1182.19101
G1 X166.28 Y145.954 E1182.2058
G1 X166.531 Y146.265 E1182.22003
G1 X166.843 Y146.516 E1182.23428
G1 X167.207 Y146.715 E1182.24904
G1 X167.597 Y146.829 E1182.2635
G1 X168 Y146.872 E1182.27793
G0 F9000 X168 Y147.306
;TYPE:WALL-OUTER
G1 F1800 X168.484 Y147.259 E1182.29572
G1 X168.955 Y147.115 E1182.31374
G1 X169.397 Y146.88 E1182.33205
G1 X169.771 Y146.571 E1182.3498
G1 X170.08 Y146.196 E1182.36758
G1 X170.315 Y145.755 E1182.38586
G1 X170.459 Y145.284 E1182.40388
G1 X170.506 Y144.8 E1182.42167
G1 X170.459 Y144.312 E1182.43961
G1 X170.315 Y143.841 E1182.45763
G1 X170.08 Y143.399 E1182.47594
G1 X169.771 Y143.025 E1182.49369
G1 X169.397 Y142.716 E1182.51144
G1 X168.955 Y142.481 E1182.52975
G1 X168.484 Y142.337 E1182.54777
G1 X168 Y142.29 E1182.56556
G1 X167.512 Y142.337 E1182.5835
G1 X167.041 Y142.48 E1182.60151
G1 X166.599 Y142.716 E1182.61984
G1 X166.225 Y143.025 E1182.63759
G1 X165.916 Y143.399 E1182.65534
G1 X165.68 Y143.841 E1182.67367
G1 X165.537 Y144.312 E1182.69168
G1 X165.49 Y144.8 E1182.70962
G1 X165.537 Y145.284 E1182.72741
G1 X165.681 Y145.755 E1182.74543
G1 X165.916 Y146.197 E1182.76374
G1 X166.225 Y146.571 E1182.78149
G1 X166.599 Y146.88 E1182.79924
G1 X167.041 Y147.116 E1182.81757
G1 X167.512 Y147.259 E1182.83558
G1 X168 Y147.306 E1182.85352
G0 F9000 X168 Y146.019
G1 F1800 X167.525 Y145.926 E1182.87123
G1 X167.136 Y145.66 E1182.88847
G1 X166.87 Y145.275 E1182.90559
G1 X166.777 Y144.8 E1182.9233
G1 X166.87 Y144.325 E1182.941
G1 X167.136 Y143.936 E1182.95825
G1 X167.529 Y143.669 E1182.97563
G1 X168 Y143.576 E1182.99319
G1 X168.471 Y143.67 E1183.01077
G1 X168.861 Y143.931 E1183.02793
G1 X169.128 Y144.332 E1183.04556
G1 X169.199 Y144.582 E1183.05507
G1 X169.2 Y145.014 E1183.07087
G1 X169.119 Y145.284 E1183.08119
G1 X168.861 Y145.664 E1183.09799
G1 X168.471 Y145.927 E1183.1152
G1 X168 Y146.019 E1183.13276
G1 F1500 E1181.13276
G0 F9000 X172.091 Y149.792
;TYPE:WALL-INNER
G1 F1500 E1183.13276
G1 F1763.9 X171.9 Y149.8 E1183.1399
G1 F1800 X48.1 Y149.8 E1187.66926
G1 F1867.9 X47.333 Y149.467 E1187.69874
G1 F1829.1 X47.008 Y148.891 E1187.72255
G1 X46.985 Y149.815 E1187.75583
G1 F1867.9 X48.1 Y149.8 E1187.79514
G0 F9000 X47.008 Y148.891
G1 F1763.9 X47 Y148.7 E1187.80228
G1 F1800 X47 Y71.3 E1190.63405
G1 F1867.9 X47.333 Y70.533 E1190.66353
G1 F1829.1 X47.909 Y70.208 E1190.68734
G1 X46.985 Y70.185 E1190.72062
G1 F1867.9 X47 Y71.3 E1190.75993
G0 F9000 X47.909 Y70.208
G1 F1763.9 X48.1 Y70.2 E1190.76707
G1 F1800 X171.9 Y70.2 E1195.29644
G1 F1500 E1193.29644
G0 F9000 X173 Y71.3
G1 F1500 E1195.29644
G1 F1867.9 X173.016 Y70.184 E1195.33578
G1 X171.9 Y70.2 E1195.37513
G1 X172.667 Y70.533 E1195.40461
G1 X173 Y71.3 E1195.43409
G1 F1800 X173 Y148.7 E1198.26586
G1 F1767.9 X172.992 Y148.891 E1198.27298
G0 F9000 X172.091 Y149.792
G1 F1824.9 X173.016 Y149.816 E1198.30637
G1 F1833.3 X172.992 Y148.891 E1198.33961
G1 X172.667 Y149.467 E1198.36337
G1 F1824.9 X172.091 Y149.792 E1198.38724
G1 F1500 E1196.38724
G0 F9000 X172.091 Y151.565
G0 X110 Y151.565
G0 X110 Y150.24
G1 F1500 E1198.38724
G1 F1800 X173.44 Y150.24 E1200.70826
G1 X173.44 Y69.76 E1203.65271
G1 X46.561 Y69.761 E1208.29473
G1 X46.561 Y150.239 E1211.23911
G1 X110 Y150.24 E1213.5601
G0 F9000 X110 Y149.36
G1 F1800 X48.1 Y149.36 E1215.82478
G1 X47.633 Y149.167 E1215.84327
G1 X47.44 Y148.795 E1215.8586
G1 X47.44 Y71.3 E1218.69384
G1 X47.633 Y70.833 E1218.71233
G1 X48.005 Y70.64 E1218.72766
G1 X171.9 Y70.64 E1223.2605
G1 X172.367 Y70.833 E1223.27899
G1 X172.56 Y71.3 E1223.29748
G1 X172.56 Y148.797 E1226.1328
G1 X172.367 Y149.167 E1226.14806
G1 X171.995 Y149.36 E1226.1634
G1 X110 Y149.36 E1228.43155
G0 F9000 X110 Y148.918
;TYPE:WALL-OUTER
G1 F1800 X48.1 Y148.92 E1230.69624
G1 X47.944 Y148.856 E1230.70241
G1 X47.883 Y148.738 E1230.70727
G1 X47.88 Y71.3 E1233.54042
G1 X47.944 Y71.144 E1233.54659
G1 X48.062 Y71.083 E1233.55145
G1 X171.9 Y71.08 E1238.08221
G1 X172.056 Y71.144 E1238.08838
G1 X172.12 Y71.3 E1238.09455
G1 X172.117 Y148.738 E1240.92771
G1 X172.056 Y148.856 E1240.93257
G1 X171.938 Y148.917 E1240.93743
G1 X110 Y148.918 E1243.2035
G1 F1500 E1241.2035
G0 F9000 X110 Y150.68
G1 F1500 E1243.2035
G1 F1800 X173.88 Y150.68 E1245.54062
G1 X173.88 Y69.32 E1248.51727
G1 X46.121 Y69.321 E1253.19148
G1 X46.121 Y150.679 E1256.16806
G1 X110 Y150.68 E1258.50514
G1 F1500 E1256.50514
G0 F9000 X168 Y79.872
;TYPE:WALL-INNER
G1 F1500 E1258.50514
G1 F1850.5 X168.398 Y79.829 E1258.51939
G1 X168.789 Y79.715 E1258.53388
G1 X169.153 Y79.516 E1258.54865
G1 F1859.2 X169.465 Y79.265 E1258.56283
G1 X169.716 Y78.953 E1258.57702
G1 X169.915 Y78.59 E1258.59168
G1 F1876.8 X170.034 Y78.199 E1258.60602
G1 F1859.2 X170.069 Y77.8 E1258.62021
G1 F1854.8 X170.034 Y77.396 E1258.63461
G1 F1876.8 X169.915 Y77.006 E1258.64891
G1 F1854.8 X169.715 Y76.643 E1258.66363
G1 F1850.5 X169.465 Y76.331 E1258.67786
G1 X169.153 Y76.081 E1258.69209
G1 X168.789 Y75.881 E1258.70687
G1 X168.398 Y75.767 E1258.72136
G1 X168 Y75.723 E1258.73561
G1 X167.597 Y75.768 E1258.75004
G1 F1846.2 X167.207 Y75.881 E1258.76453
G1 F1850.5 X166.843 Y76.08 E1258.77929
G1 X166.531 Y76.331 E1258.79354
G1 X166.28 Y76.643 E1258.80779
G1 X166.081 Y77.007 E1258.82256
G1 X165.967 Y77.397 E1258.83702
G1 X165.924 Y77.8 E1258.85144
G1 F1846.2 X165.967 Y78.198 E1258.86572
G1 F1850.5 X166.081 Y78.589 E1258.88021
G1 X166.28 Y78.954 E1258.89501
G1 X166.531 Y79.265 E1258.90923
G1 X166.843 Y79.516 E1258.92348
G1 X167.207 Y79.715 E1258.93825
G1 X167.597 Y79.829 E1258.95271
G1 X168 Y79.872 E1258.96713
G0 F9000 X168 Y79.448
G1 F1850.5 X167.681 Y79.403 E1258.97859
G1 X167.332 Y79.314 E1258.99141
G1 F1867.9 X166.824 Y78.977 E1259.0129
G1 F1876.8 X166.482 Y78.469 E1259.03439
G1 F1850.5 X166.392 Y78.115 E1259.04739
G1 F1846.2 X166.348 Y77.8 E1259.05874
G1 F1850.5 X166.393 Y77.481 E1259.0702
G1 X166.482 Y77.132 E1259.08302
G1 F1867.9 X166.801 Y76.651 E1259.10337
G1 F1850.5 X167.084 Y76.441 E1259.11591
G1 F1841.9 X167.366 Y76.267 E1259.12776
G1 F1837.6 X167.68 Y76.193 E1259.13932
G1 F1850.5 X168 Y76.148 E1259.15082
G1 X168.314 Y76.192 E1259.1621
G1 F1841.9 X168.657 Y76.28 E1259.17477
G1 X168.912 Y76.44 E1259.18553
G1 F1846.2 X169.173 Y76.629 E1259.19702
G1 F1867.9 X169.513 Y77.122 E1259.21814
G1 F1876.8 X169.619 Y77.478 E1259.23117
G1 F1854.8 X169.636 Y77.8 E1259.24262
G1 F1859.2 X169.619 Y78.118 E1259.2539
G1 F1876.8 X169.526 Y78.429 E1259.26529
G1 F1859.2 X169.357 Y78.713 E1259.277
G1 X169.167 Y78.968 E1259.28826
G1 X168.915 Y79.156 E1259.2994
G1 F1841.9 X168.654 Y79.317 E1259.31036
G1 X168.314 Y79.403 E1259.3229
G1 F1850.5 X168 Y79.448 E1259.33419
G0 F9000 X168 Y79.019
;TYPE:WALL-OUTER
G1 F1800 X167.525 Y78.926 E1259.3519
G1 X167.136 Y78.66 E1259.36914
G1 X166.87 Y78.275 E1259.38626
G1 X166.777 Y77.8 E1259.40397
G1 X166.87 Y77.325 E1259.42168
G1 X167.136 Y76.936 E1259.43892
G1 X167.529 Y76.669 E1259.4563
G1 X168 Y76.576 E1259.47387
G1 X168.471 Y76.67 E1259.49144
G1 X168.861 Y76.931 E1259.50861
G1 X169.128 Y77.332 E1259.52623
G1 X169.196 Y77.561 E1259.53497
G1 X169.2 Y78.014 E1259.55155
G1 X169.119 Y78.284 E1259.56186
G1 X168.861 Y78.664 E1259.57866
G1 X168.471 Y78.927 E1259.59587
G1 X168 Y79.019 E1259.61343
G0 F9000 X168 Y80.306
G1 F1800 X168.484 Y80.259 E1259.63122
G1 X168.955 Y80.115 E1259.64924
G1 X169.397 Y79.88 E1259.66756
G1 X169.771 Y79.571 E1259.68531
G1 X170.08 Y79.196 E1259.70308
G1 X170.315 Y78.755 E1259.72137
G1 X170.459 Y78.284 E1259.73939
G1 X170.506 Y77.8 E1259.75718
G1 X170.459 Y77.312 E1259.77511
G1 X170.315 Y76.841 E1259.79313
G1 X170.08 Y76.399 E1259.81145
G1 X169.771 Y76.025 E1259.8292
G1 X169.397 Y75.716 E1259.84695
G1 X168.955 Y75.481 E1259.86526
G1 X168.484 Y75.337 E1259.88328
G1 X168 Y75.29 E1259.90107
G1 X167.512 Y75.337 E1259.91901
G1 X167.041 Y75.48 E1259.93702
G1 X166.599 Y75.716 E1259.95535
G1 X166.225 Y76.025 E1259.9731
G1 X165.916 Y76.399 E1259.99085
G1 X165.68 Y76.841 E1260.00918
G1 X165.537 Y77.312 E1260.02719
G1 X165.49 Y77.8 E1260.04512
G1 X165.537 Y78.284 E1260.06291
G1 X165.681 Y78.755 E1260.08093
G1 X165.916 Y79.197 E1260.09925
G1 X166.225 Y79.571 E1260.117
G1 X166.599 Y79.88 E1260.13475
G1 X167.041 Y80.116 E1260.15308
G1 X167.512 Y80.259 E1260.17109
G1 X168 Y80.306 E1260.18902
G1 F1500 E1258.18902
;MESH:NONMESH
G0 F300 Z4.44
G0 F9000 X52 Y79.448
;TIME_ELAPSED:6520.239963
;LAYER:22
;TYPE:WALL-INNER
;MESH:SmartKiln_Frente.stl
G1 F1500 E1260.18902
G1 F1850.5 X51.681 Y79.403 E1260.20049
G1 X51.332 Y79.314 E1260.21331
G1 F1867.9 X50.824 Y78.977 E1260.2348
G1 F1876.8 X50.482 Y78.469 E1260.25629
G1 F1850.5 X50.392 Y78.115 E1260.26929
G1 F1846.2 X50.348 Y77.8 E1260.28063
G1 F1850.5 X50.393 Y77.481 E1260.2921
G1 X50.482 Y77.132 E1260.30492
G1 F1867.9 X50.801 Y76.651 E1260.32526
G1 F1850.5 X51.084 Y76.441 E1260.33781
G1 F1841.9 X51.366 Y76.267 E1260.34965
G1 F1837.6 X51.68 Y76.193 E1260.36122
G1 F1850.5 X52 Y76.148 E1260.37272
G1 X52.314 Y76.192 E1260.384
G1 F1841.9 X52.657 Y76.28 E1260.39666
G1 X52.912 Y76.44 E1260.40742
G1 F1846.2 X53.173 Y76.629 E1260.41892
G1 F1867.9 X53.513 Y77.122 E1260.44003
G1 F1876.8 X53.619 Y77.478 E1260.45307
G1 F1854.8 X53.636 Y77.8 E1260.46452
G1 F1859.2 X53.619 Y78.118 E1260.4758
G1 F1876.8 X53.526 Y78.429 E1260.48719
G1 F1859.2 X53.357 Y78.713 E1260.49889
G1 X53.167 Y78.968 E1260.51016
G1 X52.915 Y79.156 E1260.52129
G1 F1841.9 X52.654 Y79.317 E1260.53226
G1 X52.314 Y79.403 E1260.5448
G1 F1850.5 X52 Y79.448 E1260.55609
G0 F9000 X52 Y79.872
G1 F1850.5 X52.398 Y79.829 E1260.57033
G1 X52.789 Y79.715 E1260.58483
G1 X53.153 Y79.516 E1260.59959
G1 F1859.2 X53.465 Y79.265 E1260.61377
G1 X53.716 Y78.953 E1260.62796
G1 X53.915 Y78.59 E1260.64262
G1 F1876.8 X54.034 Y78.199 E1260.65696
G1 F1859.2 X54.069 Y77.8 E1260.67115
G1 F1854.8 X54.034 Y77.396 E1260.68555
G1 F1876.8 X53.915 Y77.006 E1260.69986
G1 F1854.8 X53.715 Y76.643 E1260.71457
G1 F1850.5 X53.465 Y76.331 E1260.7288
G1 X53.153 Y76.081 E1260.74303
G1 X52.789 Y75.881 E1260.75781
G1 X52.398 Y75.767 E1260.7723
G1 X52 Y75.723 E1260.78655
G1 X51.597 Y75.768 E1260.80099
G1 F1846.2 X51.207 Y75.881 E1260.81547
G1 F1850.5 X50.843 Y76.08 E1260.83023
G1 X50.531 Y76.331 E1260.84448
G1 X50.28 Y76.643 E1260.85874
G1 X50.081 Y77.007 E1260.8735
G1 X49.967 Y77.397 E1260.88796
G1 X49.924 Y77.8 E1260.90238
G1 F1846.2 X49.967 Y78.198 E1260.91666
G1 F1850.5 X50.081 Y78.589 E1260.93116
G1 X50.28 Y78.954 E1260.94595
G1 X50.531 Y79.265 E1260.96017
G1 X50.843 Y79.516 E1260.97443
G1 X51.207 Y79.715 E1260.98919
G1 X51.597 Y79.829 E1261.00365
G1 X52 Y79.872 E1261.01807
G0 F9000 X52 Y80.306
;TYPE:WALL-OUTER
G1 F1800 X52.484 Y80.259 E1261.03586
G1 X52.955 Y80.115 E1261.05388
G1 X53.397 Y79.88 E1261.0722
G1 X53.771 Y79.571 E1261.08995
G1 X54.08 Y79.196 E1261.10772
G1 X54.315 Y78.755 E1261.12601
G1 X54.459 Y78.284 E1261.14403
G1 X54.506 Y77.8 E1261.16182
G1 X54.459 Y77.312 E1261.17975
G1 X54.315 Y76.841 E1261.19777
G1 X54.08 Y76.399 E1261.21609
G1 X53.771 Y76.025 E1261.23384
G1 X53.397 Y75.716 E1261.25159
G1 X52.955 Y75.481 E1261.2699
G1 X52.484 Y75.337 E1261.28792
G1 X52 Y75.29 E1261.30571
G1 X51.512 Y75.337 E1261.32365
G1 X51.041 Y75.48 E1261.34166
G1 X50.599 Y75.716 E1261.35999
G1 X50.225 Y76.025 E1261.37774
G1 X49.916 Y76.399 E1261.39549
G1 X49.68 Y76.841 E1261.41382
G1 X49.537 Y77.312 E1261.43183
G1 X49.49 Y77.8 E1261.44976
G1 X49.537 Y78.284 E1261.46756
G1 X49.681 Y78.755 E1261.48558
G1 X49.916 Y79.197 E1261.50389
G1 X50.225 Y79.571 E1261.52164
G1 X50.599 Y79.88 E1261.53939
G1 X51.041 Y80.116 E1261.55772
G1 X51.512 Y80.259 E1261.57573
G1 X52 Y80.306 E1261.59367
G0 F9000 X52 Y79.019
G1 F1800 X51.525 Y78.926 E1261.61137
G1 X51.136 Y78.66 E1261.62862
G1 X50.87 Y78.275 E1261.64574
G1 X50.777 Y77.8 E1261.66344
G1 X50.87 Y77.325 E1261.68115
G1 X51.136 Y76.936 E1261.69839
G1 X51.529 Y76.669 E1261.71578
G1 X52 Y76.576 E1261.73334
G1 X52.471 Y76.67 E1261.75091
G1 X52.861 Y76.931 E1261.76808
G1 X53.128 Y77.332 E1261.78571
G1 X53.199 Y77.582 E1261.79522
G1 X53.2 Y78.014 E1261.81102
G1 X53.119 Y78.284 E1261.82133
G1 X52.861 Y78.664 E1261.83814
G1 X52.471 Y78.927 E1261.85535
G1 X52 Y79.019 E1261.87291
G1 F1500 E1259.87291
G0 F9000 X52 Y146.448
;TYPE:WALL-INNER
G1 F1500 E1261.87291
G1 F1850.5 X51.681 Y146.403 E1261.88437
G1 X51.332 Y146.314 E1261.89719
G1 F1867.9 X50.824 Y145.977 E1261.91868
G1 F1876.8 X50.482 Y145.469 E1261.94017
G1 F1850.5 X50.392 Y145.115 E1261.95317
G1 F1846.2 X50.348 Y144.8 E1261.96452
G1 F1850.5 X50.393 Y144.481 E1261.97598
G1 X50.482 Y144.132 E1261.9888
G1 F1867.9 X50.801 Y143.651 E1262.00915
G1 F1850.5 X51.084 Y143.441 E1262.02169
G1 F1841.9 X51.366 Y143.267 E1262.03354
G1 F1837.6 X51.68 Y143.193 E1262.0451
G1 F1850.5 X52 Y143.148 E1262.0566
G1 X52.314 Y143.192 E1262.06788
G1 F1841.9 X52.657 Y143.28 E1262.08054
G1 X52.912 Y143.44 E1262.09131
G1 F1846.2 X53.173 Y143.629 E1262.1028
G1 F1867.9 X53.513 Y144.122 E1262.12391
G1 F1876.8 X53.619 Y144.478 E1262.13695
G1 F1854.8 X53.636 Y144.8 E1262.1484
G1 F1859.2 X53.619 Y145.118 E1262.15968
G1 F1876.8 X53.526 Y145.429 E1262.17107
G1 F1859.2 X53.357 Y145.713 E1262.18277
G1 X53.167 Y145.968 E1262.19404
G1 X52.915 Y146.156 E1262.20517
G1 F1841.9 X52.654 Y146.317 E1262.21614
G1 X52.314 Y146.403 E1262.22868
G1 F1850.5 X52 Y146.448 E1262.23997
G0 F9000 X52 Y146.872
G1 F1850.5 X52.398 Y146.829 E1262.25421
G1 X52.789 Y146.715 E1262.26871
G1 X53.153 Y146.516 E1262.28347
G1 F1859.2 X53.465 Y146.265 E1262.29766
G1 X53.716 Y145.953 E1262.31184
G1 X53.915 Y145.59 E1262.3265
G1 F1876.8 X54.034 Y145.199 E1262.34085
G1 F1859.2 X54.069 Y144.8 E1262.35503
G1 F1854.8 X54.034 Y144.396 E1262.36943
G1 F1876.8 X53.915 Y144.006 E1262.38374
G1 F1854.8 X53.715 Y143.643 E1262.39845
G1 F1850.5 X53.465 Y143.331 E1262.41268
G1 X53.153 Y143.081 E1262.42691
G1 X52.789 Y142.881 E1262.44169
G1 X52.398 Y142.767 E1262.45619
G1 X52 Y142.723 E1262.47044
G1 X51.597 Y142.768 E1262.48487
G1 F1846.2 X51.207 Y142.881 E1262.49935
G1 F1850.5 X50.843 Y143.08 E1262.51412
G1 X50.531 Y143.331 E1262.52837
G1 X50.28 Y143.643 E1262.54262
G1 X50.081 Y144.007 E1262.55738
G1 X49.967 Y144.397 E1262.57184
G1 X49.924 Y144.8 E1262.58626
G1 F1846.2 X49.967 Y145.198 E1262.60054
G1 F1850.5 X50.081 Y145.589 E1262.61504
G1 X50.28 Y145.954 E1262.62983
G1 X50.531 Y146.265 E1262.64406
G1 X50.843 Y146.516 E1262.65831
G1 X51.207 Y146.715 E1262.67307
G1 X51.597 Y146.829 E1262.68753
G1 X52 Y146.872 E1262.70195
G0 F9000 X52 Y147.306
;TYPE:WALL-OUTER
G1 F1800 X52.484 Y147.259 E1262.71975
G1 X52.955 Y147.115 E1262.73777
G1 X53.397 Y146.88 E1262.75608
G1 X53.771 Y146.571 E1262.77383
G1 X54.08 Y146.196 E1262.79161
G1 X54.315 Y145.755 E1262.80989
G1 X54.459 Y145.284 E1262.82791
G1 X54.506 Y144.8 E1262.8457
G1 X54.459 Y144.312 E1262.86364
G1 X54.315 Y143.841 E1262.88166
G1 X54.08 Y143.399 E1262.89997
G1 X53.771 Y143.025 E1262.91772
G1 X53.397 Y142.716 E1262.93547
G1 X52.955 Y142.481 E1262.95378
G1 X52.484 Y142.337 E1262.9718
G1 X52 Y142.29 E1262.98959
G1 X51.512 Y142.337 E1263.00753
G1 X51.041 Y142.48 E1263.02554
G1 X50.599 Y142.716 E1263.04387
G1 X50.225 Y143.025 E1263.06162
G1 X49.916 Y143.399 E1263.07937
G1 X49.68 Y143.841 E1263.0977
G1 X49.537 Y144.312 E1263.11571
G1 X49.49 Y144.8 E1263.13365
G1 X49.537 Y145.284 E1263.15144
G1 X49.681 Y145.755 E1263.16946
G1 X49.916 Y146.197 E1263.18777
G1 X50.225 Y146.571 E1263.20552
G1 X50.599 Y146.88 E1263.22327
G1 X51.041 Y147.116 E1263.2416
G1 X51.512 Y147.259 E1263.25961
G1 X52 Y147.306 E1263.27755
G0 F9000 X52 Y146.019
G1 F1800 X51.525 Y145.926 E1263.29526
G1 X51.136 Y145.66 E1263.3125
G1 X50.87 Y145.275 E1263.32962
G1 X50.777 Y144.8 E1263.34733
G1 X50.87 Y144.325 E1263.36503
G1 X51.136 Y143.936 E1263.38228
G1 X51.529 Y143.669 E1263.39966
G1 X52 Y143.576 E1263.41722
G1 X52.471 Y143.67 E1263.4348
G1 X52.861 Y143.931 E1263.45196
G1 X53.128 Y144.332 E1263.46959
G1 X53.199 Y144.582 E1263.4791
G1 X53.2 Y145.014 E1263.4949
G1 X53.119 Y145.284 E1263.50522
G1 X52.861 Y145.664 E1263.52202
G1 X52.471 Y145.927 E1263.53923
G1 X52 Y146.019 E1263.55679
G1 F1500 E1261.55679
G0 F9000 X168 Y146.448
;TYPE:WALL-INNER
G1 F1500 E1263.55679
G1 F1850.5 X167.681 Y146.403 E1263.56825
G1 X167.332 Y146.314 E1263.58107
G1 F1867.9 X166.824 Y145.977 E1263.60256
G1 F1876.8 X166.482 Y145.469 E1263.62405
G1 F1850.5 X166.392 Y145.115 E1263.63705
G1 F1846.2 X166.348 Y144.8 E1263.6484
G1 F1850.5 X166.393 Y144.481 E1263.65986
G1 X166.482 Y144.132 E1263.67268
G1 F1867.9 X166.801 Y143.651 E1263.69303
G1 F1850.5 X167.084 Y143.441 E1263.70557
G1 F1841.9 X167.366 Y143.267 E1263.71742
G1 F1837.6 X167.68 Y143.193 E1263.72898
G1 F1850.5 X168 Y143.148 E1263.74048
G1 X168.314 Y143.192 E1263.75176
G1 F1841.9 X168.657 Y143.28 E1263.76442
G1 X168.912 Y143.44 E1263.77519
G1 F1846.2 X169.173 Y143.629 E1263.78668
G1 F1867.9 X169.513 Y144.122 E1263.8078
G1 F1876.8 X169.619 Y144.478 E1263.82083
G1 F1854.8 X169.636 Y144.8 E1263.83228
G1 F1859.2 X169.619 Y145.118 E1263.84356
G1 F1876.8 X169.526 Y145.429 E1263.85495
G1 F1859.2 X169.357 Y145.713 E1263.86666
G1 X169.167 Y145.968 E1263.87792
G1 X168.915 Y146.156 E1263.88906
G1 F1841.9 X168.654 Y146.317 E1263.90002
G1 X168.314 Y146.403 E1263.91256
G1 F1850.5 X168 Y146.448 E1263.92385
G0 F9000 X168 Y146.872
G1 F1850.5 X168.398 Y146.829 E1263.9381
G1 X168.789 Y146.715 E1263.95259
G1 X169.153 Y146.516 E1263.96735
G1 F1859.2 X169.465 Y146.265 E1263.98154
G1 X169.716 Y145.953 E1263.99572
G1 X169.915 Y145.59 E1264.01039
G1 F1876.8 X170.034 Y145.199 E1264.02473
G1 F1859.2 X170.069 Y144.8 E1264.03892
G1 F1854.8 X170.034 Y144.396 E1264.05331
G1 F1876.8 X169.915 Y144.006 E1264.06762
G1 F1854.8 X169.715 Y143.643 E1264.08234
G1 F1850.5 X169.465 Y143.331 E1264.09656
G1 X169.153 Y143.081 E1264.11079
G1 X168.789 Y142.881 E1264.12557
G1 X168.398 Y142.767 E1264.14007
G1 X168 Y142.723 E1264.15432
G1 X167.597 Y142.768 E1264.16875
G1 F1846.2 X167.207 Y142.881 E1264.18323
G1 F1850.5 X166.843 Y143.08 E1264.198
G1 X166.531 Y143.331 E1264.21225
G1 X166.28 Y143.643 E1264.2265
G1 X166.081 Y144.007 E1264.24126
G1 X165.967 Y144.397 E1264.25572
G1 X165.924 Y144.8 E1264.27015
G1 F1846.2 X165.967 Y145.198 E1264.28443
G1 F1850.5 X166.081 Y145.589 E1264.29892
G1 X166.28 Y145.954 E1264.31372
G1 X166.531 Y146.265 E1264.32794
G1 X166.843 Y146.516 E1264.34219
G1 X167.207 Y146.715 E1264.35695
G1 X167.597 Y146.829 E1264.37141
G1 X168 Y146.872 E1264.38584
G0 F9000 X168 Y147.306
;TYPE:WALL-OUTER
G1 F1800 X168.484 Y147.259 E1264.40363
G1 X168.955 Y147.115 E1264.42165
G1 X169.397 Y146.88 E1264.43996
G1 X169.771 Y146.571 E1264.45771
G1 X170.08 Y146.196 E1264.47549
G1 X170.315 Y145.755 E1264.49377
G1 X170.459 Y145.284 E1264.51179
G1 X170.506 Y144.8 E1264.52958
G1 X170.459 Y144.312 E1264.54752
G1 X170.315 Y143.841 E1264.56554
G1 X170.08 Y143.399 E1264.58385
G1 X169.771 Y143.025 E1264.6016
G1 X169.397 Y142.716 E1264.61935
G1 X168.955 Y142.481 E1264.63766
G1 X168.484 Y142.337 E1264.65568
G1 X168 Y142.29 E1264.67348
G1 X167.512 Y142.337 E1264.69141
G1 X167.041 Y142.48 E1264.70942
G1 X166.599 Y142.716 E1264.72775
G1 X166.225 Y143.025 E1264.7455
G1 X165.916 Y143.399 E1264.76325
G1 X165.68 Y143.841 E1264.78158
G1 X165.537 Y144.312 E1264.79959
G1 X165.49 Y144.8 E1264.81753
G1 X165.537 Y145.284 E1264.83532
G1 X165.681 Y145.755 E1264.85334
G1 X165.916 Y146.197 E1264.87165
G1 X166.225 Y146.571 E1264.8894
G1 X166.599 Y146.88 E1264.90715
G1 X167.041 Y147.116 E1264.92548
G1 X167.512 Y147.259 E1264.94349
G1 X168 Y147.306 E1264.96143
G0 F9000 X168 Y146.019
G1 F1800 X167.525 Y145.926 E1264.97914
G1 X167.136 Y145.66 E1264.99638
G1 X166.87 Y145.275 E1265.0135
G1 X166.777 Y144.8 E1265.03121
G1 X166.87 Y144.325 E1265.04892
G1 X167.136 Y143.936 E1265.06616
G1 X167.529 Y143.669 E1265.08354
G1 X168 Y143.576 E1265.1011
G1 X168.471 Y143.67 E1265.11868
G1 X168.861 Y143.931 E1265.13585
G1 X169.128 Y144.332 E1265.15347
G1 X169.199 Y144.582 E1265.16298
G1 X169.2 Y145.014 E1265.17878
G1 X169.119 Y145.284 E1265.1891
G1 X168.861 Y145.664 E1265.2059
G1 X168.471 Y145.927 E1265.22311
G1 X168 Y146.019 E1265.24067
G1 F1500 E1263.24067
G0 F9000 X172.091 Y149.792
;TYPE:WALL-INNER
G1 F1500 E1265.24067
G1 F1763.9 X171.9 Y149.8 E1265.24781
G1 F1800 X48.1 Y149.8 E1269.77717
G1 F1867.9 X47.333 Y149.467 E1269.80665
G1 F1829.1 X47.008 Y148.891 E1269.83046
G1 X46.985 Y149.815 E1269.86374
G1 F1867.9 X48.1 Y149.8 E1269.90306
G0 F9000 X47.008 Y148.891
G1 F1763.9 X47 Y148.7 E1269.91019
G1 F1800 X47 Y71.3 E1272.74196
G1 F1867.9 X47.333 Y70.533 E1272.77144
G1 F1829.1 X47.909 Y70.208 E1272.79525
G1 X46.985 Y70.185 E1272.82853
G1 F1867.9 X47 Y71.3 E1272.86784
G0 F9000 X47.909 Y70.208
G1 F1763.9 X48.1 Y70.2 E1272.87498
G1 F1800 X171.9 Y70.2 E1277.40435
G1 F1500 E1275.40435
G0 F9000 X173 Y71.3
G1 F1500 E1277.40435
G1 F1867.9 X173.016 Y70.184 E1277.4437
G1 X171.9 Y70.2 E1277.48305
G1 X172.667 Y70.533 E1277.51253
G1 X173 Y71.3 E1277.542
G1 F1800 X173 Y148.7 E1280.37377
G1 F1767.9 X172.992 Y148.891 E1280.38089
G0 F9000 X172.091 Y149.792
G1 F1824.9 X173.016 Y149.816 E1280.41429
G1 F1833.3 X172.992 Y148.891 E1280.44752
G1 X172.667 Y149.467 E1280.47128
G1 F1824.9 X172.091 Y149.792 E1280.49515
G1 F1500 E1278.49515
G0 F9000 X172.091 Y151.565
G0 X110 Y151.565
G0 X110 Y150.24
G1 F1500 E1280.49515
G1 F1800 X173.44 Y150.24 E1282.81617
G1 X173.44 Y69.76 E1285.76063
G1 X46.561 Y69.761 E1290.40264
G1 X46.561 Y150.239 E1293.34702
G1 X110 Y150.24 E1295.66801
G0 F9000 X110 Y149.36
G1 F1800 X48.1 Y149.36 E1297.93269
G1 X47.633 Y149.167 E1297.95118
G1 X47.44 Y148.795 E1297.96651
G1 X47.44 Y71.3 E1300.80175
G1 X47.633 Y70.833 E1300.82024
G1 X48.005 Y70.64 E1300.83558
G1 X171.9 Y70.64 E1305.36842
G1 X172.367 Y70.833 E1305.3869
G1 X172.56 Y71.3 E1305.40539
G1 X172.56 Y148.797 E1308.24071
G1 X172.367 Y149.167 E1308.25598
G1 X171.995 Y149.36 E1308.27131
G1 X110 Y149.36 E1310.53947
G0 F9000 X110 Y148.918
;TYPE:WALL-OUTER
G1 F1800 X48.1 Y148.92 E1312.80415
G1 X47.944 Y148.856 E1312.81032
G1 X47.883 Y148.738 E1312.81518
G1 X47.88 Y71.3 E1315.64834
G1 X47.944 Y71.144 E1315.65451
G1 X48.062 Y71.083 E1315.65936
G1 X171.9 Y71.08 E1320.19012
G1 X172.056 Y71.144 E1320.19629
G1 X172.12 Y71.3 E1320.20246
G1 X172.117 Y148.738 E1323.03562
G1 X172.056 Y148.856 E1323.04048
G1 X171.938 Y148.917 E1323.04534
G1 X110 Y148.918 E1325.31141
G1 F1500 E1323.31141
G0 F9000 X110 Y150.68
G1 F1500 E1325.31141
G1 F1800 X173.88 Y150.68 E1327.64853
G1 X173.88 Y69.32 E1330.62518
G1 X46.121 Y69.321 E1335.29939
G1 X46.121 Y150.679 E1338.27597
G1 X110 Y150.68 E1340.61305
G1 F1500 E1338.61305
G0 F9000 X168 Y79.872
;TYPE:WALL-INNER
G1 F1500 E1340.61305
G1 F1850.5 X168.398 Y79.829 E1340.6273
G1 X168.789 Y79.715 E1340.64179
G1 X169.153 Y79.516 E1340.65656
G1 F1859.2 X169.465 Y79.265 E1340.67074
G1 X169.716 Y78.953 E1340.68493
G1 X169.915 Y78.59 E1340.69959
G1 F1876.8 X170.034 Y78.199 E1340.71393
G1 F1859.2 X170.069 Y77.8 E1340.72812
G1 F1854.8 X170.034 Y77.396 E1340.74252
G1 F1876.8 X169.915 Y77.006 E1340.75682
G1 F1854.8 X169.715 Y76.643 E1340.77154
G1 F1850.5 X169.465 Y76.331 E1340.78577
G1 X169.153 Y76.081 E1340.8
G1 X168.789 Y75.881 E1340.81478
G1 X168.398 Y75.767 E1340.82927
G1 X168 Y75.723 E1340.84352
G1 X167.597 Y75.768 E1340.85795
G1 F1846.2 X167.207 Y75.881 E1340.87244
G1 F1850.5 X166.843 Y76.08 E1340.8872
G1 X166.531 Y76.331 E1340.90145
G1 X166.28 Y76.643 E1340.9157
G1 X166.081 Y77.007 E1340.93047
G1 X165.967 Y77.397 E1340.94493
G1 X165.924 Y77.8 E1340.95935
G1 F1846.2 X165.967 Y78.198 E1340.97363
G1 F1850.5 X166.081 Y78.589 E1340.98812
G1 X166.28 Y78.954 E1341.00292
G1 X166.531 Y79.265 E1341.01714
G1 X166.843 Y79.516 E1341.03139
G1 X167.207 Y79.715 E1341.04616
G1 X167.597 Y79.829 E1341.06062
G1 X168 Y79.872 E1341.07504
G0 F9000 X168 Y79.448
G1 F1850.5 X167.681 Y79.403 E1341.08651
G1 X167.332 Y79.314 E1341.09932
G1 F1867.9 X166.824 Y78.977 E1341.12082
G1 F1876.8 X166.482 Y78.469 E1341.1423
G1 F1850.5 X166.392 Y78.115 E1341.1553
G1 F1846.2 X166.348 Y77.8 E1341.16665
G1 F1850.5 X166.393 Y77.481 E1341.17811
G1 X166.482 Y77.132 E1341.19093
G1 F1867.9 X166.801 Y76.651 E1341.21128
G1 F1850.5 X167.084 Y76.441 E1341.22382
G1 F1841.9 X167.366 Y76.267 E1341.23567
G1 F1837.6 X167.68 Y76.193 E1341.24723
G1 F1850.5 X168 Y76.148 E1341.25873
G1 X168.314 Y76.192 E1341.27002
G1 F1841.9 X168.657 Y76.28 E1341.28268
G1 X168.912 Y76.44 E1341.29344
G1 F1846.2 X169.173 Y76.629 E1341.30493
G1 F1867.9 X169.513 Y77.122 E1341.32605
G1 F1876.8 X169.619 Y77.478 E1341.33908
G1 F1854.8 X169.636 Y77.8 E1341.35053
G1 F1859.2 X169.619 Y78.118 E1341.36181
G1 F1876.8 X169.526 Y78.429 E1341.3732
G1 F1859.2 X169.357 Y78.713 E1341.38491
G1 X169.167 Y78.968 E1341.39617
G1 X168.915 Y79.156 E1341.40731
G1 F1841.9 X168.654 Y79.317 E1341.41827
G1 X168.314 Y79.403 E1341.43081
G1 F1850.5 X168 Y79.448 E1341.4421
G0 F9000 X168 Y79.019
;TYPE:WALL-OUTER
G1 F1800 X167.525 Y78.926 E1341.45981
G1 X167.136 Y78.66 E1341.47705
G1 X166.87 Y78.275 E1341.49417
G1 X166.777 Y77.8 E1341.51188
G1 X166.87 Y77.325 E1341.52959
G1 X167.136 Y76.936 E1341.54683
G1 X167.525 Y76.67 E1341.56407
G1 X168 Y76.576 E1341.58179
G1 X168.471 Y76.67 E1341.59936
G1 X168.861 Y76.931 E1341.61653
G1 X169.128 Y77.332 E1341.63415
G1 X169.199 Y77.582 E1341.64366
G1 X169.2 Y78.014 E1341.65947
G1 X169.119 Y78.284 E1341.66978
G1 X168.861 Y78.664 E1341.68658
G1 X168.471 Y78.927 E1341.70379
G1 X168 Y79.019 E1341.72135
G0 F9000 X168 Y80.306
G1 F1800 X168.484 Y80.259 E1341.73914
G1 X168.955 Y80.115 E1341.75716
G1 X169.397 Y79.88 E1341.77548
G1 X169.771 Y79.571 E1341.79323
G1 X170.08 Y79.196 E1341.811
G1 X170.315 Y78.755 E1341.82929
G1 X170.459 Y78.284 E1341.84731
G1 X170.506 Y77.8 E1341.8651
G1 X170.459 Y77.312 E1341.88303
G1 X170.315 Y76.841 E1341.90105
G1 X170.08 Y76.399 E1341.91937
G1 X169.771 Y76.025 E1341.93712
G1 X169.397 Y75.716 E1341.95487
G1 X168.955 Y75.481 E1341.97318
G1 X168.484 Y75.337 E1341.9912
G1 X168 Y75.29 E1342.00899
G1 X167.512 Y75.337 E1342.02693
G1 X167.041 Y75.48 E1342.04494
G1 X166.599 Y75.716 E1342.06327
G1 X166.225 Y76.025 E1342.08102
G1 X165.916 Y76.399 E1342.09877
G1 X165.68 Y76.841 E1342.1171
G1 X165.537 Y77.312 E1342.13511
G1 X165.49 Y77.8 E1342.15304
G1 X165.537 Y78.284 E1342.17083
G1 X165.681 Y78.755 E1342.18885
G1 X165.916 Y79.197 E1342.20717
G1 X166.225 Y79.571 E1342.22492
G1 X166.599 Y79.88 E1342.24267
G1 X167.041 Y80.116 E1342.261
G1 X167.512 Y80.259 E1342.27901
G1 X168 Y80.306 E1342.29694
G1 F1500 E1340.29694
;MESH:NONMESH
G0 F300 Z4.64
G0 F9000 X52 Y79.448
;TIME_ELAPSED:6604.702126
;LAYER:23
;TYPE:WALL-INNER
;MESH:SmartKiln_Frente.stl
G1 F1500 E1342.29694
G1 F1850.5 X51.681 Y79.403 E1342.30841
G1 X51.332 Y79.314 E1342.32123
G1 F1867.9 X50.824 Y78.977 E1342.34272
G1 F1876.8 X50.482 Y78.469 E1342.36421
G1 F1850.5 X50.392 Y78.115 E1342.37721
G1 F1846.2 X50.348 Y77.8 E1342.38855
G1 F1850.5 X50.393 Y77.481 E1342.40002
G1 X50.482 Y77.132 E1342.41284
G1 F1867.9 X50.801 Y76.651 E1342.43318
G1 F1850.5 X51.084 Y76.441 E1342.44573
G1 F1841.9 X51.366 Y76.267 E1342.45757
G1 F1837.6 X51.68 Y76.193 E1342.46914
G1 F1850.5 X52 Y76.148 E1342.48064
G1 X52.314 Y76.192 E1342.49192
G1 F1841.9 X52.657 Y76.28 E1342.50458
G1 X52.912 Y76.44 E1342.51534
G1 F1846.2 X53.173 Y76.629 E1342.52684
G1 F1867.9 X53.513 Y77.122 E1342.54795
G1 F1876.8 X53.619 Y77.478 E1342.56099
G1 F1854.8 X53.636 Y77.8 E1342.57244
G1 F1859.2 X53.619 Y78.118 E1342.58372
G1 F1876.8 X53.526 Y78.429 E1342.59511
G1 F1859.2 X53.357 Y78.713 E1342.60681
G1 X53.167 Y78.968 E1342.61808
G1 X52.915 Y79.156 E1342.62921
G1 F1841.9 X52.654 Y79.317 E1342.64018
G1 X52.314 Y79.403 E1342.65272
G1 F1850.5 X52 Y79.448 E1342.66401
G0 F9000 X52 Y79.872
G1 F1850.5 X52.398 Y79.829 E1342.67825
G1 X52.789 Y79.715 E1342.69275
G1 X53.153 Y79.516 E1342.70751
G1 F1859.2 X53.465 Y79.265 E1342.72169
G1 X53.716 Y78.953 E1342.73588
G1 X53.915 Y78.59 E1342.75054
G1 F1876.8 X54.034 Y78.199 E1342.76488
G1 F1859.2 X54.069 Y77.8 E1342.77907
G1 F1854.8 X54.034 Y77.396 E1342.79347
G1 F1876.8 X53.915 Y77.006 E1342.80778
G1 F1854.8 X53.715 Y76.643 E1342.82249
G1 F1850.5 X53.465 Y76.331 E1342.83672
G1 X53.153 Y76.081 E1342.85095
G1 X52.789 Y75.881 E1342.86573
G1 X52.398 Y75.767 E1342.88022
G1 X52 Y75.723 E1342.89447
G1 X51.597 Y75.768 E1342.90891
G1 F1846.2 X51.207 Y75.881 E1342.92339
G1 F1850.5 X50.843 Y76.08 E1342.93815
G1 X50.531 Y76.331 E1342.9524
G1 X50.28 Y76.643 E1342.96666
G1 X50.081 Y77.007 E1342.98142
G1 X49.967 Y77.397 E1342.99588
G1 X49.924 Y77.8 E1343.0103
G1 F1846.2 X49.967 Y78.198 E1343.02458
G1 F1850.5 X50.081 Y78.589 E1343.03908
G1 X50.28 Y78.954 E1343.05387
G1 X50.531 Y79.265 E1343.06809
G1 X50.843 Y79.516 E1343.08235
G1 X51.207 Y79.715 E1343.09711
G1 X51.597 Y79.829 E1343.11157
G1 X52 Y79.872 E1343.12599
G0 F9000 X52 Y80.306
;TYPE:WALL-OUTER
G1 F1800 X52.484 Y80.259 E1343.14378
G1 X52.955 Y80.115 E1343.1618
G1 X53.397 Y79.88 E1343.18012
G1 X53.771 Y79.571 E1343.19787
G1 X54.08 Y79.196 E1343.21564
G1 X54.315 Y78.755 E1343.23393
G1 X54.459 Y78.284 E1343.25195
G1 X54.506 Y77.8 E1343.26974
G1 X54.459 Y77.312 E1343.28767
G1 X54.315 Y76.841 E1343.30569
G1 X54.08 Y76.399 E1343.32401
G1 X53.771 Y76.025 E1343.34176
G1 X53.397 Y75.716 E1343.35951
G1 X52.955 Y75.481 E1343.37782
G1 X52.484 Y75.337 E1343.39584
G1 X52 Y75.29 E1343.41363
G1 X51.512 Y75.337 E1343.43157
G1 X51.041 Y75.48 E1343.44958
G1 X50.599 Y75.716 E1343.46791
G1 X50.225 Y76.025 E1343.48566
G1 X49.916 Y76.399 E1343.50341
G1 X49.68 Y76.841 E1343.52174
G1 X49.537 Y77.312 E1343.53975
G1 X49.49 Y77.8 E1343.55768
G1 X49.537 Y78.284 E1343.57548
G1 X49.681 Y78.755 E1343.5935
G1 X49.916 Y79.197 E1343.61181
G1 X50.225 Y79.571 E1343.62956
G1 X50.599 Y79.88 E1343.64731
G1 X51.041 Y80.116 E1343.66564
G1 X51.512 Y80.259 E1343.68365
G1 X52 Y80.306 E1343.70159
G0 F9000 X52 Y79.019
G1 F1800 X51.525 Y78.926 E1343.71929
G1 X51.136 Y78.66 E1343.73654
G1 X50.869 Y78.269 E1343.75386
G1 X50.777 Y77.8 E1343.77134
G1 X50.87 Y77.325 E1343.78905
G1 X51.136 Y76.936 E1343.80629
G1 X51.529 Y76.669 E1343.82368
G1 X52 Y76.576 E1343.84124
G1 X52.471 Y76.67 E1343.85881
G1 X52.861 Y76.931 E1343.87598
G1 X53.128 Y77.332 E1343.89361
G1 X53.199 Y77.582 E1343.90312
G1 X53.2 Y78.014 E1343.91892
G1 X53.119 Y78.284 E1343.92923
G1 X52.861 Y78.664 E1343.94604
G1 X52.471 Y78.927 E1343.96325
G1 X52 Y79.019 E1343.98081
G1 F1500 E1341.98081
G0 F9000 X52 Y146.448
;TYPE:WALL-INNER
G1 F1500 E1343.98081
G1 F1850.5 X51.681 Y146.403 E1343.99227
G1 X51.332 Y146.314 E1344.00509
G1 F1867.9 X50.824 Y145.977 E1344.02658
G1 F1876.8 X50.482 Y145.469 E1344.04807
G1 F1850.5 X50.392 Y145.115 E1344.06107
G1 F1846.2 X50.348 Y144.8 E1344.07241
G1 F1850.5 X50.393 Y144.481 E1344.08388
G1 X50.482 Y144.132 E1344.0967
G1 F1867.9 X50.801 Y143.651 E1344.11705
G1 F1850.5 X51.084 Y143.441 E1344.12959
G1 F1841.9 X51.366 Y143.267 E1344.14143
G1 F1837.6 X51.68 Y143.193 E1344.153
G1 F1850.5 X52 Y143.148 E1344.1645
G1 X52.314 Y143.192 E1344.17578
G1 F1841.9 X52.657 Y143.28 E1344.18844
G1 X52.912 Y143.44 E1344.19921
G1 F1846.2 X53.173 Y143.629 E1344.2107
G1 F1867.9 X53.513 Y144.122 E1344.23181
G1 F1876.8 X53.619 Y144.478 E1344.24485
G1 F1854.8 X53.636 Y144.8 E1344.2563
G1 F1859.2 X53.619 Y145.118 E1344.26758
G1 F1876.8 X53.526 Y145.429 E1344.27897
G1 F1859.2 X53.357 Y145.713 E1344.29067
G1 X53.167 Y145.968 E1344.30194
G1 X52.915 Y146.156 E1344.31307
G1 F1841.9 X52.654 Y146.317 E1344.32404
G1 X52.314 Y146.403 E1344.33658
G1 F1850.5 X52 Y146.448 E1344.34787
G0 F9000 X52 Y146.872
G1 F1850.5 X52.398 Y146.829 E1344.36211
G1 X52.789 Y146.715 E1344.37661
G1 X53.153 Y146.516 E1344.39137
G1 F1859.2 X53.465 Y146.265 E1344.40556
G1 X53.716 Y145.953 E1344.41974
G1 X53.915 Y145.59 E1344.4344
G1 F1876.8 X54.034 Y145.199 E1344.44874
G1 F1859.2 X54.069 Y144.8 E1344.46293
G1 F1854.8 X54.034 Y144.396 E1344.47733
G1 F1876.8 X53.915 Y144.006 E1344.49164
G1 F1854.8 X53.715 Y143.643 E1344.50635
G1 F1850.5 X53.465 Y143.331 E1344.52058
G1 X53.153 Y143.081 E1344.53481
G1 X52.789 Y142.881 E1344.54959
G1 X52.398 Y142.767 E1344.56409
G1 X52 Y142.723 E1344.57834
G1 X51.597 Y142.768 E1344.59277
G1 F1846.2 X51.207 Y142.881 E1344.60725
G1 F1850.5 X50.843 Y143.08 E1344.62201
G1 X50.531 Y143.331 E1344.63627
G1 X50.28 Y143.643 E1344.65052
G1 X50.081 Y144.007 E1344.66528
G1 X49.967 Y144.397 E1344.67974
G1 X49.924 Y144.8 E1344.69416
G1 F1846.2 X49.967 Y145.198 E1344.70844
G1 F1850.5 X50.081 Y145.589 E1344.72294
G1 X50.28 Y145.954 E1344.73773
G1 X50.531 Y146.265 E1344.75196
G1 X50.843 Y146.516 E1344.76621
G1 X51.207 Y146.715 E1344.78097
G1 X51.597 Y146.829 E1344.79543
G1 X52 Y146.872 E1344.80985
G0 F9000 X52 Y147.306
;TYPE:WALL-OUTER
G1 F1800 X52.484 Y147.259 E1344.82764
G1 X52.955 Y147.115 E1344.84566
G1 X53.397 Y146.88 E1344.86398
G1 X53.771 Y146.571 E1344.88173
G1 X54.08 Y146.196 E1344.89951
G1 X54.315 Y145.755 E1344.91779
G1 X54.459 Y145.284 E1344.93581
G1 X54.506 Y144.8 E1344.9536
G1 X54.459 Y144.312 E1344.97153
G1 X54.315 Y143.841 E1344.98955
G1 X54.08 Y143.399 E1345.00787
G1 X53.771 Y143.025 E1345.02562
G1 X53.397 Y142.716 E1345.04337
G1 X52.955 Y142.481 E1345.06168
G1 X52.484 Y142.337 E1345.0797
G1 X52 Y142.29 E1345.09749
G1 X51.512 Y142.337 E1345.11543
G1 X51.041 Y142.48 E1345.13344
G1 X50.599 Y142.716 E1345.15177
G1 X50.225 Y143.025 E1345.16952
G1 X49.916 Y143.399 E1345.18727
G1 X49.68 Y143.841 E1345.2056
G1 X49.537 Y144.312 E1345.22361
G1 X49.49 Y144.8 E1345.24155
G1 X49.537 Y145.284 E1345.25934
G1 X49.681 Y145.755 E1345.27736
G1 X49.916 Y146.197 E1345.29567
G1 X50.225 Y146.571 E1345.31342
G1 X50.599 Y146.88 E1345.33117
G1 X51.041 Y147.116 E1345.3495
G1 X51.512 Y147.259 E1345.36751
G1 X52 Y147.306 E1345.38545
G0 F9000 X52 Y146.019
G1 F1800 X51.525 Y145.926 E1345.40315
G1 X51.136 Y145.66 E1345.4204
G1 X50.87 Y145.275 E1345.43752
G1 X50.777 Y144.8 E1345.45523
G1 X50.87 Y144.325 E1345.47293
G1 X51.136 Y143.936 E1345.49017
G1 X51.529 Y143.669 E1345.50756
G1 X52 Y143.576 E1345.52512
G1 X52.471 Y143.67 E1345.54269
G1 X52.861 Y143.931 E1345.55986
G1 X53.128 Y144.332 E1345.57749
G1 X53.199 Y144.582 E1345.587
G1 X53.2 Y145.014 E1345.6028
G1 X53.119 Y145.284 E1345.61312
G1 X52.861 Y145.664 E1345.62992
G1 X52.471 Y145.927 E1345.64713
G1 X52 Y146.019 E1345.66469
G1 F1500 E1343.66469
G0 F9000 X168 Y146.448
;TYPE:WALL-INNER
G1 F1500 E1345.66469
G1 F1850.5 X167.681 Y146.403 E1345.67615
G1 X167.332 Y146.314 E1345.68897
G1 F1867.9 X166.824 Y145.977 E1345.71046
G1 F1876.8 X166.482 Y145.469 E1345.73195
G1 F1850.5 X166.392 Y145.115 E1345.74495
G1 F1846.2 X166.348 Y144.8 E1345.7563
G1 F1850.5 X166.393 Y144.481 E1345.76776
G1 X166.482 Y144.132 E1345.78058
G1 F1867.9 X166.801 Y143.651 E1345.80093
G1 F1850.5 X167.084 Y143.441 E1345.81347
G1 F1841.9 X167.366 Y143.267 E1345.82532
G1 F1837.6 X167.68 Y143.193 E1345.83688
G1 F1841.9 X167.999 Y143.142 E1345.84843
G1 X168.314 Y143.192 E1345.85983
G1 X168.657 Y143.28 E1345.87249
G1 X168.912 Y143.44 E1345.88326
G1 F1846.2 X169.173 Y143.629 E1345.89475
G1 F1867.9 X169.513 Y144.122 E1345.91587
G1 F1876.8 X169.619 Y144.478 E1345.9289
G1 F1854.8 X169.636 Y144.8 E1345.94035
G1 F1859.2 X169.619 Y145.118 E1345.95163
G1 F1876.8 X169.526 Y145.429 E1345.96302
G1 F1859.2 X169.357 Y145.713 E1345.97472
G1 X169.167 Y145.968 E1345.98599
G1 X168.915 Y146.156 E1345.99713
G1 F1841.9 X168.654 Y146.317 E1346.00809
G1 X168.314 Y146.403 E1346.02063
G1 F1850.5 X168 Y146.448 E1346.03192
G0 F9000 X168 Y146.872
G1 F1850.5 X168.398 Y146.829 E1346.04617
G1 X168.789 Y146.715 E1346.06066
G1 X169.153 Y146.516 E1346.07542
G1 F1859.2 X169.465 Y146.265 E1346.08961
G1 X169.716 Y145.953 E1346.10379
G1 X169.915 Y145.59 E1346.11846
G1 F1876.8 X170.034 Y145.199 E1346.1328
G1 F1859.2 X170.069 Y144.8 E1346.14698
G1 F1854.8 X170.034 Y144.396 E1346.16138
G1 F1876.8 X169.915 Y144.006 E1346.17569
G1 F1854.8 X169.715 Y143.643 E1346.19041
G1 F1850.5 X169.465 Y143.331 E1346.20463
G1 X169.153 Y143.081 E1346.21886
G1 X168.789 Y142.881 E1346.23364
G1 X168.398 Y142.767 E1346.24814
G1 X168 Y142.723 E1346.26239
G1 X167.597 Y142.768 E1346.27682
G1 F1846.2 X167.207 Y142.881 E1346.2913
G1 F1850.5 X166.843 Y143.08 E1346.30607
G1 X166.531 Y143.331 E1346.32032
G1 X166.28 Y143.643 E1346.33457
G1 X166.081 Y144.007 E1346.34933
G1 X165.967 Y144.397 E1346.36379
G1 X165.924 Y144.8 E1346.37822
G1 F1846.2 X165.967 Y145.198 E1346.3925
G1 F1850.5 X166.081 Y145.589 E1346.40699
G1 X166.28 Y145.954 E1346.42178
G1 X166.531 Y146.265 E1346.43601
G1 X166.843 Y146.516 E1346.45026
G1 X167.207 Y146.715 E1346.46502
G1 X167.597 Y146.829 E1346.47948
G1 X168 Y146.872 E1346.49391
G0 F9000 X168 Y147.306
;TYPE:WALL-OUTER
G1 F1800 X168.484 Y147.259 E1346.5117
G1 X168.955 Y147.115 E1346.52972
G1 X169.397 Y146.88 E1346.54803
G1 X169.771 Y146.571 E1346.56578
G1 X170.08 Y146.196 E1346.58356
G1 X170.315 Y145.755 E1346.60184
G1 X170.459 Y145.284 E1346.61986
G1 X170.506 Y144.8 E1346.63765
G1 X170.459 Y144.312 E1346.65559
G1 X170.315 Y143.841 E1346.67361
G1 X170.08 Y143.399 E1346.69192
G1 X169.771 Y143.025 E1346.70967
G1 X169.397 Y142.716 E1346.72742
G1 X168.955 Y142.481 E1346.74573
G1 X168.484 Y142.337 E1346.76375
G1 X168 Y142.29 E1346.78154
G1 X167.512 Y142.337 E1346.79948
G1 X167.041 Y142.48 E1346.81749
G1 X166.599 Y142.716 E1346.83582
G1 X166.225 Y143.025 E1346.85357
G1 X165.916 Y143.399 E1346.87132
G1 X165.68 Y143.841 E1346.88965
G1 X165.537 Y144.312 E1346.90766
G1 X165.49 Y144.8 E1346.9256
G1 X165.537 Y145.284 E1346.94339
G1 X165.681 Y145.755 E1346.96141
G1 X165.916 Y146.197 E1346.97972
G1 X166.225 Y146.571 E1346.99747
G1 X166.599 Y146.88 E1347.01522
G1 X167.041 Y147.116 E1347.03355
G1 X167.512 Y147.259 E1347.05156
G1 X168 Y147.306 E1347.0695
G0 F9000 X168 Y146.019
G1 F1800 X167.525 Y145.926 E1347.08721
G1 X167.136 Y145.66 E1347.10445
G1 X166.87 Y145.275 E1347.12157
G1 X166.777 Y144.8 E1347.13928
G1 X166.87 Y144.325 E1347.15699
G1 X167.136 Y143.936 E1347.17423
G1 X167.529 Y143.669 E1347.19161
G1 X168 Y143.576 E1347.20917
G1 X168.471 Y143.67 E1347.22675
G1 X168.861 Y143.931 E1347.24392
G1 X169.128 Y144.332 E1347.26154
G1 X169.199 Y144.582 E1347.27105
G1 X169.2 Y145.014 E1347.28685
G1 X169.119 Y145.284 E1347.29717
G1 X168.861 Y145.664 E1347.31397
G1 X168.471 Y145.927 E1347.33118
G1 X168 Y146.019 E1347.34874
G1 F1500 E1345.34874
G0 F9000 X172.091 Y149.792
;TYPE:WALL-INNER
G1 F1500 E1347.34874
G1 F1763.9 X171.9 Y149.8 E1347.35588
G1 F1800 X48.1 Y149.8 E1351.88524
G1 F1867.9 X47.333 Y149.467 E1351.91472
G1 F1829.1 X47.008 Y148.891 E1351.93853
G1 X46.985 Y149.815 E1351.97181
G1 F1867.9 X48.1 Y149.8 E1352.01112
G0 F9000 X47.008 Y148.891
G1 F1763.9 X47 Y148.7 E1352.01826
G1 F1800 X47 Y71.3 E1354.85003
G1 F1867.9 X47.333 Y70.533 E1354.87951
G1 F1829.1 X47.909 Y70.208 E1354.90332
G1 X46.985 Y70.185 E1354.9366
G1 F1867.9 X47 Y71.3 E1354.97591
G0 F9000 X47.909 Y70.208
G1 F1763.9 X48.1 Y70.2 E1354.98305
G1 F1800 X171.9 Y70.2 E1359.51242
G1 F1500 E1357.51242
G0 F9000 X173 Y71.3
G1 F1500 E1359.51242
G1 F1800 X173 Y148.7 E1362.34418
G1 F1767.9 X172.992 Y148.891 E1362.3513
G0 F9000 X172.091 Y149.792
G1 F1824.9 X173.016 Y149.816 E1362.3847
G1 F1833.3 X172.992 Y148.891 E1362.41793
G1 X172.667 Y149.467 E1362.44169
G1 F1824.9 X172.091 Y149.792 E1362.46556
G1 F1500 E1360.46556
G0 F9000 X110 Y149.36
G1 F1500 E1362.46556
G1 F1800 X48.1 Y149.36 E1364.73024
G1 X47.633 Y149.167 E1364.74873
G1 X47.44 Y148.795 E1364.76406
G1 X47.44 Y71.3 E1367.5993
G1 X47.633 Y70.833 E1367.61779
G1 X48.005 Y70.64 E1367.63312
G1 X171.9 Y70.64 E1372.16597
G1 X172.367 Y70.833 E1372.18445
G1 X172.56 Y71.3 E1372.20294
G1 X172.56 Y148.797 E1375.03826
G1 X172.367 Y149.167 E1375.05352
G1 X171.995 Y149.36 E1375.06886
G1 X110 Y149.36 E1377.33702
G1 F1500 E1375.33702
G0 F9000 X110 Y148.035
G0 X165.598 Y75.398
G0 X166.015 Y75.055
G0 X171.247 Y71.953
G0 X173 Y71.3
G1 F1500 E1377.33702
G1 F1867.9 X173.016 Y70.184 E1377.37637
G1 X171.9 Y70.2 E1377.41571
G1 X172.667 Y70.533 E1377.44519
G1 X173 Y71.3 E1377.47467
G1 F1500 E1375.47467
G0 F9000 X110 Y150.24
G1 F1500 E1377.47467
G1 F1800 X173.44 Y150.24 E1379.7957
G1 X173.44 Y69.76 E1382.74015
G1 X46.561 Y69.761 E1387.38217
G1 X46.561 Y150.239 E1390.32655
G1 X110 Y150.24 E1392.64754
G0 F9000 X110 Y150.68
;TYPE:WALL-OUTER
G1 F1800 X173.88 Y150.68 E1394.98466
G1 X173.88 Y69.32 E1397.96131
G1 X46.121 Y69.321 E1402.63552
G1 X46.121 Y150.679 E1405.61209
G1 X110 Y150.68 E1407.94918
G1 F1500 E1405.94918
G0 F9000 X110 Y148.918
G1 F1500 E1407.94918
G1 F1800 X48.1 Y148.92 E1410.21386
G1 X47.944 Y148.856 E1410.22003
G1 X47.883 Y148.738 E1410.22489
G1 X47.88 Y71.3 E1413.05805
G1 X47.944 Y71.144 E1413.06422
G1 X48.062 Y71.083 E1413.06908
G1 X171.9 Y71.08 E1417.59983
G1 X172.056 Y71.144 E1417.606
G1 X172.12 Y71.3 E1417.61217
G1 X172.117 Y148.738 E1420.44533
G1 X172.056 Y148.856 E1420.45019
G1 X171.938 Y148.917 E1420.45505
G1 X110 Y148.918 E1422.72112
G1 F1500 E1420.72112
G0 F9000 X110 Y148.035
G0 X167.873 Y81.185
G0 X168 Y79.872
;TYPE:WALL-INNER
G1 F1500 E1422.72112
G1 F1850.5 X168.398 Y79.829 E1422.73537
G1 X168.789 Y79.715 E1422.74986
G1 X169.153 Y79.516 E1422.76463
G1 F1859.2 X169.465 Y79.265 E1422.77881
G1 X169.716 Y78.953 E1422.793
G1 X169.915 Y78.59 E1422.80766
G1 F1876.8 X170.034 Y78.199 E1422.822
G1 F1859.2 X170.069 Y77.8 E1422.83619
G1 F1854.8 X170.034 Y77.396 E1422.85059
G1 F1876.8 X169.915 Y77.006 E1422.86489
G1 F1854.8 X169.715 Y76.643 E1422.87961
G1 F1850.5 X169.465 Y76.331 E1422.89384
G1 X169.153 Y76.081 E1422.90807
G1 X168.789 Y75.881 E1422.92285
G1 X168.398 Y75.767 E1422.93734
G1 X168 Y75.723 E1422.95159
G1 X167.597 Y75.768 E1422.96602
G1 F1846.2 X167.207 Y75.881 E1422.98051
G1 F1850.5 X166.843 Y76.08 E1422.99527
G1 X166.531 Y76.331 E1423.00952
G1 X166.28 Y76.643 E1423.02377
G1 X166.081 Y77.007 E1423.03854
G1 X165.967 Y77.397 E1423.053
G1 X165.924 Y77.8 E1423.06742
G1 F1846.2 X165.967 Y78.198 E1423.0817
G1 F1850.5 X166.081 Y78.589 E1423.09619
G1 X166.28 Y78.954 E1423.11099
G1 X166.531 Y79.265 E1423.12521
G1 X166.843 Y79.516 E1423.13946
G1 X167.207 Y79.715 E1423.15423
G1 X167.597 Y79.829 E1423.16869
G1 X168 Y79.872 E1423.18311
G0 F9000 X168 Y79.448
G1 F1850.5 X167.681 Y79.403 E1423.19457
G1 X167.332 Y79.314 E1423.20739
G1 F1867.9 X166.824 Y78.977 E1423.22889
G1 F1876.8 X166.482 Y78.469 E1423.25037
G1 F1850.5 X166.392 Y78.115 E1423.26337
G1 F1846.2 X166.348 Y77.8 E1423.27472
G1 F1850.5 X166.393 Y77.481 E1423.28618
G1 X166.482 Y77.132 E1423.299
G1 F1867.9 X166.801 Y76.651 E1423.31935
G1 F1850.5 X167.084 Y76.441 E1423.33189
G1 F1841.9 X167.366 Y76.267 E1423.34374
G1 F1837.6 X167.68 Y76.193 E1423.3553
G1 F1850.5 X168 Y76.148 E1423.3668
G1 X168.314 Y76.192 E1423.37808
G1 F1841.9 X168.657 Y76.28 E1423.39075
G1 X168.912 Y76.44 E1423.40151
G1 F1846.2 X169.173 Y76.629 E1423.413
G1 F1867.9 X169.513 Y77.122 E1423.43412
G1 F1876.8 X169.619 Y77.478 E1423.44715
G1 F1854.8 X169.636 Y77.8 E1423.4586
G1 F1859.2 X169.619 Y78.118 E1423.46988
G1 F1876.8 X169.526 Y78.429 E1423.48127
G1 F1859.2 X169.357 Y78.713 E1423.49298
G1 X169.167 Y78.968 E1423.50424
G1 X168.915 Y79.156 E1423.51538
G1 F1841.9 X168.654 Y79.317 E1423.52634
G1 X168.314 Y79.403 E1423.53888
G1 F1850.5 X168 Y79.448 E1423.55017
G0 F9000 X168 Y79.019
;TYPE:WALL-OUTER
G1 F1800 X167.525 Y78.926 E1423.56788
G1 X167.136 Y78.66 E1423.58512
G1 X166.87 Y78.275 E1423.60224
G1 X166.777 Y77.8 E1423.61995
G1 X166.87 Y77.325 E1423.63766
G1 X167.136 Y76.936 E1423.6549
G1 X167.529 Y76.669 E1423.67228
G1 X168 Y76.576 E1423.68985
G1 X168.471 Y76.67 E1423.70742
G1 X168.861 Y76.931 E1423.72459
G1 X169.128 Y77.332 E1423.74221
G1 X169.199 Y77.582 E1423.75172
G1 X169.2 Y78.014 E1423.76753
G1 X169.119 Y78.284 E1423.77784
G1 X168.861 Y78.664 E1423.79464
G1 X168.471 Y78.927 E1423.81185
G1 X168 Y79.019 E1423.82941
G0 F9000 X168 Y80.306
G1 F1800 X168.484 Y80.259 E1423.8472
G1 X168.955 Y80.115 E1423.86522
G1 X169.397 Y79.88 E1423.88354
G1 X169.771 Y79.571 E1423.90129
G1 X170.08 Y79.196 E1423.91906
G1 X170.315 Y78.755 E1423.93735
G1 X170.459 Y78.284 E1423.95537
G1 X170.506 Y77.8 E1423.97316
G1 X170.459 Y77.312 E1423.99109
G1 X170.315 Y76.841 E1424.00911
G1 X170.08 Y76.399 E1424.02743
G1 X169.771 Y76.025 E1424.04518
G1 X169.397 Y75.716 E1424.06293
G1 X168.955 Y75.481 E1424.08124
G1 X168.484 Y75.337 E1424.09926
G1 X168 Y75.29 E1424.11705
G1 X167.512 Y75.337 E1424.13499
G1 X167.041 Y75.48 E1424.153
G1 X166.599 Y75.716 E1424.17133
G1 X166.225 Y76.025 E1424.18908
G1 X165.916 Y76.399 E1424.20683
G1 X165.68 Y76.841 E1424.22516
G1 X165.537 Y77.312 E1424.24317
G1 X165.49 Y77.8 E1424.2611
G1 X165.537 Y78.284 E1424.27889
G1 X165.681 Y78.755 E1424.29691
G1 X165.916 Y79.197 E1424.31523
G1 X166.225 Y79.571 E1424.33298
G1 X166.599 Y79.88 E1424.35073
G1 X167.041 Y80.116 E1424.36906
G1 X167.512 Y80.259 E1424.38707
G1 X168 Y80.306 E1424.405
G1 F1500 E1422.405
;MESH:NONMESH
G0 F300 Z4.84
G0 F9000 X52 Y79.448
;TIME_ELAPSED:6691.490863
;LAYER:24
;TYPE:WALL-INNER
;MESH:SmartKiln_Frente.stl
G1 F1500 E1424.405
G1 F1850.5 X51.681 Y79.403 E1424.41647
G1 X51.332 Y79.314 E1424.42929
G1 F1867.9 X50.824 Y78.977 E1424.45078
G1 F1876.8 X50.482 Y78.469 E1424.47227
G1 F1850.5 X50.392 Y78.115 E1424.48527
G1 F1846.2 X50.348 Y77.8 E1424.49661
G1 F1850.5 X50.393 Y77.481 E1424.50808
G1 X50.482 Y77.132 E1424.5209
G1 F1867.9 X50.801 Y76.651 E1424.54124
G1 F1850.5 X51.084 Y76.441 E1424.55379
G1 F1841.9 X51.366 Y76.267 E1424.56563
G1 F1837.6 X51.68 Y76.193 E1424.5772
G1 F1850.5 X52 Y76.148 E1424.5887
G1 X52.314 Y76.192 E1424.59998
G1 F1841.9 X52.657 Y76.28 E1424.61264
G1 X52.912 Y76.44 E1424.6234
G1 F1846.2 X53.173 Y76.629 E1424.6349
G1 F1867.9 X53.513 Y77.122 E1424.65601
G1 F1876.8 X53.619 Y77.478 E1424.66905
G1 F1854.8 X53.636 Y77.8 E1424.6805
G1 F1859.2 X53.619 Y78.118 E1424.69178
G1 F1876.8 X53.526 Y78.429 E1424.70317
G1 F1859.2 X53.357 Y78.713 E1424.71487
G1 X53.167 Y78.968 E1424.72614
G1 X52.915 Y79.156 E1424.73727
G1 F1841.9 X52.654 Y79.317 E1424.74824
G1 X52.314 Y79.403 E1424.76078
G1 F1850.5 X52 Y79.448 E1424.77207
G0 F9000 X52 Y79.872
G1 F1850.5 X52.398 Y79.829 E1424.78631
G1 X52.789 Y79.715 E1424.80081
G1 X53.153 Y79.516 E1424.81557
G1 F1859.2 X53.465 Y79.265 E1424.82975
G1 X53.716 Y78.953 E1424.84394
G1 X53.915 Y78.59 E1424.8586
G1 F1876.8 X54.034 Y78.199 E1424.87294
G1 F1859.2 X54.069 Y77.8 E1424.88713
G1 F1854.8 X54.034 Y77.396 E1424.90153
G1 F1876.8 X53.915 Y77.006 E1424.91584
G1 F1854.8 X53.715 Y76.643 E1424.93055
G1 F1850.5 X53.465 Y76.331 E1424.94478
G1 X53.153 Y76.081 E1424.95901
G1 X52.789 Y75.881 E1424.97379
G1 X52.398 Y75.767 E1424.98828
G1 X52 Y75.723 E1425.00253
G1 X51.597 Y75.768 E1425.01697
G1 F1846.2 X51.207 Y75.881 E1425.03145
G1 F1850.5 X50.843 Y76.08 E1425.04621
G1 X50.531 Y76.331 E1425.06046
G1 X50.28 Y76.643 E1425.07472
G1 X50.081 Y77.007 E1425.08948
G1 X49.967 Y77.397 E1425.10394
G1 X49.924 Y77.8 E1425.11836
G1 F1846.2 X49.967 Y78.198 E1425.13264
G1 F1850.5 X50.081 Y78.589 E1425.14714
G1 X50.28 Y78.954 E1425.16193
G1 X50.531 Y79.265 E1425.17615
G1 X50.843 Y79.516 E1425.19041
G1 X51.207 Y79.715 E1425.20517
G1 X51.597 Y79.829 E1425.21963
G1 X52 Y79.872 E1425.23405
G0 F9000 X52 Y80.306
;TYPE:WALL-OUTER
G1 F1800 X52.484 Y80.259 E1425.25184
G1 X52.955 Y80.115 E1425.26986
G1 X53.397 Y79.88 E1425.28818
G1 X53.771 Y79.571 E1425.30593
G1 X54.08 Y79.196 E1425.3237
G1 X54.315 Y78.755 E1425.34199
G1 X54.459 Y78.284 E1425.36001
G1 X54.506 Y77.8 E1425.3778
G1 X54.459 Y77.312 E1425.39573
G1 X54.315 Y76.841 E1425.41375
G1 X54.08 Y76.399 E1425.43207
G1 X53.771 Y76.025 E1425.44982
G1 X53.397 Y75.716 E1425.46757
G1 X52.955 Y75.481 E1425.48588
G1 X52.484 Y75.337 E1425.5039
G1 X52 Y75.29 E1425.52169
G1 X51.512 Y75.337 E1425.53963
G1 X51.041 Y75.48 E1425.55764
G1 X50.599 Y75.716 E1425.57597
G1 X50.225 Y76.025 E1425.59372
G1 X49.916 Y76.399 E1425.61147
G1 X49.68 Y76.841 E1425.6298
G1 X49.537 Y77.312 E1425.64781
G1 X49.49 Y77.8 E1425.66574
G1 X49.537 Y78.284 E1425.68354
G1 X49.681 Y78.755 E1425.70156
G1 X49.916 Y79.197 E1425.71987
G1 X50.225 Y79.571 E1425.73762
G1 X50.599 Y79.88 E1425.75537
G1 X51.041 Y80.116 E1425.7737
G1 X51.512 Y80.259 E1425.79171
G1 X52 Y80.306 E1425.80965
G0 F9000 X52 Y79.019
G1 F1800 X51.525 Y78.926 E1425.82735
G1 X51.136 Y78.66 E1425.8446
G1 X50.87 Y78.275 E1425.86172
G1 X50.777 Y77.8 E1425.87942
G1 X50.87 Y77.325 E1425.89713
G1 X51.136 Y76.936 E1425.91437
G1 X51.529 Y76.669 E1425.93176
G1 X52 Y76.576 E1425.94932
G1 X52.471 Y76.67 E1425.96689
G1 X52.861 Y76.931 E1425.98406
G1 X53.128 Y77.332 E1426.00169
G1 X53.199 Y77.582 E1426.0112
G1 X53.2 Y78.014 E1426.027
G1 X53.119 Y78.284 E1426.03731
G1 X52.861 Y78.664 E1426.05412
G1 X52.471 Y78.927 E1426.07133
G1 X52 Y79.019 E1426.08889
G1 F1500 E1424.08889
G0 F9000 X52 Y146.448
;TYPE:WALL-INNER
G1 F1500 E1426.08889
G1 F1850.5 X51.681 Y146.403 E1426.10035
G1 X51.332 Y146.314 E1426.11317
G1 F1867.9 X50.824 Y145.977 E1426.13466
G1 F1876.8 X50.482 Y145.469 E1426.15615
G1 F1850.5 X50.392 Y145.115 E1426.16915
G1 F1846.2 X50.348 Y144.8 E1426.1805
G1 F1850.5 X50.393 Y144.481 E1426.19196
G1 X50.482 Y144.132 E1426.20478
G1 F1867.9 X50.801 Y143.651 E1426.22513
G1 F1850.5 X51.084 Y143.441 E1426.23767
G1 F1841.9 X51.366 Y143.267 E1426.24952
G1 F1837.6 X51.68 Y143.193 E1426.26108
G1 F1850.5 X52 Y143.148 E1426.27258
G1 X52.314 Y143.192 E1426.28386
G1 F1841.9 X52.657 Y143.28 E1426.29652
G1 X52.912 Y143.44 E1426.30729
G1 F1846.2 X53.173 Y143.629 E1426.31878
G1 F1867.9 X53.513 Y144.122 E1426.33989
G1 F1876.8 X53.619 Y144.478 E1426.35293
G1 F1854.8 X53.636 Y144.8 E1426.36438
G1 F1859.2 X53.619 Y145.118 E1426.37566
G1 F1876.8 X53.526 Y145.429 E1426.38705
G1 F1859.2 X53.357 Y145.713 E1426.39875
G1 X53.167 Y145.968 E1426.41002
G1 X52.915 Y146.156 E1426.42115
G1 F1841.9 X52.654 Y146.317 E1426.43212
G1 X52.314 Y146.403 E1426.44466
G1 F1850.5 X52 Y146.448 E1426.45595
G0 F9000 X52 Y146.872
G1 F1850.5 X52.398 Y146.829 E1426.47019
G1 X52.789 Y146.715 E1426.48469
G1 X53.153 Y146.516 E1426.49945
G1 F1859.2 X53.465 Y146.265 E1426.51364
G1 X53.716 Y145.953 E1426.52782
G1 X53.915 Y145.59 E1426.54248
G1 F1876.8 X54.034 Y145.199 E1426.55683
G1 F1859.2 X54.069 Y144.8 E1426.57101
G1 F1854.8 X54.034 Y144.396 E1426.58541
G1 F1876.8 X53.915 Y144.006 E1426.59972
G1 F1854.8 X53.715 Y143.643 E1426.61443
G1 F1850.5 X53.465 Y143.331 E1426.62866
G1 X53.153 Y143.081 E1426.64289
G1 X52.789 Y142.881 E1426.65767
G1 X52.398 Y142.767 E1426.67217
G1 X52 Y142.723 E1426.68642
G1 X51.597 Y142.768 E1426.70085
G1 F1846.2 X51.207 Y142.881 E1426.71533
G1 F1850.5 X50.843 Y143.08 E1426.7301
G1 X50.531 Y143.331 E1426.74435
G1 X50.28 Y143.643 E1426.7586
G1 X50.081 Y144.007 E1426.77336
G1 X49.967 Y144.397 E1426.78782
G1 X49.924 Y144.8 E1426.80224
G1 F1846.2 X49.967 Y145.198 E1426.81652
G1 F1850.5 X50.081 Y145.589 E1426.83102
G1 X50.28 Y145.954 E1426.84581
G1 X50.531 Y146.265 E1426.86004
G1 X50.843 Y146.516 E1426.87429
G1 X51.207 Y146.715 E1426.88905
G1 X51.597 Y146.829 E1426.90351
G1 X52 Y146.872 E1426.91793
G0 F9000 X52 Y147.306
;TYPE:WALL-OUTER
G1 F1800 X52.484 Y147.259 E1426.93573
G1 X52.955 Y147.115 E1426.95375
G1 X53.397 Y146.88 E1426.97206
G1 X53.771 Y146.571 E1426.98981
G1 X54.08 Y146.196 E1427.00759
G1 X54.315 Y145.755 E1427.02587
G1 X54.459 Y145.284 E1427.04389
G1 X54.506 Y144.8 E1427.06168
G1 X54.459 Y144.312 E1427.07962
G1 X54.315 Y143.841 E1427.09764
G1 X54.08 Y143.399 E1427.11595
G1 X53.771 Y143.025 E1427.1337
G1 X53.397 Y142.716 E1427.15145
G1 X52.955 Y142.481 E1427.16976
G1 X52.484 Y142.337 E1427.18778
G1 X52 Y142.29 E1427.20557
G1 X51.512 Y142.337 E1427.22351
G1 X51.041 Y142.48 E1427.24152
G1 X50.599 Y142.716 E1427.25985
G1 X50.225 Y143.025 E1427.2776
G1 X49.916 Y143.399 E1427.29535
G1 X49.68 Y143.841 E1427.31368
G1 X49.537 Y144.312 E1427.33169
G1 X49.49 Y144.8 E1427.34963
G1 X49.537 Y145.284 E1427.36742
G1 X49.681 Y145.755 E1427.38544
G1 X49.916 Y146.197 E1427.40375
G1 X50.225 Y146.571 E1427.4215
G1 X50.599 Y146.88 E1427.43925
G1 X51.041 Y147.116 E1427.45758
G1 X51.512 Y147.259 E1427.47559
G1 X52 Y147.306 E1427.49353
G0 F9000 X52 Y146.019
G1 F1800 X51.525 Y145.926 E1427.51124
G1 X51.136 Y145.66 E1427.52848
G1 X50.87 Y145.275 E1427.5456
G1 X50.777 Y144.8 E1427.56331
G1 X50.87 Y144.325 E1427.58101
G1 X51.136 Y143.936 E1427.59826
G1 X51.529 Y143.669 E1427.61564
G1 X52 Y143.576 E1427.6332
G1 X52.471 Y143.67 E1427.65077
G1 X52.861 Y143.931 E1427.66794
G1 X53.128 Y144.332 E1427.68557
G1 X53.199 Y144.582 E1427.69508
G1 X53.2 Y145.014 E1427.71088
G1 X53.119 Y145.284 E1427.7212
G1 X52.861 Y145.664 E1427.738
G1 X52.471 Y145.927 E1427.75521
G1 X52 Y146.019 E1427.77277
G1 F1500 E1425.77277
G0 F9000 X168 Y146.448
;TYPE:WALL-INNER
G1 F1500 E1427.77277
G1 F1850.5 X167.681 Y146.403 E1427.78423
G1 X167.332 Y146.314 E1427.79705
G1 F1867.9 X166.824 Y145.977 E1427.81854
G1 F1876.8 X166.482 Y145.469 E1427.84003
G1 F1850.5 X166.392 Y145.115 E1427.85303
G1 F1846.2 X166.348 Y144.8 E1427.86438
G1 F1850.5 X166.393 Y144.481 E1427.87584
G1 X166.482 Y144.132 E1427.88866
G1 F1867.9 X166.801 Y143.651 E1427.90901
G1 F1850.5 X167.084 Y143.441 E1427.92155
G1 F1841.9 X167.366 Y143.267 E1427.9334
G1 F1837.6 X167.68 Y143.193 E1427.94496
G1 F1850.5 X168 Y143.148 E1427.95646
G1 X168.314 Y143.192 E1427.96774
G1 F1841.9 X168.657 Y143.28 E1427.9804
G1 X168.912 Y143.44 E1427.99117
G1 F1846.2 X169.173 Y143.629 E1428.00266
G1 F1867.9 X169.513 Y144.122 E1428.02378
G1 F1876.8 X169.619 Y144.478 E1428.03681
G1 F1854.8 X169.636 Y144.8 E1428.04826
G1 F1859.2 X169.619 Y145.118 E1428.05954
G1 F1876.8 X169.526 Y145.429 E1428.07093
G1 F1859.2 X169.357 Y145.713 E1428.08264
G1 X169.167 Y145.968 E1428.0939
G1 X168.915 Y146.156 E1428.10504
G1 F1841.9 X168.654 Y146.317 E1428.116
G1 X168.314 Y146.403 E1428.12854
G1 F1850.5 X168 Y146.448 E1428.13983
G0 F9000 X168 Y146.872
G1 F1850.5 X168.398 Y146.829 E1428.15408
G1 X168.789 Y146.715 E1428.16857
G1 X169.153 Y146.516 E1428.18333
G1 F1859.2 X169.465 Y146.265 E1428.19752
G1 X169.716 Y145.953 E1428.2117
G1 X169.915 Y145.59 E1428.22637
G1 F1876.8 X170.034 Y145.199 E1428.24071
G1 F1859.2 X170.069 Y144.8 E1428.2549
G1 F1854.8 X170.034 Y144.396 E1428.26929
G1 F1876.8 X169.915 Y144.006 E1428.2836
G1 F1854.8 X169.715 Y143.643 E1428.29832
G1 F1850.5 X169.465 Y143.331 E1428.31254
G1 X169.153 Y143.081 E1428.32677
G1 X168.789 Y142.881 E1428.34155
G1 X168.398 Y142.767 E1428.35605
G1 X168 Y142.723 E1428.3703
G1 X167.597 Y142.768 E1428.38473
G1 F1846.2 X167.207 Y142.881 E1428.39921
G1 F1850.5 X166.843 Y143.08 E1428.41398
G1 X166.531 Y143.331 E1428.42823
G1 X166.28 Y143.643 E1428.44248
G1 X166.081 Y144.007 E1428.45724
G1 X165.967 Y144.397 E1428.4717
G1 X165.924 Y144.8 E1428.48613
G1 F1846.2 X165.967 Y145.198 E1428.50041
G1 F1850.5 X166.081 Y145.589 E1428.5149
G1 X166.28 Y145.954 E1428.5297
G1 X166.531 Y146.265 E1428.54392
G1 X166.843 Y146.516 E1428.55817
G1 X167.207 Y146.715 E1428.57293
G1 X167.597 Y146.829 E1428.58739
G1 X168 Y146.872 E1428.60182
G0 F9000 X168 Y147.306
;TYPE:WALL-OUTER
G1 F1800 X168.484 Y147.259 E1428.61961
G1 X168.955 Y147.115 E1428.63763
G1 X169.397 Y146.88 E1428.65594
G1 X169.771 Y146.571 E1428.67369
G1 X170.08 Y146.196 E1428.69147
G1 X170.315 Y145.755 E1428.70975
G1 X170.459 Y145.284 E1428.72777
G1 X170.506 Y144.8 E1428.74556
G1 X170.459 Y144.312 E1428.7635
G1 X170.315 Y143.841 E1428.78152
G1 X170.08 Y143.399 E1428.79983
G1 X169.771 Y143.025 E1428.81758
G1 X169.397 Y142.716 E1428.83533
G1 X168.955 Y142.481 E1428.85364
G1 X168.484 Y142.337 E1428.87166
G1 X168 Y142.29 E1428.88946
G1 X167.512 Y142.337 E1428.90739
G1 X167.041 Y142.48 E1428.9254
G1 X166.599 Y142.716 E1428.94373
G1 X166.225 Y143.025 E1428.96148
G1 X165.916 Y143.399 E1428.97923
G1 X165.68 Y143.841 E1428.99756
G1 X165.537 Y144.312 E1429.01557
G1 X165.49 Y144.8 E1429.03351
G1 X165.537 Y145.284 E1429.0513
G1 X165.681 Y145.755 E1429.06932
G1 X165.916 Y146.197 E1429.08763
G1 X166.225 Y146.571 E1429.10538
G1 X166.599 Y146.88 E1429.12313
G1 X167.041 Y147.116 E1429.14146
G1 X167.512 Y147.259 E1429.15947
G1 X168 Y147.306 E1429.17741
G0 F9000 X168 Y146.019
G1 F1800 X167.525 Y145.926 E1429.19512
G1 X167.136 Y145.66 E1429.21236
G1 X166.87 Y145.275 E1429.22948
G1 X166.777 Y144.8 E1429.24719
G1 X166.87 Y144.325 E1429.2649
G1 X167.136 Y143.936 E1429.28214
G1 X167.529 Y143.669 E1429.29952
G1 X168 Y143.576 E1429.31708
G1 X168.471 Y143.67 E1429.33466
G1 X168.861 Y143.931 E1429.35183
G1 X169.128 Y144.332 E1429.36945
G1 X169.199 Y144.582 E1429.37896
G1 X169.2 Y145.014 E1429.39476
G1 X169.119 Y145.284 E1429.40508
G1 X168.861 Y145.664 E1429.42188
G1 X168.471 Y145.927 E1429.43909
G1 X168 Y146.019 E1429.45665
G1 F1500 E1427.45665
G0 F9000 X172.091 Y149.792
;TYPE:WALL-INNER
G1 F1500 E1429.45665
G1 F1763.9 X171.9 Y149.8 E1429.46379
G1 F1800 X48.1 Y149.8 E1433.99315
G1 F1867.9 X47.333 Y149.467 E1434.02263
G1 F1829.1 X47.008 Y148.891 E1434.04644
G1 X46.985 Y149.815 E1434.07972
G1 F1867.9 X48.1 Y149.8 E1434.11904
G0 F9000 X47.008 Y148.891
G1 F1763.9 X47 Y148.7 E1434.12617
G1 F1800 X47 Y71.3 E1436.95794
G1 F1867.9 X47.333 Y70.533 E1436.98742
G1 F1829.1 X47.909 Y70.208 E1437.01123
G1 X46.985 Y70.185 E1437.04451
G1 F1867.9 X47 Y71.3 E1437.08382
G0 F9000 X47.909 Y70.208
G1 F1763.9 X48.1 Y70.2 E1437.09096
G1 F1800 X171.9 Y70.2 E1441.62033
G1 F1500 E1439.62033
G0 F9000 X173 Y71.3
G1 F1500 E1441.62033
G1 F1800 X173 Y148.7 E1444.45209
G1 F1767.9 X172.992 Y148.891 E1444.45922
G0 F9000 X172.091 Y149.792
G1 F1824.9 X173.016 Y149.816 E1444.49261
G1 F1833.3 X172.992 Y148.891 E1444.52585
G1 X172.667 Y149.467 E1444.5496
G1 F1824.9 X172.091 Y149.792 E1444.57347
G1 F1500 E1442.57347
G0 F9000 X110 Y149.36
G1 F1500 E1444.57347
G1 F1800 X48.1 Y149.36 E1446.83815
G1 X47.633 Y149.167 E1446.85664
G1 X47.44 Y148.795 E1446.87197
G1 X47.44 Y71.3 E1449.70722
G1 X47.633 Y70.833 E1449.7257
G1 X48.005 Y70.64 E1449.74104
G1 X171.9 Y70.64 E1454.27388
G1 X172.367 Y70.833 E1454.29236
G1 X172.56 Y71.3 E1454.31085
G1 X172.56 Y148.797 E1457.14617
G1 X172.367 Y149.167 E1457.16144
G1 X171.995 Y149.36 E1457.17677
G1 X110 Y149.36 E1459.44493
G1 F1500 E1457.44493
G0 F9000 X110 Y148.035
G0 X165.598 Y75.398
G0 X166.015 Y75.055
G0 X171.247 Y71.953
G0 X173 Y71.3
G1 F1500 E1459.44493
G1 F1867.9 X173.016 Y70.184 E1459.48428
G1 X171.9 Y70.2 E1459.52363
G1 X172.667 Y70.533 E1459.55311
G1 X173 Y71.3 E1459.58258
G1 F1500 E1457.58258
G0 F9000 X110 Y150.24
G1 F1500 E1459.58258
G1 F1800 X173.44 Y150.24 E1461.90361
G1 X173.44 Y69.76 E1464.84806
G1 X46.561 Y69.761 E1469.49008
G1 X46.561 Y150.239 E1472.43446
G1 X110 Y150.24 E1474.75545
G0 F9000 X110 Y150.68
;TYPE:WALL-OUTER
G1 F1800 X173.88 Y150.68 E1477.09257
G1 X173.88 Y69.32 E1480.06922
G1 X46.121 Y69.321 E1484.74343
G1 X46.121 Y150.679 E1487.72
G1 X110 Y150.68 E1490.05709
G1 F1500 E1488.05709
G0 F9000 X110 Y148.918
G1 F1500 E1490.05709
G1 F1800 X48.1 Y148.92 E1492.32177
G1 X47.944 Y148.856 E1492.32794
G1 X47.883 Y148.738 E1492.3328
G1 X47.88 Y71.3 E1495.16596
G1 X47.944 Y71.144 E1495.17213
G1 X48.062 Y71.083 E1495.17699
G1 X171.9 Y71.08 E1499.70774
G1 X172.056 Y71.144 E1499.71391
G1 X172.12 Y71.3 E1499.72008
G1 X172.117 Y148.738 E1502.55324
G1 X172.056 Y148.856 E1502.5581
G1 X171.938 Y148.917 E1502.56296
G1 X110 Y148.918 E1504.82903
G1 F1500 E1502.82903
G0 F9000 X110 Y148.035
G0 X167.873 Y81.185
G0 X168 Y79.872
;TYPE:WALL-INNER
G1 F1500 E1504.82903
G1 F1850.5 X168.398 Y79.829 E1504.84328
G1 X168.789 Y79.715 E1504.85777
G1 X169.153 Y79.516 E1504.87254
G1 F1859.2 X169.465 Y79.265 E1504.88672
G1 X169.716 Y78.953 E1504.90091
G1 X169.915 Y78.59 E1504.91557
G1 F1876.8 X170.034 Y78.199 E1504.92991
G1 F1859.2 X170.069 Y77.8 E1504.9441
G1 F1854.8 X170.034 Y77.396 E1504.9585
G1 F1876.8 X169.915 Y77.006 E1504.9728
G1 F1854.8 X169.715 Y76.643 E1504.98752
G1 F1850.5 X169.465 Y76.331 E1505.00175
G1 X169.153 Y76.081 E1505.01598
G1 X168.789 Y75.881 E1505.03076
G1 X168.398 Y75.767 E1505.04525
G1 X168 Y75.723 E1505.0595
G1 X167.597 Y75.768 E1505.07393
G1 F1846.2 X167.207 Y75.881 E1505.08842
G1 F1850.5 X166.843 Y76.08 E1505.10318
G1 X166.531 Y76.331 E1505.11743
G1 X166.28 Y76.643 E1505.13168
G1 X166.081 Y77.007 E1505.14645
G1 X165.967 Y77.397 E1505.16091
G1 X165.924 Y77.8 E1505.17533
G1 F1846.2 X165.967 Y78.198 E1505.18961
G1 F1850.5 X166.081 Y78.589 E1505.2041
G1 X166.28 Y78.954 E1505.2189
G1 X166.531 Y79.265 E1505.23312
G1 X166.843 Y79.516 E1505.24737
G1 X167.207 Y79.715 E1505.26214
G1 X167.597 Y79.829 E1505.2766
G1 X168 Y79.872 E1505.29102
G0 F9000 X168 Y79.448
G1 F1850.5 X167.681 Y79.403 E1505.30249
G1 X167.332 Y79.314 E1505.3153
G1 F1867.9 X166.824 Y78.977 E1505.3368
G1 F1876.8 X166.482 Y78.469 E1505.35828
G1 F1850.5 X166.392 Y78.115 E1505.37128
G1 F1846.2 X166.348 Y77.8 E1505.38263
G1 F1850.5 X166.393 Y77.481 E1505.39409
G1 X166.482 Y77.132 E1505.40691
G1 F1867.9 X166.801 Y76.651 E1505.42726
G1 F1850.5 X167.084 Y76.441 E1505.4398
G1 F1841.9 X167.366 Y76.267 E1505.45165
G1 F1837.6 X167.68 Y76.193 E1505.46321
G1 F1850.5 X168 Y76.148 E1505.47471
G1 X168.314 Y76.192 E1505.486
G1 F1841.9 X168.657 Y76.28 E1505.49866
G1 X168.912 Y76.44 E1505.50942
G1 F1846.2 X169.173 Y76.629 E1505.52091
G1 F1867.9 X169.513 Y77.122 E1505.54203
G1 F1876.8 X169.619 Y77.478 E1505.55506
G1 F1854.8 X169.636 Y77.8 E1505.56651
G1 F1859.2 X169.619 Y78.118 E1505.57779
G1 F1876.8 X169.526 Y78.429 E1505.58918
G1 F1859.2 X169.357 Y78.713 E1505.60089
G1 X169.167 Y78.968 E1505.61215
G1 X168.915 Y79.156 E1505.62329
G1 F1841.9 X168.654 Y79.317 E1505.63425
G1 X168.314 Y79.403 E1505.64679
G1 F1850.5 X168 Y79.448 E1505.65808
G0 F9000 X168 Y79.019
;TYPE:WALL-OUTER
G1 F1800 X167.525 Y78.926 E1505.67579
G1 X167.136 Y78.66 E1505.69303
G1 X166.87 Y78.275 E1505.71015
G1 X166.777 Y77.8 E1505.72786
G1 X166.87 Y77.325 E1505.74557
G1 X167.136 Y76.936 E1505.76281
G1 X167.529 Y76.669 E1505.78019
G1 X168 Y76.576 E1505.79776
G1 X168.471 Y76.67 E1505.81533
G1 X168.861 Y76.931 E1505.8325
G1 X169.128 Y77.332 E1505.85012
G1 X169.199 Y77.582 E1505.85963
G1 X169.2 Y78.014 E1505.87544
G1 X169.119 Y78.284 E1505.88575
G1 X168.861 Y78.664 E1505.90256
G1 X168.47 Y78.927 E1505.9198
G1 X168 Y79.019 E1505.93732
G0 F9000 X168 Y80.306
G1 F1800 X168.484 Y80.259 E1505.95511
G1 X168.955 Y80.115 E1505.97313
G1 X169.397 Y79.88 E1505.99144
G1 X169.771 Y79.571 E1506.00919
G1 X170.08 Y79.196 E1506.02697
G1 X170.315 Y78.755 E1506.04525
G1 X170.459 Y78.284 E1506.06327
G1 X170.506 Y77.8 E1506.08106
G1 X170.459 Y77.312 E1506.099
G1 X170.315 Y76.841 E1506.11702
G1 X170.08 Y76.399 E1506.13533
G1 X169.771 Y76.025 E1506.15308
G1 X169.397 Y75.716 E1506.17083
G1 X168.955 Y75.481 E1506.18915
G1 X168.484 Y75.337 E1506.20717
G1 X168 Y75.29 E1506.22496
G1 X167.512 Y75.337 E1506.24289
G1 X167.041 Y75.48 E1506.2609
G1 X166.599 Y75.716 E1506.27923
G1 X166.225 Y76.025 E1506.29698
G1 X165.916 Y76.399 E1506.31473
G1 X165.68 Y76.841 E1506.33306
G1 X165.537 Y77.312 E1506.35107
G1 X165.49 Y77.8 E1506.36901
G1 X165.537 Y78.284 E1506.3868
G1 X165.681 Y78.755 E1506.40482
G1 X165.916 Y79.197 E1506.42313
G1 X166.225 Y79.571 E1506.44088
G1 X166.599 Y79.88 E1506.45863
G1 X167.041 Y80.116 E1506.47696
G1 X167.512 Y80.259 E1506.49497
G1 X168 Y80.306 E1506.51291
G1 F1500 E1504.51291
;MESH:NONMESH
G0 F300 Z5.04
G0 F9000 X52 Y79.448
;TIME_ELAPSED:6778.279600
;LAYER:25
;TYPE:WALL-INNER
;MESH:SmartKiln_Frente.stl
G1 F1500 E1506.51291
G1 F1850.5 X51.681 Y79.403 E1506.52438
G1 X51.332 Y79.314 E1506.53719
G1 F1867.9 X50.824 Y78.977 E1506.55869
G1 F1876.8 X50.482 Y78.469 E1506.58017
G1 F1850.5 X50.392 Y78.115 E1506.59317
G1 F1846.2 X50.343 Y77.761 E1506.60592
G1 F1867.9 X50.46 Y77.166 E1506.6273
G1 X50.801 Y76.652 E1506.64905
G1 F1850.5 X51.084 Y76.441 E1506.66161
G1 F1841.9 X51.366 Y76.267 E1506.67346
G1 F1837.6 X51.68 Y76.193 E1506.68502
G1 F1850.5 X52 Y76.148 E1506.69652
G1 X52.314 Y76.192 E1506.7078
G1 F1841.9 X52.657 Y76.28 E1506.72046
G1 X52.912 Y76.44 E1506.73123
G1 F1846.2 X53.173 Y76.629 E1506.74272
G1 F1867.9 X53.513 Y77.122 E1506.76384
G1 F1876.8 X53.619 Y77.478 E1506.77687
G1 F1854.8 X53.636 Y77.8 E1506.78832
G1 F1859.2 X53.619 Y78.118 E1506.7996
G1 F1876.8 X53.526 Y78.429 E1506.81099
G1 F1859.2 X53.357 Y78.713 E1506.8227
G1 X53.167 Y78.968 E1506.83396
G1 X52.915 Y79.156 E1506.8451
G1 F1841.9 X52.654 Y79.317 E1506.85606
G1 X52.314 Y79.403 E1506.8686
G1 F1850.5 X52 Y79.448 E1506.87989
G0 F9000 X52 Y79.872
G1 F1850.5 X52.398 Y79.829 E1506.89414
G1 X52.789 Y79.715 E1506.90863
G1 X53.153 Y79.516 E1506.92339
G1 F1859.2 X53.465 Y79.265 E1506.93758
G1 X53.716 Y78.953 E1506.95176
G1 X53.915 Y78.59 E1506.96643
G1 F1876.8 X54.034 Y78.199 E1506.98077
G1 F1859.2 X54.069 Y77.8 E1506.99495
G1 F1854.8 X54.034 Y77.396 E1507.00935
G1 F1876.8 X53.915 Y77.006 E1507.02366
G1 F1854.8 X53.715 Y76.643 E1507.03838
G1 F1850.5 X53.465 Y76.331 E1507.0526
G1 X53.153 Y76.081 E1507.06683
G1 X52.789 Y75.881 E1507.08161
G1 X52.398 Y75.767 E1507.09611
G1 X52 Y75.723 E1507.11036
G1 X51.597 Y75.768 E1507.12479
G1 F1846.2 X51.207 Y75.881 E1507.13927
G1 F1850.5 X50.843 Y76.08 E1507.15404
G1 X50.531 Y76.331 E1507.16829
G1 X50.28 Y76.643 E1507.18254
G1 X50.081 Y77.007 E1507.1973
G1 X49.967 Y77.397 E1507.21176
G1 X49.924 Y77.8 E1507.22619
G1 F1846.2 X49.967 Y78.198 E1507.24047
G1 F1850.5 X50.081 Y78.589 E1507.25496
G1 X50.28 Y78.954 E1507.26975
G1 X50.531 Y79.265 E1507.28398
G1 X50.843 Y79.516 E1507.29823
G1 X51.207 Y79.715 E1507.31299
G1 X51.597 Y79.829 E1507.32745
G1 X52 Y79.872 E1507.34188
G0 F9000 X52 Y80.306
;TYPE:WALL-OUTER
G1 F1800 X52.484 Y80.259 E1507.35967
G1 X52.955 Y80.115 E1507.37769
G1 X53.397 Y79.88 E1507.396
G1 X53.771 Y79.571 E1507.41375
G1 X54.08 Y79.196 E1507.43153
G1 X54.315 Y78.755 E1507.44981
G1 X54.459 Y78.284 E1507.46783
G1 X54.506 Y77.8 E1507.48562
G1 X54.459 Y77.312 E1507.50356
G1 X54.315 Y76.841 E1507.52158
G1 X54.08 Y76.399 E1507.53989
G1 X53.771 Y76.025 E1507.55764
G1 X53.397 Y75.716 E1507.57539
G1 X52.955 Y75.481 E1507.5937
G1 X52.484 Y75.337 E1507.61172
G1 X52 Y75.29 E1507.62951
G1 X51.512 Y75.337 E1507.64745
G1 X51.041 Y75.48 E1507.66546
G1 X50.599 Y75.716 E1507.68379
G1 X50.225 Y76.025 E1507.70154
G1 X49.916 Y76.399 E1507.71929
G1 X49.68 Y76.841 E1507.73762
G1 X49.537 Y77.312 E1507.75563
G1 X49.49 Y77.8 E1507.77357
G1 X49.537 Y78.284 E1507.79136
G1 X49.681 Y78.755 E1507.80938
G1 X49.916 Y79.197 E1507.82769
G1 X50.225 Y79.571 E1507.84544
G1 X50.599 Y79.88 E1507.86319
G1 X51.041 Y80.116 E1507.88152
G1 X51.512 Y80.259 E1507.89953
G1 X52 Y80.306 E1507.91747
G0 F9000 X52 Y79.019
G1 F1800 X51.525 Y78.926 E1507.93518
G1 X51.136 Y78.66 E1507.95242
G1 X50.87 Y78.275 E1507.96954
G1 X50.777 Y77.8 E1507.98725
G1 X50.87 Y77.325 E1508.00496
G1 X51.136 Y76.936 E1508.0222
G1 X51.529 Y76.669 E1508.03958
G1 X52 Y76.576 E1508.05714
G1 X52.471 Y76.67 E1508.07472
G1 X52.861 Y76.931 E1508.09189
G1 X53.128 Y77.332 E1508.10951
G1 X53.199 Y77.582 E1508.11902
G1 X53.2 Y78.014 E1508.13482
G1 X53.119 Y78.284 E1508.14514
G1 X52.861 Y78.664 E1508.16194
G1 X52.471 Y78.927 E1508.17915
G1 X52 Y79.019 E1508.19671
G1 F1500 E1506.19671
G0 F9000 X52 Y146.448
;TYPE:WALL-INNER
G1 F1500 E1508.19671
G1 F1850.5 X51.681 Y146.403 E1508.20817
G1 X51.332 Y146.314 E1508.22099
G1 F1867.9 X50.824 Y145.977 E1508.24249
G1 F1876.8 X50.482 Y145.469 E1508.26397
G1 F1850.5 X50.392 Y145.115 E1508.27697
G1 F1846.2 X50.343 Y144.761 E1508.28972
G1 F1867.9 X50.46 Y144.166 E1508.3111
G1 X50.801 Y143.652 E1508.33285
G1 F1850.5 X51.084 Y143.441 E1508.34541
G1 F1841.9 X51.366 Y143.267 E1508.35726
G1 F1837.6 X51.68 Y143.193 E1508.36882
G1 F1850.5 X52 Y143.148 E1508.38032
G1 X52.314 Y143.192 E1508.3916
G1 F1841.9 X52.657 Y143.28 E1508.40426
G1 X52.912 Y143.44 E1508.41503
G1 F1846.2 X53.173 Y143.629 E1508.42652
G1 F1867.9 X53.513 Y144.122 E1508.44764
G1 F1876.8 X53.619 Y144.478 E1508.46067
G1 F1854.8 X53.636 Y144.8 E1508.47212
G1 F1859.2 X53.619 Y145.118 E1508.4834
G1 F1876.8 X53.526 Y145.429 E1508.49479
G1 F1859.2 X53.357 Y145.713 E1508.5065
G1 X53.167 Y145.968 E1508.51776
G1 X52.915 Y146.156 E1508.5289
G1 F1841.9 X52.654 Y146.317 E1508.53986
G1 X52.314 Y146.403 E1508.5524
G1 F1850.5 X52 Y146.448 E1508.56369
G0 F9000 X52 Y146.872
G1 F1850.5 X52.398 Y146.829 E1508.57794
G1 X52.789 Y146.715 E1508.59243
G1 X53.153 Y146.516 E1508.60719
G1 F1859.2 X53.465 Y146.265 E1508.62138
G1 X53.716 Y145.953 E1508.63556
G1 X53.915 Y145.59 E1508.65023
G1 F1876.8 X54.034 Y145.199 E1508.66457
G1 F1859.2 X54.069 Y144.8 E1508.67875
G1 F1854.8 X54.034 Y144.396 E1508.69315
G1 F1876.8 X53.915 Y144.006 E1508.70746
G1 F1854.8 X53.715 Y143.643 E1508.72218
G1 F1850.5 X53.465 Y143.331 E1508.7364
G1 X53.153 Y143.081 E1508.75063
G1 X52.789 Y142.881 E1508.76541
G1 X52.398 Y142.767 E1508.77991
G1 X52 Y142.723 E1508.79416
G1 X51.597 Y142.768 E1508.80859
G1 F1846.2 X51.207 Y142.881 E1508.82307
G1 F1850.5 X50.843 Y143.08 E1508.83784
G1 X50.531 Y143.331 E1508.85209
G1 X50.28 Y143.643 E1508.86634
G1 X50.081 Y144.007 E1508.8811
G1 X49.967 Y144.397 E1508.89556
G1 X49.924 Y144.8 E1508.90999
G1 F1846.2 X49.967 Y145.198 E1508.92427
G1 F1850.5 X50.081 Y145.589 E1508.93876
G1 X50.28 Y145.954 E1508.95355
G1 X50.531 Y146.265 E1508.96778
G1 X50.843 Y146.516 E1508.98203
G1 X51.207 Y146.715 E1508.99679
G1 X51.597 Y146.829 E1509.01125
G1 X52 Y146.872 E1509.02568
G0 F9000 X52 Y147.306
;TYPE:WALL-OUTER
G1 F1800 X52.484 Y147.259 E1509.04347
G1 X52.955 Y147.115 E1509.06149
G1 X53.397 Y146.88 E1509.0798
G1 X53.771 Y146.571 E1509.09755
G1 X54.08 Y146.196 E1509.11533
G1 X54.315 Y145.755 E1509.13361
G1 X54.459 Y145.284 E1509.15163
G1 X54.506 Y144.8 E1509.16942
G1 X54.459 Y144.312 E1509.18736
G1 X54.315 Y143.841 E1509.20538
G1 X54.08 Y143.399 E1509.22369
G1 X53.771 Y143.025 E1509.24144
G1 X53.397 Y142.716 E1509.25919
G1 X52.955 Y142.481 E1509.2775
G1 X52.484 Y142.337 E1509.29552
G1 X52 Y142.29 E1509.31331
G1 X51.512 Y142.337 E1509.33125
G1 X51.041 Y142.48 E1509.34926
G1 X50.599 Y142.716 E1509.36759
G1 X50.225 Y143.025 E1509.38534
G1 X49.916 Y143.399 E1509.40309
G1 X49.68 Y143.841 E1509.42142
G1 X49.537 Y144.312 E1509.43943
G1 X49.49 Y144.8 E1509.45737
G1 X49.537 Y145.284 E1509.47516
G1 X49.681 Y145.755 E1509.49318
G1 X49.916 Y146.197 E1509.51149
G1 X50.225 Y146.571 E1509.52924
G1 X50.599 Y146.88 E1509.54699
G1 X51.041 Y147.116 E1509.56532
G1 X51.512 Y147.259 E1509.58333
G1 X52 Y147.306 E1509.60127
G0 F9000 X52 Y146.019
G1 F1800 X51.525 Y145.926 E1509.61898
G1 X51.136 Y145.66 E1509.63622
G1 X50.87 Y145.275 E1509.65334
G1 X50.777 Y144.8 E1509.67105
G1 X50.87 Y144.325 E1509.68876
G1 X51.136 Y143.936 E1509.706
G1 X51.529 Y143.669 E1509.72338
G1 X52 Y143.576 E1509.74094
G1 X52.471 Y143.67 E1509.75852
G1 X52.861 Y143.931 E1509.77569
G1 X53.128 Y144.332 E1509.79331
G1 X53.199 Y144.582 E1509.80282
G1 X53.2 Y145.014 E1509.81862
G1 X53.119 Y145.284 E1509.82894
G1 X52.861 Y145.664 E1509.84574
G1 X52.471 Y145.927 E1509.86295
G1 X52 Y146.019 E1509.88051
G1 F1500 E1507.88051
G0 F9000 X168 Y146.448
;TYPE:WALL-INNER
G1 F1500 E1509.88051
G1 F1850.5 X167.681 Y146.403 E1509.89197
G1 X167.332 Y146.314 E1509.90479
G1 F1867.9 X166.824 Y145.977 E1509.92628
G1 F1876.8 X166.482 Y145.469 E1509.94777
G1 F1850.5 X166.392 Y145.115 E1509.96077
G1 F1846.2 X166.348 Y144.8 E1509.97212
G1 F1850.5 X166.393 Y144.481 E1509.98358
G1 X166.482 Y144.132 E1509.9964
G1 F1867.9 X166.801 Y143.651 E1510.01675
G1 F1850.5 X167.084 Y143.441 E1510.02929
G1 F1841.9 X167.366 Y143.267 E1510.04114
G1 F1837.6 X167.68 Y143.193 E1510.0527
G1 F1850.5 X168 Y143.148 E1510.0642
G1 X168.314 Y143.192 E1510.07548
G1 F1841.9 X168.657 Y143.28 E1510.08815
G1 X168.912 Y143.44 E1510.09891
G1 F1846.2 X169.173 Y143.629 E1510.1104
G1 F1867.9 X169.513 Y144.122 E1510.13152
G1 F1876.8 X169.619 Y144.478 E1510.14455
G1 F1854.8 X169.636 Y144.8 E1510.156
G1 F1859.2 X169.619 Y145.118 E1510.16728
G1 F1876.8 X169.526 Y145.429 E1510.17867
G1 F1859.2 X169.357 Y145.713 E1510.19038
G1 X169.167 Y145.968 E1510.20164
G1 X168.915 Y146.156 E1510.21278
G1 F1841.9 X168.654 Y146.317 E1510.22374
G1 X168.314 Y146.403 E1510.23628
G1 F1850.5 X168 Y146.448 E1510.24757
G0 F9000 X168 Y146.872
G1 F1850.5 X168.398 Y146.829 E1510.26182
G1 X168.789 Y146.715 E1510.27631
G1 X169.153 Y146.516 E1510.29108
G1 F1859.2 X169.465 Y146.265 E1510.30526
G1 X169.716 Y145.953 E1510.31944
G1 X169.915 Y145.59 E1510.33411
G1 F1876.8 X170.034 Y145.199 E1510.34845
G1 F1859.2 X170.069 Y144.8 E1510.36264
G1 F1854.8 X170.034 Y144.396 E1510.37703
G1 F1876.8 X169.915 Y144.006 E1510.39134
G1 F1854.8 X169.715 Y143.643 E1510.40606
G1 F1850.5 X169.465 Y143.331 E1510.42029
G1 X169.153 Y143.081 E1510.43451
G1 X168.789 Y142.881 E1510.44929
G1 X168.398 Y142.767 E1510.46379
G1 X168 Y142.723 E1510.47804
G1 X167.597 Y142.768 E1510.49247
G1 F1846.2 X167.207 Y142.881 E1510.50695
G1 F1850.5 X166.843 Y143.08 E1510.52172
G1 X166.531 Y143.331 E1510.53597
G1 X166.28 Y143.643 E1510.55022
G1 X166.081 Y144.007 E1510.56498
G1 X165.967 Y144.397 E1510.57944
G1 X165.924 Y144.8 E1510.59387
G1 F1846.2 X165.967 Y145.198 E1510.60815
G1 F1850.5 X166.081 Y145.589 E1510.62264
G1 X166.28 Y145.954 E1510.63744
G1 X166.531 Y146.265 E1510.65166
G1 X166.843 Y146.516 E1510.66591
G1 X167.207 Y146.715 E1510.68067
G1 X167.597 Y146.829 E1510.69513
G1 X168 Y146.872 E1510.70956
G0 F9000 X168 Y147.306
;TYPE:WALL-OUTER
G1 F1800 X168.484 Y147.259 E1510.72735
G1 X168.955 Y147.115 E1510.74537
G1 X169.397 Y146.88 E1510.76368
G1 X169.771 Y146.571 E1510.78143
G1 X170.08 Y146.196 E1510.79921
G1 X170.315 Y145.755 E1510.81749
G1 X170.459 Y145.284 E1510.83551
G1 X170.506 Y144.8 E1510.8533
G1 X170.459 Y144.312 E1510.87124
G1 X170.315 Y143.841 E1510.88926
G1 X170.08 Y143.399 E1510.90757
G1 X169.771 Y143.025 E1510.92532
G1 X169.397 Y142.716 E1510.94307
G1 X168.955 Y142.481 E1510.96139
G1 X168.484 Y142.337 E1510.97941
G1 X168 Y142.29 E1510.9972
G1 X167.512 Y142.337 E1511.01513
G1 X167.041 Y142.48 E1511.03314
G1 X166.599 Y142.716 E1511.05147
G1 X166.225 Y143.025 E1511.06922
G1 X165.916 Y143.399 E1511.08697
G1 X165.68 Y143.841 E1511.1053
G1 X165.537 Y144.312 E1511.12331
G1 X165.49 Y144.8 E1511.14125
G1 X165.537 Y145.284 E1511.15904
G1 X165.681 Y145.755 E1511.17706
G1 X165.916 Y146.197 E1511.19537
G1 X166.225 Y146.571 E1511.21312
G1 X166.599 Y146.88 E1511.23087
G1 X167.041 Y147.116 E1511.2492
G1 X167.512 Y147.259 E1511.26721
G1 X168 Y147.306 E1511.28515
G0 F9000 X168 Y146.019
G1 F1800 X167.525 Y145.926 E1511.30286
G1 X167.136 Y145.66 E1511.3201
G1 X166.87 Y145.275 E1511.33722
G1 X166.777 Y144.8 E1511.35493
G1 X166.87 Y144.325 E1511.37264
G1 X167.136 Y143.936 E1511.38988
G1 X167.529 Y143.669 E1511.40726
G1 X168 Y143.576 E1511.42483
G1 X168.471 Y143.67 E1511.4424
G1 X168.861 Y143.931 E1511.45957
G1 X169.128 Y144.332 E1511.47719
G1 X169.199 Y144.582 E1511.4867
G1 X169.2 Y145.014 E1511.50251
G1 X169.119 Y145.284 E1511.51282
G1 X168.861 Y145.664 E1511.52962
G1 X168.471 Y145.927 E1511.54683
G1 X168 Y146.019 E1511.56439
G1 F1500 E1509.56439
G0 F9000 X172.091 Y149.792
;TYPE:WALL-INNER
G1 F1500 E1511.56439
G1 F1763.9 X171.9 Y149.8 E1511.57153
G1 F1800 X48.1 Y149.8 E1516.10089
G1 F1867.9 X47.333 Y149.467 E1516.13037
G1 F1829.1 X47.008 Y148.891 E1516.15419
G1 X46.985 Y149.815 E1516.18746
G1 F1867.9 X48.1 Y149.8 E1516.22678
G0 F9000 X47.008 Y148.891
G1 F1763.9 X47 Y148.7 E1516.23391
G1 F1800 X47 Y71.3 E1519.06568
G1 F1867.9 X47.333 Y70.533 E1519.09516
G1 F1829.1 X47.909 Y70.208 E1519.11897
G1 X46.985 Y70.185 E1519.15225
G1 F1867.9 X47 Y71.3 E1519.19157
G0 F9000 X47.909 Y70.208
G1 F1763.9 X48.1 Y70.2 E1519.1987
G1 F1800 X171.9 Y70.2 E1523.72807
G1 F1500 E1521.72807
G0 F9000 X173 Y71.3
G1 F1500 E1523.72807
G1 F1867.9 X173.016 Y70.184 E1523.76742
G1 X171.9 Y70.2 E1523.80677
G1 X172.667 Y70.533 E1523.83625
G1 X173 Y71.3 E1523.86573
G1 F1800 X173 Y148.7 E1526.69749
G1 F1767.9 X172.992 Y148.891 E1526.70462
G0 F9000 X172.091 Y149.792
G1 F1824.9 X173.016 Y149.816 E1526.73801
G1 F1833.3 X172.992 Y148.891 E1526.77125
G1 X172.667 Y149.467 E1526.795
G1 F1824.9 X172.091 Y149.792 E1526.81887
G1 F1500 E1524.81887
G0 F9000 X172.091 Y151.565
G0 X110 Y151.565
G0 X110 Y150.24
G1 F1500 E1526.81887
G1 F1800 X173.44 Y150.24 E1529.13989
G1 X173.44 Y69.76 E1532.08435
G1 X46.561 Y69.761 E1536.72636
G1 X46.561 Y150.239 E1539.67074
G1 X110 Y150.24 E1541.99173
G0 F9000 X110 Y149.36
G1 F1800 X48.1 Y149.36 E1544.25641
G1 X47.633 Y149.167 E1544.2749
G1 X47.44 Y148.795 E1544.29023
G1 X47.44 Y71.3 E1547.12548
G1 X47.633 Y70.833 E1547.14396
G1 X48.005 Y70.64 E1547.1593
G1 X171.9 Y70.64 E1551.69214
G1 X172.367 Y70.833 E1551.71062
G1 X172.56 Y71.3 E1551.72911
G1 X172.56 Y148.797 E1554.56443
G1 X172.367 Y149.167 E1554.5797
G1 X171.995 Y149.36 E1554.59503
G1 X110 Y149.36 E1556.86319
G0 F9000 X110 Y148.918
;TYPE:WALL-OUTER
G1 F1800 X48.1 Y148.92 E1559.12787
G1 X47.944 Y148.856 E1559.13404
G1 X47.883 Y148.738 E1559.1389
G1 X47.88 Y71.3 E1561.97206
G1 X47.944 Y71.144 E1561.97823
G1 X48.062 Y71.083 E1561.98309
G1 X171.9 Y71.08 E1566.51384
G1 X172.056 Y71.144 E1566.52001
G1 X172.12 Y71.3 E1566.52618
G1 X172.117 Y148.738 E1569.35934
G1 X172.056 Y148.856 E1569.3642
G1 X171.938 Y148.917 E1569.36906
G1 X110 Y148.918 E1571.63513
G1 F1500 E1569.63513
G0 F9000 X110 Y150.68
G1 F1500 E1571.63513
G1 F1800 X173.88 Y150.68 E1573.97225
G1 X173.88 Y69.32 E1576.9489
G1 X46.121 Y69.321 E1581.62311
G1 X46.121 Y150.679 E1584.59969
G1 X110 Y150.68 E1586.93677
G1 F1500 E1584.93677
G0 F9000 X168 Y79.872
;TYPE:WALL-INNER
G1 F1500 E1586.93677
G1 F1850.5 X168.398 Y79.829 E1586.95102
G1 X168.789 Y79.715 E1586.96552
G1 X169.153 Y79.516 E1586.98028
G1 F1859.2 X169.465 Y79.265 E1586.99446
G1 X169.716 Y78.953 E1587.00865
G1 X169.915 Y78.59 E1587.02331
G1 F1876.8 X170.034 Y78.199 E1587.03765
G1 F1859.2 X170.069 Y77.8 E1587.05184
G1 F1854.8 X170.034 Y77.396 E1587.06624
G1 F1876.8 X169.915 Y77.006 E1587.08055
G1 F1854.8 X169.715 Y76.643 E1587.09526
G1 F1850.5 X169.465 Y76.331 E1587.10949
G1 X169.153 Y76.081 E1587.12372
G1 X168.789 Y75.881 E1587.1385
G1 X168.398 Y75.767 E1587.15299
G1 X168 Y75.723 E1587.16724
G1 X167.597 Y75.768 E1587.18167
G1 F1846.2 X167.207 Y75.881 E1587.19616
G1 F1850.5 X166.843 Y76.08 E1587.21092
G1 X166.531 Y76.331 E1587.22517
G1 X166.28 Y76.643 E1587.23942
G1 X166.081 Y77.007 E1587.25419
G1 X165.967 Y77.397 E1587.26865
G1 X165.924 Y77.8 E1587.28307
G1 F1846.2 X165.967 Y78.198 E1587.29735
G1 F1850.5 X166.081 Y78.589 E1587.31185
G1 X166.28 Y78.954 E1587.32664
G1 X166.531 Y79.265 E1587.34086
G1 X166.843 Y79.516 E1587.35511
G1 X167.207 Y79.715 E1587.36988
G1 X167.597 Y79.829 E1587.38434
G1 X168 Y79.872 E1587.39876
G0 F9000 X168 Y79.448
G1 F1850.5 X167.681 Y79.403 E1587.41023
G1 X167.332 Y79.314 E1587.42304
G1 F1867.9 X166.824 Y78.977 E1587.44454
G1 F1876.8 X166.482 Y78.469 E1587.46603
G1 F1850.5 X166.392 Y78.115 E1587.47902
G1 F1846.2 X166.348 Y77.8 E1587.49037
G1 F1850.5 X166.393 Y77.481 E1587.50184
G1 X166.482 Y77.132 E1587.51465
G1 F1867.9 X166.801 Y76.651 E1587.535
G1 F1850.5 X167.084 Y76.441 E1587.54754
G1 F1841.9 X167.366 Y76.267 E1587.55939
G1 F1837.6 X167.68 Y76.193 E1587.57095
G1 F1850.5 X168 Y76.148 E1587.58245
G1 X168.314 Y76.192 E1587.59374
G1 F1841.9 X168.657 Y76.28 E1587.6064
G1 X168.912 Y76.44 E1587.61716
G1 F1846.2 X169.173 Y76.629 E1587.62866
G1 F1867.9 X169.513 Y77.122 E1587.64977
G1 F1876.8 X169.619 Y77.478 E1587.6628
G1 F1854.8 X169.636 Y77.8 E1587.67425
G1 F1859.2 X169.619 Y78.118 E1587.68553
G1 F1876.8 X169.526 Y78.429 E1587.69692
G1 F1859.2 X169.357 Y78.713 E1587.70863
G1 X169.167 Y78.968 E1587.71989
G1 X168.915 Y79.156 E1587.73103
G1 F1841.9 X168.654 Y79.317 E1587.74199
G1 X168.314 Y79.403 E1587.75453
G1 F1850.5 X168 Y79.448 E1587.76582
G0 F9000 X168 Y79.019
;TYPE:WALL-OUTER
G1 F1800 X167.525 Y78.926 E1587.78353
G1 X167.136 Y78.66 E1587.80077
G1 X166.87 Y78.275 E1587.81789
G1 X166.777 Y77.8 E1587.8356
G1 X166.87 Y77.325 E1587.85331
G1 X167.136 Y76.936 E1587.87055
G1 X167.529 Y76.669 E1587.88793
G1 X168 Y76.576 E1587.9055
G1 X168.471 Y76.67 E1587.92307
G1 X168.861 Y76.931 E1587.94024
G1 X169.128 Y77.332 E1587.95787
G1 X169.199 Y77.582 E1587.96737
G1 X169.2 Y78.014 E1587.98318
G1 X169.119 Y78.284 E1587.99349
G1 X168.861 Y78.664 E1588.0103
G1 X168.471 Y78.927 E1588.02751
G1 X168 Y79.019 E1588.04506
G0 F9000 X168 Y80.306
G1 F1800 X168.484 Y80.259 E1588.06286
G1 X168.955 Y80.115 E1588.08087
G1 X169.397 Y79.88 E1588.09919
G1 X169.771 Y79.571 E1588.11694
G1 X170.08 Y79.196 E1588.13472
G1 X170.315 Y78.755 E1588.153
G1 X170.459 Y78.284 E1588.17102
G1 X170.506 Y77.8 E1588.18881
G1 X170.459 Y77.312 E1588.20675
G1 X170.315 Y76.841 E1588.22476
G1 X170.08 Y76.399 E1588.24308
G1 X169.771 Y76.025 E1588.26083
G1 X169.397 Y75.716 E1588.27858
G1 X168.955 Y75.481 E1588.29689
G1 X168.484 Y75.337 E1588.31491
G1 X168 Y75.29 E1588.3327
G1 X167.512 Y75.337 E1588.35064
G1 X167.041 Y75.48 E1588.36865
G1 X166.599 Y75.716 E1588.38698
G1 X166.225 Y76.025 E1588.40473
G1 X165.916 Y76.399 E1588.42248
G1 X165.68 Y76.841 E1588.44081
G1 X165.537 Y77.312 E1588.45882
G1 X165.49 Y77.8 E1588.47676
G1 X165.537 Y78.284 E1588.49455
G1 X165.681 Y78.755 E1588.51257
G1 X165.916 Y79.197 E1588.53088
G1 X166.225 Y79.571 E1588.54863
G1 X166.599 Y79.88 E1588.56638
G1 X167.041 Y80.116 E1588.58471
G1 X167.512 Y80.259 E1588.60272
G1 X168 Y80.306 E1588.62066
G1 F1500 E1586.62066
;MESH:NONMESH
G0 F300 Z5.24
G0 F9000 X52.001 Y79.451
;TIME_ELAPSED:6862.745168
;LAYER:26
;TYPE:WALL-INNER
;MESH:SmartKiln_Frente.stl
G1 F1500 E1588.62066
G1 F1854.8 X51.68 Y79.405 E1588.63217
G1 F1859.2 X51.367 Y79.325 E1588.64361
G1 X51.084 Y79.157 E1588.65527
G1 F1850.5 X50.83 Y78.966 E1588.66658
G1 X50.641 Y78.712 E1588.67785
G1 F1841.9 X50.465 Y78.427 E1588.68983
G1 F1859.2 X50.342 Y77.848 E1588.71079
G1 F1850.5 X50.393 Y77.478 E1588.72408
G1 F1854.8 X50.471 Y77.167 E1588.73547
G1 F1859.2 X50.639 Y76.884 E1588.74713
G1 F1850.5 X50.83 Y76.63 E1588.75844
G1 X51.084 Y76.441 E1588.7697
G1 F1841.9 X51.366 Y76.267 E1588.78155
G1 F1859.2 X51.916 Y76.137 E1588.80157
G1 F1850.5 X52.317 Y76.192 E1588.81597
G1 F1854.8 X52.629 Y76.27 E1588.82739
G1 X52.912 Y76.439 E1588.8391
G1 F1846.2 X53.174 Y76.63 E1588.85066
G1 F1867.9 X53.515 Y77.126 E1588.87188
G1 F1872.3 X53.669 Y77.722 E1588.89353
G1 F1850.5 X53.605 Y78.116 E1588.90774
G1 F1859.2 X53.526 Y78.429 E1588.91918
G1 F1854.8 X53.357 Y78.712 E1588.93088
G1 X53.166 Y78.966 E1588.94216
G1 X52.912 Y79.156 E1588.95342
G1 X52.629 Y79.326 E1588.96515
G1 F1859.2 X52.315 Y79.407 E1588.97663
G1 X52.001 Y79.451 E1588.98786
G0 F9000 X52 Y79.873
G1 F1859.2 X52.399 Y79.83 E1589.00208
G1 X52.79 Y79.715 E1589.01652
G1 F1854.8 X53.153 Y79.515 E1589.03123
G1 X53.465 Y79.265 E1589.04543
G1 X53.715 Y78.953 E1589.05962
G1 X53.915 Y78.59 E1589.07434
G1 F1859.2 X54.03 Y78.199 E1589.08877
G1 X54.074 Y77.8 E1589.10299
G1 X54.03 Y77.397 E1589.11735
G1 X53.915 Y77.006 E1589.13179
G1 F1854.8 X53.715 Y76.643 E1589.1465
G1 F1850.5 X53.465 Y76.331 E1589.16073
G1 X53.153 Y76.081 E1589.17496
G1 F1854.8 X52.79 Y75.881 E1589.18968
G1 X52.398 Y75.767 E1589.20417
G1 F1850.5 X52 Y75.723 E1589.21842
G1 X51.597 Y75.767 E1589.23285
G1 X51.207 Y75.881 E1589.24731
G1 X50.843 Y76.08 E1589.26207
G1 X50.531 Y76.331 E1589.27632
G1 X50.281 Y76.643 E1589.29055
G1 F1859.2 X50.08 Y77.006 E1589.30525
G1 F1854.8 X49.967 Y77.397 E1589.3197
G1 F1850.5 X49.924 Y77.8 E1589.33412
G1 X49.967 Y78.198 E1589.34837
G1 X50.081 Y78.589 E1589.36286
G1 X50.28 Y78.953 E1589.37763
G1 X50.531 Y79.265 E1589.39188
G1 X50.843 Y79.515 E1589.40611
G1 F1859.2 X51.206 Y79.716 E1589.4208
G1 X51.597 Y79.829 E1589.43522
G1 F1854.8 X52 Y79.873 E1589.44961
G0 F9000 X52 Y80.306
;TYPE:WALL-OUTER
G1 F1800 X52.484 Y80.259 E1589.46741
G1 X52.955 Y80.115 E1589.48543
G1 X53.397 Y79.88 E1589.50374
G1 X53.771 Y79.571 E1589.52149
G1 X54.08 Y79.197 E1589.53924
G1 X54.315 Y78.755 E1589.55755
G1 X54.459 Y78.284 E1589.57557
G1 X54.506 Y77.8 E1589.59336
G1 X54.459 Y77.312 E1589.6113
G1 X54.315 Y76.841 E1589.62932
G1 X54.08 Y76.399 E1589.64763
G1 X53.771 Y76.025 E1589.66538
G1 X53.397 Y75.716 E1589.68313
G1 X52.955 Y75.481 E1589.70145
G1 X52.484 Y75.337 E1589.71947
G1 X52 Y75.29 E1589.73726
G1 X51.512 Y75.337 E1589.75519
G1 X51.041 Y75.48 E1589.7732
G1 X50.599 Y75.716 E1589.79153
G1 X50.225 Y76.025 E1589.80928
G1 X49.916 Y76.399 E1589.82703
G1 X49.681 Y76.841 E1589.84535
G1 X49.537 Y77.312 E1589.86337
G1 X49.49 Y77.8 E1589.8813
G1 X49.537 Y78.284 E1589.8991
G1 X49.68 Y78.755 E1589.9171
G1 X49.916 Y79.197 E1589.93544
G1 X50.225 Y79.571 E1589.95318
G1 X50.599 Y79.88 E1589.97093
G1 X51.041 Y80.115 E1589.98925
G1 X51.512 Y80.259 E1590.00727
G1 X52 Y80.306 E1590.0252
G0 F9000 X52.006 Y79.024
G1 F1800 X51.53 Y78.931 E1590.04295
G1 X51.133 Y78.663 E1590.06047
G1 X50.869 Y78.266 E1590.07792
G1 X50.776 Y77.805 E1590.09512
G1 X50.865 Y77.33 E1590.1128
G1 X51.133 Y76.933 E1590.13033
G1 X51.529 Y76.669 E1590.14774
G1 X51.985 Y76.575 E1590.16477
G1 X52.467 Y76.665 E1590.18271
G1 X52.863 Y76.935 E1590.20025
G1 X53.131 Y77.328 E1590.21765
G1 X53.221 Y77.792 E1590.23494
G1 X53.131 Y78.267 E1590.25263
G1 X52.861 Y78.663 E1590.27017
G1 X52.468 Y78.93 E1590.28755
G1 X52.006 Y79.024 E1590.3048
G1 F1500 E1588.3048
G0 F9000 X52.001 Y146.451
;TYPE:WALL-INNER
G1 F1500 E1590.3048
G1 F1854.8 X51.68 Y146.405 E1590.31631
G1 F1859.2 X51.367 Y146.325 E1590.32776
G1 X51.084 Y146.157 E1590.33941
G1 F1850.5 X50.83 Y145.966 E1590.35072
G1 X50.641 Y145.712 E1590.36199
G1 F1841.9 X50.465 Y145.427 E1590.37397
G1 F1859.2 X50.342 Y144.848 E1590.39494
G1 F1850.5 X50.393 Y144.478 E1590.40823
G1 F1854.8 X50.471 Y144.167 E1590.41961
G1 F1859.2 X50.639 Y143.884 E1590.43127
G1 F1850.5 X50.83 Y143.63 E1590.44258
G1 X51.084 Y143.441 E1590.45385
G1 F1841.9 X51.366 Y143.267 E1590.46569
G1 F1859.2 X51.916 Y143.137 E1590.48571
G1 F1850.5 X52.317 Y143.192 E1590.50012
G1 F1854.8 X52.629 Y143.27 E1590.51154
G1 X52.912 Y143.439 E1590.52324
G1 F1846.2 X53.174 Y143.63 E1590.53481
G1 F1867.9 X53.515 Y144.126 E1590.55603
G1 F1872.3 X53.669 Y144.722 E1590.57768
G1 F1850.5 X53.605 Y145.116 E1590.59188
G1 F1859.2 X53.526 Y145.429 E1590.60332
G1 F1854.8 X53.357 Y145.712 E1590.61502
G1 X53.166 Y145.966 E1590.6263
G1 X52.912 Y146.156 E1590.63757
G1 X52.629 Y146.326 E1590.64929
G1 F1859.2 X52.315 Y146.407 E1590.66078
G1 X52.001 Y146.451 E1590.67201
G0 F9000 X52 Y146.873
G1 F1859.2 X52.399 Y146.83 E1590.68622
G1 X52.79 Y146.715 E1590.70066
G1 F1854.8 X53.153 Y146.515 E1590.71537
G1 X53.465 Y146.265 E1590.72957
G1 X53.715 Y145.953 E1590.74376
G1 X53.915 Y145.59 E1590.75848
G1 F1859.2 X54.03 Y145.199 E1590.77292
G1 X54.074 Y144.8 E1590.78713
G1 X54.03 Y144.397 E1590.80149
G1 X53.915 Y144.006 E1590.81593
G1 F1854.8 X53.715 Y143.643 E1590.83065
G1 F1850.5 X53.465 Y143.331 E1590.84487
G1 X53.153 Y143.081 E1590.8591
G1 F1854.8 X52.79 Y142.881 E1590.87382
G1 X52.398 Y142.767 E1590.88831
G1 F1850.5 X52 Y142.723 E1590.90256
G1 X51.597 Y142.767 E1590.91699
G1 X51.207 Y142.881 E1590.93145
G1 X50.843 Y143.08 E1590.94621
G1 X50.531 Y143.331 E1590.96047
G1 X50.281 Y143.643 E1590.97469
G1 F1859.2 X50.08 Y144.006 E1590.98939
G1 F1854.8 X49.967 Y144.397 E1591.00384
G1 F1850.5 X49.924 Y144.8 E1591.01827
G1 X49.967 Y145.198 E1591.03251
G1 X50.081 Y145.589 E1591.04701
G1 X50.28 Y145.953 E1591.06177
G1 X50.531 Y146.265 E1591.07602
G1 X50.843 Y146.515 E1591.09025
G1 F1859.2 X51.206 Y146.716 E1591.10495
G1 X51.597 Y146.829 E1591.11936
G1 F1854.8 X52 Y146.873 E1591.13376
G0 F9000 X52 Y147.306
;TYPE:WALL-OUTER
G1 F1800 X52.484 Y147.259 E1591.15155
G1 X52.955 Y147.115 E1591.16957
G1 X53.397 Y146.88 E1591.18788
G1 X53.771 Y146.571 E1591.20563
G1 X54.08 Y146.197 E1591.22338
G1 X54.315 Y145.755 E1591.2417
G1 X54.459 Y145.284 E1591.25972
G1 X54.506 Y144.8 E1591.27751
G1 X54.459 Y144.312 E1591.29544
G1 X54.315 Y143.841 E1591.31346
G1 X54.08 Y143.399 E1591.33178
G1 X53.771 Y143.025 E1591.34953
G1 X53.397 Y142.716 E1591.36728
G1 X52.955 Y142.481 E1591.38559
G1 X52.484 Y142.337 E1591.40361
G1 X52 Y142.29 E1591.4214
G1 X51.512 Y142.337 E1591.43934
G1 X51.041 Y142.48 E1591.45735
G1 X50.599 Y142.716 E1591.47568
G1 X50.225 Y143.025 E1591.49343
G1 X49.916 Y143.399 E1591.51118
G1 X49.681 Y143.841 E1591.52949
G1 X49.537 Y144.312 E1591.54751
G1 X49.49 Y144.8 E1591.56545
G1 X49.537 Y145.284 E1591.58324
G1 X49.68 Y145.755 E1591.60125
G1 X49.916 Y146.197 E1591.61958
G1 X50.225 Y146.571 E1591.63733
G1 X50.599 Y146.88 E1591.65508
G1 X51.041 Y147.115 E1591.67339
G1 X51.512 Y147.259 E1591.69141
G1 X52 Y147.306 E1591.70935
G0 F9000 X52.006 Y146.024
G1 F1800 X51.53 Y145.931 E1591.72709
G1 X51.133 Y145.663 E1591.74462
G1 X50.869 Y145.266 E1591.76206
G1 X50.776 Y144.805 E1591.77927
G1 X50.865 Y144.33 E1591.79695
G1 X51.133 Y143.933 E1591.81447
G1 X51.529 Y143.669 E1591.83188
G1 X51.985 Y143.575 E1591.84892
G1 X52.467 Y143.665 E1591.86686
G1 X52.863 Y143.935 E1591.88439
G1 X53.131 Y144.328 E1591.9018
G1 X53.221 Y144.792 E1591.91909
G1 X53.131 Y145.267 E1591.93678
G1 X52.861 Y145.663 E1591.95431
G1 X52.468 Y145.93 E1591.97169
G1 X52.006 Y146.024 E1591.98894
G1 F1500 E1589.98894
G0 F9000 X168.001 Y146.451
;TYPE:WALL-INNER
G1 F1500 E1591.98894
G1 F1854.8 X167.68 Y146.405 E1592.00046
G1 F1859.2 X167.367 Y146.325 E1592.0119
G1 X167.084 Y146.157 E1592.02356
G1 F1850.5 X166.83 Y145.966 E1592.03487
G1 X166.641 Y145.712 E1592.04613
G1 F1841.9 X166.465 Y145.427 E1592.05811
G1 F1859.2 X166.342 Y144.848 E1592.07908
G1 F1850.5 X166.393 Y144.478 E1592.09237
G1 F1854.8 X166.471 Y144.167 E1592.10375
G1 F1859.2 X166.639 Y143.884 E1592.11541
G1 F1850.5 X166.83 Y143.63 E1592.12672
G1 X167.084 Y143.441 E1592.13799
G1 F1841.9 X167.366 Y143.267 E1592.14984
G1 F1859.2 X167.916 Y143.137 E1592.16986
G1 F1850.5 X168.317 Y143.192 E1592.18426
G1 F1854.8 X168.629 Y143.27 E1592.19568
G1 X168.912 Y143.439 E1592.20738
G1 F1846.2 X169.174 Y143.63 E1592.21895
G1 F1867.9 X169.515 Y144.126 E1592.24017
G1 F1872.3 X169.669 Y144.722 E1592.26182
G1 F1850.5 X169.605 Y145.116 E1592.27603
G1 F1859.2 X169.526 Y145.429 E1592.28746
G1 F1854.8 X169.357 Y145.712 E1592.29916
G1 X169.166 Y145.966 E1592.31045
G1 X168.912 Y146.156 E1592.32171
G1 X168.629 Y146.326 E1592.33343
G1 F1859.2 X168.315 Y146.407 E1592.34492
G1 X168.001 Y146.451 E1592.35615
G0 F9000 X168 Y146.873
G1 F1859.2 X168.399 Y146.83 E1592.37036
G1 X168.79 Y146.715 E1592.3848
G1 F1854.8 X169.153 Y146.515 E1592.39952
G1 X169.465 Y146.265 E1592.41371
G1 X169.715 Y145.953 E1592.42791
G1 X169.915 Y145.59 E1592.44262
G1 F1859.2 X170.03 Y145.199 E1592.45706
G1 X170.074 Y144.8 E1592.47128
G1 X170.03 Y144.397 E1592.48564
G1 X169.915 Y144.006 E1592.50007
G1 F1854.8 X169.715 Y143.643 E1592.51479
G1 F1850.5 X169.465 Y143.331 E1592.52902
G1 X169.153 Y143.081 E1592.54325
G1 F1854.8 X168.79 Y142.881 E1592.55796
G1 X168.398 Y142.767 E1592.57246
G1 F1850.5 X168 Y142.723 E1592.58671
G1 X167.597 Y142.767 E1592.60113
G1 X167.207 Y142.881 E1592.61559
G1 X166.843 Y143.08 E1592.63036
G1 X166.531 Y143.331 E1592.64461
G1 X166.281 Y143.643 E1592.65884
G1 F1859.2 X166.08 Y144.006 E1592.67353
G1 F1854.8 X165.967 Y144.397 E1592.68799
G1 F1850.5 X165.924 Y144.8 E1592.70241
G1 X165.967 Y145.198 E1592.71666
G1 X166.081 Y145.589 E1592.73115
G1 X166.28 Y145.953 E1592.74591
G1 X166.531 Y146.265 E1592.76016
G1 X166.843 Y146.515 E1592.77439
G1 F1859.2 X167.206 Y146.716 E1592.78909
G1 X167.597 Y146.829 E1592.80351
G1 F1854.8 X168 Y146.873 E1592.8179
G0 F9000 X168 Y147.306
;TYPE:WALL-OUTER
G1 F1800 X168.484 Y147.259 E1592.83569
G1 X168.955 Y147.115 E1592.85371
G1 X169.397 Y146.88 E1592.87203
G1 X169.771 Y146.571 E1592.88977
G1 X170.08 Y146.197 E1592.90752
G1 X170.315 Y145.755 E1592.92584
G1 X170.459 Y145.284 E1592.94386
G1 X170.506 Y144.8 E1592.96165
G1 X170.459 Y144.312 E1592.97959
G1 X170.315 Y143.841 E1592.99761
G1 X170.08 Y143.399 E1593.01592
G1 X169.771 Y143.025 E1593.03367
G1 X169.397 Y142.716 E1593.05142
G1 X168.955 Y142.481 E1593.06973
G1 X168.484 Y142.337 E1593.08775
G1 X168 Y142.29 E1593.10554
G1 X167.512 Y142.337 E1593.12348
G1 X167.041 Y142.48 E1593.14149
G1 X166.599 Y142.716 E1593.15982
G1 X166.225 Y143.025 E1593.17757
G1 X165.916 Y143.399 E1593.19532
G1 X165.681 Y143.841 E1593.21363
G1 X165.537 Y144.312 E1593.23165
G1 X165.49 Y144.8 E1593.24959
G1 X165.537 Y145.284 E1593.26738
G1 X165.68 Y145.755 E1593.28539
G1 X165.916 Y146.197 E1593.30372
G1 X166.225 Y146.571 E1593.32147
G1 X166.599 Y146.88 E1593.33922
G1 X167.041 Y147.115 E1593.35753
G1 X167.512 Y147.259 E1593.37555
G1 X168 Y147.306 E1593.39349
G0 F9000 X168.006 Y146.024
G1 F1800 X167.53 Y145.931 E1593.41124
G1 X167.133 Y145.663 E1593.42876
G1 X166.869 Y145.266 E1593.4462
G1 X166.776 Y144.805 E1593.46341
G1 X166.865 Y144.33 E1593.48109
G1 X167.133 Y143.933 E1593.49861
G1 X167.529 Y143.669 E1593.51603
G1 X167.985 Y143.575 E1593.53306
G1 X168.467 Y143.665 E1593.551
G1 X168.863 Y143.935 E1593.56853
G1 X169.13 Y144.327 E1593.58589
G1 X169.225 Y144.786 E1593.60304
G1 X169.13 Y145.267 E1593.62097
G1 X168.861 Y145.663 E1593.63849
G1 X168.468 Y145.93 E1593.65587
G1 X168.006 Y146.024 E1593.67312
G1 F1500 E1591.67312
G0 F9000 X172.091 Y149.792
;TYPE:WALL-INNER
G1 F1500 E1593.67312
G1 F1824.9 X173.016 Y149.816 E1593.70651
G1 F1833.3 X172.992 Y148.891 E1593.73975
G1 X172.667 Y149.467 E1593.76351
G1 F1824.9 X172.091 Y149.792 E1593.78737
G1 F1763.9 X171.9 Y149.8 E1593.79451
G1 F1800 X48.1 Y149.8 E1598.32388
G1 F1867.9 X47.333 Y149.467 E1598.35336
G1 F1829.1 X47.008 Y148.891 E1598.37717
G1 X46.985 Y149.815 E1598.41045
G1 F1867.9 X48.1 Y149.8 E1598.44976
G0 F9000 X47.008 Y148.891
G1 F1763.9 X47 Y148.7 E1598.4569
G1 F1800 X47 Y71.3 E1601.28867
G1 F1867.9 X47.333 Y70.533 E1601.31814
G1 F1829.1 X47.909 Y70.208 E1601.34196
G1 X46.985 Y70.185 E1601.37523
G1 F1867.9 X47 Y71.3 E1601.41455
G0 F9000 X47.909 Y70.208
G1 F1763.9 X48.1 Y70.2 E1601.42169
G1 F1800 X171.9 Y70.2 E1605.95105
G1 F1500 E1603.95105
G0 F9000 X173 Y71.3
G1 F1500 E1605.95105
G1 F1867.9 X173.016 Y70.184 E1605.9904
G1 X171.9 Y70.2 E1606.02975
G1 X172.667 Y70.533 E1606.05923
G1 X173 Y71.3 E1606.08871
G1 F1800 X173 Y148.7 E1608.92048
G1 F1767.9 X172.992 Y148.891 E1608.9276
G1 F1500 E1606.9276
G0 F9000 X110 Y150.24
G1 F1500 E1608.9276
G1 F1800 X173.44 Y150.24 E1611.24862
G1 X173.44 Y69.76 E1614.19308
G1 X46.561 Y69.761 E1618.83509
G1 X46.561 Y150.239 E1621.77947
G1 X110 Y150.24 E1624.10046
G0 F9000 X110 Y149.36
G1 F1800 X48.1 Y149.36 E1626.36514
G1 X47.633 Y149.167 E1626.38363
G1 X47.44 Y148.795 E1626.39896
G1 X47.44 Y71.3 E1629.23421
G1 X47.633 Y70.833 E1629.25269
G1 X48.005 Y70.64 E1629.26803
G1 X171.9 Y70.64 E1633.80087
G1 X172.367 Y70.833 E1633.81935
G1 X172.56 Y71.3 E1633.83784
G1 X172.56 Y148.797 E1636.67316
G1 X172.367 Y149.167 E1636.68843
G1 X171.995 Y149.36 E1636.70376
G1 X110 Y149.36 E1638.97192
G0 F9000 X110 Y148.918
;TYPE:WALL-OUTER
G1 F1800 X48.1 Y148.92 E1641.2366
G1 X47.944 Y148.856 E1641.24277
G1 X47.883 Y148.738 E1641.24763
G1 X47.88 Y71.3 E1644.08079
G1 X47.944 Y71.144 E1644.08696
G1 X48.062 Y71.083 E1644.09182
G1 X171.9 Y71.08 E1648.62257
G1 X172.056 Y71.144 E1648.62874
G1 X172.12 Y71.3 E1648.63491
G1 X172.117 Y148.738 E1651.46807
G1 X172.056 Y148.856 E1651.47293
G1 X171.938 Y148.917 E1651.47779
G1 X110 Y148.918 E1653.74386
G1 F1500 E1651.74386
G0 F9000 X110 Y150.68
G1 F1500 E1653.74386
G1 F1800 X173.88 Y150.68 E1656.08098
G1 X173.88 Y69.32 E1659.05763
G1 X46.121 Y69.321 E1663.73184
G1 X46.121 Y150.679 E1666.70842
G1 X110 Y150.68 E1669.0455
G1 F1500 E1667.0455
G0 F9000 X168 Y79.873
;TYPE:WALL-INNER
G1 F1500 E1669.0455
G1 F1859.2 X168.399 Y79.83 E1669.05972
G1 X168.79 Y79.715 E1669.07416
G1 F1854.8 X169.153 Y79.515 E1669.08887
G1 X169.465 Y79.265 E1669.10307
G1 X169.715 Y78.953 E1669.11726
G1 X169.915 Y78.59 E1669.13198
G1 F1859.2 X170.03 Y78.199 E1669.14641
G1 X170.074 Y77.8 E1669.16063
G1 X170.03 Y77.397 E1669.17499
G1 X169.915 Y77.006 E1669.18943
G1 F1854.8 X169.715 Y76.643 E1669.20414
G1 F1850.5 X169.465 Y76.331 E1669.21837
G1 X169.153 Y76.081 E1669.2326
G1 F1854.8 X168.79 Y75.881 E1669.24732
G1 X168.398 Y75.767 E1669.26181
G1 F1850.5 X168 Y75.723 E1669.27606
G1 X167.597 Y75.767 E1669.29049
G1 X167.207 Y75.881 E1669.30495
G1 X166.843 Y76.08 E1669.31971
G1 X166.531 Y76.331 E1669.33396
G1 X166.281 Y76.643 E1669.34819
G1 F1859.2 X166.08 Y77.006 E1669.36289
G1 F1854.8 X165.967 Y77.397 E1669.37734
G1 F1850.5 X165.924 Y77.8 E1669.39176
G1 X165.967 Y78.198 E1669.40601
G1 X166.081 Y78.589 E1669.4205
G1 X166.28 Y78.953 E1669.43527
G1 X166.531 Y79.265 E1669.44952
G1 X166.843 Y79.515 E1669.46375
G1 F1859.2 X167.206 Y79.716 E1669.47845
G1 X167.597 Y79.829 E1669.49286
G1 F1854.8 X168 Y79.873 E1669.50726
G0 F9000 X168.001 Y79.451
G1 F1854.8 X167.68 Y79.405 E1669.51877
G1 F1859.2 X167.367 Y79.325 E1669.53021
G1 X167.084 Y79.157 E1669.54187
G1 F1850.5 X166.83 Y78.966 E1669.55318
G1 X166.641 Y78.712 E1669.56445
G1 F1841.9 X166.465 Y78.427 E1669.57642
G1 F1859.2 X166.342 Y77.848 E1669.59739
G1 F1850.5 X166.393 Y77.478 E1669.61068
G1 F1854.8 X166.471 Y77.167 E1669.62207
G1 F1859.2 X166.639 Y76.884 E1669.63373
G1 F1850.5 X166.83 Y76.63 E1669.64504
G1 X167.084 Y76.441 E1669.6563
G1 F1841.9 X167.366 Y76.267 E1669.66815
G1 F1859.2 X167.916 Y76.137 E1669.68817
G1 F1850.5 X168.317 Y76.192 E1669.70257
G1 F1854.8 X168.629 Y76.27 E1669.71399
G1 X168.912 Y76.439 E1669.7257
G1 F1846.2 X169.174 Y76.63 E1669.73726
G1 F1867.9 X169.515 Y77.126 E1669.75848
G1 F1872.3 X169.669 Y77.722 E1669.78013
G1 F1850.5 X169.605 Y78.116 E1669.79434
G1 F1859.2 X169.526 Y78.429 E1669.80577
G1 F1854.8 X169.357 Y78.712 E1669.81748
G1 X169.166 Y78.966 E1669.82876
G1 X168.912 Y79.156 E1669.84002
G1 X168.629 Y79.326 E1669.85174
G1 F1859.2 X168.315 Y79.407 E1669.86323
G1 X168.001 Y79.451 E1669.87446
G0 F9000 X168.006 Y79.024
;TYPE:WALL-OUTER
G1 F1800 X167.53 Y78.931 E1669.89221
G1 X167.133 Y78.663 E1669.90973
G1 X166.869 Y78.266 E1669.92717
G1 X166.776 Y77.805 E1669.94438
G1 X166.865 Y77.33 E1669.96206
G1 X167.133 Y76.933 E1669.97959
G1 X167.529 Y76.669 E1669.997
G1 X167.985 Y76.575 E1670.01403
G1 X168.467 Y76.665 E1670.03197
G1 X168.863 Y76.935 E1670.04951
G1 X169.131 Y77.328 E1670.06691
G1 X169.221 Y77.792 E1670.0842
G1 X169.131 Y78.267 E1670.10189
G1 X168.861 Y78.663 E1670.11943
G1 X168.468 Y78.93 E1670.13681
G1 X168.006 Y79.024 E1670.15406
G0 F9000 X168 Y80.306
G1 F1800 X168.484 Y80.259 E1670.17185
G1 X168.955 Y80.115 E1670.18987
G1 X169.397 Y79.88 E1670.20818
G1 X169.771 Y79.571 E1670.22593
G1 X170.08 Y79.197 E1670.24368
G1 X170.315 Y78.755 E1670.262
G1 X170.459 Y78.284 E1670.28001
G1 X170.506 Y77.8 E1670.29781
G1 X170.459 Y77.312 E1670.31574
G1 X170.315 Y76.841 E1670.33376
G1 X170.08 Y76.399 E1670.35208
G1 X169.771 Y76.025 E1670.36983
G1 X169.397 Y75.716 E1670.38758
G1 X168.955 Y75.481 E1670.40589
G1 X168.484 Y75.337 E1670.42391
G1 X168 Y75.29 E1670.4417
G1 X167.512 Y75.337 E1670.45964
G1 X167.041 Y75.48 E1670.47765
G1 X166.599 Y75.716 E1670.49598
G1 X166.225 Y76.025 E1670.51373
G1 X165.916 Y76.399 E1670.53148
G1 X165.681 Y76.841 E1670.54979
G1 X165.537 Y77.312 E1670.56781
G1 X165.49 Y77.8 E1670.58575
G1 X165.537 Y78.284 E1670.60354
G1 X165.68 Y78.755 E1670.62155
G1 X165.916 Y79.197 E1670.63988
G1 X166.225 Y79.571 E1670.65763
G1 X166.599 Y79.88 E1670.67538
G1 X167.041 Y80.115 E1670.69369
G1 X167.512 Y80.259 E1670.71171
G1 X168 Y80.306 E1670.72965
G1 F1500 E1668.72965
;MESH:NONMESH
G0 F300 Z5.44
G0 F9000 X47.909 Y70.208
;TIME_ELAPSED:6946.986725
;LAYER:27
;TYPE:WALL-INNER
;MESH:SmartKiln_Frente.stl
G1 F1500 E1670.72965
G1 F1763.9 X48.1 Y70.2 E1670.73678
G1 F1800 X171.9 Y70.2 E1675.26615
G1 F1500 E1673.26615
G0 F9000 X173 Y71.3
G1 F1500 E1675.26615
G1 F1867.9 X173.016 Y70.184 E1675.3055
G1 X171.9 Y70.2 E1675.34485
G1 X172.667 Y70.533 E1675.37433
G1 X173 Y71.3 E1675.40381
G1 F1800 X173 Y148.7 E1678.23558
G1 F1767.9 X172.992 Y148.891 E1678.2427
G0 F9000 X172.091 Y149.792
G1 F1763.9 X171.9 Y149.8 E1678.24983
G1 F1800 X48.1 Y149.8 E1682.7792
G1 F1867.9 X47.333 Y149.467 E1682.80868
G1 F1829.1 X47.008 Y148.891 E1682.83249
G1 X46.985 Y149.815 E1682.86577
G1 F1867.9 X48.1 Y149.8 E1682.90508
G0 F9000 X47.008 Y148.891
G1 F1763.9 X47 Y148.7 E1682.91222
G1 F1800 X47 Y71.3 E1685.74399
G1 F1867.9 X47.333 Y70.533 E1685.77347
G1 F1829.1 X47.909 Y70.208 E1685.79728
G1 X46.985 Y70.185 E1685.83056
G1 F1867.9 X47 Y71.3 E1685.86987
G1 F1500 E1683.86987
G0 F9000 X48.753 Y71.953
G0 X110 Y148.035
G0 X110 Y149.36
G1 F1500 E1685.86987
G1 F1800 X48.1 Y149.36 E1688.13455
G1 X47.633 Y149.167 E1688.15304
G1 X47.44 Y148.795 E1688.16837
G1 X47.44 Y71.3 E1691.00362
G1 X47.633 Y70.833 E1691.02211
G1 X48.005 Y70.64 E1691.03744
G1 X171.9 Y70.64 E1695.57028
G1 X172.367 Y70.833 E1695.58877
G1 X172.56 Y71.3 E1695.60725
G1 X172.56 Y148.797 E1698.44257
G1 X172.367 Y149.167 E1698.45784
G1 X171.995 Y149.36 E1698.47317
G1 X110 Y149.36 E1700.74133
G1 F1500 E1698.74133
G0 F9000 X172.091 Y149.792
G1 F1500 E1700.74133
G1 F1824.9 X173.016 Y149.816 E1700.77472
G1 F1833.3 X172.992 Y148.891 E1700.80796
G1 X172.667 Y149.467 E1700.83172
G1 F1824.9 X172.091 Y149.792 E1700.85558
G1 F1500 E1698.85558
G0 F9000 X172.091 Y151.565
G0 X110 Y151.565
G0 X110 Y150.24
G1 F1500 E1700.85558
G1 F1800 X173.44 Y150.24 E1703.17661
G1 X173.44 Y69.76 E1706.12106
G1 X46.561 Y69.761 E1710.76307
G1 X46.561 Y150.239 E1713.70746
G1 X110 Y150.24 E1716.02844
G0 F9000 X110 Y150.68
;TYPE:WALL-OUTER
G1 F1800 X173.88 Y150.68 E1718.36557
G1 X173.88 Y69.32 E1721.34222
G1 X46.121 Y69.321 E1726.01643
G1 X46.121 Y150.679 E1728.993
G1 X110 Y150.68 E1731.33009
G1 F1500 E1729.33009
G0 F9000 X110 Y148.918
G1 F1500 E1731.33009
G1 F1800 X48.1 Y148.92 E1733.59477
G1 X47.944 Y148.856 E1733.60094
G1 X47.883 Y148.738 E1733.6058
G1 X47.88 Y71.3 E1736.43896
G1 X47.944 Y71.144 E1736.44513
G1 X48.062 Y71.083 E1736.44999
G1 X171.9 Y71.08 E1740.98074
G1 X172.056 Y71.144 E1740.98691
G1 X172.12 Y71.3 E1740.99308
G1 X172.117 Y148.738 E1743.82624
G1 X172.056 Y148.856 E1743.8311
G1 X171.938 Y148.917 E1743.83596
G1 X110 Y148.918 E1746.10203
G1 F1500 E1744.10203
;MESH:NONMESH
G0 F300 Z5.64
G0 F9000 X110 Y148.035
G0 X48.753 Y71.953
G0 X47.909 Y70.208
;TIME_ELAPSED:7022.157854
;LAYER:28
;TYPE:WALL-INNER
;MESH:SmartKiln_Frente.stl
G1 F1500 E1746.10203
G1 F1763.9 X48.1 Y70.2 E1746.10917
G1 F1800 X171.9 Y70.2 E1750.63853
G1 F1500 E1748.63853
G0 F9000 X173 Y71.3
G1 F1500 E1750.63853
G1 F1867.9 X173.016 Y70.184 E1750.67788
G1 X171.9 Y70.2 E1750.71723
G1 X172.667 Y70.533 E1750.74671
G1 X173 Y71.3 E1750.77619
G1 F1800 X173 Y148.7 E1753.60796
G1 F1767.9 X172.992 Y148.891 E1753.61508
G0 F9000 X172.091 Y149.792
G1 F1824.9 X173.016 Y149.816 E1753.64847
G1 F1833.3 X172.992 Y148.891 E1753.68171
G1 X172.667 Y149.467 E1753.70547
G1 F1824.9 X172.091 Y149.792 E1753.72933
G1 F1763.9 X171.9 Y149.8 E1753.73647
G1 F1800 X48.1 Y149.8 E1758.26584
G1 F1867.9 X47.333 Y149.467 E1758.29532
G1 F1829.1 X47.008 Y148.891 E1758.31913
G1 X46.985 Y149.815 E1758.35241
G1 F1867.9 X48.1 Y149.8 E1758.39172
G0 F9000 X47.008 Y148.891
G1 F1763.9 X47 Y148.7 E1758.39886
G1 F1800 X47 Y71.3 E1761.23063
G1 F1867.9 X47.333 Y70.533 E1761.26011
G1 F1829.1 X47.909 Y70.208 E1761.28392
G1 X46.985 Y70.185 E1761.3172
G1 F1867.9 X47 Y71.3 E1761.35651
G1 F1500 E1759.35651
G0 F9000 X110 Y150.24
G1 F1500 E1761.35651
G1 F1800 X173.44 Y150.24 E1763.67753
G1 X173.44 Y69.76 E1766.62199
G1 X46.561 Y69.761 E1771.264
G1 X46.561 Y150.239 E1774.20838
G1 X110 Y150.24 E1776.52937
G0 F9000 X110 Y149.36
G1 F1800 X48.1 Y149.36 E1778.79405
G1 X47.633 Y149.167 E1778.81254
G1 X47.44 Y148.795 E1778.82787
G1 X47.44 Y71.3 E1781.66312
G1 X47.633 Y70.833 E1781.6816
G1 X48.005 Y70.64 E1781.69694
G1 X171.9 Y70.64 E1786.22978
G1 X172.367 Y70.833 E1786.24826
G1 X172.56 Y71.3 E1786.26675
G1 X172.56 Y148.797 E1789.10207
G1 X172.367 Y149.167 E1789.11734
G1 X171.995 Y149.36 E1789.13267
G1 X110 Y149.36 E1791.40083
G0 F9000 X110 Y148.918
;TYPE:WALL-OUTER
G1 F1800 X48.1 Y148.92 E1793.66551
G1 X47.944 Y148.856 E1793.67168
G1 X47.883 Y148.738 E1793.67654
G1 X47.88 Y71.3 E1796.5097
G1 X47.944 Y71.144 E1796.51587
G1 X48.062 Y71.083 E1796.52073
G1 X171.9 Y71.08 E1801.05148
G1 X172.056 Y71.144 E1801.05765
G1 X172.12 Y71.3 E1801.06382
G1 X172.117 Y148.738 E1803.89698
G1 X172.056 Y148.856 E1803.90184
G1 X171.938 Y148.917 E1803.9067
G1 X110 Y148.918 E1806.17277
G1 F1500 E1804.17277
G0 F9000 X110 Y150.68
G1 F1500 E1806.17277
G1 F1800 X173.88 Y150.68 E1808.50989
G1 X173.88 Y69.32 E1811.48654
G1 X46.121 Y69.321 E1816.16075
G1 X46.121 Y150.679 E1819.13733
G1 X110 Y150.68 E1821.47442
G1 F1500 E1819.47442
;MESH:NONMESH
G0 F300 Z5.84
G0 F9000 X47.909 Y70.208
;TIME_ELAPSED:7095.250543
;LAYER:29
;TYPE:WALL-INNER
;MESH:SmartKiln_Frente.stl
G1 F1500 E1821.47442
G1 F1763.9 X48.1 Y70.2 E1821.48155
G1 F1800 X171.9 Y70.2 E1826.01092
G1 F1500 E1824.01092
G0 F9000 X173 Y71.3
G1 F1500 E1826.01092
G1 F1800 X173 Y148.7 E1828.84269
G1 F1767.9 X172.992 Y148.891 E1828.84981
G0 F9000 X172.091 Y149.792
G1 F1763.9 X171.9 Y149.8 E1828.85694
G1 F1800 X48.1 Y149.8 E1833.38631
G1 F1867.9 X47.333 Y149.467 E1833.41579
G1 F1829.1 X47.008 Y148.891 E1833.4396
G1 X46.985 Y149.815 E1833.47288
G1 F1867.9 X48.1 Y149.8 E1833.51219
G0 F9000 X47.008 Y148.891
G1 F1763.9 X47 Y148.7 E1833.51933
G1 F1800 X47 Y71.3 E1836.3511
G1 F1867.9 X47.333 Y70.533 E1836.38058
G1 F1829.1 X47.909 Y70.208 E1836.40439
G1 X46.985 Y70.185 E1836.43767
G1 F1867.9 X47 Y71.3 E1836.47698
G1 F1500 E1834.47698
G0 F9000 X48.753 Y71.953
G0 X110 Y148.035
G0 X110 Y149.36
G1 F1500 E1836.47698
G1 F1800 X48.1 Y149.36 E1838.74166
G1 X47.633 Y149.167 E1838.76015
G1 X47.44 Y148.795 E1838.77548
G1 X47.44 Y71.3 E1841.61073
G1 X47.633 Y70.833 E1841.62921
G1 X48.005 Y70.64 E1841.64455
G1 X171.9 Y70.64 E1846.17739
G1 X172.367 Y70.833 E1846.19588
G1 X172.56 Y71.3 E1846.21436
G1 X172.56 Y148.797 E1849.04968
G1 X172.367 Y149.167 E1849.06495
G1 X171.995 Y149.36 E1849.08028
G1 X110 Y149.36 E1851.34844
G1 F1500 E1849.34844
G0 F9000 X172.091 Y149.792
G1 F1500 E1851.34844
G1 F1824.9 X173.016 Y149.816 E1851.38183
G1 F1833.3 X172.992 Y148.891 E1851.41507
G1 X172.667 Y149.467 E1851.43882
G1 F1824.9 X172.091 Y149.792 E1851.46269
G1 F1500 E1849.46269
G0 F9000 X173 Y71.3
G1 F1500 E1851.46269
G1 F1867.9 X173.016 Y70.184 E1851.50204
G1 X171.9 Y70.2 E1851.54139
G1 X172.667 Y70.533 E1851.57087
G1 X173 Y71.3 E1851.60035
G1 F1500 E1849.60035
G0 F9000 X110 Y150.24
G1 F1500 E1851.60035
G1 F1800 X173.44 Y150.24 E1853.92138
G1 X173.44 Y69.76 E1856.86583
G1 X46.561 Y69.761 E1861.50784
G1 X46.561 Y150.239 E1864.45222
G1 X110 Y150.24 E1866.77321
G0 F9000 X110 Y150.68
;TYPE:WALL-OUTER
G1 F1800 X173.88 Y150.68 E1869.11033
G1 X173.88 Y69.32 E1872.08698
G1 X46.121 Y69.321 E1876.76119
G1 X46.121 Y150.679 E1879.73777
G1 X110 Y150.68 E1882.07486
G1 F1500 E1880.07486
G0 F9000 X110 Y148.918
G1 F1500 E1882.07486
G1 F1800 X48.1 Y148.92 E1884.33954
G1 X47.944 Y148.856 E1884.34571
G1 X47.883 Y148.738 E1884.35057
G1 X47.88 Y71.3 E1887.18373
G1 X47.944 Y71.144 E1887.18989
G1 X48.062 Y71.083 E1887.19475
G1 X171.9 Y71.08 E1891.72551
G1 X172.056 Y71.144 E1891.73168
G1 X172.12 Y71.3 E1891.73785
G1 X172.117 Y148.738 E1894.57101
G1 X172.056 Y148.856 E1894.57587
G1 X171.938 Y148.917 E1894.58073
G1 X110 Y148.918 E1896.8468
G1 F1500 E1894.8468
;MESH:NONMESH
G0 F300 Z6.04
G0 F9000 X110 Y148.035
G0 X48.753 Y71.953
G0 X47.909 Y70.208
;TIME_ELAPSED:7171.564793
;LAYER:30
;TYPE:WALL-INNER
;MESH:SmartKiln_Frente.stl
G1 F1500 E1896.8468
G1 F1763.9 X48.1 Y70.2 E1896.85394
G1 F1800 X171.9 Y70.2 E1901.3833
G1 F1500 E1899.3833
G0 F9000 X173 Y71.3
G1 F1500 E1901.3833
G1 F1867.9 X173.016 Y70.184 E1901.42265
G1 X171.9 Y70.2 E1901.462
G1 X172.667 Y70.533 E1901.49148
G1 X173 Y71.3 E1901.52096
G1 F1800 X173 Y148.7 E1904.35273
G1 F1767.9 X172.992 Y148.891 E1904.35985
G0 F9000 X172.091 Y149.792
G1 F1763.9 X171.9 Y149.8 E1904.36699
G1 F1800 X48.1 Y149.8 E1908.89635
G1 F1867.9 X47.333 Y149.467 E1908.92583
G1 F1829.1 X47.008 Y148.891 E1908.94964
G1 X46.985 Y149.815 E1908.98292
G1 F1867.9 X48.1 Y149.8 E1909.02223
G0 F9000 X47.008 Y148.891
G1 F1763.9 X47 Y148.7 E1909.02937
G1 F1800 X47 Y71.3 E1911.86114
G1 F1867.9 X47.333 Y70.533 E1911.89062
G1 F1829.1 X47.909 Y70.208 E1911.91443
G1 X46.985 Y70.185 E1911.94771
G1 F1867.9 X47 Y71.3 E1911.98702
G1 F1500 E1909.98702
G0 F9000 X48.753 Y71.953
G0 X110 Y148.035
G0 X110 Y149.36
G1 F1500 E1911.98702
G1 F1800 X48.1 Y149.36 E1914.25171
G1 X47.633 Y149.167 E1914.27019
G1 X47.44 Y148.795 E1914.28553
G1 X47.44 Y71.3 E1917.12077
G1 X47.633 Y70.833 E1917.13926
G1 X48.005 Y70.64 E1917.15459
G1 X171.9 Y70.64 E1921.68743
G1 X172.367 Y70.833 E1921.70592
G1 X172.56 Y71.3 E1921.7244
G1 X172.56 Y148.797 E1924.55972
G1 X172.367 Y149.167 E1924.57499
G1 X171.995 Y149.36 E1924.59032
G1 X110 Y149.36 E1926.85848
G1 F1500 E1924.85848
G0 F9000 X172.091 Y149.792
G1 F1500 E1926.85848
G1 F1824.9 X173.016 Y149.816 E1926.89187
G1 F1833.3 X172.992 Y148.891 E1926.92511
G1 X172.667 Y149.467 E1926.94887
G1 F1824.9 X172.091 Y149.792 E1926.97273
G1 F1500 E1924.97273
G0 F9000 X172.091 Y151.565
G0 X110 Y151.565
G0 X110 Y150.24
G1 F1500 E1926.97273
G1 F1800 X173.44 Y150.24 E1929.29376
G1 X173.44 Y69.76 E1932.23821
G1 X46.561 Y69.761 E1936.88023
G1 X46.561 Y150.239 E1939.82461
G1 X110 Y150.24 E1942.14559
G0 F9000 X110 Y150.68
;TYPE:WALL-OUTER
G1 F1800 X173.88 Y150.68 E1944.48272
G1 X173.88 Y69.32 E1947.45937
G1 X46.121 Y69.321 E1952.13358
G1 X46.121 Y150.679 E1955.11015
G1 X110 Y150.68 E1957.44724
G1 F1500 E1955.44724
G0 F9000 X110 Y148.918
G1 F1500 E1957.44724
G1 F1800 X48.1 Y148.92 E1959.71192
G1 X47.944 Y148.856 E1959.71809
G1 X47.883 Y148.738 E1959.72295
G1 X47.88 Y71.3 E1962.55611
G1 X47.944 Y71.144 E1962.56228
G1 X48.062 Y71.083 E1962.56714
G1 X171.9 Y71.08 E1967.09789
G1 X172.056 Y71.144 E1967.10406
G1 X172.12 Y71.3 E1967.11023
G1 X172.117 Y148.738 E1969.94339
G1 X172.056 Y148.856 E1969.94825
G1 X171.938 Y148.917 E1969.95311
G1 X110 Y148.918 E1972.21918
G1 F1500 E1970.21918
;MESH:NONMESH
G0 F300 Z6.24
G0 F9000 X110 Y148.035
G0 X48.753 Y71.953
G0 X47.909 Y70.208
;TIME_ELAPSED:7246.735922
;LAYER:31
;TYPE:WALL-INNER
;MESH:SmartKiln_Frente.stl
G1 F1500 E1972.21918
G1 F1763.9 X48.1 Y70.2 E1972.22632
G1 F1800 X171.9 Y70.2 E1976.75568
G1 F1500 E1974.75568
G0 F9000 X173 Y71.3
G1 F1500 E1976.75568
G1 F1867.9 X173.016 Y70.184 E1976.79503
G1 X171.9 Y70.2 E1976.83438
G1 X172.667 Y70.533 E1976.86386
G1 X173 Y71.3 E1976.89334
G1 F1800 X173 Y148.7 E1979.72511
G1 F1767.9 X172.992 Y148.891 E1979.73223
G0 F9000 X172.091 Y149.792
G1 F1763.9 X171.9 Y149.8 E1979.73937
G1 F1800 X48.1 Y149.8 E1984.26873
G1 F1867.9 X47.333 Y149.467 E1984.29821
G1 F1829.1 X47.008 Y148.891 E1984.32203
G1 X46.985 Y149.815 E1984.3553
G1 F1867.9 X48.1 Y149.8 E1984.39462
G0 F9000 X47.008 Y148.891
G1 F1763.9 X47 Y148.7 E1984.40176
G1 F1800 X47 Y71.3 E1987.23352
G1 F1867.9 X47.333 Y70.533 E1987.263
G1 F1829.1 X47.909 Y70.208 E1987.28681
G1 X46.985 Y70.185 E1987.32009
G1 F1867.9 X47 Y71.3 E1987.35941
G1 F1500 E1985.35941
G0 F9000 X48.753 Y71.953
G0 X110 Y148.035
G0 X110 Y149.36
G1 F1500 E1987.35941
G1 F1800 X48.1 Y149.36 E1989.62409
G1 X47.633 Y149.167 E1989.64258
G1 X47.44 Y148.795 E1989.65791
G1 X47.44 Y71.3 E1992.49315
G1 X47.633 Y70.833 E1992.51164
G1 X48.005 Y70.64 E1992.52697
G1 X171.9 Y70.64 E1997.05981
G1 X172.367 Y70.833 E1997.0783
G1 X172.56 Y71.3 E1997.09679
G1 X172.56 Y148.797 E1999.93211
G1 X172.367 Y149.167 E1999.94737
G1 X171.995 Y149.36 E1999.96271
G1 X110 Y149.36 E2002.23086
G1 F1500 E2000.23086
G0 F9000 X172.091 Y149.792
G1 F1500 E2002.23086
G1 F1824.9 X173.016 Y149.816 E2002.26426
G1 F1833.3 X172.992 Y148.891 E2002.29749
G1 X172.667 Y149.467 E2002.32125
G1 F1824.9 X172.091 Y149.792 E2002.34512
G1 F1500 E2000.34512
G0 F9000 X172.091 Y151.565
G0 X110 Y151.565
G0 X110 Y150.24
G1 F1500 E2002.34512
G1 F1800 X173.44 Y150.24 E2004.66614
G1 X173.44 Y69.76 E2007.6106
G1 X46.561 Y69.761 E2012.25261
G1 X46.561 Y150.239 E2015.19699
G1 X110 Y150.24 E2017.51798
G0 F9000 X110 Y150.68
;TYPE:WALL-OUTER
G1 F1800 X173.88 Y150.68 E2019.8551
G1 X173.88 Y69.32 E2022.83175
G1 X46.121 Y69.321 E2027.50596
G1 X46.121 Y150.679 E2030.48254
G1 X110 Y150.68 E2032.81962
G1 F1500 E2030.81962
G0 F9000 X110 Y148.918
G1 F1500 E2032.81962
G1 F1800 X48.1 Y148.92 E2035.08431
G1 X47.944 Y148.856 E2035.09047
G1 X47.883 Y148.738 E2035.09533
G1 X47.88 Y71.3 E2037.92849
G1 X47.944 Y71.144 E2037.93466
G1 X48.062 Y71.083 E2037.93952
G1 X171.9 Y71.08 E2042.47028
G1 X172.056 Y71.144 E2042.47645
G1 X172.12 Y71.3 E2042.48262
G1 X172.117 Y148.738 E2045.31577
G1 X172.056 Y148.856 E2045.32063
G1 X171.938 Y148.917 E2045.32549
G1 X110 Y148.918 E2047.59157
G1 F1500 E2045.59157
;MESH:NONMESH
G0 F300 Z6.44
G0 F9000 X110 Y148.035
G0 X48.753 Y71.953
G0 X47.909 Y70.208
;TIME_ELAPSED:7321.907051
;LAYER:32
;TYPE:WALL-INNER
;MESH:SmartKiln_Frente.stl
G1 F1500 E2047.59157
G1 F1763.9 X48.1 Y70.2 E2047.5987
G1 F1800 X171.9 Y70.2 E2052.12807
G1 F1500 E2050.12807
G0 F9000 X173 Y71.3
G1 F1500 E2052.12807
G1 F1800 X173 Y148.7 E2054.95984
G1 F1767.9 X172.992 Y148.891 E2054.96696
G0 F9000 X172.091 Y149.792
G1 F1763.9 X171.9 Y149.8 E2054.97409
G1 F1800 X48.1 Y149.8 E2059.50346
G1 F1867.9 X47.333 Y149.467 E2059.53294
G1 F1829.1 X47.008 Y148.891 E2059.55675
G1 X46.985 Y149.815 E2059.59003
G1 F1867.9 X48.1 Y149.8 E2059.62934
G0 F9000 X47.008 Y148.891
G1 F1763.9 X47 Y148.7 E2059.63648
G1 F1800 X47 Y71.3 E2062.46825
G1 F1867.9 X47.333 Y70.533 E2062.49773
G1 F1829.1 X47.909 Y70.208 E2062.52154
G1 X46.985 Y70.185 E2062.55482
G1 F1867.9 X47 Y71.3 E2062.59413
G1 F1500 E2060.59413
G0 F9000 X48.753 Y71.953
G0 X110 Y148.035
G0 X110 Y149.36
G1 F1500 E2062.59413
G1 F1800 X48.1 Y149.36 E2064.85881
G1 X47.633 Y149.167 E2064.8773
G1 X47.44 Y148.795 E2064.89263
G1 X47.44 Y71.3 E2067.72788
G1 X47.633 Y70.833 E2067.74637
G1 X48.005 Y70.64 E2067.7617
G1 X171.9 Y70.64 E2072.29454
G1 X172.367 Y70.833 E2072.31303
G1 X172.56 Y71.3 E2072.33151
G1 X172.56 Y148.797 E2075.16683
G1 X172.367 Y149.167 E2075.1821
G1 X171.995 Y149.36 E2075.19743
G1 X110 Y149.36 E2077.46559
G1 F1500 E2075.46559
G0 F9000 X172.091 Y149.792
G1 F1500 E2077.46559
G1 F1824.9 X173.016 Y149.816 E2077.49898
G1 F1833.3 X172.992 Y148.891 E2077.53222
G1 X172.667 Y149.467 E2077.55598
G1 F1824.9 X172.091 Y149.792 E2077.57984
G1 F1500 E2075.57984
G0 F9000 X173 Y71.3
G1 F1500 E2077.57984
G1 F1867.9 X173.016 Y70.184 E2077.61919
G1 X171.9 Y70.2 E2077.65854
G1 X172.667 Y70.533 E2077.68802
G1 X173 Y71.3 E2077.7175
G1 F1500 E2075.7175
G0 F9000 X110 Y150.24
G1 F1500 E2077.7175
G1 F1800 X173.44 Y150.24 E2080.03853
G1 X173.44 Y69.76 E2082.98298
G1 X46.561 Y69.761 E2087.62499
G1 X46.561 Y150.239 E2090.56937
G1 X110 Y150.24 E2092.89036
G0 F9000 X110 Y150.68
;TYPE:WALL-OUTER
G1 F1800 X173.88 Y150.68 E2095.22749
G1 X173.88 Y69.32 E2098.20413
G1 X46.121 Y69.321 E2102.87834
G1 X46.121 Y150.679 E2105.85492
G1 X110 Y150.68 E2108.19201
G1 F1500 E2106.19201
G0 F9000 X110 Y148.918
G1 F1500 E2108.19201
G1 F1800 X48.1 Y148.92 E2110.45669
G1 X47.944 Y148.856 E2110.46286
G1 X47.883 Y148.738 E2110.46772
G1 X47.88 Y71.3 E2113.30088
G1 X47.944 Y71.144 E2113.30705
G1 X48.062 Y71.083 E2113.31191
G1 X171.9 Y71.08 E2117.84266
G1 X172.056 Y71.144 E2117.84883
G1 X172.12 Y71.3 E2117.855
G1 X172.117 Y148.738 E2120.68816
G1 X172.056 Y148.856 E2120.69302
G1 X171.938 Y148.917 E2120.69788
G1 X110 Y148.918 E2122.96395
G1 F1500 E2120.96395
;MESH:NONMESH
G0 F300 Z6.64
G0 F9000 X110 Y148.035
G0 X48.753 Y71.953
G0 X47.909 Y70.208
;TIME_ELAPSED:7398.221301
;LAYER:33
;TYPE:WALL-INNER
;MESH:SmartKiln_Frente.stl
G1 F1500 E2122.96395
G1 F1763.9 X48.1 Y70.2 E2122.97109
G1 F1800 X171.9 Y70.2 E2127.50045
G1 F1500 E2125.50045
G0 F9000 X173 Y71.3
G1 F1500 E2127.50045
G1 F1867.9 X173.016 Y70.184 E2127.5398
G1 X171.9 Y70.2 E2127.57915
G1 X172.667 Y70.533 E2127.60863
G1 X173 Y71.3 E2127.63811
G1 F1800 X173 Y148.7 E2130.46988
G1 F1767.9 X172.992 Y148.891 E2130.477
G0 F9000 X172.091 Y149.792
G1 F1763.9 X171.9 Y149.8 E2130.48414
G1 F1800 X48.1 Y149.8 E2135.0135
G1 F1867.9 X47.333 Y149.467 E2135.04298
G1 F1829.1 X47.008 Y148.891 E2135.06679
G1 X46.985 Y149.815 E2135.10007
G1 F1867.9 X48.1 Y149.8 E2135.13939
G0 F9000 X47.008 Y148.891
G1 F1763.9 X47 Y148.7 E2135.14652
G1 F1800 X47 Y71.3 E2137.97829
G1 F1867.9 X47.333 Y70.533 E2138.00777
G1 F1829.1 X47.909 Y70.208 E2138.03158
G1 X46.985 Y70.185 E2138.06486
G1 F1867.9 X47 Y71.3 E2138.10417
G1 F1500 E2136.10417
G0 F9000 X48.753 Y71.953
G0 X110 Y148.035
G0 X110 Y149.36
G1 F1500 E2138.10417
G1 F1800 X48.1 Y149.36 E2140.36886
G1 X47.633 Y149.167 E2140.38734
G1 X47.44 Y148.795 E2140.40268
G1 X47.44 Y71.3 E2143.23792
G1 X47.633 Y70.833 E2143.25641
G1 X48.005 Y70.64 E2143.27174
G1 X171.9 Y70.64 E2147.80458
G1 X172.367 Y70.833 E2147.82307
G1 X172.56 Y71.3 E2147.84156
G1 X172.56 Y148.797 E2150.67687
G1 X172.367 Y149.167 E2150.69214
G1 X171.995 Y149.36 E2150.70747
G1 X110 Y149.36 E2152.97563
G1 F1500 E2150.97563
G0 F9000 X172.091 Y149.792
G1 F1500 E2152.97563
G1 F1824.9 X173.016 Y149.816 E2153.00902
G1 F1833.3 X172.992 Y148.891 E2153.04226
G1 X172.667 Y149.467 E2153.06602
G1 F1824.9 X172.091 Y149.792 E2153.08988
G1 F1500 E2151.08988
G0 F9000 X172.091 Y151.565
G0 X110 Y151.565
G0 X110 Y150.24
G1 F1500 E2153.08988
G1 F1800 X173.44 Y150.24 E2155.41091
G1 X173.44 Y69.76 E2158.35536
G1 X46.561 Y69.761 E2162.99738
G1 X46.561 Y150.239 E2165.94176
G1 X110 Y150.24 E2168.26275
G0 F9000 X110 Y150.68
;TYPE:WALL-OUTER
G1 F1800 X173.88 Y150.68 E2170.59987
G1 X173.88 Y69.32 E2173.57652
G1 X46.121 Y69.321 E2178.25073
G1 X46.121 Y150.679 E2181.2273
G1 X110 Y150.68 E2183.56439
G1 F1500 E2181.56439
G0 F9000 X110 Y148.918
G1 F1500 E2183.56439
G1 F1800 X48.1 Y148.92 E2185.82907
G1 X47.944 Y148.856 E2185.83524
G1 X47.883 Y148.738 E2185.8401
G1 X47.88 Y71.3 E2188.67326
G1 X47.944 Y71.144 E2188.67943
G1 X48.062 Y71.083 E2188.68429
G1 X171.9 Y71.08 E2193.21504
G1 X172.056 Y71.144 E2193.22121
G1 X172.12 Y71.3 E2193.22738
G1 X172.117 Y148.738 E2196.06054
G1 X172.056 Y148.856 E2196.0654
G1 X171.938 Y148.917 E2196.07026
G1 X110 Y148.918 E2198.33633
G1 F1500 E2196.33633
;MESH:NONMESH
G0 F300 Z6.84
G0 F9000 X110 Y148.035
G0 X48.753 Y71.953
G0 X47.909 Y70.208
;TIME_ELAPSED:7473.392430
;LAYER:34
;TYPE:WALL-INNER
;MESH:SmartKiln_Frente.stl
G1 F1500 E2198.33633
G1 F1763.9 X48.1 Y70.2 E2198.34347
G1 F1800 X171.9 Y70.2 E2202.87284
G1 F1500 E2200.87284
G0 F9000 X173 Y71.3
G1 F1500 E2202.87284
G1 F1867.9 X173.016 Y70.184 E2202.91219
G1 X171.9 Y70.2 E2202.95154
G1 X172.667 Y70.533 E2202.98101
G1 X173 Y71.3 E2203.01049
G1 F1800 X173 Y148.7 E2205.84226
G1 F1767.9 X172.992 Y148.891 E2205.84938
G0 F9000 X172.091 Y149.792
G1 F1763.9 X171.9 Y149.8 E2205.85652
G1 F1800 X48.1 Y149.8 E2210.38589
G1 F1867.9 X47.333 Y149.467 E2210.41537
G1 F1829.1 X47.008 Y148.891 E2210.43918
G1 X46.985 Y149.815 E2210.47246
G1 F1867.9 X48.1 Y149.8 E2210.51177
G0 F9000 X47.008 Y148.891
G1 F1763.9 X47 Y148.7 E2210.51891
G1 F1800 X47 Y71.3 E2213.35067
G1 F1867.9 X47.333 Y70.533 E2213.38015
G1 F1829.1 X47.909 Y70.208 E2213.40397
G1 X46.985 Y70.185 E2213.43724
G1 F1867.9 X47 Y71.3 E2213.47656
G1 F1500 E2211.47656
G0 F9000 X48.753 Y71.953
G0 X110 Y148.035
G0 X110 Y149.36
G1 F1500 E2213.47656
G1 F1800 X48.1 Y149.36 E2215.74124
G1 X47.633 Y149.167 E2215.75973
G1 X47.44 Y148.795 E2215.77506
G1 X47.44 Y71.3 E2218.6103
G1 X47.633 Y70.833 E2218.62879
G1 X48.005 Y70.64 E2218.64412
G1 X171.9 Y70.64 E2223.17696
G1 X172.367 Y70.833 E2223.19545
G1 X172.56 Y71.3 E2223.21394
G1 X172.56 Y148.797 E2226.04926
G1 X172.367 Y149.167 E2226.06452
G1 X171.995 Y149.36 E2226.07986
G1 X110 Y149.36 E2228.34802
G1 F1500 E2226.34802
G0 F9000 X172.091 Y149.792
G1 F1500 E2228.34802
G1 F1824.9 X173.016 Y149.816 E2228.38141
G1 F1833.3 X172.992 Y148.891 E2228.41465
G1 X172.667 Y149.467 E2228.4384
G1 F1824.9 X172.091 Y149.792 E2228.46227
G1 F1500 E2226.46227
G0 F9000 X172.091 Y151.565
G0 X110 Y151.565
G0 X110 Y150.24
G1 F1500 E2228.46227
G1 F1800 X173.44 Y150.24 E2230.78329
G1 X173.44 Y69.76 E2233.72775
G1 X46.561 Y69.761 E2238.36976
G1 X46.561 Y150.239 E2241.31414
G1 X110 Y150.24 E2243.63513
G0 F9000 X110 Y150.68
;TYPE:WALL-OUTER
G1 F1800 X173.88 Y150.68 E2245.97225
G1 X173.88 Y69.32 E2248.9489
G1 X46.121 Y69.321 E2253.62311
G1 X46.121 Y150.679 E2256.59969
G1 X110 Y150.68 E2258.93677
G1 F1500 E2256.93677
G0 F9000 X110 Y148.918
G1 F1500 E2258.93677
G1 F1800 X48.1 Y148.92 E2261.20146
G1 X47.944 Y148.856 E2261.20763
G1 X47.883 Y148.738 E2261.21249
G1 X47.88 Y71.3 E2264.04564
G1 X47.944 Y71.144 E2264.05181
G1 X48.062 Y71.083 E2264.05667
G1 X171.9 Y71.08 E2268.58743
G1 X172.056 Y71.144 E2268.5936
G1 X172.12 Y71.3 E2268.59977
G1 X172.117 Y148.738 E2271.43292
G1 X172.056 Y148.856 E2271.43778
G1 X171.938 Y148.917 E2271.44264
G1 X110 Y148.918 E2273.70872
G1 F1500 E2271.70872
;MESH:NONMESH
G0 F300 Z7.04
G0 F9000 X110 Y148.035
G0 X48.753 Y71.953
G0 X47.909 Y70.208
;TIME_ELAPSED:7548.563559
;LAYER:35
;TYPE:WALL-INNER
;MESH:SmartKiln_Frente.stl
G1 F1500 E2273.70872
G1 F1763.9 X48.1 Y70.2 E2273.71585
G1 F1800 X171.9 Y70.2 E2278.24522
G1 F1500 E2276.24522
G0 F9000 X173 Y71.3
G1 F1500 E2278.24522
G1 F1867.9 X173.016 Y70.184 E2278.28457
G1 X171.9 Y70.2 E2278.32392
G1 X172.667 Y70.533 E2278.3534
G1 X173 Y71.3 E2278.38288
G1 F1800 X173 Y148.7 E2281.21465
G1 F1767.9 X172.992 Y148.891 E2281.22177
G0 F9000 X172.091 Y149.792
G1 F1763.9 X171.9 Y149.8 E2281.2289
G1 F1800 X48.1 Y149.8 E2285.75827
G1 F1867.9 X47.333 Y149.467 E2285.78775
G1 F1829.1 X47.008 Y148.891 E2285.81156
G1 X46.985 Y149.815 E2285.84484
G1 F1867.9 X48.1 Y149.8 E2285.88415
G0 F9000 X47.008 Y148.891
G1 F1763.9 X47 Y148.7 E2285.89129
G1 F1800 X47 Y71.3 E2288.72306
G1 F1867.9 X47.333 Y70.533 E2288.75254
G1 F1829.1 X47.909 Y70.208 E2288.77635
G1 X46.985 Y70.185 E2288.80963
G1 F1867.9 X47 Y71.3 E2288.84894
G1 F1500 E2286.84894
G0 F9000 X48.753 Y71.953
G0 X110 Y148.035
G0 X110 Y149.36
G1 F1500 E2288.84894
G1 F1800 X48.1 Y149.36 E2291.11362
G1 X47.633 Y149.167 E2291.13211
G1 X47.44 Y148.795 E2291.14744
G1 X47.44 Y71.3 E2293.98269
G1 X47.633 Y70.833 E2294.00118
G1 X48.005 Y70.64 E2294.01651
G1 X171.9 Y70.64 E2298.54935
G1 X172.367 Y70.833 E2298.56784
G1 X172.56 Y71.3 E2298.58632
G1 X172.56 Y148.797 E2301.42164
G1 X172.367 Y149.167 E2301.43691
G1 X171.995 Y149.36 E2301.45224
G1 X110 Y149.36 E2303.7204
G1 F1500 E2301.7204
G0 F9000 X172.091 Y149.792
G1 F1500 E2303.7204
G1 F1824.9 X173.016 Y149.816 E2303.75379
G1 F1833.3 X172.992 Y148.891 E2303.78703
G1 X172.667 Y149.467 E2303.81079
G1 F1824.9 X172.091 Y149.792 E2303.83465
G1 F1500 E2301.83465
G0 F9000 X172.091 Y151.565
G0 X110 Y151.565
G0 X110 Y150.24
G1 F1500 E2303.83465
G1 F1800 X173.44 Y150.24 E2306.15568
G1 X173.44 Y69.76 E2309.10013
G1 X46.561 Y69.761 E2313.74214
G1 X46.561 Y150.239 E2316.68652
G1 X110 Y150.24 E2319.00751
G0 F9000 X110 Y150.68
;TYPE:WALL-OUTER
G1 F1800 X173.88 Y150.68 E2321.34464
G1 X173.88 Y69.32 E2324.32129
G1 X46.121 Y69.321 E2328.9955
G1 X46.121 Y150.679 E2331.97207
G1 X110 Y150.68 E2334.30916
G1 F1500 E2332.30916
G0 F9000 X110 Y148.918
G1 F1500 E2334.30916
G1 F1800 X48.1 Y148.92 E2336.57384
G1 X47.944 Y148.856 E2336.58001
G1 X47.883 Y148.738 E2336.58487
G1 X47.88 Y71.3 E2339.41803
G1 X47.944 Y71.144 E2339.4242
G1 X48.062 Y71.083 E2339.42906
G1 X171.9 Y71.08 E2343.95981
G1 X172.056 Y71.144 E2343.96598
G1 X172.12 Y71.3 E2343.97215
G1 X172.117 Y148.738 E2346.80531
G1 X172.056 Y148.856 E2346.81017
G1 X171.938 Y148.917 E2346.81503
G1 X110 Y148.918 E2349.0811
G1 F1500 E2347.0811
;MESH:NONMESH
G0 F300 Z7.24
G0 F9000 X110 Y148.035
G0 X48.753 Y71.953
G0 X47.909 Y70.208
;TIME_ELAPSED:7623.734688
;LAYER:36
;TYPE:WALL-INNER
;MESH:SmartKiln_Frente.stl
G1 F1500 E2349.0811
G1 F1763.9 X48.1 Y70.2 E2349.08824
G1 F1800 X171.9 Y70.2 E2353.6176
G1 F1500 E2351.6176
G0 F9000 X173 Y71.3
G1 F1500 E2353.6176
G1 F1800 X173 Y108 E2354.96032
G1 F1500 E2352.96032
G0 F9000 X173 Y109.765
G0 X173 Y118.435
G0 X173 Y120.2
G1 F1500 E2354.96032
G1 F1800 X173 Y148.7 E2356.00302
G1 F1767.9 X172.992 Y148.891 E2356.01014
G0 F9000 X172.091 Y149.792
G1 F1763.9 X171.9 Y149.8 E2356.01728
G1 F1800 X48.1 Y149.8 E2360.54664
G1 F1867.9 X47.333 Y149.467 E2360.57612
G1 F1829.1 X47.008 Y148.891 E2360.59994
G1 X46.985 Y149.815 E2360.63321
G1 F1867.9 X48.1 Y149.8 E2360.67253
G0 F9000 X47.008 Y148.891
G1 F1763.9 X47 Y148.7 E2360.67966
G1 F1800 X47 Y71.3 E2363.51143
G1 F1867.9 X47.333 Y70.533 E2363.54091
G1 F1829.1 X47.909 Y70.208 E2363.56472
G1 X46.985 Y70.185 E2363.598
G1 F1867.9 X47 Y71.3 E2363.63732
G1 F1500 E2361.63732
G0 F9000 X48.753 Y71.953
G0 X171.247 Y71.953
G0 X173 Y71.3
G1 F1500 E2363.63732
G1 F1867.9 X173.016 Y70.184 E2363.67667
G1 X171.9 Y70.2 E2363.71601
G1 X172.667 Y70.533 E2363.74549
G1 X173 Y71.3 E2363.77497
G1 F1500 E2361.77497
G0 F9000 X174.765 Y71.3
G0 X174.753 Y109.753
G0 X171.247 Y118.447
G0 X171.247 Y148.047
G0 X172.091 Y149.792
G1 F1500 E2363.77497
G1 F1824.9 X173.016 Y149.816 E2363.80837
G1 F1833.3 X172.992 Y148.891 E2363.8416
G1 X172.667 Y149.467 E2363.86536
G1 F1824.9 X172.091 Y149.792 E2363.88923
G1 F1500 E2361.88923
G0 F9000 X172.091 Y151.565
G0 X110 Y151.565
G0 X110 Y150.24
G1 F1500 E2363.88923
G1 F1800 X173.44 Y150.24 E2366.21025
G1 X173.44 Y119.76 E2367.3254
G1 X172.56 Y119.76 E2367.35759
G1 X172.56 Y148.797 E2368.41995
G1 X172.367 Y149.167 E2368.43521
G1 X171.995 Y149.36 E2368.45055
G1 X48.1 Y149.36 E2372.98339
G1 X47.633 Y149.167 E2373.00188
G1 X47.44 Y148.795 E2373.01721
G1 X47.44 Y71.3 E2375.85245
G1 X47.633 Y70.833 E2375.87094
G1 X48.005 Y70.64 E2375.88627
G1 X171.9 Y70.64 E2380.41911
G1 X172.367 Y70.833 E2380.4376
G1 X172.56 Y71.3 E2380.45609
G1 X172.56 Y108.44 E2381.8149
G1 X173.44 Y108.44 E2381.84709
G1 X173.44 Y69.76 E2383.26224
G1 X46.561 Y69.761 E2387.90426
G1 X46.561 Y150.239 E2390.84864
G1 X110 Y150.24 E2393.16963
G0 F9000 X110 Y150.68
;TYPE:WALL-OUTER
G1 F1800 X173.88 Y150.68 E2395.50675
G1 X173.88 Y119.32 E2396.65409
G1 X172.12 Y119.32 E2396.71848
G1 X172.117 Y148.738 E2397.79478
G1 X172.056 Y148.856 E2397.79964
G1 X171.938 Y148.917 E2397.8045
G1 X48.1 Y148.92 E2402.33525
G1 X47.944 Y148.856 E2402.34142
G1 X47.883 Y148.738 E2402.34628
G1 X47.88 Y71.3 E2405.17944
G1 X47.944 Y71.144 E2405.18561
G1 X48.062 Y71.083 E2405.19047
G1 X171.9 Y71.08 E2409.72122
G1 X172.056 Y71.144 E2409.72739
G1 X172.12 Y71.3 E2409.73356
G1 X172.12 Y108.88 E2411.10847
G1 X173.88 Y108.88 E2411.17286
G1 X173.88 Y69.32 E2412.62021
G1 X46.121 Y69.321 E2417.29442
G1 X46.121 Y150.679 E2420.27099
G1 X110 Y150.68 E2422.60808
G1 F1500 E2420.60808
;MESH:NONMESH
G0 F300 Z7.44
G0 F9000 X110 Y151.565
G0 X174.753 Y151.553
G0 X174.753 Y118.447
G0 X48.753 Y71.953
G0 X47.909 Y70.208
;TIME_ELAPSED:7699.899548
;LAYER:37
;TYPE:WALL-INNER
;MESH:SmartKiln_Frente.stl
G1 F1500 E2422.60808
G1 F1763.9 X48.1 Y70.2 E2422.61522
G1 F1800 X171.9 Y70.2 E2427.14458
G1 F1500 E2425.14458
G0 F9000 X173 Y71.3
G1 F1500 E2427.14458
G1 F1800 X173 Y108 E2428.48729
G1 F1500 E2426.48729
G0 F9000 X173 Y109.765
G0 X173 Y118.435
G0 X173 Y120.2
G1 F1500 E2428.48729
G1 F1800 X173 Y148.7 E2429.53
G1 F1767.9 X172.992 Y148.891 E2429.53712
G0 F9000 X172.091 Y149.792
G1 F1763.9 X171.9 Y149.8 E2429.54426
G1 F1800 X48.1 Y149.8 E2434.07362
G1 F1867.9 X47.333 Y149.467 E2434.1031
G1 F1829.1 X47.008 Y148.891 E2434.12691
G1 X46.985 Y149.815 E2434.16019
G1 F1867.9 X48.1 Y149.8 E2434.19951
G0 F9000 X47.008 Y148.891
G1 F1763.9 X47 Y148.7 E2434.20664
G1 F1800 X47 Y71.3 E2437.03841
G1 F1867.9 X47.333 Y70.533 E2437.06789
G1 F1829.1 X47.909 Y70.208 E2437.0917
G1 X46.985 Y70.185 E2437.12498
G1 F1867.9 X47 Y71.3 E2437.16429
G1 F1500 E2435.16429
G0 F9000 X48.753 Y71.953
G0 X171.247 Y71.953
G0 X173 Y71.3
G1 F1500 E2437.16429
G1 F1867.9 X173.016 Y70.184 E2437.20364
G1 X171.9 Y70.2 E2437.24299
G1 X172.667 Y70.533 E2437.27247
G1 X173 Y71.3 E2437.30195
G1 F1500 E2435.30195
G0 F9000 X174.765 Y71.3
G0 X174.753 Y109.753
G0 X171.247 Y118.447
G0 X171.247 Y148.047
G0 X172.091 Y149.792
G1 F1500 E2437.30195
G1 F1824.9 X173.016 Y149.816 E2437.33534
G1 F1833.3 X172.992 Y148.891 E2437.36858
G1 X172.667 Y149.467 E2437.39234
G1 F1824.9 X172.091 Y149.792 E2437.41621
G1 F1500 E2435.41621
G0 F9000 X172.091 Y151.565
G0 X110 Y151.565
G0 X110 Y150.24
G1 F1500 E2437.41621
G1 F1800 X173.44 Y150.24 E2439.73723
G1 X173.44 Y119.76 E2440.85238
G1 X172.56 Y119.76 E2440.88457
G1 X172.56 Y148.797 E2441.94693
G1 X172.367 Y149.167 E2441.96219
G1 X171.995 Y149.36 E2441.97753
G1 X48.1 Y149.36 E2446.51037
G1 X47.633 Y149.167 E2446.52885
G1 X47.44 Y148.795 E2446.54419
G1 X47.44 Y71.3 E2449.37943
G1 X47.633 Y70.833 E2449.39792
G1 X48.005 Y70.64 E2449.41325
G1 X171.9 Y70.64 E2453.94609
G1 X172.367 Y70.833 E2453.96458
G1 X172.56 Y71.3 E2453.98307
G1 X172.56 Y108.44 E2455.34188
G1 X173.44 Y108.44 E2455.37407
G1 X173.44 Y69.76 E2456.78922
G1 X46.561 Y69.761 E2461.43124
G1 X46.561 Y150.239 E2464.37562
G1 X110 Y150.24 E2466.69661
G0 F9000 X110 Y150.68
;TYPE:WALL-OUTER
G1 F1800 X173.88 Y150.68 E2469.03373
G1 X173.88 Y119.32 E2470.18107
G1 X172.12 Y119.32 E2470.24546
G1 X172.117 Y148.738 E2471.32175
G1 X172.056 Y148.856 E2471.32661
G1 X171.938 Y148.917 E2471.33147
G1 X48.1 Y148.92 E2475.86223
G1 X47.944 Y148.856 E2475.8684
G1 X47.883 Y148.738 E2475.87326
G1 X47.88 Y71.3 E2478.70642
G1 X47.944 Y71.144 E2478.71259
G1 X48.062 Y71.083 E2478.71745
G1 X171.9 Y71.08 E2483.2482
G1 X172.056 Y71.144 E2483.25437
G1 X172.12 Y71.3 E2483.26054
G1 X172.12 Y108.88 E2484.63545
G1 X173.88 Y108.88 E2484.69984
G1 X173.88 Y69.32 E2486.14719
G1 X46.121 Y69.321 E2490.8214
G1 X46.121 Y150.679 E2493.79797
G1 X110 Y150.68 E2496.13506
G1 F1500 E2494.13506
;MESH:NONMESH
G0 F300 Z7.64
G0 F9000 X110 Y151.565
G0 X174.753 Y151.553
G0 X174.753 Y118.447
G0 X48.753 Y71.953
G0 X47.909 Y70.208
;TIME_ELAPSED:7776.064409
;LAYER:38
;TYPE:WALL-INNER
;MESH:SmartKiln_Frente.stl
G1 F1500 E2496.13506
G1 F1763.9 X48.1 Y70.2 E2496.1422
G1 F1800 X171.9 Y70.2 E2500.67156
G1 F1500 E2498.67156
G0 F9000 X173 Y71.3
G1 F1500 E2500.67156
G1 F1800 X173 Y108 E2502.01427
G1 F1500 E2500.01427
G0 F9000 X173 Y109.765
G0 X173 Y118.435
G0 X173 Y120.2
G1 F1500 E2502.01427
G1 F1800 X173 Y148.7 E2503.05698
G1 F1767.9 X172.992 Y148.891 E2503.0641
G0 F9000 X172.091 Y149.792
G1 F1763.9 X171.9 Y149.8 E2503.07124
G1 F1800 X48.1 Y149.8 E2507.6006
G1 F1867.9 X47.333 Y149.467 E2507.63008
G1 F1829.1 X47.008 Y148.891 E2507.65389
G1 X46.985 Y149.815 E2507.68717
G1 F1867.9 X48.1 Y149.8 E2507.72648
G0 F9000 X47.008 Y148.891
G1 F1763.9 X47 Y148.7 E2507.73362
G1 F1800 X47 Y71.3 E2510.56539
G1 F1867.9 X47.333 Y70.533 E2510.59487
G1 F1829.1 X47.909 Y70.208 E2510.61868
G1 X46.985 Y70.185 E2510.65196
G1 F1867.9 X47 Y71.3 E2510.69127
G1 F1500 E2508.69127
G0 F9000 X48.753 Y71.953
G0 X171.247 Y71.953
G0 X173 Y71.3
G1 F1500 E2510.69127
G1 F1867.9 X173.016 Y70.184 E2510.73062
G1 X171.9 Y70.2 E2510.76997
G1 X172.667 Y70.533 E2510.79945
G1 X173 Y71.3 E2510.82893
G1 F1500 E2508.82893
G0 F9000 X174.765 Y71.3
G0 X174.753 Y109.753
G0 X171.247 Y118.447
G0 X171.247 Y148.047
G0 X172.091 Y149.792
G1 F1500 E2510.82893
G1 F1824.9 X173.016 Y149.816 E2510.86232
G1 F1833.3 X172.992 Y148.891 E2510.89556
G1 X172.667 Y149.467 E2510.91932
G1 F1824.9 X172.091 Y149.792 E2510.94318
G1 F1500 E2508.94318
G0 F9000 X172.091 Y151.565
G0 X110 Y151.565
G0 X110 Y150.24
G1 F1500 E2510.94318
G1 F1800 X173.44 Y150.24 E2513.26421
G1 X173.44 Y119.76 E2514.37936
G1 X172.56 Y119.76 E2514.41155
G1 X172.56 Y148.797 E2515.4739
G1 X172.367 Y149.167 E2515.48917
G1 X171.995 Y149.36 E2515.5045
G1 X48.1 Y149.36 E2520.03734
G1 X47.633 Y149.167 E2520.05583
G1 X47.44 Y148.795 E2520.07116
G1 X47.44 Y71.3 E2522.90641
G1 X47.633 Y70.833 E2522.9249
G1 X48.005 Y70.64 E2522.94023
G1 X171.9 Y70.64 E2527.47307
G1 X172.367 Y70.833 E2527.49156
G1 X172.56 Y71.3 E2527.51004
G1 X172.56 Y108.44 E2528.86885
G1 X173.44 Y108.44 E2528.90105
G1 X173.44 Y69.76 E2530.3162
G1 X46.561 Y69.761 E2534.95822
G1 X46.561 Y150.239 E2537.9026
G1 X110 Y150.24 E2540.22358
G0 F9000 X110 Y150.68
;TYPE:WALL-OUTER
G1 F1800 X173.88 Y150.68 E2542.56071
G1 X173.88 Y119.32 E2543.70805
G1 X172.12 Y119.32 E2543.77244
G1 X172.117 Y148.738 E2544.84873
G1 X172.056 Y148.856 E2544.85359
G1 X171.938 Y148.917 E2544.85845
G1 X48.1 Y148.92 E2549.38921
G1 X47.944 Y148.856 E2549.39538
G1 X47.883 Y148.738 E2549.40024
G1 X47.88 Y71.3 E2552.23339
G1 X47.944 Y71.144 E2552.23956
G1 X48.062 Y71.083 E2552.24442
G1 X171.9 Y71.08 E2556.77518
G1 X172.056 Y71.144 E2556.78135
G1 X172.12 Y71.3 E2556.78752
G1 X172.12 Y108.88 E2558.16242
G1 X173.88 Y108.88 E2558.22682
G1 X173.88 Y69.32 E2559.67416
G1 X46.121 Y69.321 E2564.34837
G1 X46.121 Y150.679 E2567.32495
G1 X110 Y150.68 E2569.66204
G1 F1500 E2567.66204
;MESH:NONMESH
G0 F300 Z7.84
G0 F9000 X110 Y151.565
G0 X174.753 Y151.553
G0 X174.753 Y118.447
G0 X48.753 Y71.953
G0 X47.909 Y70.208
;TIME_ELAPSED:7852.229269
;LAYER:39
;TYPE:WALL-INNER
;MESH:SmartKiln_Frente.stl
G1 F1500 E2569.66204
G1 F1763.9 X48.1 Y70.2 E2569.66917
G1 F1800 X171.9 Y70.2 E2574.19854
G1 F1500 E2572.19854
G0 F9000 X173 Y71.3
G1 F1500 E2574.19854
G1 F1800 X173 Y108 E2575.54125
G1 F1500 E2573.54125
G0 F9000 X173 Y109.765
G0 X173 Y118.435
G0 X173 Y120.2
G1 F1500 E2575.54125
G1 F1800 X173 Y148.7 E2576.58396
G1 F1767.9 X172.992 Y148.891 E2576.59108
G0 F9000 X172.091 Y149.792
G1 F1824.9 X173.016 Y149.816 E2576.62447
G1 F1833.3 X172.992 Y148.891 E2576.65771
G1 X172.667 Y149.467 E2576.68146
G1 F1824.9 X172.091 Y149.792 E2576.70533
G1 F1763.9 X171.9 Y149.8 E2576.71247
G1 F1800 X48.1 Y149.8 E2581.24183
G1 F1867.9 X47.333 Y149.467 E2581.27131
G1 F1829.1 X47.008 Y148.891 E2581.29512
G1 X46.985 Y149.815 E2581.3284
G1 F1867.9 X48.1 Y149.8 E2581.36772
G0 F9000 X47.008 Y148.891
G1 F1763.9 X47 Y148.7 E2581.37485
G1 F1800 X47 Y71.3 E2584.20662
G1 F1867.9 X47.333 Y70.533 E2584.2361
G1 F1829.1 X47.909 Y70.208 E2584.25991
G1 X46.985 Y70.185 E2584.29319
G1 F1867.9 X47 Y71.3 E2584.3325
G1 F1500 E2582.3325
G0 F9000 X48.753 Y71.953
G0 X171.247 Y71.953
G0 X173 Y71.3
G1 F1500 E2584.3325
G1 F1867.9 X173.016 Y70.184 E2584.37185
G1 X171.9 Y70.2 E2584.4112
G1 X172.667 Y70.533 E2584.44068
G1 X173 Y71.3 E2584.47016
G1 F1500 E2582.47016
G0 F9000 X171.247 Y71.953
G0 X171.247 Y118.447
G0 X174.753 Y118.447
G0 X174.753 Y151.553
G0 X110 Y151.565
G0 X110 Y150.24
G1 F1500 E2584.47016
G1 F1800 X173.44 Y150.24 E2586.79119
G1 X173.44 Y119.76 E2587.90633
G1 X172.56 Y119.76 E2587.93853
G1 X172.56 Y148.797 E2589.00088
G1 X172.367 Y149.167 E2589.01615
G1 X171.995 Y149.36 E2589.03148
G1 X48.1 Y149.36 E2593.56432
G1 X47.633 Y149.167 E2593.58281
G1 X47.44 Y148.795 E2593.59814
G1 X47.44 Y71.3 E2596.43339
G1 X47.633 Y70.833 E2596.45187
G1 X48.005 Y70.64 E2596.46721
G1 X171.9 Y70.64 E2601.00005
G1 X172.367 Y70.833 E2601.01854
G1 X172.56 Y71.3 E2601.03702
G1 X172.56 Y108.44 E2602.39583
G1 X173.44 Y108.44 E2602.42803
G1 X173.44 Y69.76 E2603.84318
G1 X46.561 Y69.761 E2608.48519
G1 X46.561 Y150.239 E2611.42957
G1 X110 Y150.24 E2613.75056
G0 F9000 X110 Y150.68
;TYPE:WALL-OUTER
G1 F1800 X173.88 Y150.68 E2616.08769
G1 X173.88 Y119.32 E2617.23503
G1 X172.12 Y119.32 E2617.29942
G1 X172.117 Y148.738 E2618.37571
G1 X172.056 Y148.856 E2618.38057
G1 X171.938 Y148.917 E2618.38543
G1 X48.1 Y148.92 E2622.91619
G1 X47.944 Y148.856 E2622.92235
G1 X47.883 Y148.738 E2622.92721
G1 X47.88 Y71.3 E2625.76037
G1 X47.944 Y71.144 E2625.76654
G1 X48.062 Y71.083 E2625.7714
G1 X171.9 Y71.08 E2630.30216
G1 X172.056 Y71.144 E2630.30833
G1 X172.12 Y71.3 E2630.3145
G1 X172.12 Y108.88 E2631.6894
G1 X173.88 Y108.88 E2631.75379
G1 X173.88 Y69.32 E2633.20114
G1 X46.121 Y69.321 E2637.87535
G1 X46.121 Y150.679 E2640.85193
G1 X110 Y150.68 E2643.18901
G1 F1500 E2641.18901
;MESH:NONMESH
G0 F300 Z8.04
G0 F9000 X110 Y151.565
G0 X174.753 Y151.553
G0 X174.753 Y118.447
G0 X48.753 Y71.953
G0 X47.909 Y70.208
;TIME_ELAPSED:7928.107330
;LAYER:40
;TYPE:WALL-INNER
;MESH:SmartKiln_Frente.stl
G1 F1500 E2643.18901
G1 F1763.9 X48.1 Y70.2 E2643.19615
G1 F1800 X171.9 Y70.2 E2647.72552
G1 F1500 E2645.72552
G0 F9000 X173 Y71.3
G1 F1500 E2647.72552
G1 F1800 X173 Y108 E2649.06823
G1 F1500 E2647.06823
G0 F9000 X173 Y109.765
G0 X173 Y118.435
G0 X173 Y120.2
G1 F1500 E2649.06823
G1 F1800 X173 Y148.7 E2650.11093
G1 F1767.9 X172.992 Y148.891 E2650.11806
G0 F9000 X172.091 Y149.792
G1 F1763.9 X171.9 Y149.8 E2650.12519
G1 F1800 X48.1 Y149.8 E2654.65456
G1 F1867.9 X47.333 Y149.467 E2654.68404
G1 F1829.1 X47.008 Y148.891 E2654.70785
G1 X46.985 Y149.815 E2654.74113
G1 F1867.9 X48.1 Y149.8 E2654.78044
G0 F9000 X47.008 Y148.891
G1 F1763.9 X47 Y148.7 E2654.78758
G1 F1800 X47 Y71.3 E2657.61935
G1 F1867.9 X47.333 Y70.533 E2657.64883
G1 F1829.1 X47.909 Y70.208 E2657.67264
G1 X46.985 Y70.185 E2657.70592
G1 F1867.9 X47 Y71.3 E2657.74523
G1 F1500 E2655.74523
G0 F9000 X48.753 Y71.953
G0 X171.247 Y71.953
G0 X173 Y71.3
G1 F1500 E2657.74523
G1 F1867.9 X173.016 Y70.184 E2657.78458
G1 X171.9 Y70.2 E2657.82393
G1 X172.667 Y70.533 E2657.85341
G1 X173 Y71.3 E2657.88289
G1 F1500 E2655.88289
G0 F9000 X174.765 Y71.3
G0 X174.753 Y109.753
G0 X171.247 Y118.447
G0 X171.247 Y148.047
G0 X172.091 Y149.792
G1 F1500 E2657.88289
G1 F1824.9 X173.016 Y149.816 E2657.91628
G1 F1833.3 X172.992 Y148.891 E2657.94952
G1 X172.667 Y149.467 E2657.97327
G1 F1824.9 X172.091 Y149.792 E2657.99714
G1 F1500 E2655.99714
G0 F9000 X172.091 Y151.565
G0 X110 Y151.565
G0 X110 Y150.24
G1 F1500 E2657.99714
G1 F1800 X173.44 Y150.24 E2660.31817
G1 X173.44 Y119.76 E2661.43331
G1 X172.56 Y119.76 E2661.46551
G1 X172.56 Y148.797 E2662.52786
G1 X172.367 Y149.167 E2662.54313
G1 X171.995 Y149.36 E2662.55846
G1 X48.1 Y149.36 E2667.0913
G1 X47.633 Y149.167 E2667.10979
G1 X47.44 Y148.795 E2667.12512
G1 X47.44 Y71.3 E2669.96037
G1 X47.633 Y70.833 E2669.97885
G1 X48.005 Y70.64 E2669.99419
G1 X171.9 Y70.64 E2674.52703
G1 X172.367 Y70.833 E2674.54551
G1 X172.56 Y71.3 E2674.564
G1 X172.56 Y108.44 E2675.92281
G1 X173.44 Y108.44 E2675.95501
G1 X173.44 Y69.76 E2677.37016
G1 X46.561 Y69.761 E2682.01217
G1 X46.561 Y150.239 E2684.95655
G1 X110 Y150.24 E2687.27754
G0 F9000 X110 Y150.68
;TYPE:WALL-OUTER
G1 F1800 X173.88 Y150.68 E2689.61466
G1 X173.88 Y119.32 E2690.76201
G1 X172.12 Y119.32 E2690.8264
G1 X172.117 Y148.738 E2691.90269
G1 X172.056 Y148.856 E2691.90755
G1 X171.938 Y148.917 E2691.91241
G1 X48.1 Y148.92 E2696.44316
G1 X47.944 Y148.856 E2696.44933
G1 X47.883 Y148.738 E2696.45419
G1 X47.88 Y71.3 E2699.28735
G1 X47.944 Y71.144 E2699.29352
G1 X48.062 Y71.083 E2699.29838
G1 X171.9 Y71.08 E2703.82914
G1 X172.056 Y71.144 E2703.8353
G1 X172.12 Y71.3 E2703.84147
G1 X172.12 Y108.88 E2705.21638
G1 X173.88 Y108.88 E2705.28077
G1 X173.88 Y69.32 E2706.72812
G1 X46.121 Y69.321 E2711.40233
G1 X46.121 Y150.679 E2714.37891
G1 X110 Y150.68 E2716.71599
G1 F1500 E2714.71599
;MESH:NONMESH
G0 F300 Z8.24
G0 F9000 X110 Y151.565
G0 X174.753 Y151.553
G0 X174.753 Y118.447
G0 X48.753 Y71.953
G0 X47.909 Y70.208
;TIME_ELAPSED:8004.272191
;LAYER:41
;TYPE:WALL-INNER
;MESH:SmartKiln_Frente.stl
G1 F1500 E2716.71599
G1 F1763.9 X48.1 Y70.2 E2716.72313
G1 F1800 X171.9 Y70.2 E2721.2525
G1 F1500 E2719.2525
G0 F9000 X173 Y71.3
G1 F1500 E2721.2525
G1 F1800 X173 Y108 E2722.59521
G1 F1500 E2720.59521
G0 F9000 X173 Y109.765
G0 X173 Y118.435
G0 X173 Y120.2
G1 F1500 E2722.59521
G1 F1800 X173 Y148.7 E2723.63791
G1 F1767.9 X172.992 Y148.891 E2723.64503
G0 F9000 X172.091 Y149.792
G1 F1824.9 X173.016 Y149.816 E2723.67843
G1 F1833.3 X172.992 Y148.891 E2723.71166
G1 X172.667 Y149.467 E2723.73542
G1 F1824.9 X172.091 Y149.792 E2723.75929
G1 F1763.9 X171.9 Y149.8 E2723.76642
G1 F1800 X48.1 Y149.8 E2728.29579
G1 F1867.9 X47.333 Y149.467 E2728.32527
G1 F1829.1 X47.008 Y148.891 E2728.34908
G1 X46.985 Y149.815 E2728.38236
G1 F1867.9 X48.1 Y149.8 E2728.42167
G0 F9000 X47.008 Y148.891
G1 F1763.9 X47 Y148.7 E2728.42881
G1 F1800 X47 Y71.3 E2731.26058
G1 F1867.9 X47.333 Y70.533 E2731.29006
G1 F1829.1 X47.909 Y70.208 E2731.31387
G1 X46.985 Y70.185 E2731.34715
G1 F1867.9 X47 Y71.3 E2731.38646
G1 F1500 E2729.38646
G0 F9000 X48.753 Y71.953
G0 X171.247 Y71.953
G0 X173 Y71.3
G1 F1500 E2731.38646
G1 F1867.9 X173.016 Y70.184 E2731.42581
G1 X171.9 Y70.2 E2731.46516
G1 X172.667 Y70.533 E2731.49464
G1 X173 Y71.3 E2731.52412
G1 F1500 E2729.52412
G0 F9000 X171.247 Y71.953
G0 X171.247 Y118.447
G0 X174.753 Y118.447
G0 X174.753 Y151.553
G0 X110 Y151.565
G0 X110 Y150.24
G1 F1500 E2731.52412
G1 F1800 X173.44 Y150.24 E2733.84515
G1 X173.44 Y119.76 E2734.96029
G1 X172.56 Y119.76 E2734.99249
G1 X172.56 Y148.797 E2736.05484
G1 X172.367 Y149.167 E2736.07011
G1 X171.995 Y149.36 E2736.08544
G1 X48.1 Y149.36 E2740.61828
G1 X47.633 Y149.167 E2740.63677
G1 X47.44 Y148.795 E2740.6521
G1 X47.44 Y71.3 E2743.48734
G1 X47.633 Y70.833 E2743.50583
G1 X48.005 Y70.64 E2743.52116
G1 X171.9 Y70.64 E2748.054
G1 X172.367 Y70.833 E2748.07249
G1 X172.56 Y71.3 E2748.09098
G1 X172.56 Y108.44 E2749.44979
G1 X173.44 Y108.44 E2749.48198
G1 X173.44 Y69.76 E2750.89714
G1 X46.561 Y69.761 E2755.53915
G1 X46.561 Y150.239 E2758.48353
G1 X110 Y150.24 E2760.80452
G0 F9000 X110 Y150.68
;TYPE:WALL-OUTER
G1 F1800 X173.88 Y150.68 E2763.14164
G1 X173.88 Y119.32 E2764.28898
G1 X172.12 Y119.32 E2764.35338
G1 X172.117 Y148.738 E2765.42967
G1 X172.056 Y148.856 E2765.43453
G1 X171.938 Y148.917 E2765.43939
G1 X48.1 Y148.92 E2769.97014
G1 X47.944 Y148.856 E2769.97631
G1 X47.883 Y148.738 E2769.98117
G1 X47.88 Y71.3 E2772.81433
G1 X47.944 Y71.144 E2772.8205
G1 X48.062 Y71.083 E2772.82536
G1 X171.9 Y71.08 E2777.35611
G1 X172.056 Y71.144 E2777.36228
G1 X172.12 Y71.3 E2777.36845
G1 X172.12 Y108.88 E2778.74336
G1 X173.88 Y108.88 E2778.80775
G1 X173.88 Y69.32 E2780.2551
G1 X46.121 Y69.321 E2784.92931
G1 X46.121 Y150.679 E2787.90589
G1 X110 Y150.68 E2790.24297
G1 F1500 E2788.24297
;MESH:NONMESH
G0 F300 Z8.44
G0 F9000 X110 Y151.565
G0 X174.753 Y151.553
G0 X174.753 Y118.447
G0 X48.753 Y71.953
G0 X47.909 Y70.208
;TIME_ELAPSED:8080.150251
;LAYER:42
;TYPE:WALL-INNER
;MESH:SmartKiln_Frente.stl
G1 F1500 E2790.24297
G1 F1763.9 X48.1 Y70.2 E2790.25011
G1 F1800 X171.9 Y70.2 E2794.77947
G1 F1500 E2792.77947
G0 F9000 X173 Y71.3
G1 F1500 E2794.77947
G1 F1800 X173 Y108 E2796.12219
G1 F1500 E2794.12219
G0 F9000 X173 Y109.765
G0 X173 Y118.435
G0 X173 Y120.2
G1 F1500 E2796.12219
G1 F1800 X173 Y148.7 E2797.16489
G1 F1767.9 X172.992 Y148.891 E2797.17201
G0 F9000 X172.091 Y149.792
G1 F1824.9 X173.016 Y149.816 E2797.2054
G1 F1833.3 X172.992 Y148.891 E2797.23864
G1 X172.667 Y149.467 E2797.2624
G1 F1824.9 X172.091 Y149.792 E2797.28627
G1 F1763.9 X171.9 Y149.8 E2797.2934
G1 F1800 X48.1 Y149.8 E2801.82277
G1 F1867.9 X47.333 Y149.467 E2801.85225
G1 F1829.1 X47.008 Y148.891 E2801.87606
G1 X46.985 Y149.815 E2801.90934
G1 F1867.9 X48.1 Y149.8 E2801.94865
G0 F9000 X47.008 Y148.891
G1 F1763.9 X47 Y148.7 E2801.95579
G1 F1800 X47 Y71.3 E2804.78756
G1 F1867.9 X47.333 Y70.533 E2804.81704
G1 F1829.1 X47.909 Y70.208 E2804.84085
G1 X46.985 Y70.185 E2804.87413
G1 F1867.9 X47 Y71.3 E2804.91344
G1 F1500 E2802.91344
G0 F9000 X48.753 Y71.953
G0 X171.247 Y71.953
G0 X173 Y71.3
G1 F1500 E2804.91344
G1 F1867.9 X173.016 Y70.184 E2804.95279
G1 X171.9 Y70.2 E2804.99214
G1 X172.667 Y70.533 E2805.02162
G1 X173 Y71.3 E2805.0511
G1 F1500 E2803.0511
G0 F9000 X171.247 Y71.953
G0 X171.247 Y118.447
G0 X174.753 Y118.447
G0 X174.753 Y151.553
G0 X110 Y151.565
G0 X110 Y150.24
G1 F1500 E2805.0511
G1 F1800 X173.44 Y150.24 E2807.37212
G1 X173.44 Y119.76 E2808.48727
G1 X172.56 Y119.76 E2808.51947
G1 X172.56 Y148.797 E2809.58182
G1 X172.367 Y149.167 E2809.59708
G1 X171.995 Y149.36 E2809.61242
G1 X48.1 Y149.36 E2814.14526
G1 X47.633 Y149.167 E2814.16375
G1 X47.44 Y148.795 E2814.17908
G1 X47.44 Y71.3 E2817.01432
G1 X47.633 Y70.833 E2817.03281
G1 X48.005 Y70.64 E2817.04814
G1 X171.9 Y70.64 E2821.58098
G1 X172.367 Y70.833 E2821.59947
G1 X172.56 Y71.3 E2821.61796
G1 X172.56 Y108.44 E2822.97677
G1 X173.44 Y108.44 E2823.00896
G1 X173.44 Y69.76 E2824.42412
G1 X46.561 Y69.761 E2829.06613
G1 X46.561 Y150.239 E2832.01051
G1 X110 Y150.24 E2834.3315
G0 F9000 X110 Y150.68
;TYPE:WALL-OUTER
G1 F1800 X173.88 Y150.68 E2836.66862
G1 X173.88 Y119.32 E2837.81596
G1 X172.12 Y119.32 E2837.88035
G1 X172.117 Y148.738 E2838.95665
G1 X172.056 Y148.856 E2838.96151
G1 X171.938 Y148.917 E2838.96637
G1 X48.1 Y148.92 E2843.49712
G1 X47.944 Y148.856 E2843.50329
G1 X47.883 Y148.738 E2843.50815
G1 X47.88 Y71.3 E2846.34131
G1 X47.944 Y71.144 E2846.34748
G1 X48.062 Y71.083 E2846.35234
G1 X171.9 Y71.08 E2850.88309
G1 X172.056 Y71.144 E2850.88926
G1 X172.12 Y71.3 E2850.89543
G1 X172.12 Y108.88 E2852.27034
G1 X173.88 Y108.88 E2852.33473
G1 X173.88 Y69.32 E2853.78208
G1 X46.121 Y69.321 E2858.45629
G1 X46.121 Y150.679 E2861.43286
G1 X110 Y150.68 E2863.76995
G1 F1500 E2861.76995
;MESH:NONMESH
G0 F300 Z8.64
G0 F9000 X110 Y151.565
G0 X174.753 Y151.553
G0 X174.753 Y118.447
G0 X48.753 Y71.953
G0 X47.909 Y70.208
;TIME_ELAPSED:8156.028312
;LAYER:43
;TYPE:WALL-INNER
;MESH:SmartKiln_Frente.stl
G1 F1500 E2863.76995
G1 F1763.9 X48.1 Y70.2 E2863.77709
G1 F1800 X171.9 Y70.2 E2868.30645
G1 F1500 E2866.30645
G0 F9000 X173 Y71.3
G1 F1500 E2868.30645
G1 F1800 X173 Y108 E2869.64916
G1 F1500 E2867.64916
G0 F9000 X173 Y109.765
G0 X173 Y118.435
G0 X173 Y120.2
G1 F1500 E2869.64916
G1 F1800 X173 Y148.7 E2870.69187
G1 F1767.9 X172.992 Y148.891 E2870.69899
G0 F9000 X172.091 Y149.792
G1 F1763.9 X171.9 Y149.8 E2870.70613
G1 F1800 X48.1 Y149.8 E2875.23549
G1 F1867.9 X47.333 Y149.467 E2875.26497
G1 F1829.1 X47.008 Y148.891 E2875.28878
G1 X46.985 Y149.815 E2875.32206
G1 F1867.9 X48.1 Y149.8 E2875.36138
G0 F9000 X47.008 Y148.891
G1 F1763.9 X47 Y148.7 E2875.36851
G1 F1800 X47 Y71.3 E2878.20028
G1 F1867.9 X47.333 Y70.533 E2878.22976
G1 F1829.1 X47.909 Y70.208 E2878.25357
G1 X46.985 Y70.185 E2878.28685
G1 F1867.9 X47 Y71.3 E2878.32616
G1 F1500 E2876.32616
G0 F9000 X48.753 Y71.953
G0 X171.247 Y71.953
G0 X173 Y71.3
G1 F1500 E2878.32616
G1 F1867.9 X173.016 Y70.184 E2878.36551
G1 X171.9 Y70.2 E2878.40486
G1 X172.667 Y70.533 E2878.43434
G1 X173 Y71.3 E2878.46382
G1 F1500 E2876.46382
G0 F9000 X174.765 Y71.3
G0 X174.753 Y109.753
G0 X171.247 Y118.447
G0 X171.247 Y148.047
G0 X172.091 Y149.792
G1 F1500 E2878.46382
G1 F1824.9 X173.016 Y149.816 E2878.49722
G1 F1833.3 X172.992 Y148.891 E2878.53045
G1 X172.667 Y149.467 E2878.55421
G1 F1824.9 X172.091 Y149.792 E2878.57808
G1 F1500 E2876.57808
G0 F9000 X172.091 Y151.565
G0 X110 Y151.565
G0 X110 Y150.24
G1 F1500 E2878.57808
G1 F1800 X173.44 Y150.24 E2880.8991
G1 X173.44 Y119.76 E2882.01425
G1 X172.56 Y119.76 E2882.04644
G1 X172.56 Y148.797 E2883.1088
G1 X172.367 Y149.167 E2883.12406
G1 X171.995 Y149.36 E2883.1394
G1 X48.1 Y149.36 E2887.67224
G1 X47.633 Y149.167 E2887.69072
G1 X47.44 Y148.795 E2887.70606
G1 X47.44 Y71.3 E2890.5413
G1 X47.633 Y70.833 E2890.55979
G1 X48.005 Y70.64 E2890.57512
G1 X171.9 Y70.64 E2895.10796
G1 X172.367 Y70.833 E2895.12645
G1 X172.56 Y71.3 E2895.14494
G1 X172.56 Y108.44 E2896.50375
G1 X173.44 Y108.44 E2896.53594
G1 X173.44 Y69.76 E2897.95109
G1 X46.561 Y69.761 E2902.59311
G1 X46.561 Y150.239 E2905.53749
G1 X110 Y150.24 E2907.85848
G0 F9000 X110 Y150.68
;TYPE:WALL-OUTER
G1 F1800 X173.88 Y150.68 E2910.1956
G1 X173.88 Y119.32 E2911.34294
G1 X172.12 Y119.32 E2911.40733
G1 X172.117 Y148.738 E2912.48362
G1 X172.056 Y148.856 E2912.48848
G1 X171.938 Y148.917 E2912.49334
G1 X48.1 Y148.92 E2917.0241
G1 X47.944 Y148.856 E2917.03027
G1 X47.883 Y148.738 E2917.03513
G1 X47.88 Y71.3 E2919.86829
G1 X47.944 Y71.144 E2919.87446
G1 X48.062 Y71.083 E2919.87932
G1 X171.9 Y71.08 E2924.41007
G1 X172.056 Y71.144 E2924.41624
G1 X172.12 Y71.3 E2924.42241
G1 X172.12 Y108.88 E2925.79732
G1 X173.88 Y108.88 E2925.86171
G1 X173.88 Y69.32 E2927.30906
G1 X46.121 Y69.321 E2931.98327
G1 X46.121 Y150.679 E2934.95984
G1 X110 Y150.68 E2937.29693
G1 F1500 E2935.29693
;MESH:NONMESH
G0 F300 Z8.84
G0 F9000 X110 Y151.565
G0 X174.753 Y151.553
G0 X174.753 Y118.447
G0 X48.753 Y71.953
G0 X47.909 Y70.208
;TIME_ELAPSED:8232.193172
;LAYER:44
;TYPE:WALL-INNER
;MESH:SmartKiln_Frente.stl
G1 F1500 E2937.29693
G1 F1763.9 X48.1 Y70.2 E2937.30407
G1 F1800 X171.9 Y70.2 E2941.83343
G1 F1500 E2939.83343
G0 F9000 X173 Y71.3
G1 F1500 E2941.83343
G1 F1800 X173 Y108 E2943.17614
G1 F1500 E2941.17614
G0 F9000 X173 Y109.765
G0 X173 Y118.435
G0 X173 Y120.2
G1 F1500 E2943.17614
G1 F1800 X173 Y148.7 E2944.21885
G1 F1767.9 X172.992 Y148.891 E2944.22597
G0 F9000 X172.091 Y149.792
G1 F1763.9 X171.9 Y149.8 E2944.23311
G1 F1800 X48.1 Y149.8 E2948.76247
G1 F1867.9 X47.333 Y149.467 E2948.79195
G1 F1829.1 X47.008 Y148.891 E2948.81576
G1 X46.985 Y149.815 E2948.84904
G1 F1867.9 X48.1 Y149.8 E2948.88835
G0 F9000 X47.008 Y148.891
G1 F1763.9 X47 Y148.7 E2948.89549
G1 F1800 X47 Y71.3 E2951.72726
G1 F1867.9 X47.333 Y70.533 E2951.75674
G1 F1829.1 X47.909 Y70.208 E2951.78055
G1 X46.985 Y70.185 E2951.81383
G1 F1867.9 X47 Y71.3 E2951.85314
G1 F1500 E2949.85314
G0 F9000 X48.753 Y71.953
G0 X171.247 Y71.953
G0 X173 Y71.3
G1 F1500 E2951.85314
G1 F1867.9 X173.016 Y70.184 E2951.89249
G1 X171.9 Y70.2 E2951.93184
G1 X172.667 Y70.533 E2951.96132
G1 X173 Y71.3 E2951.9908
G1 F1500 E2949.9908
G0 F9000 X174.765 Y71.3
G0 X174.753 Y109.753
G0 X171.247 Y118.447
G0 X171.247 Y148.047
G0 X172.091 Y149.792
G1 F1500 E2951.9908
G1 F1824.9 X173.016 Y149.816 E2952.02419
G1 F1833.3 X172.992 Y148.891 E2952.05743
G1 X172.667 Y149.467 E2952.08119
G1 F1824.9 X172.091 Y149.792 E2952.10506
G1 F1500 E2950.10506
G0 F9000 X172.091 Y151.565
G0 X110 Y151.565
G0 X110 Y150.24
G1 F1500 E2952.10506
G1 F1800 X173.44 Y150.24 E2954.42608
G1 X173.44 Y119.76 E2955.54123
G1 X172.56 Y119.76 E2955.57342
G1 X172.56 Y148.797 E2956.63577
G1 X172.367 Y149.167 E2956.65104
G1 X171.995 Y149.36 E2956.66637
G1 X48.1 Y149.36 E2961.19922
G1 X47.633 Y149.167 E2961.2177
G1 X47.44 Y148.795 E2961.23304
G1 X47.44 Y71.3 E2964.06828
G1 X47.633 Y70.833 E2964.08677
G1 X48.005 Y70.64 E2964.1021
G1 X171.9 Y70.64 E2968.63494
G1 X172.367 Y70.833 E2968.65343
G1 X172.56 Y71.3 E2968.67191
G1 X172.56 Y108.44 E2970.03072
G1 X173.44 Y108.44 E2970.06292
G1 X173.44 Y69.76 E2971.47807
G1 X46.561 Y69.761 E2976.12009
G1 X46.561 Y150.239 E2979.06447
G1 X110 Y150.24 E2981.38545
G0 F9000 X110 Y150.68
;TYPE:WALL-OUTER
G1 F1800 X173.88 Y150.68 E2983.72258
G1 X173.88 Y119.32 E2984.86992
G1 X172.12 Y119.32 E2984.93431
G1 X172.117 Y148.738 E2986.0106
G1 X172.056 Y148.856 E2986.01546
G1 X171.938 Y148.917 E2986.02032
G1 X48.1 Y148.92 E2990.55108
G1 X47.944 Y148.856 E2990.55725
G1 X47.883 Y148.738 E2990.56211
G1 X47.88 Y71.3 E2993.39527
G1 X47.944 Y71.144 E2993.40143
G1 X48.062 Y71.083 E2993.40629
G1 X171.9 Y71.08 E2997.93705
G1 X172.056 Y71.144 E2997.94322
G1 X172.12 Y71.3 E2997.94939
G1 X172.12 Y108.88 E2999.3243
G1 X173.88 Y108.88 E2999.38869
G1 X173.88 Y69.32 E3000.83603
G1 X46.121 Y69.321 E3005.51024
G1 X46.121 Y150.679 E3008.48682
G1 X110 Y150.68 E3010.82391
G1 F1500 E3008.82391
;MESH:NONMESH
G0 F300 Z9.04
G0 F9000 X110 Y151.565
G0 X174.753 Y151.553
G0 X174.753 Y118.447
G0 X48.753 Y71.953
G0 X47.909 Y70.208
;TIME_ELAPSED:8308.358033
;LAYER:45
;TYPE:WALL-INNER
;MESH:SmartKiln_Frente.stl
G1 F1500 E3010.82391
G1 F1763.9 X48.1 Y70.2 E3010.83104
G1 F1800 X171.9 Y70.2 E3015.36041
G1 F1500 E3013.36041
G0 F9000 X173 Y71.3
G1 F1500 E3015.36041
G1 F1800 X173 Y108 E3016.70312
G1 F1500 E3014.70312
G0 F9000 X173 Y109.765
G0 X173 Y118.435
G0 X173 Y120.2
G1 F1500 E3016.70312
G1 F1800 X173 Y148.7 E3017.74583
G1 F1767.9 X172.992 Y148.891 E3017.75295
G0 F9000 X172.091 Y149.792
G1 F1763.9 X171.9 Y149.8 E3017.76008
G1 F1800 X48.1 Y149.8 E3022.28945
G1 F1867.9 X47.333 Y149.467 E3022.31893
G1 F1829.1 X47.008 Y148.891 E3022.34274
G1 X46.985 Y149.815 E3022.37602
G1 F1867.9 X48.1 Y149.8 E3022.41533
G0 F9000 X47.008 Y148.891
G1 F1763.9 X47 Y148.7 E3022.42247
G1 F1800 X47 Y71.3 E3025.25424
G1 F1867.9 X47.333 Y70.533 E3025.28372
G1 F1829.1 X47.909 Y70.208 E3025.30753
G1 X46.985 Y70.185 E3025.34081
G1 F1867.9 X47 Y71.3 E3025.38012
G1 F1500 E3023.38012
G0 F9000 X48.753 Y71.953
G0 X171.247 Y71.953
G0 X173 Y71.3
G1 F1500 E3025.38012
G1 F1867.9 X173.016 Y70.184 E3025.41947
G1 X171.9 Y70.2 E3025.45882
G1 X172.667 Y70.533 E3025.4883
G1 X173 Y71.3 E3025.51778
G1 F1500 E3023.51778
G0 F9000 X174.765 Y71.3
G0 X174.753 Y109.753
G0 X171.247 Y118.447
G0 X171.247 Y148.047
G0 X172.091 Y149.792
G1 F1500 E3025.51778
G1 F1824.9 X173.016 Y149.816 E3025.55117
G1 F1833.3 X172.992 Y148.891 E3025.58441
G1 X172.667 Y149.467 E3025.60817
G1 F1824.9 X172.091 Y149.792 E3025.63203
G1 F1500 E3023.63203
G0 F9000 X172.091 Y151.565
G0 X110 Y151.565
G0 X110 Y150.24
G1 F1500 E3025.63203
G1 F1800 X173.44 Y150.24 E3027.95306
G1 X173.44 Y119.76 E3029.0682
G1 X172.56 Y119.76 E3029.1004
G1 X172.56 Y148.797 E3030.16275
G1 X172.367 Y149.167 E3030.17802
G1 X171.995 Y149.36 E3030.19335
G1 X48.1 Y149.36 E3034.72619
G1 X47.633 Y149.167 E3034.74468
G1 X47.44 Y148.795 E3034.76001
G1 X47.44 Y71.3 E3037.59526
G1 X47.633 Y70.833 E3037.61374
G1 X48.005 Y70.64 E3037.62908
G1 X171.9 Y70.64 E3042.16192
G1 X172.367 Y70.833 E3042.18041
G1 X172.56 Y71.3 E3042.19889
G1 X172.56 Y108.44 E3043.5577
G1 X173.44 Y108.44 E3043.5899
G1 X173.44 Y69.76 E3045.00505
G1 X46.561 Y69.761 E3049.64706
G1 X46.561 Y150.239 E3052.59144
G1 X110 Y150.24 E3054.91243
G0 F9000 X110 Y150.68
;TYPE:WALL-OUTER
G1 F1800 X173.88 Y150.68 E3057.24956
G1 X173.88 Y119.32 E3058.3969
G1 X172.12 Y119.32 E3058.46129
G1 X172.117 Y148.738 E3059.53758
G1 X172.056 Y148.856 E3059.54244
G1 X171.938 Y148.917 E3059.5473
G1 X48.1 Y148.92 E3064.07806
G1 X47.944 Y148.856 E3064.08423
G1 X47.883 Y148.738 E3064.08909
G1 X47.88 Y71.3 E3066.92224
G1 X47.944 Y71.144 E3066.92841
G1 X48.062 Y71.083 E3066.93327
G1 X171.9 Y71.08 E3071.46403
G1 X172.056 Y71.144 E3071.4702
G1 X172.12 Y71.3 E3071.47637
G1 X172.12 Y108.88 E3072.85127
G1 X173.88 Y108.88 E3072.91567
G1 X173.88 Y69.32 E3074.36301
G1 X46.121 Y69.321 E3079.03722
G1 X46.121 Y150.679 E3082.0138
G1 X110 Y150.68 E3084.35089
G1 F1500 E3082.35089
;MESH:NONMESH
G0 F300 Z9.24
G0 F9000 X110 Y151.565
G0 X174.753 Y151.553
G0 X174.753 Y118.447
G0 X48.753 Y71.953
G0 X47.909 Y70.208
;TIME_ELAPSED:8384.522894
;LAYER:46
;TYPE:WALL-INNER
;MESH:SmartKiln_Frente.stl
G1 F1500 E3084.35089
G1 F1763.9 X48.1 Y70.2 E3084.35802
G1 F1800 X171.9 Y70.2 E3088.88739
G1 F1500 E3086.88739
G0 F9000 X173 Y71.3
G1 F1500 E3088.88739
G1 F1800 X173 Y108 E3090.2301
G1 F1500 E3088.2301
G0 F9000 X173 Y109.765
G0 X173 Y118.435
G0 X173 Y120.2
G1 F1500 E3090.2301
G1 F1800 X173 Y148.7 E3091.2728
G1 F1767.9 X172.992 Y148.891 E3091.27993
G0 F9000 X172.091 Y149.792
G1 F1824.9 X173.016 Y149.816 E3091.31332
G1 F1833.3 X172.992 Y148.891 E3091.34656
G1 X172.667 Y149.467 E3091.37031
G1 F1824.9 X172.091 Y149.792 E3091.39418
G1 F1763.9 X171.9 Y149.8 E3091.40132
G1 F1800 X48.1 Y149.8 E3095.93068
G1 F1867.9 X47.333 Y149.467 E3095.96016
G1 F1829.1 X47.008 Y148.891 E3095.98397
G1 X46.985 Y149.815 E3096.01725
G1 F1867.9 X48.1 Y149.8 E3096.05657
G0 F9000 X47.008 Y148.891
G1 F1763.9 X47 Y148.7 E3096.0637
G1 F1800 X47 Y71.3 E3098.89547
G1 F1867.9 X47.333 Y70.533 E3098.92495
G1 F1829.1 X47.909 Y70.208 E3098.94876
G1 X46.985 Y70.185 E3098.98204
G1 F1867.9 X47 Y71.3 E3099.02135
G1 F1500 E3097.02135
G0 F9000 X48.753 Y71.953
G0 X171.247 Y71.953
G0 X173 Y71.3
G1 F1500 E3099.02135
G1 F1867.9 X173.016 Y70.184 E3099.0607
G1 X171.9 Y70.2 E3099.10005
G1 X172.667 Y70.533 E3099.12953
G1 X173 Y71.3 E3099.15901
G1 F1500 E3097.15901
G0 F9000 X171.247 Y71.953
G0 X171.247 Y118.447
G0 X174.753 Y118.447
G0 X174.753 Y151.553
G0 X110 Y151.565
G0 X110 Y150.24
G1 F1500 E3099.15901
G1 F1800 X173.44 Y150.24 E3101.48004
G1 X173.44 Y119.76 E3102.59518
G1 X172.56 Y119.76 E3102.62738
G1 X172.56 Y148.797 E3103.68973
G1 X172.367 Y149.167 E3103.705
G1 X171.995 Y149.36 E3103.72033
G1 X48.1 Y149.36 E3108.25317
G1 X47.633 Y149.167 E3108.27166
G1 X47.44 Y148.795 E3108.28699
G1 X47.44 Y71.3 E3111.12224
G1 X47.633 Y70.833 E3111.14072
G1 X48.005 Y70.64 E3111.15606
G1 X171.9 Y70.64 E3115.6889
G1 X172.367 Y70.833 E3115.70738
G1 X172.56 Y71.3 E3115.72587
G1 X172.56 Y108.44 E3117.08468
G1 X173.44 Y108.44 E3117.11688
G1 X173.44 Y69.76 E3118.53203
G1 X46.561 Y69.761 E3123.17404
G1 X46.561 Y150.239 E3126.11842
G1 X110 Y150.24 E3128.43941
G0 F9000 X110 Y150.68
;TYPE:WALL-OUTER
G1 F1800 X173.88 Y150.68 E3130.77653
G1 X173.88 Y119.32 E3131.92388
G1 X172.12 Y119.32 E3131.98827
G1 X172.117 Y148.738 E3133.06456
G1 X172.056 Y148.856 E3133.06942
G1 X171.938 Y148.917 E3133.07428
G1 X48.1 Y148.92 E3137.60503
G1 X47.944 Y148.856 E3137.6112
G1 X47.883 Y148.738 E3137.61606
G1 X47.88 Y71.3 E3140.44922
G1 X47.944 Y71.144 E3140.45539
G1 X48.062 Y71.083 E3140.46025
G1 X171.9 Y71.08 E3144.99101
G1 X172.056 Y71.144 E3144.99718
G1 X172.12 Y71.3 E3145.00334
G1 X172.12 Y108.88 E3146.37825
G1 X173.88 Y108.88 E3146.44264
G1 X173.88 Y69.32 E3147.88999
G1 X46.121 Y69.321 E3152.5642
G1 X46.121 Y150.679 E3155.54078
G1 X110 Y150.68 E3157.87786
G1 F1500 E3155.87786
;MESH:NONMESH
G0 F300 Z9.44
G0 F9000 X110 Y151.565
G0 X174.753 Y151.553
G0 X174.753 Y118.447
G0 X48.753 Y71.953
G0 X47.909 Y70.208
;TIME_ELAPSED:8460.400954
;LAYER:47
;TYPE:WALL-INNER
;MESH:SmartKiln_Frente.stl
G1 F1500 E3157.87786
G1 F1763.9 X48.1 Y70.2 E3157.885
G1 F1800 X171.9 Y70.2 E3162.41437
G1 F1500 E3160.41437
G0 F9000 X173 Y71.3
G1 F1500 E3162.41437
G1 F1800 X173 Y108 E3163.75708
G1 F1500 E3161.75708
G0 F9000 X173 Y109.765
G0 X173 Y118.435
G0 X173 Y120.2
G1 F1500 E3163.75708
G1 F1800 X173 Y148.7 E3164.79978
G1 F1767.9 X172.992 Y148.891 E3164.8069
G0 F9000 X172.091 Y149.792
G1 F1763.9 X171.9 Y149.8 E3164.81404
G1 F1800 X48.1 Y149.8 E3169.34341
G1 F1867.9 X47.333 Y149.467 E3169.37289
G1 F1829.1 X47.008 Y148.891 E3169.3967
G1 X46.985 Y149.815 E3169.42998
G1 F1867.9 X48.1 Y149.8 E3169.46929
G0 F9000 X47.008 Y148.891
G1 F1763.9 X47 Y148.7 E3169.47643
G1 F1800 X47 Y71.3 E3172.3082
G1 F1867.9 X47.333 Y70.533 E3172.33767
G1 F1829.1 X47.909 Y70.208 E3172.36149
G1 X46.985 Y70.185 E3172.39476
G1 F1867.9 X47 Y71.3 E3172.43408
G1 F1500 E3170.43408
G0 F9000 X48.753 Y71.953
G0 X171.247 Y71.953
G0 X173 Y71.3
G1 F1500 E3172.43408
G1 F1867.9 X173.016 Y70.184 E3172.47343
G1 X171.9 Y70.2 E3172.51278
G1 X172.667 Y70.533 E3172.54226
G1 X173 Y71.3 E3172.57174
G1 F1500 E3170.57174
G0 F9000 X174.765 Y71.3
G0 X174.753 Y109.753
G0 X171.247 Y118.447
G0 X171.247 Y148.047
G0 X172.091 Y149.792
G1 F1500 E3172.57174
G1 F1824.9 X173.016 Y149.816 E3172.60513
G1 F1833.3 X172.992 Y148.891 E3172.63837
G1 X172.667 Y149.467 E3172.66212
G1 F1824.9 X172.091 Y149.792 E3172.68599
G1 F1500 E3170.68599
G0 F9000 X172.091 Y151.565
G0 X110 Y151.565
G0 X110 Y150.24
G1 F1500 E3172.68599
G1 F1800 X173.44 Y150.24 E3175.00702
G1 X173.44 Y119.76 E3176.12216
G1 X172.56 Y119.76 E3176.15436
G1 X172.56 Y148.797 E3177.21671
G1 X172.367 Y149.167 E3177.23198
G1 X171.995 Y149.36 E3177.24731
G1 X48.1 Y149.36 E3181.78015
G1 X47.633 Y149.167 E3181.79864
G1 X47.44 Y148.795 E3181.81397
G1 X47.44 Y71.3 E3184.64921
G1 X47.633 Y70.833 E3184.6677
G1 X48.005 Y70.64 E3184.68303
G1 X171.9 Y70.64 E3189.21588
G1 X172.367 Y70.833 E3189.23436
G1 X172.56 Y71.3 E3189.25285
G1 X172.56 Y108.44 E3190.61166
G1 X173.44 Y108.44 E3190.64386
G1 X173.44 Y69.76 E3192.05901
G1 X46.561 Y69.761 E3196.70102
G1 X46.561 Y150.239 E3199.6454
G1 X110 Y150.24 E3201.96639
G0 F9000 X110 Y150.68
;TYPE:WALL-OUTER
G1 F1800 X173.88 Y150.68 E3204.30351
G1 X173.88 Y119.32 E3205.45085
G1 X172.12 Y119.32 E3205.51525
G1 X172.117 Y148.738 E3206.59154
G1 X172.056 Y148.856 E3206.5964
G1 X171.938 Y148.917 E3206.60126
G1 X48.1 Y148.92 E3211.13201
G1 X47.944 Y148.856 E3211.13818
G1 X47.883 Y148.738 E3211.14304
G1 X47.88 Y71.3 E3213.9762
G1 X47.944 Y71.144 E3213.98237
G1 X48.062 Y71.083 E3213.98723
G1 X171.9 Y71.08 E3218.51798
G1 X172.056 Y71.144 E3218.52415
G1 X172.12 Y71.3 E3218.53032
G1 X172.12 Y108.88 E3219.90523
G1 X173.88 Y108.88 E3219.96962
G1 X173.88 Y69.32 E3221.41697
G1 X46.121 Y69.321 E3226.09118
G1 X46.121 Y150.679 E3229.06776
G1 X110 Y150.68 E3231.40484
G1 F1500 E3229.40484
;MESH:NONMESH
G0 F300 Z9.64
G0 F9000 X110 Y151.565
G0 X174.753 Y151.553
G0 X174.753 Y118.447
G0 X48.753 Y71.953
G0 X47.909 Y70.208
;TIME_ELAPSED:8536.565815
;LAYER:48
;TYPE:WALL-INNER
;MESH:SmartKiln_Frente.stl
G1 F1500 E3231.40484
G1 F1763.9 X48.1 Y70.2 E3231.41198
G1 F1800 X171.9 Y70.2 E3235.94134
G1 F1500 E3233.94134
G0 F9000 X173 Y71.3
G1 F1500 E3235.94134
G1 F1800 X173 Y108 E3237.28406
G1 F1500 E3235.28406
G0 F9000 X173 Y109.765
G0 X173 Y118.435
G0 X173 Y120.2
G1 F1500 E3237.28406
G1 F1800 X173 Y148.7 E3238.32676
G1 F1767.9 X172.992 Y148.891 E3238.33388
G0 F9000 X172.091 Y149.792
G1 F1824.9 X173.016 Y149.816 E3238.36727
G1 F1833.3 X172.992 Y148.891 E3238.40051
G1 X172.667 Y149.467 E3238.42427
G1 F1824.9 X172.091 Y149.792 E3238.44814
G1 F1763.9 X171.9 Y149.8 E3238.45527
G1 F1800 X48.1 Y149.8 E3242.98464
G1 F1867.9 X47.333 Y149.467 E3243.01412
G1 F1829.1 X47.008 Y148.891 E3243.03793
G1 X46.985 Y149.815 E3243.07121
G1 F1867.9 X48.1 Y149.8 E3243.11052
G0 F9000 X47.008 Y148.891
G1 F1763.9 X47 Y148.7 E3243.11766
G1 F1800 X47 Y71.3 E3245.94943
G1 F1867.9 X47.333 Y70.533 E3245.97891
G1 F1829.1 X47.909 Y70.208 E3246.00272
G1 X46.985 Y70.185 E3246.036
G1 F1867.9 X47 Y71.3 E3246.07531
G1 F1500 E3244.07531
G0 F9000 X48.753 Y71.953
G0 X171.247 Y71.953
G0 X173 Y71.3
G1 F1500 E3246.07531
G1 F1867.9 X173.016 Y70.184 E3246.11466
G1 X171.9 Y70.2 E3246.15401
G1 X172.667 Y70.533 E3246.18349
G1 X173 Y71.3 E3246.21297
G1 F1500 E3244.21297
G0 F9000 X171.247 Y71.953
G0 X171.247 Y118.447
G0 X174.753 Y118.447
G0 X174.753 Y151.553
G0 X110 Y151.565
G0 X110 Y150.24
G1 F1500 E3246.21297
G1 F1800 X173.44 Y150.24 E3248.53399
G1 X173.44 Y119.76 E3249.64914
G1 X172.56 Y119.76 E3249.68134
G1 X172.56 Y148.797 E3250.74369
G1 X172.367 Y149.167 E3250.75896
G1 X171.995 Y149.36 E3250.77429
G1 X48.1 Y149.36 E3255.30713
G1 X47.633 Y149.167 E3255.32562
G1 X47.44 Y148.795 E3255.34095
G1 X47.44 Y71.3 E3258.17619
G1 X47.633 Y70.833 E3258.19468
G1 X48.005 Y70.64 E3258.21001
G1 X171.9 Y70.64 E3262.74285
G1 X172.367 Y70.833 E3262.76134
G1 X172.56 Y71.3 E3262.77983
G1 X172.56 Y108.44 E3264.13864
G1 X173.44 Y108.44 E3264.17083
G1 X173.44 Y69.76 E3265.58599
G1 X46.561 Y69.761 E3270.228
G1 X46.561 Y150.239 E3273.17238
G1 X110 Y150.24 E3275.49337
G0 F9000 X110 Y150.68
;TYPE:WALL-OUTER
G1 F1800 X173.88 Y150.68 E3277.83049
G1 X173.88 Y119.32 E3278.97783
G1 X172.12 Y119.32 E3279.04223
G1 X172.117 Y148.738 E3280.11852
G1 X172.056 Y148.856 E3280.12338
G1 X171.938 Y148.917 E3280.12824
G1 X48.1 Y148.92 E3284.65899
G1 X47.944 Y148.856 E3284.66516
G1 X47.883 Y148.738 E3284.67002
G1 X47.88 Y71.3 E3287.50318
G1 X47.944 Y71.144 E3287.50935
G1 X48.062 Y71.083 E3287.51421
G1 X171.9 Y71.08 E3292.04496
G1 X172.056 Y71.144 E3292.05113
G1 X172.12 Y71.3 E3292.0573
G1 X172.12 Y108.88 E3293.43221
G1 X173.88 Y108.88 E3293.4966
G1 X173.88 Y69.32 E3294.94395
G1 X46.121 Y69.321 E3299.61816
G1 X46.121 Y150.679 E3302.59473
G1 X110 Y150.68 E3304.93182
G1 F1500 E3302.93182
;MESH:NONMESH
G0 F300 Z9.84
G0 F9000 X110 Y151.565
G0 X174.753 Y151.553
G0 X174.753 Y118.447
G0 X48.753 Y71.953
G0 X47.909 Y70.208
;TIME_ELAPSED:8612.443875
;LAYER:49
;TYPE:WALL-INNER
;MESH:SmartKiln_Frente.stl
G1 F1500 E3304.93182
G1 F1763.9 X48.1 Y70.2 E3304.93896
G1 F1800 X171.9 Y70.2 E3309.46832
G1 F1500 E3307.46832
G0 F9000 X173 Y71.3
G1 F1500 E3309.46832
G1 F1800 X173 Y108 E3310.81103
G1 F1500 E3308.81103
G0 F9000 X173 Y109.765
G0 X173 Y118.435
G0 X173 Y120.2
G1 F1500 E3310.81103
G1 F1800 X173 Y148.7 E3311.85374
G1 F1767.9 X172.992 Y148.891 E3311.86086
G0 F9000 X172.091 Y149.792
G1 F1763.9 X171.9 Y149.8 E3311.868
G1 F1800 X48.1 Y149.8 E3316.39736
G1 F1867.9 X47.333 Y149.467 E3316.42684
G1 F1829.1 X47.008 Y148.891 E3316.45066
G1 X46.985 Y149.815 E3316.48393
G1 F1867.9 X48.1 Y149.8 E3316.52325
G0 F9000 X47.008 Y148.891
G1 F1763.9 X47 Y148.7 E3316.53038
G1 F1800 X47 Y71.3 E3319.36215
G1 F1867.9 X47.333 Y70.533 E3319.39163
G1 F1829.1 X47.909 Y70.208 E3319.41544
G1 X46.985 Y70.185 E3319.44872
G1 F1867.9 X47 Y71.3 E3319.48804
G1 F1500 E3317.48804
G0 F9000 X48.753 Y71.953
G0 X171.247 Y71.953
G0 X173 Y71.3
G1 F1500 E3319.48804
G1 F1867.9 X173.016 Y70.184 E3319.52738
G1 X171.9 Y70.2 E3319.56673
G1 X172.667 Y70.533 E3319.59621
G1 X173 Y71.3 E3319.62569
G1 F1500 E3317.62569
G0 F9000 X174.765 Y71.3
G0 X174.753 Y109.753
G0 X171.247 Y118.447
G0 X171.247 Y148.047
G0 X172.091 Y149.792
G1 F1500 E3319.62569
G1 F1824.9 X173.016 Y149.816 E3319.65909
G1 F1833.3 X172.992 Y148.891 E3319.69232
G1 X172.667 Y149.467 E3319.71608
G1 F1824.9 X172.091 Y149.792 E3319.73995
G1 F1500 E3317.73995
G0 F9000 X172.091 Y151.565
G0 X110 Y151.565
G0 X110 Y150.24
G1 F1500 E3319.73995
G1 F1800 X173.44 Y150.24 E3322.06097
G1 X173.44 Y119.76 E3323.17612
G1 X172.56 Y119.76 E3323.20831
G1 X172.56 Y148.797 E3324.27067
G1 X172.367 Y149.167 E3324.28593
G1 X171.995 Y149.36 E3324.30127
G1 X48.1 Y149.36 E3328.83411
G1 X47.633 Y149.167 E3328.85259
G1 X47.44 Y148.795 E3328.86793
G1 X47.44 Y71.3 E3331.70317
G1 X47.633 Y70.833 E3331.72166
G1 X48.005 Y70.64 E3331.73699
G1 X171.9 Y70.64 E3336.26983
G1 X172.367 Y70.833 E3336.28832
G1 X172.56 Y71.3 E3336.30681
G1 X172.56 Y108.44 E3337.66562
G1 X173.44 Y108.44 E3337.69781
G1 X173.44 Y69.76 E3339.11296
G1 X46.561 Y69.761 E3343.75498
G1 X46.561 Y150.239 E3346.69936
G1 X110 Y150.24 E3349.02035
G0 F9000 X110 Y150.68
;TYPE:WALL-OUTER
G1 F1800 X173.88 Y150.68 E3351.35747
G1 X173.88 Y119.32 E3352.50481
G1 X172.12 Y119.32 E3352.5692
G1 X172.117 Y148.738 E3353.64549
G1 X172.056 Y148.856 E3353.65035
G1 X171.938 Y148.917 E3353.65521
G1 X48.1 Y148.92 E3358.18597
G1 X47.944 Y148.856 E3358.19214
G1 X47.883 Y148.738 E3358.197
G1 X47.88 Y71.3 E3361.03016
G1 X47.944 Y71.144 E3361.03633
G1 X48.062 Y71.083 E3361.04119
G1 X171.9 Y71.08 E3365.57194
G1 X172.056 Y71.144 E3365.57811
G1 X172.12 Y71.3 E3365.58428
G1 X172.12 Y108.88 E3366.95919
G1 X173.88 Y108.88 E3367.02358
G1 X173.88 Y69.32 E3368.47093
G1 X46.121 Y69.321 E3373.14514
G1 X46.121 Y150.679 E3376.12171
G1 X110 Y150.68 E3378.4588
G1 F1500 E3376.4588
;MESH:NONMESH
G0 F300 Z10.04
G0 F9000 X110 Y151.565
G0 X174.753 Y151.553
G0 X174.753 Y118.447
G0 X48.753 Y71.953
G0 X47.909 Y70.208
;TIME_ELAPSED:8688.608736
;LAYER:50
;TYPE:WALL-INNER
;MESH:SmartKiln_Frente.stl
G1 F1500 E3378.4588
G1 F1763.9 X48.1 Y70.2 E3378.46594
G1 F1800 X171.9 Y70.2 E3382.9953
G1 F1500 E3380.9953
G0 F9000 X173 Y71.3
G1 F1500 E3382.9953
G1 F1800 X173 Y108 E3384.33801
G1 F1500 E3382.33801
G0 F9000 X173 Y109.765
G0 X173 Y118.435
G0 X173 Y120.2
G1 F1500 E3384.33801
G1 F1800 X173 Y148.7 E3385.38072
G1 F1767.9 X172.992 Y148.891 E3385.38784
G0 F9000 X172.091 Y149.792
G1 F1824.9 X173.016 Y149.816 E3385.42123
G1 F1833.3 X172.992 Y148.891 E3385.45447
G1 X172.667 Y149.467 E3385.47823
G1 F1824.9 X172.091 Y149.792 E3385.50209
G1 F1763.9 X171.9 Y149.8 E3385.50923
G1 F1800 X48.1 Y149.8 E3390.0386
G1 F1867.9 X47.333 Y149.467 E3390.06808
G1 F1829.1 X47.008 Y148.891 E3390.09189
G1 X46.985 Y149.815 E3390.12517
G1 F1867.9 X48.1 Y149.8 E3390.16448
G0 F9000 X47.008 Y148.891
G1 F1763.9 X47 Y148.7 E3390.17162
G1 F1800 X47 Y71.3 E3393.00338
G1 F1867.9 X47.333 Y70.533 E3393.03286
G1 F1829.1 X47.909 Y70.208 E3393.05668
G1 X46.985 Y70.185 E3393.08995
G1 F1867.9 X47 Y71.3 E3393.12927
G1 F1500 E3391.12927
G0 F9000 X48.753 Y71.953
G0 X171.247 Y71.953
G0 X173 Y71.3
G1 F1500 E3393.12927
G1 F1867.9 X173.016 Y70.184 E3393.16862
G1 X171.9 Y70.2 E3393.20797
G1 X172.667 Y70.533 E3393.23745
G1 X173 Y71.3 E3393.26693
G1 F1500 E3391.26693
G0 F9000 X171.247 Y71.953
G0 X171.247 Y118.447
G0 X174.753 Y118.447
G0 X174.753 Y151.553
G0 X110 Y151.565
G0 X110 Y150.24
G1 F1500 E3393.26693
G1 F1800 X173.44 Y150.24 E3395.58795
G1 X173.44 Y119.76 E3396.7031
G1 X172.56 Y119.76 E3396.73529
G1 X172.56 Y148.797 E3397.79764
G1 X172.367 Y149.167 E3397.81291
G1 X171.995 Y149.36 E3397.82825
G1 X48.1 Y149.36 E3402.36109
G1 X47.633 Y149.167 E3402.37957
G1 X47.44 Y148.795 E3402.39491
G1 X47.44 Y71.3 E3405.23015
G1 X47.633 Y70.833 E3405.24864
G1 X48.005 Y70.64 E3405.26397
G1 X171.9 Y70.64 E3409.79681
G1 X172.367 Y70.833 E3409.8153
G1 X172.56 Y71.3 E3409.83379
G1 X172.56 Y108.44 E3411.19259
G1 X173.44 Y108.44 E3411.22479
G1 X173.44 Y69.76 E3412.63994
G1 X46.561 Y69.761 E3417.28196
G1 X46.561 Y150.239 E3420.22634
G1 X110 Y150.24 E3422.54733
G0 F9000 X110 Y150.68
;TYPE:WALL-OUTER
G1 F1800 X173.88 Y150.68 E3424.88445
G1 X173.88 Y119.32 E3426.03179
G1 X172.12 Y119.32 E3426.09618
G1 X172.117 Y148.738 E3427.17247
G1 X172.056 Y148.856 E3427.17733
G1 X171.938 Y148.917 E3427.18219
G1 X48.1 Y148.92 E3431.71295
G1 X47.944 Y148.856 E3431.71912
G1 X47.883 Y148.738 E3431.72398
G1 X47.88 Y71.3 E3434.55714
G1 X47.944 Y71.144 E3434.5633
G1 X48.062 Y71.083 E3434.56816
G1 X171.9 Y71.08 E3439.09892
G1 X172.056 Y71.144 E3439.10509
G1 X172.12 Y71.3 E3439.11126
G1 X172.12 Y108.88 E3440.48617
G1 X173.88 Y108.88 E3440.55056
G1 X173.88 Y69.32 E3441.99791
G1 X46.121 Y69.321 E3446.67212
G1 X46.121 Y150.679 E3449.64869
G1 X110 Y150.68 E3451.98578
G1 F1500 E3449.98578
;MESH:NONMESH
G0 F300 Z10.24
G0 F9000 X110 Y151.565
G0 X174.753 Y151.553
G0 X174.753 Y118.447
G0 X48.753 Y71.953
G0 X47.909 Y70.208
;TIME_ELAPSED:8764.486796
;LAYER:51
;TYPE:WALL-INNER
;MESH:SmartKiln_Frente.stl
G1 F1500 E3451.98578
G1 F1763.9 X48.1 Y70.2 E3451.99291
G1 F1800 X171.9 Y70.2 E3456.52228
G1 F1500 E3454.52228
G0 F9000 X173 Y71.3
G1 F1500 E3456.52228
G1 F1800 X173 Y108 E3457.86499
G1 F1500 E3455.86499
G0 F9000 X173 Y109.765
G0 X173 Y118.435
G0 X173 Y120.2
G1 F1500 E3457.86499
G1 F1800 X173 Y148.7 E3458.9077
G1 F1767.9 X172.992 Y148.891 E3458.91482
G0 F9000 X172.091 Y149.792
G1 F1763.9 X171.9 Y149.8 E3458.92196
G1 F1800 X48.1 Y149.8 E3463.45132
G1 F1867.9 X47.333 Y149.467 E3463.4808
G1 F1829.1 X47.008 Y148.891 E3463.50461
G1 X46.985 Y149.815 E3463.53789
G1 F1867.9 X48.1 Y149.8 E3463.5772
G0 F9000 X47.008 Y148.891
G1 F1763.9 X47 Y148.7 E3463.58434
G1 F1800 X47 Y71.3 E3466.41611
G1 F1867.9 X47.333 Y70.533 E3466.44559
G1 F1829.1 X47.909 Y70.208 E3466.4694
G1 X46.985 Y70.185 E3466.50268
G1 F1867.9 X47 Y71.3 E3466.54199
G1 F1500 E3464.54199
G0 F9000 X48.753 Y71.953
G0 X171.247 Y71.953
G0 X173 Y71.3
G1 F1500 E3466.54199
G1 F1867.9 X173.016 Y70.184 E3466.58134
G1 X171.9 Y70.2 E3466.62069
G1 X172.667 Y70.533 E3466.65017
G1 X173 Y71.3 E3466.67965
G1 F1500 E3464.67965
G0 F9000 X174.765 Y71.3
G0 X174.753 Y109.753
G0 X171.247 Y118.447
G0 X171.247 Y148.047
G0 X172.091 Y149.792
G1 F1500 E3466.67965
G1 F1824.9 X173.016 Y149.816 E3466.71304
G1 F1833.3 X172.992 Y148.891 E3466.74628
G1 X172.667 Y149.467 E3466.77004
G1 F1824.9 X172.091 Y149.792 E3466.7939
G1 F1500 E3464.7939
G0 F9000 X172.091 Y151.565
G0 X110 Y151.565
G0 X110 Y150.24
G1 F1500 E3466.7939
G1 F1800 X173.44 Y150.24 E3469.11493
G1 X173.44 Y119.76 E3470.23008
G1 X172.56 Y119.76 E3470.26227
G1 X172.56 Y148.797 E3471.32462
G1 X172.367 Y149.167 E3471.33989
G1 X171.995 Y149.36 E3471.35522
G1 X48.1 Y149.36 E3475.88806
G1 X47.633 Y149.167 E3475.90655
G1 X47.44 Y148.795 E3475.92188
G1 X47.44 Y71.3 E3478.75713
G1 X47.633 Y70.833 E3478.77562
G1 X48.005 Y70.64 E3478.79095
G1 X171.9 Y70.64 E3483.32379
G1 X172.367 Y70.833 E3483.34228
G1 X172.56 Y71.3 E3483.36076
G1 X172.56 Y108.44 E3484.71957
G1 X173.44 Y108.44 E3484.75177
G1 X173.44 Y69.76 E3486.16692
G1 X46.561 Y69.761 E3490.80894
G1 X46.561 Y150.239 E3493.75332
G1 X110 Y150.24 E3496.0743
G0 F9000 X110 Y150.68
;TYPE:WALL-OUTER
G1 F1800 X173.88 Y150.68 E3498.41143
G1 X173.88 Y119.32 E3499.55877
G1 X172.12 Y119.32 E3499.62316
G1 X172.117 Y148.738 E3500.69945
G1 X172.056 Y148.856 E3500.70431
G1 X171.938 Y148.917 E3500.70917
G1 X48.1 Y148.92 E3505.23993
G1 X47.944 Y148.856 E3505.2461
G1 X47.883 Y148.738 E3505.25096
G1 X47.88 Y71.3 E3508.08411
G1 X47.944 Y71.144 E3508.09028
G1 X48.062 Y71.083 E3508.09514
G1 X171.9 Y71.08 E3512.6259
G1 X172.056 Y71.144 E3512.63207
G1 X172.12 Y71.3 E3512.63824
G1 X172.12 Y108.88 E3514.01314
G1 X173.88 Y108.88 E3514.07754
G1 X173.88 Y69.32 E3515.52488
G1 X46.121 Y69.321 E3520.19909
G1 X46.121 Y150.679 E3523.17567
G1 X110 Y150.68 E3525.51276
G1 F1500 E3523.51276
;MESH:NONMESH
G0 F300 Z10.44
G0 F9000 X110 Y151.565
G0 X174.753 Y151.553
G0 X174.753 Y68.447
G0 X46.674 Y68.435
G0 X46.674 Y69.808
;TIME_ELAPSED:8840.956643
;LAYER:52
;TYPE:WALL-INNER
;MESH:SmartKiln_Frente.stl
G1 F1500 E3525.51276
G1 F1483.1 X46.641 Y69.751 E3525.51568
G1 X46.575 Y69.751 E3525.51861
G1 X46.542 Y69.808 E3525.52154
G1 X46.575 Y69.865 E3525.52446
G1 X46.641 Y69.865 E3525.52739
G1 X46.674 Y69.808 E3525.53032
G1 F1500 E3523.53032
G0 F9000 X47.763 Y70.963
G0 X47.763 Y149.037
G0 X46.676 Y150.191
G1 F1500 E3525.53032
G1 F1472.1 X46.642 Y150.133 E3525.53332
G1 X46.575 Y150.133 E3525.53632
G1 X46.542 Y150.191 E3525.53931
G1 X46.576 Y150.249 E3525.54231
G1 X46.643 Y150.249 E3525.54531
G1 X46.676 Y150.191 E3525.5483
G1 F1500 E3523.5483
G0 F9000 X47.763 Y149.037
G0 X172.237 Y70.963
G0 X173.458 Y69.809
G1 F1500 E3525.5483
G1 F1472.1 X173.424 Y69.751 E3525.5513
G1 X173.357 Y69.751 E3525.5543
G1 X173.324 Y69.809 E3525.55729
G1 X173.358 Y69.867 E3525.56029
G1 X173.425 Y69.867 E3525.56329
G1 X173.458 Y69.809 E3525.56628
G1 F1500 E3523.56628
G0 F9000 X172.237 Y70.963
G0 X172.237 Y118.447
G0 X174.753 Y118.447
G0 X174.753 Y151.553
G0 X110 Y151.565
G0 X110 Y150.596
;TYPE:WALL-OUTER
G1 F1500 E3525.56628
G1 F1302.6 X141.497 Y150.595 E3527.15862
G1 F1298.4 X172.994 Y150.595 E3528.7562
G1 F1200 X173.39 Y150.545 E3528.7781
G1 F1115.5 X173.745 Y150.545 E3528.79906
G1 X173.745 Y150.19 E3528.82002
G1 F1200 X173.795 Y149.793 E3528.84198
G1 F1302.6 X173.797 Y119.403 E3530.37836
G1 F1306.9 X173.191 Y119.403 E3530.40889
G1 F1302.6 X173.189 Y149.741 E3531.94264
G1 F1200 X173.139 Y149.939 E3531.95385
G1 X172.941 Y149.989 E3531.96506
G1 F1298.4 X141.483 Y149.989 E3533.56066
G1 F1300.5 X110.025 Y149.99 E3535.15365
G1 F1302.6 X78.567 Y149.99 E3536.74402
G1 F1304.8 X47.109 Y149.991 E3538.33178
G1 F1302.6 X46.808 Y149.741 E3538.35156
G1 X46.807 Y110.024 E3540.35947
G1 F1309.1 X46.806 Y70.307 E3542.35747
G1 F1306.9 X47.055 Y70.008 E3542.37708
G1 F1302.6 X78.513 Y70.008 E3543.96745
G1 F1304.8 X109.971 Y70.007 E3545.5552
G1 F1306.9 X141.429 Y70.007 E3547.14035
G1 F1309.1 X172.887 Y70.006 E3548.72287
G1 X173.191 Y70.308 E3548.74443
G1 F1306.9 X173.191 Y108.797 E3550.68385
G1 X173.797 Y108.797 E3550.71439
G1 X173.797 Y70.308 E3552.65381
G1 F1514.3 X173.88 Y69.809 E3552.67581
G1 F1800 X173.88 Y69.32 E3552.6937
G1 X173.391 Y69.32 E3552.71159
G1 F1517.2 X172.888 Y69.402 E3552.73372
G1 F1309.1 X141.417 Y69.402 E3554.31689
G1 F1306.9 X109.946 Y69.403 E3555.90269
G1 F1304.8 X78.475 Y69.403 E3557.4911
G1 F1302.6 X47.004 Y69.404 E3559.08213
G1 F1511.5 X46.608 Y69.321 E3559.09976
G1 F1800 X46.121 Y69.321 E3559.11758
G1 X46.121 Y69.808 E3559.13539
G1 F1517.2 X46.202 Y70.308 E3559.15738
G1 F1309.1 X46.203 Y110.051 E3561.15669
G1 F1302.6 X46.204 Y149.794 E3563.16591
G1 F1511.5 X46.12 Y150.191 E3563.18359
G1 F1800 X46.12 Y150.68 E3563.20148
G1 X46.609 Y150.68 E3563.21937
G1 F1514.3 X47.108 Y150.597 E3563.24137
G1 F1306.9 X110 Y150.596 E3566.41044
G1 F1500 E3564.41044
;MESH:NONMESH
G0 F300 Z10.64
G0 F9000 X110 Y151.565
G0 X174.753 Y151.553
G0 X174.753 Y118.447
G0 X47.763 Y70.963
G0 X46.674 Y69.808
;TIME_ELAPSED:8886.275307
;LAYER:53
;TYPE:WALL-INNER
;MESH:SmartKiln_Frente.stl
G1 F1500 E3566.41044
G1 F1483.1 X46.641 Y69.751 E3566.41337
G1 X46.575 Y69.751 E3566.4163
G1 X46.542 Y69.808 E3566.41922
G1 X46.575 Y69.865 E3566.42215
G1 X46.641 Y69.865 E3566.42508
G1 X46.674 Y69.808 E3566.428
G1 F1500 E3564.428
G0 F9000 X47.763 Y70.963
G0 X47.763 Y149.037
G0 X46.676 Y150.191
G1 F1500 E3566.428
G1 F1472.1 X46.642 Y150.133 E3566.43101
G1 X46.575 Y150.133 E3566.43401
G1 X46.542 Y150.191 E3566.43699
G1 X46.576 Y150.249 E3566.44
G1 X46.643 Y150.249 E3566.443
G1 X46.676 Y150.191 E3566.44598
G1 F1500 E3564.44598
G0 F9000 X47.763 Y149.037
G0 X172.237 Y70.963
G0 X173.458 Y69.809
G1 F1500 E3566.44598
G1 F1472.1 X173.424 Y69.751 E3566.44899
G1 X173.357 Y69.751 E3566.45199
G1 X173.324 Y69.809 E3566.45497
G1 X173.358 Y69.867 E3566.45798
G1 X173.425 Y69.867 E3566.46098
G1 X173.458 Y69.809 E3566.46396
G1 F1500 E3564.46396
G0 F9000 X172.237 Y70.963
G0 X172.237 Y118.447
G0 X174.753 Y118.447
G0 X174.753 Y151.553
G0 X110 Y151.565
G0 X110 Y150.596
;TYPE:WALL-OUTER
G1 F1500 E3566.46396
G1 F1302.6 X141.497 Y150.595 E3568.05631
G1 F1298.4 X172.994 Y150.595 E3569.65389
G1 F1200 X173.39 Y150.545 E3569.67579
G1 F1115.5 X173.745 Y150.545 E3569.69675
G1 X173.745 Y150.19 E3569.71771
G1 F1200 X173.795 Y149.793 E3569.73967
G1 F1302.6 X173.797 Y119.403 E3571.27605
G1 F1306.9 X173.191 Y119.403 E3571.30658
G1 F1302.6 X173.189 Y149.741 E3572.84033
G1 F1200 X173.139 Y149.939 E3572.85154
G1 X172.941 Y149.989 E3572.86275
G1 F1298.4 X141.483 Y149.989 E3574.45835
G1 F1300.5 X110.025 Y149.99 E3576.05134
G1 F1302.6 X78.567 Y149.99 E3577.64171
G1 F1304.8 X47.109 Y149.991 E3579.22947
G1 F1302.6 X46.808 Y149.741 E3579.24925
G1 X46.807 Y110.024 E3581.25716
G1 F1309.1 X46.806 Y70.307 E3583.25516
G1 F1306.9 X47.055 Y70.008 E3583.27477
G1 F1302.6 X78.513 Y70.008 E3584.86514
G1 F1304.8 X109.971 Y70.007 E3586.45289
G1 F1306.9 X141.429 Y70.007 E3588.03803
G1 F1309.1 X172.887 Y70.006 E3589.62056
G1 X173.191 Y70.308 E3589.64212
G1 F1306.9 X173.191 Y108.797 E3591.58154
G1 X173.797 Y108.797 E3591.61208
G1 X173.797 Y70.308 E3593.5515
G1 F1514.3 X173.88 Y69.809 E3593.5735
G1 F1800 X173.88 Y69.32 E3593.59139
G1 X173.391 Y69.32 E3593.60928
G1 F1517.2 X172.888 Y69.402 E3593.6314
G1 F1309.1 X141.417 Y69.402 E3595.21458
G1 F1306.9 X109.946 Y69.403 E3596.80038
G1 F1304.8 X78.475 Y69.403 E3598.38879
G1 F1302.6 X47.004 Y69.404 E3599.97982
G1 F1511.5 X46.608 Y69.321 E3599.99745
G1 F1800 X46.121 Y69.321 E3600.01527
G1 X46.121 Y69.808 E3600.03308
G1 F1517.2 X46.202 Y70.308 E3600.05507
G1 F1309.1 X46.203 Y110.051 E3602.05438
G1 F1302.6 X46.204 Y149.794 E3604.0636
G1 F1511.5 X46.12 Y150.191 E3604.08128
G1 F1800 X46.12 Y150.68 E3604.09917
G1 X46.609 Y150.68 E3604.11706
G1 F1514.3 X47.108 Y150.597 E3604.13906
G1 F1306.9 X110 Y150.596 E3607.30813
G1 F1500 E3605.30813
;MESH:NONMESH
G0 F300 Z10.84
G0 F9000 X110 Y151.565
G0 X174.753 Y151.553
G0 X174.753 Y118.447
G0 X47.763 Y70.963
G0 X46.674 Y69.808
;TIME_ELAPSED:8931.593971
;LAYER:54
;TYPE:WALL-INNER
;MESH:SmartKiln_Frente.stl
G1 F1500 E3607.30813
G1 F1483.1 X46.641 Y69.751 E3607.31106
G1 X46.575 Y69.751 E3607.31399
G1 X46.542 Y69.808 E3607.31691
G1 X46.575 Y69.865 E3607.31984
G1 X46.641 Y69.865 E3607.32277
G1 X46.674 Y69.808 E3607.32569
G1 F1500 E3605.32569
G0 F9000 X47.763 Y70.963
G0 X47.763 Y149.037
G0 X46.676 Y150.191
G1 F1500 E3607.32569
G1 F1472.1 X46.642 Y150.133 E3607.3287
G1 X46.575 Y150.133 E3607.3317
G1 X46.542 Y150.191 E3607.33468
G1 X46.576 Y150.249 E3607.33769
G1 X46.643 Y150.249 E3607.34069
G1 X46.676 Y150.191 E3607.34367
G1 F1500 E3605.34367
G0 F9000 X47.763 Y149.037
G0 X172.237 Y70.963
G0 X173.458 Y69.809
G1 F1500 E3607.34367
G1 F1472.1 X173.424 Y69.751 E3607.34668
G1 X173.357 Y69.751 E3607.34968
G1 X173.324 Y69.809 E3607.35266
G1 X173.358 Y69.867 E3607.35567
G1 X173.425 Y69.867 E3607.35867
G1 X173.458 Y69.809 E3607.36165
G1 F1500 E3605.36165
G0 F9000 X172.237 Y70.963
G0 X172.237 Y118.447
G0 X174.753 Y118.447
G0 X174.753 Y151.553
G0 X110 Y151.565
G0 X110 Y150.596
;TYPE:WALL-OUTER
G1 F1500 E3607.36165
G1 F1302.6 X141.497 Y150.595 E3608.954
G1 F1298.4 X172.994 Y150.595 E3610.55158
G1 F1200 X173.39 Y150.545 E3610.57348
G1 F1115.5 X173.745 Y150.545 E3610.59444
G1 X173.745 Y150.19 E3610.6154
G1 F1200 X173.795 Y149.793 E3610.63736
G1 F1302.6 X173.797 Y119.403 E3612.17374
G1 F1306.9 X173.191 Y119.403 E3612.20427
G1 F1302.6 X173.189 Y149.741 E3613.73802
G1 F1200 X173.139 Y149.939 E3613.74923
G1 X172.941 Y149.989 E3613.76044
G1 F1298.4 X141.483 Y149.989 E3615.35604
G1 F1300.5 X110.025 Y149.99 E3616.94903
G1 F1302.6 X78.567 Y149.99 E3618.5394
G1 F1304.8 X47.109 Y149.991 E3620.12716
G1 F1302.6 X46.808 Y149.741 E3620.14694
G1 X46.807 Y110.024 E3622.15485
G1 F1309.1 X46.806 Y70.307 E3624.15285
G1 F1306.9 X47.055 Y70.008 E3624.17245
G1 F1302.6 X78.513 Y70.008 E3625.76283
G1 F1304.8 X109.971 Y70.007 E3627.35058
G1 F1306.9 X141.429 Y70.007 E3628.93572
G1 F1309.1 X172.887 Y70.006 E3630.51825
G1 X173.191 Y70.308 E3630.5398
G1 F1306.9 X173.191 Y108.797 E3632.47923
G1 X173.797 Y108.797 E3632.50977
G1 X173.797 Y70.308 E3634.44919
G1 F1514.3 X173.88 Y69.809 E3634.47119
G1 F1800 X173.88 Y69.32 E3634.48908
G1 X173.391 Y69.32 E3634.50697
G1 F1517.2 X172.888 Y69.402 E3634.52909
G1 F1309.1 X141.417 Y69.402 E3636.11227
G1 F1306.9 X109.946 Y69.403 E3637.69807
G1 F1304.8 X78.475 Y69.403 E3639.28648
G1 F1302.6 X47.004 Y69.404 E3640.87751
G1 F1511.5 X46.608 Y69.321 E3640.89514
G1 F1800 X46.121 Y69.321 E3640.91296
G1 X46.121 Y69.808 E3640.93077
G1 F1517.2 X46.202 Y70.308 E3640.95276
G1 F1309.1 X46.203 Y110.051 E3642.95207
G1 F1302.6 X46.204 Y149.794 E3644.96129
G1 F1511.5 X46.12 Y150.191 E3644.97897
G1 F1800 X46.12 Y150.68 E3644.99686
G1 X46.609 Y150.68 E3645.01475
G1 F1514.3 X47.108 Y150.597 E3645.03675
G1 F1306.9 X110 Y150.596 E3648.20582
G1 F1500 E3646.20582
;MESH:NONMESH
G0 F300 Z11.04
G0 F9000 X110 Y151.565
G0 X174.753 Y151.553
G0 X174.753 Y118.447
G0 X47.763 Y70.963
G0 X46.674 Y69.808
;TIME_ELAPSED:8976.912635
;LAYER:55
;TYPE:WALL-INNER
;MESH:SmartKiln_Frente.stl
G1 F1500 E3648.20582
G1 F1483.1 X46.641 Y69.751 E3648.20875
G1 X46.575 Y69.751 E3648.21168
G1 X46.542 Y69.808 E3648.2146
G1 X46.575 Y69.865 E3648.21753
G1 X46.641 Y69.865 E3648.22046
G1 X46.674 Y69.808 E3648.22338
G1 F1500 E3646.22338
G0 F9000 X47.763 Y70.963
G0 X47.763 Y149.037
G0 X46.676 Y150.191
G1 F1500 E3648.22338
G1 F1472.1 X46.642 Y150.133 E3648.22639
G1 X46.575 Y150.133 E3648.22939
G1 X46.542 Y150.191 E3648.23237
G1 X46.576 Y150.249 E3648.23538
G1 X46.643 Y150.249 E3648.23838
G1 X46.676 Y150.191 E3648.24136
G1 F1500 E3646.24136
G0 F9000 X47.763 Y149.037
G0 X172.237 Y70.963
G0 X173.458 Y69.809
G1 F1500 E3648.24136
G1 F1472.1 X173.424 Y69.751 E3648.24437
G1 X173.357 Y69.751 E3648.24737
G1 X173.324 Y69.809 E3648.25035
G1 X173.358 Y69.867 E3648.25336
G1 X173.425 Y69.867 E3648.25636
G1 X173.458 Y69.809 E3648.25934
G1 F1500 E3646.25934
G0 F9000 X172.237 Y70.963
G0 X172.237 Y118.447
G0 X174.753 Y118.447
G0 X174.753 Y151.553
G0 X110 Y151.565
G0 X110 Y150.596
;TYPE:WALL-OUTER
G1 F1500 E3648.25934
G1 F1302.6 X141.497 Y150.595 E3649.85169
G1 F1298.4 X172.994 Y150.595 E3651.44927
G1 F1200 X173.39 Y150.545 E3651.47117
G1 F1115.5 X173.745 Y150.545 E3651.49213
G1 X173.745 Y150.19 E3651.51309
G1 F1200 X173.795 Y149.793 E3651.53505
G1 F1302.6 X173.797 Y119.403 E3653.07143
G1 F1306.9 X173.191 Y119.403 E3653.10196
G1 F1302.6 X173.189 Y149.741 E3654.63571
G1 F1200 X173.139 Y149.939 E3654.64692
G1 X172.941 Y149.989 E3654.65813
G1 F1298.4 X141.483 Y149.989 E3656.25373
G1 F1300.5 X110.025 Y149.99 E3657.84672
G1 F1302.6 X78.567 Y149.99 E3659.43709
G1 F1304.8 X47.109 Y149.991 E3661.02485
G1 F1302.6 X46.808 Y149.741 E3661.04463
G1 X46.807 Y110.024 E3663.05254
G1 F1309.1 X46.806 Y70.307 E3665.05054
G1 F1306.9 X47.055 Y70.008 E3665.07014
G1 F1302.6 X78.513 Y70.008 E3666.66052
G1 F1304.8 X109.971 Y70.007 E3668.24827
G1 F1306.9 X141.429 Y70.007 E3669.83341
G1 F1309.1 X172.887 Y70.006 E3671.41594
G1 X173.191 Y70.308 E3671.43749
G1 F1306.9 X173.191 Y108.797 E3673.37692
G1 X173.797 Y108.797 E3673.40746
G1 X173.797 Y70.308 E3675.34688
G1 F1514.3 X173.88 Y69.809 E3675.36888
G1 F1800 X173.88 Y69.32 E3675.38677
G1 X173.391 Y69.32 E3675.40466
G1 F1517.2 X172.888 Y69.402 E3675.42678
G1 F1309.1 X141.417 Y69.402 E3677.00996
G1 F1306.9 X109.946 Y69.403 E3678.59576
G1 F1304.8 X78.475 Y69.403 E3680.18417
G1 F1302.6 X47.004 Y69.404 E3681.7752
G1 F1511.5 X46.608 Y69.321 E3681.79283
G1 F1800 X46.121 Y69.321 E3681.81064
G1 X46.121 Y69.808 E3681.82846
G1 F1517.2 X46.202 Y70.308 E3681.85045
G1 F1309.1 X46.203 Y110.051 E3683.84976
G1 F1302.6 X46.204 Y149.794 E3685.85898
G1 F1511.5 X46.12 Y150.191 E3685.87666
G1 F1800 X46.12 Y150.68 E3685.89455
G1 X46.609 Y150.68 E3685.91244
G1 F1514.3 X47.108 Y150.597 E3685.93444
G1 F1306.9 X110 Y150.596 E3689.10351
G1 F1500 E3687.10351
;MESH:NONMESH
G0 F300 Z11.24
G0 F9000 X110 Y151.565
G0 X174.753 Y151.553
G0 X174.753 Y118.447
G0 X47.763 Y70.963
G0 X46.674 Y69.808
;TIME_ELAPSED:9022.231299
;LAYER:56
;TYPE:WALL-INNER
;MESH:SmartKiln_Frente.stl
G1 F1500 E3689.10351
G1 F1483.1 X46.641 Y69.751 E3689.10644
G1 X46.575 Y69.751 E3689.10937
G1 X46.542 Y69.808 E3689.11229
G1 X46.575 Y69.865 E3689.11522
G1 X46.641 Y69.865 E3689.11815
G1 X46.674 Y69.808 E3689.12107
G1 F1500 E3687.12107
G0 F9000 X47.763 Y70.963
G0 X47.763 Y149.037
G0 X46.676 Y150.191
G1 F1500 E3689.12107
G1 F1472.1 X46.642 Y150.133 E3689.12408
G1 X46.575 Y150.133 E3689.12708
G1 X46.542 Y150.191 E3689.13006
G1 X46.576 Y150.249 E3689.13307
G1 X46.643 Y150.249 E3689.13607
G1 X46.676 Y150.191 E3689.13905
G1 F1500 E3687.13905
G0 F9000 X47.763 Y149.037
G0 X172.237 Y70.963
G0 X173.458 Y69.809
G1 F1500 E3689.13905
G1 F1472.1 X173.424 Y69.751 E3689.14206
G1 X173.357 Y69.751 E3689.14506
G1 X173.324 Y69.809 E3689.14804
G1 X173.358 Y69.867 E3689.15105
G1 X173.425 Y69.867 E3689.15405
G1 X173.458 Y69.809 E3689.15703
G1 F1500 E3687.15703
G0 F9000 X172.237 Y70.963
G0 X172.237 Y118.447
G0 X174.753 Y118.447
G0 X174.753 Y151.553
G0 X110 Y151.565
G0 X110 Y150.596
;TYPE:WALL-OUTER
G1 F1500 E3689.15703
G1 F1302.6 X141.497 Y150.595 E3690.74937
G1 F1298.4 X172.994 Y150.595 E3692.34696
G1 F1200 X173.39 Y150.545 E3692.36886
G1 F1115.5 X173.745 Y150.545 E3692.38982
G1 X173.745 Y150.19 E3692.41078
G1 F1200 X173.795 Y149.793 E3692.43274
G1 F1302.6 X173.797 Y119.403 E3693.96911
G1 F1306.9 X173.191 Y119.403 E3693.99965
G1 F1302.6 X173.189 Y149.741 E3695.5334
G1 F1200 X173.139 Y149.939 E3695.54461
G1 X172.941 Y149.989 E3695.55581
G1 F1298.4 X141.483 Y149.989 E3697.15142
G1 F1300.5 X110.025 Y149.99 E3698.74441
G1 F1302.6 X78.567 Y149.99 E3700.33478
G1 F1304.8 X47.109 Y149.991 E3701.92253
G1 F1302.6 X46.808 Y149.741 E3701.94232
G1 X46.807 Y110.024 E3703.95022
G1 F1309.1 X46.806 Y70.307 E3705.94823
G1 F1306.9 X47.055 Y70.008 E3705.96783
G1 F1302.6 X78.513 Y70.008 E3707.5582
G1 F1304.8 X109.971 Y70.007 E3709.14596
G1 F1306.9 X141.429 Y70.007 E3710.7311
G1 F1309.1 X172.887 Y70.006 E3712.31363
G1 X173.191 Y70.308 E3712.33518
G1 F1306.9 X173.191 Y108.797 E3714.27461
G1 X173.797 Y108.797 E3714.30514
G1 X173.797 Y70.308 E3716.24457
G1 F1514.3 X173.88 Y69.809 E3716.26657
G1 F1800 X173.88 Y69.32 E3716.28446
G1 X173.391 Y69.32 E3716.30235
G1 F1517.2 X172.888 Y69.402 E3716.32447
G1 F1309.1 X141.417 Y69.402 E3717.90765
G1 F1306.9 X109.946 Y69.403 E3719.49345
G1 F1304.8 X78.475 Y69.403 E3721.08186
G1 F1302.6 X47.004 Y69.404 E3722.67289
G1 F1511.5 X46.608 Y69.321 E3722.69052
G1 F1800 X46.121 Y69.321 E3722.70833
G1 X46.121 Y69.808 E3722.72615
G1 F1517.2 X46.202 Y70.308 E3722.74814
G1 F1309.1 X46.203 Y110.051 E3724.74745
G1 F1302.6 X46.204 Y149.794 E3726.75667
G1 F1511.5 X46.12 Y150.191 E3726.77435
G1 F1800 X46.12 Y150.68 E3726.79224
G1 X46.609 Y150.68 E3726.81013
G1 F1514.3 X47.108 Y150.597 E3726.83213
G1 F1306.9 X110 Y150.596 E3730.0012
G1 F1500 E3728.0012
;MESH:NONMESH
G0 F300 Z11.44
G0 F9000 X110 Y151.565
G0 X174.753 Y151.553
G0 X174.753 Y118.447
G0 X47.763 Y70.963
G0 X46.674 Y69.808
;TIME_ELAPSED:9067.549963
;LAYER:57
;TYPE:WALL-INNER
;MESH:SmartKiln_Frente.stl
G1 F1500 E3730.0012
G1 F1483.1 X46.641 Y69.751 E3730.00413
G1 X46.575 Y69.751 E3730.00706
G1 X46.542 Y69.808 E3730.00998
G1 X46.575 Y69.865 E3730.0129
G1 X46.641 Y69.865 E3730.01584
G1 X46.674 Y69.808 E3730.01876
G1 F1500 E3728.01876
G0 F9000 X47.763 Y70.963
G0 X47.763 Y149.037
G0 X46.676 Y150.191
G1 F1500 E3730.01876
G1 F1472.1 X46.642 Y150.133 E3730.02177
G1 X46.575 Y150.133 E3730.02476
G1 X46.542 Y150.191 E3730.02775
G1 X46.576 Y150.249 E3730.03076
G1 X46.643 Y150.249 E3730.03375
G1 X46.676 Y150.191 E3730.03674
G1 F1500 E3728.03674
G0 F9000 X47.763 Y149.037
G0 X172.237 Y70.963
G0 X173.458 Y69.809
G1 F1500 E3730.03674
G1 F1472.1 X173.424 Y69.751 E3730.03975
G1 X173.357 Y69.751 E3730.04274
G1 X173.324 Y69.809 E3730.04573
G1 X173.358 Y69.867 E3730.04874
G1 X173.425 Y69.867 E3730.05173
G1 X173.458 Y69.809 E3730.05472
G1 F1500 E3728.05472
G0 F9000 X172.237 Y70.963
G0 X172.237 Y118.447
G0 X174.753 Y118.447
G0 X174.753 Y151.553
G0 X110 Y151.565
G0 X110 Y150.596
;TYPE:WALL-OUTER
G1 F1500 E3730.05472
G1 F1302.6 X141.497 Y150.595 E3731.64706
G1 F1298.4 X172.994 Y150.595 E3733.24465
G1 F1200 X173.39 Y150.545 E3733.26655
G1 F1115.5 X173.745 Y150.545 E3733.28751
G1 X173.745 Y150.19 E3733.30847
G1 F1200 X173.795 Y149.793 E3733.33043
G1 F1302.6 X173.797 Y119.403 E3734.8668
G1 F1306.9 X173.191 Y119.403 E3734.89734
G1 F1302.6 X173.189 Y149.741 E3736.43109
G1 F1200 X173.139 Y149.939 E3736.4423
G1 X172.941 Y149.989 E3736.4535
G1 F1298.4 X141.483 Y149.989 E3738.04911
G1 F1300.5 X110.025 Y149.99 E3739.6421
G1 F1302.6 X78.567 Y149.99 E3741.23247
G1 F1304.8 X47.109 Y149.991 E3742.82022
G1 F1302.6 X46.808 Y149.741 E3742.84
G1 X46.807 Y110.024 E3744.84791
G1 F1309.1 X46.806 Y70.307 E3746.84592
G1 F1306.9 X47.055 Y70.008 E3746.86552
G1 F1302.6 X78.513 Y70.008 E3748.45589
G1 F1304.8 X109.971 Y70.007 E3750.04365
G1 F1306.9 X141.429 Y70.007 E3751.62879
G1 F1309.1 X172.887 Y70.006 E3753.21132
G1 X173.191 Y70.308 E3753.23287
G1 F1306.9 X173.191 Y108.797 E3755.1723
G1 X173.797 Y108.797 E3755.20283
G1 X173.797 Y70.308 E3757.14226
G1 F1514.3 X173.88 Y69.809 E3757.16426
G1 F1800 X173.88 Y69.32 E3757.18215
G1 X173.391 Y69.32 E3757.20004
G1 F1517.2 X172.888 Y69.402 E3757.22216
G1 F1309.1 X141.417 Y69.402 E3758.80534
G1 F1306.9 X109.946 Y69.403 E3760.39113
G1 F1304.8 X78.475 Y69.403 E3761.97955
G1 F1302.6 X47.004 Y69.404 E3763.57058
G1 F1511.5 X46.608 Y69.321 E3763.5882
G1 F1800 X46.121 Y69.321 E3763.60602
G1 X46.121 Y69.808 E3763.62384
G1 F1517.2 X46.202 Y70.308 E3763.64582
G1 F1309.1 X46.203 Y110.051 E3765.64513
G1 F1302.6 X46.204 Y149.794 E3767.65436
G1 F1511.5 X46.12 Y150.191 E3767.67204
G1 F1800 X46.12 Y150.68 E3767.68993
G1 X46.609 Y150.68 E3767.70782
G1 F1514.3 X47.108 Y150.597 E3767.72982
G1 F1306.9 X110 Y150.596 E3770.89889
G1 F1500 E3768.89889
;MESH:NONMESH
G0 F300 Z11.64
G0 F9000 X110 Y151.565
G0 X174.753 Y151.553
G0 X174.753 Y118.447
G0 X47.763 Y70.963
G0 X46.674 Y69.808
;TIME_ELAPSED:9112.868628
;LAYER:58
;TYPE:WALL-INNER
;MESH:SmartKiln_Frente.stl
G1 F1500 E3770.89889
G1 F1483.1 X46.641 Y69.751 E3770.90181
G1 X46.575 Y69.751 E3770.90474
G1 X46.542 Y69.808 E3770.90767
G1 X46.575 Y69.865 E3770.91059
G1 X46.641 Y69.865 E3770.91352
G1 X46.674 Y69.808 E3770.91645
G1 F1500 E3768.91645
G0 F9000 X47.763 Y70.963
G0 X47.763 Y149.037
G0 X46.676 Y150.191
G1 F1500 E3770.91645
G1 F1472.1 X46.642 Y150.133 E3770.91946
G1 X46.575 Y150.133 E3770.92245
G1 X46.542 Y150.191 E3770.92544
G1 X46.576 Y150.249 E3770.92845
G1 X46.643 Y150.249 E3770.93144
G1 X46.676 Y150.191 E3770.93443
G1 F1500 E3768.93443
G0 F9000 X47.763 Y149.037
G0 X172.237 Y70.963
G0 X173.458 Y69.809
G1 F1500 E3770.93443
G1 F1472.1 X173.424 Y69.751 E3770.93744
G1 X173.357 Y69.751 E3770.94043
G1 X173.324 Y69.809 E3770.94342
G1 X173.358 Y69.867 E3770.94643
G1 X173.425 Y69.867 E3770.94942
G1 X173.458 Y69.809 E3770.95241
G1 F1500 E3768.95241
G0 F9000 X172.237 Y70.963
G0 X172.237 Y118.447
G0 X174.753 Y118.447
G0 X174.753 Y151.553
G0 X110 Y151.565
G0 X110 Y150.596
;TYPE:WALL-OUTER
G1 F1500 E3770.95241
G1 F1302.6 X141.497 Y150.595 E3772.54475
G1 F1298.4 X172.994 Y150.595 E3774.14233
G1 F1200 X173.39 Y150.545 E3774.16424
G1 F1115.5 X173.745 Y150.545 E3774.1852
G1 X173.745 Y150.19 E3774.20615
G1 F1200 X173.795 Y149.793 E3774.22811
G1 F1302.6 X173.797 Y119.403 E3775.76449
G1 F1306.9 X173.191 Y119.403 E3775.79503
G1 F1302.6 X173.189 Y149.741 E3777.32878
G1 F1200 X173.139 Y149.939 E3777.33999
G1 X172.941 Y149.989 E3777.35119
G1 F1298.4 X141.483 Y149.989 E3778.9468
G1 F1300.5 X110.025 Y149.99 E3780.53978
G1 F1302.6 X78.567 Y149.99 E3782.13016
G1 F1304.8 X47.109 Y149.991 E3783.71791
G1 F1302.6 X46.808 Y149.741 E3783.73769
G1 X46.807 Y110.024 E3785.7456
G1 F1309.1 X46.806 Y70.307 E3787.7436
G1 F1306.9 X47.055 Y70.008 E3787.76321
G1 F1302.6 X78.513 Y70.008 E3789.35358
G1 F1304.8 X109.971 Y70.007 E3790.94134
G1 F1306.9 X141.429 Y70.007 E3792.52648
G1 F1309.1 X172.887 Y70.006 E3794.109
G1 X173.191 Y70.308 E3794.13056
G1 F1306.9 X173.191 Y108.797 E3796.06999
G1 X173.797 Y108.797 E3796.10052
G1 X173.797 Y70.308 E3798.03995
G1 F1514.3 X173.88 Y69.809 E3798.06195
G1 F1800 X173.88 Y69.32 E3798.07984
G1 X173.391 Y69.32 E3798.09773
G1 F1517.2 X172.888 Y69.402 E3798.11985
G1 F1309.1 X141.417 Y69.402 E3799.70303
G1 F1306.9 X109.946 Y69.403 E3801.28882
G1 F1304.8 X78.475 Y69.403 E3802.87724
G1 F1302.6 X47.004 Y69.404 E3804.46826
G1 F1511.5 X46.608 Y69.321 E3804.48589
G1 F1800 X46.121 Y69.321 E3804.50371
G1 X46.121 Y69.808 E3804.52153
G1 F1517.2 X46.202 Y70.308 E3804.54351
G1 F1309.1 X46.203 Y110.051 E3806.54282
G1 F1302.6 X46.204 Y149.794 E3808.55205
G1 F1511.5 X46.12 Y150.191 E3808.56973
G1 F1800 X46.12 Y150.68 E3808.58762
G1 X46.609 Y150.68 E3808.60551
G1 F1514.3 X47.108 Y150.597 E3808.62751
G1 F1306.9 X110 Y150.596 E3811.79658
;TIME_ELAPSED:9155.528265
G1 F1500 E3809.79658
M140 S0
M107
G91; relative positioning
 G1 Z1.0 F3000 ; move z up little to prevent scratching of print
 G90; absolute positioning
 G1 X0 Y200 F1000 ; prepare for part removal
 M104 S0; turn off extruder
 M140 S0 ; turn off bed
 G1 X0 Y300 F1000 ; prepare for part removal
 M84 ; disable motors
 M106 S0 ; turn off fan
M82 ;absolute extrusion mode
M104 S0
;End of Gcode
